"BOS","2008-12-31","44.51","44.51","43.04","44.38","4300","44.38","false"
"BOS","2008-12-30","46.00","46.18","45.86","45.86","4600","45.86","false"
"BOS","2008-12-29","45.51","46.07","45.51","46.00","2100","46.00","false"
"BOS","2008-12-26","44.99","46.14","44.99","45.90","1200","45.90","false"
"BOS","2008-12-24","45.34","45.34","45.34","45.34","100","45.34","false"
"BOS","2008-12-23","45.65","45.73","45.65","45.71","1100","45.71","false"
"BOS","2008-12-22","45.09","45.16","44.59","45.13","4000","45.13","false"
"BOS","2008-12-19","46.34","46.34","43.61","43.61","900","43.61","false"
"BOS","2008-12-18","46.93","46.93","46.58","46.58","2400","46.58","false"
"BOS","2008-12-17","46.80","46.80","45.74","45.94","1200","45.94","false"
"BOS","2008-12-16","45.37","46.00","45.37","45.75","700","45.75","false"
"BOS","2008-12-15","45.69","46.01","44.95","45.93","3500","45.93","false"
"BOS","2008-12-12","46.05","46.13","45.36","45.75","4100","45.75","false"
"BOS","2008-12-11","44.00","44.59","43.90","43.91","1900","43.91","false"
"BOS","2008-12-10","44.59","44.63","44.30","44.33","3900","44.33","false"
"BOS","2008-12-09","44.33","45.22","44.33","44.62","4000","44.62","false"
"BOS","2008-12-08","44.98","44.98","43.83","44.32","4200","44.32","false"
"BOS","2008-12-05","45.83","46.21","45.60","46.17","8200","46.17","false"
"BOS","2008-12-04","43.85","44.14","43.43","44.09","3700","44.09","false"
"BOS","2008-12-03","42.67","43.65","42.59","42.92","2800","42.92","false"
"BOS","2008-12-02","41.94","41.94","41.40","41.57","1200","41.57","false"
"BOS","2008-12-01","41.55","41.55","40.96","41.20","1500","41.20","false"
"BOS","2008-11-28","40.67","40.67","40.67","40.67","300","40.67","false"
"BOS","2008-11-26","39.15","39.24","39.03","39.17","800","39.17","false"
"BOS","2008-11-25","38.79","39.84","38.79","39.64","1700","39.64","false"
"BOS","2008-11-24","39.88","40.05","39.19","39.46","3600","39.46","false"
"BOS","2008-11-21","39.75","41.36","39.75","41.36","1300","41.36","false"
"BOS","2008-11-20","41.57","41.57","40.63","41.04","9800","41.04","false"
"BOS","2008-11-19","39.93","40.30","39.57","40.18","3600","40.18","false"
"BOS","2008-11-18","39.35","39.53","38.82","39.53","3900","39.53","false"
"BOS","2008-11-17","40.40","40.40","39.62","40.08","3600","40.08","false"
"BOS","2008-11-14","38.34","39.34","38.34","39.11","2800","39.11","false"
"BOS","2008-11-13","39.91","39.91","39.27","39.38","4800","39.38","false"
"BOS","2008-11-12","40.18","40.72","39.94","40.12","3700","40.12","false"
"BOS","2008-11-11","40.06","41.89","39.83","40.02","7300","40.02","false"
"BOS","2008-11-10","37.84","39.42","37.84","39.42","12800","39.42","false"
"BOS","2008-11-07","39.86","39.93","39.40","39.93","4700","39.93","false"
"BOS","2008-11-06","38.60","39.47","38.50","39.07","5400","39.07","false"
"BOS","2008-11-05","37.33","37.52","36.00","37.31","3000","37.31","false"
"BOS","2008-11-04","36.72","36.72","35.24","35.98","6200","35.98","false"
"BOS","2008-11-03","38.53","38.53","37.39","37.63","3300","37.63","false"
"BOS","2008-10-31","38.47","38.47","37.40","37.93","1400","37.93","false"
"BOS","2008-10-30","36.62","37.62","36.62","37.62","36000","37.62","false"
"BOS","2008-10-29","37.00","37.00","35.41","35.41","34700","35.41","false"
"BOS","2008-10-28","38.00","38.10","37.29","37.29","6400","37.29","false"
"BOS","2008-10-27","40.58","40.58","37.86","38.48","5200","38.48","false"
"BOS","2008-10-24","40.00","40.48","39.10","39.36","8500","39.36","false"
"BOS","2008-10-23","40.29","40.29","38.09","39.00","7800","39.00","false"
"BOS","2008-10-22","37.51","39.26","37.51","38.40","10600","38.40","false"
"BOS","2008-10-21","36.98","37.31","36.79","37.31","12000","37.31","false"
"BOS","2008-10-20","35.97","36.30","35.49","36.10","10600","36.10","false"
"BOS","2008-10-17","36.24","40.00","35.19","35.19","8800","35.19","false"
"BOS","2008-10-16","35.83","36.41","35.71","36.26","16400","36.26","false"
"BOS","2008-10-15","34.85","36.05","34.51","35.38","43200","35.38","false"
"BOS","2008-10-14","32.65","33.79","32.65","33.50","10100","33.50","false"
"BOS","2008-10-13","33.63","33.93","32.98","33.84","2800","33.84","false"
"BOS","2008-10-10","33.55","35.11","33.55","34.25","16600","34.25","false"
"BOS","2008-10-09","32.85","33.28","32.85","33.19","300","33.19","false"
"BOS","2008-10-08","33.11","33.50","33.11","33.19","5900","33.19","false"
"BOS","2008-10-07","32.12","32.53","32.11","32.53","1700","32.53","false"
"BOS","2008-10-06","32.48","33.32","32.32","33.05","6900","33.05","false"
"BOS","2008-10-03","31.52","31.52","31.09","31.43","3600","31.43","false"
"BOS","2008-10-02","30.80","30.80","30.80","30.80","100","30.80","false"
"BOS","2008-10-01","30.34","30.34","29.68","29.90","4900","29.90","false"
"BOS","2008-09-30","29.47","29.47","29.47","29.47","4000","29.47","false"
"BOS","2008-09-29","29.47","29.75","29.40","29.75","7000","29.75","false"
"BOS","2008-09-26","28.34","28.69","28.24","28.55","11600","28.55","false"
"BOS","2008-09-25","28.44","28.44","28.09","28.21","2800","28.21","false"
"BOS","2008-09-24","28.17","28.17","28.17","28.17","300","28.17","false"
"BOS","2008-09-23","27.48","27.48","27.48","27.48","0","27.48","false"
"BOS","2008-09-22","26.12","27.60","26.12","27.48","11400","27.48","false"
"BOS","2008-09-19","28.96","28.96","26.12","26.12","8900","26.12","false"
"BOS","2008-09-18","28.56","28.56","27.91","28.11","6200","28.11","false"
"BOS","2008-09-17","29.60","29.60","28.76","28.76","4600","28.76","false"
"BOS","2008-09-16","28.94","28.94","28.34","28.57","41600","28.57","false"
"BOS","2008-09-15","27.91","28.17","27.91","28.17","500","28.17","false"
"BOS","2008-09-12","27.63","27.63","27.25","27.30","10500","27.30","false"
"BOS","2008-09-11","28.34","28.34","27.93","27.93","11600","27.93","false"
"BOS","2008-09-10","28.29","28.29","28.16","28.17","600","28.17","false"
"BOS","2008-09-09","28.40","28.40","28.40","28.40","5000","28.40","false"
"BOS","2008-09-08","28.05","28.05","28.05","28.05","200","28.05","false"
"BOS","2008-09-05","28.32","28.32","28.32","28.32","500","28.32","false"
"BOS","2008-09-04","26.78","27.28","26.78","27.28","21100","27.28","false"
"BOS","2008-09-03","27.22","27.22","27.22","27.22","100","27.22","false"
"BOS","2008-09-02","26.50","26.50","26.50","26.50","0","26.50","false"
"BOS","2008-08-29","26.50","26.50","26.50","26.50","0","26.50","false"
"BOS","2008-08-28","26.50","26.50","26.50","26.50","200","26.50","false"
"BOS","2008-08-27","26.26","26.26","26.26","26.26","100","26.26","false"
"BOS","2008-08-26","25.75","25.75","25.75","25.75","0","25.75","false"
"BOS","2008-08-25","25.75","25.75","25.75","25.75","0","25.75","false"
"BOS","2008-08-22","25.75","25.75","25.75","25.75","0","25.75","false"
"BOS","2008-08-21","25.81","26.09","25.75","25.75","3600","25.75","false"
"BOS","2008-08-20","26.44","26.86","26.44","26.86","400","26.86","false"
"BOS","2008-08-19","26.90","26.90","26.90","26.90","200","26.90","false"
"BOS","2008-08-18","27.30","27.30","27.22","27.22","400","27.22","false"
"BOS","2008-08-15","27.15","27.15","27.15","27.15","1000","27.15","false"
"BOS","2008-08-14","27.30","27.30","27.30","27.30","200","27.30","false"
"BOS","2008-08-13","27.53","27.53","27.00","27.00","2700","27.00","false"
"BOS","2008-08-12","27.62","27.64","27.60","27.62","2800","27.62","false"
"BOS","2008-08-11","26.96","26.96","26.96","26.96","2400","26.96","false"
"BOS","2008-08-08","26.76","26.76","26.76","26.76","200","26.76","false"
"BOS","2008-08-07","26.24","26.24","26.24","26.24","0","26.24","false"
"BOS","2008-08-06","26.24","26.24","26.24","26.24","300","26.24","false"
"BOS","2008-08-05","26.25","26.25","26.25","26.25","200","26.25","false"
"BOS","2008-08-04","26.27","26.27","26.00","26.00","400","26.00","false"
"BOS","2008-08-01","24.96","24.96","24.96","24.96","0","24.96","false"
"BOS","2008-07-31","24.96","24.96","24.96","24.96","0","24.96","false"
"BOS","2008-07-30","25.01","25.08","24.96","24.96","4000","24.96","false"
"BOS","2008-07-29","24.80","24.80","24.80","24.80","0","24.80","false"
"BOS","2008-07-28","24.80","24.80","24.80","24.80","0","24.80","false"
"BOS","2008-07-25","24.80","24.80","24.80","24.80","0","24.80","false"
"BOS","2008-07-24","24.80","24.80","24.80","24.80","0","24.80","false"
"BOS","2008-07-23","24.80","24.80","24.80","24.80","0","24.80","false"
"BOS","2008-07-22","24.80","24.80","24.80","24.80","0","24.80","false"
"BOS","2008-07-21","24.80","24.80","24.80","24.80","0","24.80","false"
"BOS","2008-07-18","24.80","24.80","24.80","24.80","10000","24.80","false"
"BOS","2008-07-17","24.51","24.63","24.51","24.63","6100","24.63","false"
"BOS","2008-07-16","23.44","23.44","23.44","23.44","0","23.44","false"
"BOS","2008-07-15","23.44","23.44","23.44","23.44","0","23.44","false"
"BOS","2008-07-14","23.43","23.44","23.43","23.44","3000","23.44","false"
"BOS","2008-07-11","23.39","23.39","23.39","23.39","1000","23.39","false"
"BOS","2008-07-10","23.83","23.93","23.83","23.85","2300","23.85","false"
"BOS","2008-07-09","24.60","24.60","24.60","24.60","200","24.60","false"
"BOS","2008-07-08","24.75","24.75","24.60","24.60","2500","24.60","false"
"BOS","2009-12-31","21.36","21.36","21.36","21.36","0","21.36","false"
"BOS","2009-12-30","21.86","21.86","21.36","21.36","400","21.36","false"
"BOS","2009-12-29","21.30","21.41","21.30","21.41","300","21.41","false"
"BOS","2009-12-28","21.25","21.26","21.25","21.26","800","21.26","false"
"BOS","2009-12-24","21.91","21.91","21.91","21.91","0","21.91","false"
"BOS","2009-12-23","21.91","21.91","21.91","21.91","200","21.91","false"
"BOS","2009-12-22","22.30","22.50","22.30","22.45","23000","22.45","false"
"BOS","2009-12-21","22.30","22.30","22.30","22.30","200","22.30","false"
"BOS","2009-12-18","22.88","22.88","22.55","22.55","1600","22.55","false"
"BOS","2009-12-17","22.72","23.00","22.72","23.00","5300","23.00","false"
"BOS","2009-12-16","22.26","22.55","22.14","22.14","900","22.14","false"
"BOS","2009-12-15","22.95","23.21","22.95","23.16","1200","23.16","false"
"BOS","2009-12-14","23.01","23.01","23.01","23.01","0","23.01","false"
"BOS","2009-12-11","23.01","23.55","23.01","23.01","7300","23.01","false"
"BOS","2009-12-10","23.43","23.60","23.37","23.60","17100","23.60","false"
"BOS","2009-12-09","22.92","23.61","22.92","23.40","1800","23.40","false"
"BOS","2009-12-08","23.18","23.57","23.18","23.22","88500","23.22","false"
"BOS","2009-12-07","23.19","23.32","23.15","23.15","2000","23.15","false"
"BOS","2009-12-04","23.11","23.11","23.11","23.11","100","23.11","false"
"BOS","2009-12-03","22.83","22.83","22.83","22.83","200","22.83","false"
"BOS","2009-12-02","22.93","22.93","22.93","22.93","0","22.93","false"
"BOS","2009-12-01","22.93","22.93","22.93","22.93","800","22.93","false"
"BOS","2009-11-30","24.64","24.64","23.57","23.57","28000","23.57","false"
"BOS","2009-11-27","24.41","24.41","24.25","24.25","600","24.25","false"
"BOS","2009-11-25","23.73","23.73","23.61","23.61","1000","23.61","false"
"BOS","2009-11-24","23.97","24.09","23.97","24.04","700","24.04","false"
"BOS","2009-11-23","23.63","23.81","23.43","23.81","2100","23.81","false"
"BOS","2009-11-20","24.15","24.15","24.15","24.15","0","24.15","false"
"BOS","2009-11-19","24.15","24.15","24.15","24.15","200","24.15","false"
"BOS","2009-11-18","23.77","23.79","23.77","23.79","300","23.79","false"
"BOS","2009-11-17","23.87","23.87","23.71","23.80","1300","23.80","false"
"BOS","2009-11-16","23.77","23.94","23.77","23.94","700","23.94","false"
"BOS","2009-11-13","25.15","25.15","24.87","24.87","1600","24.87","false"
"BOS","2009-11-12","25.07","25.07","25.07","25.07","100","25.07","false"
"BOS","2009-11-11","24.69","24.87","24.69","24.87","400","24.87","false"
"BOS","2009-11-10","24.95","24.97","24.94","24.97","700","24.97","false"
"BOS","2009-11-09","24.61","24.74","24.61","24.74","9300","24.74","false"
"BOS","2009-11-06","25.32","26.70","24.99","25.14","8600","25.14","false"
"BOS","2009-11-05","24.70","24.70","24.70","24.70","0","24.70","false"
"BOS","2009-11-04","24.56","24.70","24.56","24.70","400","24.70","false"
"BOS","2009-11-03","25.13","25.21","24.99","25.04","1800","25.04","false"
"BOS","2009-11-02","25.36","25.36","24.96","24.96","600","24.96","false"
"BOS","2009-10-30","24.54","24.99","24.54","24.98","900","24.98","false"
"BOS","2009-10-29","23.83","24.39","23.83","24.39","600","24.39","false"
"BOS","2009-10-28","24.76","25.10","24.76","25.03","2200","25.03","false"
"BOS","2009-10-27","23.81","23.98","23.81","23.96","900","23.96","false"
"BOS","2009-10-26","24.10","24.10","24.10","24.10","0","24.10","false"
"BOS","2009-10-23","24.10","24.10","24.10","24.10","400","24.10","false"
"BOS","2009-10-22","24.52","24.59","24.21","24.39","1900","24.39","false"
"BOS","2009-10-21","24.76","25.75","24.33","25.75","1300","25.75","false"
"BOS","2009-10-20","27.91","27.91","27.91","27.91","0","27.91","false"
"BOS","2009-10-19","24.66","27.91","24.66","27.91","1200","27.91","false"
"BOS","2009-10-16","26.05","26.05","26.05","26.05","0","26.05","false"
"BOS","2009-10-15","26.05","26.05","26.05","26.05","200","26.05","false"
"BOS","2009-10-14","26.03","26.03","26.03","26.03","800","26.03","false"
"BOS","2009-10-13","26.00","26.00","26.00","26.00","0","26.00","false"
"BOS","2009-10-12","27.82","27.82","26.00","26.00","900","26.00","false"
"BOS","2009-10-09","25.51","25.51","25.51","25.51","100","25.51","false"
"BOS","2009-10-08","26.70","26.70","25.56","26.11","4400","26.11","false"
"BOS","2009-10-07","27.25","27.52","27.25","27.52","200","27.52","false"
"BOS","2009-10-06","27.01","27.01","27.01","27.01","400","27.01","false"
"BOS","2009-10-05","27.99","27.99","27.99","27.99","100","27.99","false"
"BOS","2009-10-02","27.94","27.94","27.94","27.94","2300","27.94","false"
"BOS","2009-10-01","28.00","28.00","28.00","28.00","100","28.00","false"
"BOS","2009-09-30","26.00","28.00","25.66","28.00","500","28.00","false"
"BOS","2009-09-29","27.70","27.70","27.70","27.70","0","27.70","false"
"BOS","2009-09-28","29.06","29.06","27.70","27.70","2800","27.70","false"
"BOS","2009-09-25","28.42","28.42","28.33","28.33","3800","28.33","false"
"BOS","2009-09-24","28.34","28.34","28.34","28.34","500","28.34","false"
"BOS","2009-09-23","27.10","27.10","27.10","27.10","6900","27.10","false"
"BOS","2009-09-22","26.55","26.55","26.55","26.55","1000","26.55","false"
"BOS","2009-09-21","27.72","27.72","27.72","27.72","0","27.72","false"
"BOS","2009-09-18","27.72","27.72","27.72","27.72","0","27.72","false"
"BOS","2009-09-17","27.98","27.98","27.72","27.72","200","27.72","false"
"BOS","2009-09-16","27.09","27.09","26.57","26.83","700","26.83","false"
"BOS","2009-09-15","28.49","28.49","28.49","28.49","100","28.49","false"
"BOS","2009-09-14","27.82","27.82","27.82","27.82","0","27.82","false"
"BOS","2009-09-11","27.70","27.94","27.70","27.82","600","27.82","false"
"BOS","2009-09-10","28.92","28.92","28.92","28.92","100","28.92","false"
"BOS","2009-09-09","26.20","26.20","26.20","26.20","100","26.20","false"
"BOS","2009-09-08","26.01","26.23","25.83","26.14","11200","26.14","false"
"BOS","2009-09-04","27.13","27.13","27.13","27.13","0","27.13","false"
"BOS","2009-09-03","26.56","27.32","26.56","27.13","9000","27.13","false"
"BOS","2009-09-02","28.92","28.92","27.93","27.93","2200","27.93","false"
"BOS","2009-09-01","27.23","27.48","26.80","27.48","500","27.48","false"
"BOS","2009-08-31","25.98","27.92","25.98","27.88","6000","27.88","false"
"BOS","2009-08-28","26.90","26.98","26.75","26.98","2700","26.98","false"
"BOS","2009-08-27","27.33","27.33","27.33","27.33","700","27.33","false"
"BOS","2009-08-26","27.65","27.91","27.60","27.60","11700","27.60","false"
"BOS","2009-08-25","27.22","27.22","27.22","27.22","6500","27.22","false"
"BOS","2009-08-24","27.00","27.22","27.00","27.10","35000","27.10","false"
"BOS","2009-08-21","27.37","27.37","27.02","27.02","20100","27.02","false"
"BOS","2009-08-20","28.37","28.37","28.16","28.16","300","28.16","false"
"BOS","2009-08-19","28.25","28.25","26.94","26.94","400","26.94","false"
"BOS","2009-08-18","27.85","28.26","27.78","28.00","3300","28.00","false"
"BOS","2009-08-17","28.50","28.50","27.68","28.50","71300","28.50","false"
"BOS","2009-08-14","27.33","27.33","27.07","27.07","3100","27.07","false"
"BOS","2009-08-13","26.17","26.17","25.74","26.15","500","26.15","false"
"BOS","2009-08-12","27.02","27.02","27.02","27.02","200","27.02","false"
"BOS","2009-08-11","27.64","27.79","27.64","27.79","600","27.79","false"
"BOS","2009-08-10","27.62","27.62","27.59","27.59","1100","27.59","false"
"BOS","2009-08-07","27.23","27.23","26.66","27.11","2100","27.11","false"
"BOS","2009-08-06","27.30","27.52","27.30","27.52","5000","27.52","false"
"BOS","2009-08-05","26.48","26.60","26.23","26.23","8700","26.23","false"
"BOS","2009-08-04","27.71","27.71","27.32","27.32","9100","27.32","false"
"BOS","2009-08-03","27.78","27.78","26.87","27.20","2900","27.20","false"
"BOS","2009-07-31","28.86","29.12","28.76","28.76","700","28.76","false"
"BOS","2009-07-30","29.98","29.98","29.44","29.48","1900","29.48","false"
"BOS","2009-07-29","30.93","31.06","30.81","30.81","900","30.81","false"
"BOS","2009-07-28","29.98","29.99","29.98","29.99","800","29.99","false"
"BOS","2009-07-27","30.22","30.22","30.22","30.22","0","30.22","false"
"BOS","2009-07-24","30.22","30.22","30.22","30.22","200","30.22","false"
"BOS","2009-07-23","30.32","30.32","30.32","30.32","0","30.32","false"
"BOS","2009-07-22","31.00","31.00","30.23","30.32","4500","30.32","false"
"BOS","2009-07-21","31.15","31.15","31.15","31.15","0","31.15","false"
"BOS","2009-07-20","31.04","31.71","31.00","31.15","900","31.15","false"
"BOS","2009-07-17","32.03","32.03","31.66","31.66","1300","31.66","false"
"BOS","2009-07-16","32.58","32.58","32.45","32.45","400","32.45","false"
"BOS","2009-07-15","32.81","33.08","32.81","33.08","500","33.08","false"
"BOS","2009-07-14","34.25","34.47","34.25","34.47","400","34.47","false"
"BOS","2009-07-13","34.88","34.88","34.63","34.63","400","34.63","false"
"BOS","2009-07-10","34.38","34.68","34.25","34.68","7900","34.68","false"
"BOS","2009-07-09","33.40","33.40","33.40","33.40","0","33.40","false"
"BOS","2009-07-08","33.40","33.40","33.40","33.40","0","33.40","false"
"BOS","2009-07-07","33.40","33.40","33.40","33.40","0","33.40","false"
"BOS","2009-07-06","33.40","33.40","33.40","33.40","0","33.40","false"
"BOS","2009-07-02","33.40","33.40","33.40","33.40","0","33.40","false"
"BOS","2009-07-01","33.40","33.40","33.40","33.40","0","33.40","false"
"BOS","2009-06-30","33.40","33.40","33.40","33.40","200","33.40","false"
"BOS","2009-06-29","32.44","32.44","32.44","32.44","0","32.44","false"
"BOS","2009-06-26","32.33","32.44","32.33","32.44","300","32.44","false"
"BOS","2009-06-25","32.60","32.60","32.42","32.42","800","32.42","false"
"BOS","2009-06-24","33.27","33.27","32.90","32.90","1200","32.90","false"
"BOS","2009-06-23","34.55","34.55","34.10","34.27","3400","34.27","false"
"BOS","2009-06-22","34.54","34.98","34.37","34.89","7300","34.89","false"
"BOS","2009-06-19","32.75","32.75","32.75","32.75","300","32.75","false"
"BOS","2009-06-18","33.18","33.50","33.18","33.44","1700","33.44","false"
"BOS","2009-06-17","34.21","34.21","33.27","33.27","3600","33.27","false"
"BOS","2009-06-16","32.76","33.65","32.76","33.65","2600","33.65","false"
"BOS","2009-06-15","32.84","32.84","32.84","32.84","200","32.84","false"
"BOS","2009-06-12","31.65","31.65","31.65","31.65","300","31.65","false"
"BOS","2009-06-11","31.40","31.40","30.22","30.22","1300","30.22","false"
"BOS","2009-06-10","32.51","32.51","32.51","32.51","0","32.51","false"
"BOS","2009-06-09","33.01","33.01","32.07","32.51","1000","32.51","false"
"BOS","2009-06-08","33.05","33.05","33.05","33.05","0","33.05","false"
"BOS","2009-06-05","34.00","34.00","33.05","33.05","300","33.05","false"
"BOS","2009-06-04","34.00","34.00","34.00","34.00","300","34.00","false"
"BOS","2009-06-03","34.46","34.88","34.46","34.88","2800","34.88","false"
"BOS","2009-06-02","32.96","32.96","32.96","32.96","0","32.96","false"
"BOS","2009-06-01","34.50","34.50","32.96","32.96","1200","32.96","false"
"BOS","2009-05-29","35.00","35.00","35.00","35.00","300","35.00","false"
"BOS","2009-05-28","35.95","35.95","35.95","35.95","100","35.95","false"
"BOS","2009-05-27","36.00","36.00","36.00","36.00","100","36.00","false"
"BOS","2009-05-26","35.15","35.15","35.15","35.15","0","35.15","false"
"BOS","2009-05-22","35.15","35.15","35.15","35.15","0","35.15","false"
"BOS","2009-05-21","35.15","35.15","35.15","35.15","0","35.15","false"
"BOS","2009-05-20","35.15","35.15","35.15","35.15","700","35.15","false"
"BOS","2009-05-19","35.38","35.38","35.38","35.38","0","35.38","false"
"BOS","2009-05-18","35.38","35.38","35.38","35.38","0","35.38","false"
"BOS","2009-05-15","35.38","35.38","35.38","35.38","0","35.38","false"
"BOS","2009-05-14","37.21","37.21","35.38","35.38","400","35.38","false"
"BOS","2009-05-13","35.81","38.74","35.81","38.74","500","38.74","false"
"BOS","2009-05-12","34.50","34.50","34.50","34.50","700","34.50","false"
"BOS","2009-05-11","38.28","38.28","35.80","35.80","1200","35.80","false"
"BOS","2009-05-08","35.74","35.74","35.74","35.74","1000","35.74","false"
"BOS","2009-05-07","33.50","34.47","33.01","34.35","2200","34.35","false"
"BOS","2009-05-06","37.11","37.11","34.01","34.01","1500","34.01","false"
"BOS","2009-05-05","38.32","38.32","32.89","36.75","2600","36.75","false"
"BOS","2009-05-04","35.85","35.85","32.43","32.43","400","32.43","false"
"BOS","2009-05-01","36.94","36.94","36.94","36.94","0","36.94","false"
"BOS","2009-04-30","36.94","36.94","36.94","36.94","500","36.94","false"
"BOS","2009-04-29","37.82","37.82","37.82","37.82","500","37.82","false"
"BOS","2009-04-28","38.97","38.97","38.97","38.97","200","38.97","false"
"BOS","2009-04-27","37.23","37.23","37.23","37.23","0","37.23","false"
"BOS","2009-04-24","37.23","37.23","37.23","37.23","200","37.23","false"
"BOS","2009-04-23","36.52","36.52","36.52","36.52","0","36.52","false"
"BOS","2009-04-22","36.52","36.52","36.52","36.52","0","36.52","false"
"BOS","2009-04-21","36.52","36.52","36.52","36.52","200","36.52","false"
"BOS","2009-04-20","35.02","35.02","35.02","35.02","500","35.02","false"
"BOS","2009-04-17","34.02","34.02","34.02","34.02","0","34.02","false"
"BOS","2009-04-16","34.02","34.02","34.02","34.02","800","34.02","false"
"BOS","2009-04-15","35.45","35.45","35.45","35.45","0","35.45","false"
"BOS","2009-04-14","35.45","35.45","35.45","35.45","100","35.45","false"
"BOS","2009-04-13","37.91","37.91","37.91","37.91","0","37.91","false"
"BOS","2009-04-09","37.91","37.91","37.91","37.91","0","37.91","false"
"BOS","2009-04-08","37.91","37.91","37.91","37.91","0","37.91","false"
"BOS","2009-04-07","37.91","37.91","37.91","37.91","0","37.91","false"
"BOS","2009-04-06","37.78","37.91","37.78","37.91","500","37.91","false"
"BOS","2009-04-03","38.14","38.15","37.67","37.67","6600","37.67","false"
"BOS","2009-04-02","38.55","38.55","38.55","38.55","1000","38.55","false"
"BOS","2009-04-01","39.17","39.24","39.17","39.24","600","39.24","false"
"BOS","2009-03-31","38.64","38.64","38.64","38.64","0","38.64","false"
"BOS","2009-03-30","38.64","38.64","38.64","38.64","0","38.64","false"
"BOS","2009-03-27","39.13","39.13","38.64","38.64","1100","38.64","false"
"BOS","2009-03-26","38.89","38.89","38.89","38.89","0","38.89","false"
"BOS","2009-03-25","38.89","38.89","38.89","38.89","0","38.89","false"
"BOS","2009-03-24","38.89","38.89","38.89","38.89","0","38.89","false"
"BOS","2009-03-23","39.66","39.75","38.89","38.89","1700","38.89","false"
"BOS","2009-03-20","40.09","40.09","39.93","40.01","900","40.01","false"
"BOS","2009-03-19","43.18","43.18","43.18","43.18","0","43.18","false"
"BOS","2009-03-18","42.27","43.18","42.27","43.18","500","43.18","false"
"BOS","2009-03-17","41.98","42.27","41.98","42.27","800","42.27","false"
"BOS","2009-03-16","42.21","42.21","41.37","41.37","2400","41.37","false"
"BOS","2009-03-13","42.18","43.27","42.18","43.27","1300","43.27","false"
"BOS","2009-03-12","43.20","43.36","42.85","42.85","2600","42.85","false"
"BOS","2009-03-11","42.51","43.19","42.51","43.04","9200","43.04","false"
"BOS","2009-03-10","42.14","42.25","41.71","42.25","7300","42.25","false"
"BOS","2009-03-09","42.83","42.83","42.83","42.83","1300","42.83","false"
"BOS","2009-03-06","42.80","42.80","42.79","42.79","1100","42.79","false"
"BOS","2009-03-05","42.17","42.50","42.17","42.50","1100","42.50","false"
"BOS","2009-03-04","43.19","43.57","42.44","42.54","1500","42.54","false"
"BOS","2009-03-03","45.37","45.37","45.10","45.10","500","45.10","false"
"BOS","2009-03-02","46.67","46.67","46.02","46.02","14100","46.02","false"
"BOS","2009-02-27","46.21","46.21","45.70","45.70","1400","45.70","false"
"BOS","2009-02-26","44.25","44.25","44.25","44.25","100","44.25","false"
"BOS","2009-02-25","45.59","45.97","45.59","45.97","600","45.97","false"
"BOS","2009-02-24","47.20","47.24","46.05","46.05","13600","46.05","false"
"BOS","2009-02-23","46.67","47.26","46.67","47.22","1000","47.22","false"
"BOS","2009-02-20","47.24","47.64","47.24","47.64","6100","47.64","false"
"BOS","2009-02-19","46.05","46.11","45.36","46.11","3700","46.11","false"
"BOS","2009-02-18","46.28","46.83","46.09","46.09","2100","46.09","false"
"BOS","2009-02-17","46.06","46.75","46.06","46.50","1200","46.50","false"
"BOS","2009-02-13","44.47","44.47","43.94","44.34","2700","44.34","false"
"BOS","2009-02-12","44.96","44.96","44.51","44.51","1400","44.51","false"
"BOS","2009-02-11","44.33","44.33","44.22","44.22","1900","44.22","false"
"BOS","2009-02-10","42.77","43.72","42.53","43.56","9000","43.56","false"
"BOS","2009-02-09","42.19","42.77","42.19","42.56","23700","42.56","false"
"BOS","2009-02-06","43.60","43.60","42.07","42.07","4000","42.07","false"
"BOS","2009-02-05","44.18","44.56","44.18","44.56","400","44.56","false"
"BOS","2009-02-04","43.38","43.92","42.36","43.54","3300","43.54","false"
"BOS","2009-02-03","45.28","45.28","45.28","45.28","100","45.28","false"
"BOS","2009-02-02","47.10","47.10","45.92","46.54","3700","46.54","false"
"BOS","2009-01-30","46.11","47.27","46.11","47.27","400","47.27","false"
"BOS","2009-01-29","47.19","47.19","46.09","46.14","5400","46.14","false"
"BOS","2009-01-28","44.75","45.98","44.75","45.98","2600","45.98","false"
"BOS","2009-01-27","45.21","46.22","45.21","46.22","700","46.22","false"
"BOS","2009-01-26","44.90","44.93","43.38","44.50","2700","44.50","false"
"BOS","2009-01-23","47.75","47.75","45.84","45.84","4600","45.84","false"
"BOS","2009-01-22","46.75","47.76","46.20","47.52","3700","47.52","false"
"BOS","2009-01-21","44.46","46.51","44.46","46.51","3400","46.51","false"
"BOS","2009-01-20","44.55","44.55","43.51","43.84","2700","43.84","false"
"BOS","2009-01-16","42.23","43.27","42.20","43.27","1500","43.27","false"
"BOS","2009-01-15","43.04","43.12","43.04","43.12","2300","43.12","false"
"BOS","2009-01-14","42.93","43.10","42.93","42.99","1200","42.99","false"
"BOS","2009-01-13","43.12","43.24","41.90","41.90","1600","41.90","false"
"BOS","2009-01-12","42.78","43.23","42.73","42.73","2500","42.73","false"
"BOS","2009-01-09","42.52","42.67","41.04","41.04","1400","41.04","false"
"BOS","2009-01-08","42.72","43.06","42.40","43.06","1300","43.06","false"
"BOS","2009-01-07","41.74","42.08","41.54","42.08","1700","42.08","false"
"BOS","2009-01-06","40.58","41.02","40.04","40.08","15000","40.08","false"
"BOS","2009-01-05","42.50","42.50","42.01","42.18","10700","42.18","false"
"BOS","2009-01-02","42.79","42.84","41.94","42.12","5600","42.12","false"
"BOS","2010-12-31","18.49","18.49","18.49","18.49","0","18.49","false"
"BOS","2010-12-30","18.49","18.49","18.49","18.49","500","18.49","false"
"BOS","2010-12-29","18.69","18.69","18.68","18.68","900","18.68","false"
"BOS","2010-12-28","18.85","19.06","18.85","18.88","5100","18.88","false"
"BOS","2010-12-27","19.07","19.07","18.94","19.07","800","19.07","false"
"BOS","2010-12-23","19.15","19.15","19.15","19.15","200","19.15","false"
"BOS","2010-12-22","19.00","19.00","19.00","19.00","1000","19.00","false"
"BOS","2010-12-21","19.23","19.23","19.00","19.01","5000","19.01","false"
"BOS","2010-12-20","19.57","19.57","19.52","19.52","1700","19.52","false"
"BOS","2010-12-17","19.80","19.80","19.02","19.68","4000","19.68","false"
"BOS","2010-12-16","20.12","20.12","20.11","20.11","200","20.11","false"
"BOS","2010-12-15","19.72","19.95","19.72","19.95","1800","19.95","false"
"BOS","2010-12-14","19.52","19.52","19.40","19.50","1800","19.50","false"
"BOS","2010-12-13","19.97","19.97","19.97","19.97","0","19.97","false"
"BOS","2010-12-10","19.97","19.97","19.97","19.97","1000","19.97","false"
"BOS","2010-12-09","19.63","19.63","19.63","19.63","0","19.63","false"
"BOS","2010-12-08","19.87","19.87","19.63","19.63","400","19.63","false"
"BOS","2010-12-07","19.63","20.14","19.63","20.14","2000","20.14","false"
"BOS","2010-12-06","20.20","20.20","20.20","20.20","200","20.20","false"
"BOS","2010-12-03","19.90","20.26","19.90","20.26","42500","20.26","false"
"BOS","2010-12-02","20.01","20.04","20.01","20.01","1600","20.01","false"
"BOS","2010-12-01","20.39","20.39","20.39","20.39","500","20.39","false"
"BOS","2010-11-30","21.06","21.06","21.06","21.06","200","21.06","false"
"BOS","2010-11-29","21.09","21.09","21.09","21.09","1700","21.09","false"
"BOS","2010-11-26","21.14","21.14","21.14","21.14","0","21.14","false"
"BOS","2010-11-24","21.08","21.14","21.02","21.14","400","21.14","false"
"BOS","2010-11-23","21.25","21.28","21.25","21.26","700","21.26","false"
"BOS","2010-11-22","20.99","20.99","20.96","20.96","600","20.96","false"
"BOS","2010-11-19","20.80","20.80","20.80","20.80","500","20.80","false"
"BOS","2010-11-18","20.93","20.93","20.64","20.64","3700","20.64","false"
"BOS","2010-11-17","21.19","21.25","21.19","21.25","500","21.25","false"
"BOS","2010-11-16","20.46","21.32","20.46","21.15","4300","21.15","false"
"BOS","2010-11-15","19.98","19.99","19.98","19.99","600","19.99","false"
"BOS","2010-11-12","19.32","19.92","19.32","19.86","2600","19.86","false"
"BOS","2010-11-11","18.86","18.86","18.86","18.86","400","18.86","false"
"BOS","2010-11-10","19.13","19.17","19.13","19.13","400","19.13","false"
"BOS","2010-11-09","18.94","18.94","18.94","18.94","300","18.94","false"
"BOS","2010-11-08","19.02","19.02","19.02","19.02","0","19.02","false"
"BOS","2010-11-05","18.98","19.02","18.98","19.02","400","19.02","false"
"BOS","2010-11-04","19.30","19.30","18.88","19.13","17400","19.13","false"
"BOS","2010-11-03","19.70","19.70","19.70","19.70","1100","19.70","false"
"BOS","2010-11-02","19.69","19.69","19.54","19.54","1200","19.54","false"
"BOS","2010-11-01","20.15","20.15","20.15","20.15","0","20.15","false"
"BOS","2010-10-29","20.15","20.15","20.15","20.15","500","20.15","false"
"BOS","2010-10-28","19.64","19.76","19.64","19.76","700","19.76","false"
"BOS","2010-10-27","19.72","19.78","19.70","19.78","700","19.78","false"
"BOS","2010-10-26","19.48","19.48","19.23","19.24","1700","19.24","false"
"BOS","2010-10-25","19.68","19.68","19.68","19.68","0","19.68","false"
"BOS","2010-10-22","19.73","19.73","19.68","19.68","700","19.68","false"
"BOS","2010-10-21","19.65","19.85","19.65","19.85","1000","19.85","false"
"BOS","2010-10-20","20.16","20.16","19.94","19.94","3900","19.94","false"
"BOS","2010-10-19","20.25","20.48","20.25","20.48","800","20.48","false"
"BOS","2010-10-18","19.68","19.69","19.68","19.69","1500","19.69","false"
"BOS","2010-10-15","19.96","19.96","19.96","19.96","0","19.96","false"
"BOS","2010-10-14","19.87","20.00","19.76","19.96","11300","19.96","false"
"BOS","2010-10-13","19.92","19.92","19.92","19.92","0","19.92","false"
"BOS","2010-10-12","19.90","19.96","19.90","19.92","2800","19.92","false"
"BOS","2010-10-11","20.08","20.08","20.08","20.08","100","20.08","false"
"BOS","2010-10-08","20.58","20.58","20.58","20.58","0","20.58","false"
"BOS","2010-10-07","20.58","20.58","20.58","20.58","200","20.58","false"
"BOS","2010-10-06","20.19","20.19","20.19","20.19","100","20.19","false"
"BOS","2010-10-05","20.37","20.37","20.16","20.16","8500","20.16","false"
"BOS","2010-10-04","20.72","20.72","20.72","20.72","0","20.72","false"
"BOS","2010-10-01","20.68","20.72","20.68","20.72","10000","20.72","false"
"BOS","2010-09-30","20.80","20.81","20.78","20.81","1600","20.81","false"
"BOS","2010-09-29","20.80","20.80","20.80","20.80","400","20.80","false"
"BOS","2010-09-28","20.99","20.99","20.99","20.99","900","20.99","false"
"BOS","2010-09-27","20.95","21.04","20.95","21.04","900","21.04","false"
"BOS","2010-09-24","20.42","20.83","20.42","20.83","1300","20.83","false"
"BOS","2010-09-23","20.79","20.79","20.79","20.79","800","20.79","false"
"BOS","2010-09-22","21.64","21.64","21.32","21.40","5200","21.40","false"
"BOS","2010-09-21","21.96","21.96","21.92","21.96","900","21.96","false"
"BOS","2010-09-20","21.78","21.78","21.77","21.77","200","21.77","false"
"BOS","2010-09-17","21.85","21.85","21.85","21.85","600","21.85","false"
"BOS","2010-09-16","21.80","21.80","21.80","21.80","1000","21.80","false"
"BOS","2010-09-15","22.20","22.20","22.09","22.13","1200","22.13","false"
"BOS","2010-09-14","22.12","22.12","22.12","22.12","0","22.12","false"
"BOS","2010-09-13","22.13","22.13","22.12","22.12","2000","22.12","false"
"BOS","2010-09-10","22.21","22.21","22.21","22.21","0","22.21","false"
"BOS","2010-09-09","22.21","22.21","22.21","22.21","400","22.21","false"
"BOS","2010-09-08","21.93","21.93","21.93","21.93","0","21.93","false"
"BOS","2010-09-07","21.93","21.93","21.93","21.93","0","21.93","false"
"BOS","2010-09-03","21.77","22.02","21.58","21.93","44400","21.93","false"
"BOS","2010-09-02","22.31","22.31","22.31","22.31","0","22.31","false"
"BOS","2010-09-01","22.42","22.42","22.24","22.31","900","22.31","false"
"BOS","2010-08-31","23.01","23.01","23.01","23.01","300","23.01","false"
"BOS","2010-08-30","22.64","22.64","22.64","22.64","1000","22.64","false"
"BOS","2010-08-27","23.12","23.14","22.74","22.74","900","22.74","false"
"BOS","2010-08-26","23.38","23.38","23.20","23.24","3100","23.24","false"
"BOS","2010-08-25","23.89","23.95","23.60","23.60","600","23.60","false"
"BOS","2010-08-24","23.62","23.62","23.55","23.55","3200","23.55","false"
"BOS","2010-08-23","23.15","23.15","23.15","23.15","0","23.15","false"
"BOS","2010-08-20","23.15","23.15","23.15","23.15","200","23.15","false"
"BOS","2010-08-19","22.92","22.92","22.92","22.92","100","22.92","false"
"BOS","2010-08-18","22.83","22.83","22.83","22.83","0","22.83","false"
"BOS","2010-08-17","22.83","22.83","22.83","22.83","0","22.83","false"
"BOS","2010-08-16","22.83","22.83","22.83","22.83","200","22.83","false"
"BOS","2010-08-13","23.00","23.00","23.00","23.00","300","23.00","false"
"BOS","2010-08-12","22.73","22.73","22.73","22.73","200","22.73","false"
"BOS","2010-08-11","22.98","22.98","22.90","22.91","300","22.91","false"
"BOS","2010-08-10","22.66","22.66","22.48","22.57","500","22.57","false"
"BOS","2010-08-09","21.92","22.05","21.92","22.04","1600","22.04","false"
"BOS","2010-08-06","22.14","22.25","22.14","22.25","900","22.25","false"
"BOS","2010-08-05","22.02","22.02","22.02","22.02","0","22.02","false"
"BOS","2010-08-04","22.02","22.02","22.02","22.02","300","22.02","false"
"BOS","2010-08-03","22.31","22.37","22.27","22.30","141500","22.30","false"
"BOS","2010-08-02","22.40","22.40","21.85","21.85","119500","21.85","false"
"BOS","2010-07-30","23.05","23.09","22.81","22.81","2400","22.81","false"
"BOS","2010-07-29","23.20","23.36","23.20","23.36","600","23.36","false"
"BOS","2010-07-28","24.05","24.05","24.05","24.05","0","24.05","false"
"BOS","2010-07-27","23.82","24.05","23.82","24.05","23300","24.05","false"
"BOS","2010-07-26","24.09","24.23","23.79","23.79","8100","23.79","false"
"BOS","2010-07-23","24.24","24.29","24.13","24.14","35200","24.14","false"
"BOS","2010-07-22","24.07","24.36","24.07","24.30","42300","24.30","false"
"BOS","2010-07-21","24.60","24.84","24.28","24.80","4700","24.80","false"
"BOS","2010-07-20","25.59","25.59","25.32","25.34","5600","25.34","false"
"BOS","2010-07-19","25.78","26.62","25.62","25.94","74000","25.94","false"
"BOS","2010-07-16","25.65","25.88","25.65","25.88","20900","25.88","false"
"BOS","2010-07-15","25.20","25.20","25.20","25.20","0","25.20","false"
"BOS","2010-07-14","25.20","25.20","25.20","25.20","400","25.20","false"
"BOS","2010-07-13","24.98","25.12","24.97","25.12","33600","25.12","false"
"BOS","2010-07-12","25.02","25.16","24.96","25.16","600","25.16","false"
"BOS","2010-07-09","24.72","24.94","24.72","24.75","40100","24.75","false"
"BOS","2010-07-08","25.05","25.05","24.98","25.01","1000","25.01","false"
"BOS","2010-07-07","25.10","25.10","24.84","24.84","11900","24.84","false"
"BOS","2010-07-06","25.29","25.29","25.04","25.23","2000","25.23","false"
"BOS","2010-07-02","25.47","26.00","25.47","25.88","31600","25.88","false"
"BOS","2010-07-01","26.12","26.31","26.12","26.31","1800","26.31","false"
"BOS","2010-06-30","26.16","26.16","25.60","25.85","3500","25.85","false"
"BOS","2010-06-29","25.79","25.79","25.76","25.76","200","25.76","false"
"BOS","2010-06-28","24.71","24.92","24.65","24.92","3800","24.92","false"
"BOS","2010-06-25","24.88","24.90","24.70","24.70","700","24.70","false"
"BOS","2010-06-24","25.19","25.47","25.19","25.19","2400","25.19","false"
"BOS","2010-06-23","25.65","25.65","25.65","25.65","100","25.65","false"
"BOS","2010-06-22","25.64","25.64","25.61","25.61","500","25.61","false"
"BOS","2010-06-21","25.30","25.70","25.30","25.70","9400","25.70","false"
"BOS","2010-06-18","26.00","26.00","26.00","26.00","0","26.00","false"
"BOS","2010-06-17","25.90","26.00","25.64","26.00","1000","26.00","false"
"BOS","2010-06-16","25.24","25.45","25.24","25.30","3800","25.30","false"
"BOS","2010-06-15","25.53","25.53","25.00","25.00","3700","25.00","false"
"BOS","2010-06-14","25.69","25.69","25.50","25.50","2400","25.50","false"
"BOS","2010-06-11","25.84","26.16","25.84","25.85","2000","25.85","false"
"BOS","2010-06-10","26.15","26.25","26.15","26.25","800","26.25","false"
"BOS","2010-06-09","26.11","26.40","25.30","26.40","6100","26.40","false"
"BOS","2010-06-08","27.22","27.22","26.37","26.47","5200","26.47","false"
"BOS","2010-06-07","27.22","27.40","26.92","27.28","36600","27.28","false"
"BOS","2010-06-04","26.65","26.90","26.34","26.90","9600","26.90","false"
"BOS","2010-06-03","25.32","25.68","25.32","25.68","500","25.68","false"
"BOS","2010-06-02","25.58","25.58","25.34","25.34","600","25.34","false"
"BOS","2010-06-01","24.95","25.13","24.87","24.87","16600","24.87","false"
"BOS","2010-05-28","24.28","24.50","24.26","24.50","2100","24.50","false"
"BOS","2010-05-27","24.33","24.35","23.87","24.13","2300","24.13","false"
"BOS","2010-05-26","24.43","24.43","24.38","24.38","2200","24.38","false"
"BOS","2010-05-25","24.70","24.92","24.59","24.60","3400","24.60","false"
"BOS","2010-05-24","24.38","24.38","24.21","24.35","9500","24.35","false"
"BOS","2010-05-21","24.01","24.50","24.01","24.46","2800","24.46","false"
"BOS","2010-05-20","25.24","25.42","24.57","24.98","32600","24.98","false"
"BOS","2010-05-19","25.01","25.09","24.90","24.90","14300","24.90","false"
"BOS","2010-05-18","24.51","24.67","24.15","24.67","5100","24.67","false"
"BOS","2010-05-17","24.15","25.22","24.15","24.90","9700","24.90","false"
"BOS","2010-05-14","23.28","23.82","23.28","23.80","14500","23.80","false"
"BOS","2010-05-13","23.00","23.00","22.88","22.88","900","22.88","false"
"BOS","2010-05-12","23.36","23.41","23.36","23.41","1600","23.41","false"
"BOS","2010-05-11","23.54","23.75","23.54","23.70","2900","23.70","false"
"BOS","2010-05-10","22.95","23.26","22.95","23.18","3100","23.18","false"
"BOS","2010-05-07","23.65","23.80","23.46","23.61","6700","23.61","false"
"BOS","2010-05-06","23.57","24.10","23.56","24.10","3400","24.10","false"
"BOS","2010-05-05","24.89","24.89","23.34","23.60","47200","23.60","false"
"BOS","2010-05-04","23.00","23.33","22.90","23.23","51400","23.23","false"
"BOS","2010-05-03","22.37","22.59","22.35","22.51","16800","22.51","false"
"BOS","2010-04-30","22.17","22.17","21.87","21.87","1500","21.87","false"
"BOS","2010-04-29","22.27","22.29","22.17","22.17","700","22.17","false"
"BOS","2010-04-28","22.15","22.15","22.15","22.15","0","22.15","false"
"BOS","2010-04-27","22.07","22.15","21.99","22.15","2600","22.15","false"
"BOS","2010-04-26","21.08","21.08","21.08","21.08","400","21.08","false"
"BOS","2010-04-23","21.20","21.20","21.20","21.20","100","21.20","false"
"BOS","2010-04-22","21.53","21.54","21.52","21.54","1000","21.54","false"
"BOS","2010-04-21","21.09","21.09","21.09","21.09","0","21.09","false"
"BOS","2010-04-20","21.09","21.09","21.09","21.09","0","21.09","false"
"BOS","2010-04-19","21.04","21.15","21.04","21.09","500","21.09","false"
"BOS","2010-04-16","20.82","20.82","20.79","20.79","500","20.79","false"
"BOS","2010-04-15","20.31","20.31","20.31","20.31","0","20.31","false"
"BOS","2010-04-14","20.32","20.35","20.30","20.31","1700","20.31","false"
"BOS","2010-04-13","20.82","20.84","20.82","20.84","300","20.84","false"
"BOS","2010-04-12","20.66","20.79","20.66","20.79","1300","20.79","false"
"BOS","2010-04-09","20.94","20.94","20.94","20.94","0","20.94","false"
"BOS","2010-04-08","21.03","21.03","20.72","20.94","2000","20.94","false"
"BOS","2010-04-07","20.54","20.54","20.54","20.54","0","20.54","false"
"BOS","2010-04-06","20.54","20.54","20.54","20.54","0","20.54","false"
"BOS","2010-04-05","20.89","20.89","20.54","20.54","800","20.54","false"
"BOS","2010-04-01","21.08","21.08","21.08","21.08","0","21.08","false"
"BOS","2010-03-31","21.19","21.19","20.97","21.08","5200","21.08","false"
"BOS","2010-03-30","21.21","21.21","21.17","21.17","400","21.17","false"
"BOS","2010-03-29","21.62","21.62","21.34","21.38","1501900","21.38","false"
"BOS","2010-03-26","22.19","22.24","22.19","22.24","900","22.24","false"
"BOS","2010-03-25","22.50","22.50","22.50","22.50","100","22.50","false"
"BOS","2010-03-24","22.55","22.55","22.55","22.55","700","22.55","false"
"BOS","2010-03-23","22.05","22.05","22.05","22.05","0","22.05","false"
"BOS","2010-03-22","22.28","22.31","22.05","22.05","7800","22.05","false"
"BOS","2010-03-19","21.80","22.03","21.80","21.95","1700","21.95","false"
"BOS","2010-03-18","21.73","21.78","21.73","21.78","500","21.78","false"
"BOS","2010-03-17","21.65","21.85","21.52","21.53","3000","21.53","false"
"BOS","2010-03-16","21.99","21.99","21.76","21.93","12100","21.93","false"
"BOS","2010-03-15","22.21","22.27","22.21","22.21","1200","22.21","false"
"BOS","2010-03-12","21.63","21.87","21.63","21.85","1800","21.85","false"
"BOS","2010-03-11","22.25","22.25","20.31","22.04","900","22.04","false"
"BOS","2010-03-10","21.65","21.99","21.65","21.98","5700","21.98","false"
"BOS","2010-03-09","21.93","21.93","21.64","21.65","900","21.65","false"
"BOS","2010-03-08","21.75","21.85","21.70","21.85","2000","21.85","false"
"BOS","2010-03-05","21.80","21.86","21.73","21.79","10200","21.79","false"
"BOS","2010-03-04","22.28","22.45","22.27","22.45","42800","22.45","false"
"BOS","2010-03-03","22.31","22.31","22.00","22.07","1300","22.07","false"
"BOS","2010-03-02","22.97","22.97","22.70","22.70","1000","22.70","false"
"BOS","2010-03-01","22.75","22.83","22.65","22.80","6700","22.80","false"
"BOS","2010-02-26","23.06","23.16","23.06","23.10","2600","23.10","false"
"BOS","2010-02-25","23.41","23.84","23.41","23.55","2700","23.55","false"
"BOS","2010-02-24","23.15","23.16","22.99","22.99","2700","22.99","false"
"BOS","2010-02-23","23.26","23.26","22.95","23.05","8700","23.05","false"
"BOS","2010-02-22","22.54","22.54","22.38","22.52","1100","22.52","false"
"BOS","2010-02-19","22.78","22.78","22.01","22.25","6300","22.25","false"
"BOS","2010-02-18","23.40","23.40","22.41","22.68","11500","22.68","false"
"BOS","2010-02-17","22.32","22.92","22.32","22.76","6700","22.76","false"
"BOS","2010-02-16","23.06","23.60","22.69","22.69","29200","22.69","false"
"BOS","2010-02-12","23.50","23.88","23.50","23.88","1000","23.88","false"
"BOS","2010-02-11","24.25","24.25","23.52","23.60","4300","23.60","false"
"BOS","2010-02-10","24.40","25.04","24.28","24.59","5000","24.59","false"
"BOS","2010-02-09","25.75","25.75","24.16","24.18","20700","24.18","false"
"BOS","2010-02-08","25.50","25.50","24.00","25.24","25500","25.24","false"
"BOS","2010-02-05","25.59","26.25","25.35","25.48","34500","25.48","false"
"BOS","2010-02-04","24.98","25.49","24.68","24.95","8100","24.95","false"
"BOS","2010-02-03","23.22","24.45","22.22","24.38","4900","24.38","false"
"BOS","2010-02-02","23.70","24.43","23.47","23.57","505200","23.57","false"
"BOS","2010-02-01","24.19","25.00","23.74","23.87","34400","23.87","false"
"BOS","2010-01-29","23.77","24.50","23.69","24.46","23200","24.46","false"
"BOS","2010-01-28","23.23","23.94","23.22","23.83","1005200","23.83","false"
"BOS","2010-01-27","22.88","23.84","22.88","23.84","5000","23.84","false"
"BOS","2010-01-26","23.35","23.35","22.67","22.68","15700","22.68","false"
"BOS","2010-01-25","22.53","22.53","22.45","22.45","1900","22.45","false"
"BOS","2010-01-22","22.41","26.01","22.40","22.55","59300","22.55","false"
"BOS","2010-01-21","22.05","22.50","22.05","22.40","9600","22.40","false"
"BOS","2010-01-20","21.79","22.15","21.75","22.02","11100","22.02","false"
"BOS","2010-01-19","21.66","21.66","21.45","21.45","2800","21.45","false"
"BOS","2010-01-15","21.34","21.97","21.34","21.85","1700","21.85","false"
"BOS","2010-01-14","21.00","21.27","21.00","21.24","8400","21.24","false"
"BOS","2010-01-13","21.61","21.61","21.30","21.30","800","21.30","false"
"BOS","2010-01-12","21.50","22.07","21.50","22.07","2800","22.07","false"
"BOS","2010-01-11","20.92","21.10","20.92","20.99","2200","20.99","false"
"BOS","2010-01-08","21.40","21.43","21.18","21.43","3600","21.43","false"
"BOS","2010-01-07","20.62","21.49","20.62","21.29","17200","21.29","false"
"BOS","2010-01-06","20.37","20.37","20.37","20.37","500","20.37","false"
"BOS","2010-01-05","21.10","21.10","21.10","21.10","100","21.10","false"
"BOS","2010-01-04","21.04","21.44","21.04","21.19","1400","21.19","false"
"BOS","2011-06-24","18.93","19.47","18.93","19.13","4100","19.13","false"
"BOS","2011-06-23","19.47","19.47","19.47","19.47","200","19.47","false"
"BOS","2011-06-22","19.00","19.30","19.00","19.01","6700","19.01","false"
"BOS","2011-06-21","19.17","19.36","18.93","19.18","3600","19.18","false"
"BOS","2011-06-20","19.70","19.70","19.33","19.33","4400","19.33","false"
"BOS","2011-06-17","19.04","19.39","19.04","19.39","4600","19.39","false"
"BOS","2011-06-16","18.99","18.99","18.99","18.99","0","18.99","false"
"BOS","2011-06-15","19.15","19.15","18.80","18.99","1800","18.99","false"
"BOS","2011-06-14","18.85","18.85","18.85","18.85","400","18.85","false"
"BOS","2011-06-13","18.56","18.56","18.56","18.56","0","18.56","false"
"BOS","2011-06-10","18.56","18.56","18.56","18.56","0","18.56","false"
"BOS","2011-06-09","18.59","18.60","18.55","18.56","2500","18.56","false"
"BOS","2011-06-08","19.03","19.03","18.60","18.60","1200","18.60","false"
"BOS","2011-06-07","18.64","18.64","18.64","18.64","200","18.64","false"
"BOS","2011-06-06","18.51","18.84","18.51","18.84","600","18.84","false"
"BOS","2011-06-03","18.79","18.97","18.69","18.75","4500","18.75","false"
"BOS","2011-06-02","19.08","21.75","18.13","19.03","38100","19.03","false"
"BOS","2011-06-01","18.22","18.30","18.22","18.30","300","18.30","false"
"BOS","2011-05-31","18.91","18.91","18.36","18.41","700","18.41","false"
"BOS","2011-05-27","18.50","18.50","18.50","18.50","700","18.50","false"
"BOS","2011-05-26","19.01","19.01","19.01","19.01","0","19.01","false"
"BOS","2011-05-25","19.19","19.19","19.01","19.01","900","19.01","false"
"BOS","2011-05-24","19.68","19.68","19.68","19.68","0","19.68","false"
"BOS","2011-05-23","19.45","19.73","19.43","19.68","10800","19.68","false"
"BOS","2011-05-20","19.07","19.31","19.07","19.31","1000","19.31","false"
"BOS","2011-05-19","19.44","19.44","19.29","19.31","11300","19.31","false"
"BOS","2011-05-18","19.51","19.51","19.51","19.51","0","19.51","false"
"BOS","2011-05-17","19.41","19.74","19.41","19.51","6700","19.51","false"
"BOS","2011-05-16","19.45","19.73","19.41","19.43","11300","19.43","false"
"BOS","2011-05-13","18.92","18.98","18.92","18.98","400","18.98","false"
"BOS","2011-05-12","19.09","19.11","19.09","19.11","500","19.11","false"
"BOS","2011-05-11","19.01","19.01","19.01","19.01","0","19.01","false"
"BOS","2011-05-10","18.61","19.07","18.61","19.01","30500","19.01","false"
"BOS","2011-05-09","19.17","19.17","19.17","19.17","0","19.17","false"
"BOS","2011-05-06","19.00","19.22","18.97","19.17","3200","19.17","false"
"BOS","2011-05-05","19.46","19.47","19.25","19.41","5400","19.41","false"
"BOS","2011-05-04","18.35","18.46","18.32","18.46","4100","18.46","false"
"BOS","2011-05-03","18.20","18.20","18.20","18.20","0","18.20","false"
"BOS","2011-05-02","18.19","18.20","18.19","18.20","1000","18.20","false"
"BOS","2011-04-29","18.37","18.37","18.37","18.37","0","18.37","false"
"BOS","2011-04-28","18.37","18.37","18.37","18.37","0","18.37","false"
"BOS","2011-04-27","18.17","18.72","18.17","18.37","700","18.37","false"
"BOS","2011-04-26","18.03","18.03","18.03","18.03","0","18.03","false"
"BOS","2011-04-25","18.19","18.19","18.03","18.03","2200","18.03","false"
"BOS","2011-04-21","17.86","17.86","17.86","17.86","200","17.86","false"
"BOS","2011-04-20","18.00","18.00","17.73","17.73","3300","17.73","false"
"BOS","2011-04-19","18.11","18.11","18.11","18.11","700","18.11","false"
"BOS","2011-04-18","18.38","18.38","18.13","18.25","6700","18.25","false"
"BOS","2011-04-15","18.20","18.20","18.20","18.20","2800","18.20","false"
"BOS","2011-04-14","17.99","18.00","17.99","18.00","300","18.00","false"
"BOS","2011-04-13","18.07","18.19","17.93","17.98","11100","17.98","false"
"BOS","2011-04-12","17.80","17.80","17.80","17.80","0","17.80","false"
"BOS","2011-04-11","17.80","17.80","17.80","17.80","0","17.80","false"
"BOS","2011-04-08","17.80","17.80","17.80","17.80","0","17.80","false"
"BOS","2011-04-07","17.80","17.80","17.80","17.80","500","17.80","false"
"BOS","2011-04-06","17.80","17.80","17.80","17.80","0","17.80","false"
"BOS","2011-04-05","17.80","17.80","17.80","17.80","0","17.80","false"
"BOS","2011-04-04","17.80","17.80","17.80","17.80","0","17.80","false"
"BOS","2011-04-01","17.80","17.80","17.80","17.80","0","17.80","false"
"BOS","2011-03-31","18.00","18.00","17.80","17.80","400","17.80","false"
"BOS","2011-03-30","18.21","18.21","18.12","18.13","400","18.13","false"
"BOS","2011-03-29","18.47","18.47","18.47","18.47","0","18.47","false"
"BOS","2011-03-28","18.50","18.50","18.47","18.47","800","18.47","false"
"BOS","2011-03-25","17.66","17.66","17.65","17.65","9600","17.65","false"
"BOS","2011-03-24","17.76","17.76","17.76","17.76","300","17.76","false"
"BOS","2011-03-23","18.25","18.25","18.00","18.00","8100","18.00","false"
"BOS","2011-03-22","18.42","18.42","18.42","18.42","0","18.42","false"
"BOS","2011-03-21","18.42","18.42","18.42","18.42","100","18.42","false"
"BOS","2011-03-18","17.91","18.90","17.91","18.90","900","18.90","false"
"BOS","2011-03-17","18.41","18.41","18.41","18.41","600","18.41","false"
"BOS","2011-03-16","18.43","18.43","18.43","18.43","0","18.43","false"
"BOS","2011-03-15","18.43","18.43","18.43","18.43","0","18.43","false"
"BOS","2011-03-14","18.43","18.43","18.43","18.43","100","18.43","false"
"BOS","2011-03-11","18.81","18.81","18.81","18.81","500","18.81","false"
"BOS","2011-03-10","18.56","18.56","18.56","18.56","0","18.56","false"
"BOS","2011-03-09","17.71","18.56","17.71","18.56","1000","18.56","false"
"BOS","2011-03-08","17.71","17.71","17.71","17.71","0","17.71","false"
"BOS","2011-03-07","17.71","17.71","17.71","17.71","0","17.71","false"
"BOS","2011-03-04","17.71","17.71","17.71","17.71","100","17.71","false"
"BOS","2011-03-03","17.48","17.48","17.48","17.48","200","17.48","false"
"BOS","2011-03-02","17.63","17.63","17.62","17.62","700","17.62","false"
"BOS","2011-03-01","17.68","17.68","17.68","17.68","0","17.68","false"
"BOS","2011-02-28","17.68","17.68","17.68","17.68","0","17.68","false"
"BOS","2011-02-25","18.00","18.00","17.68","17.68","400","17.68","false"
"BOS","2011-02-24","18.16","18.16","18.16","18.16","300","18.16","false"
"BOS","2011-02-23","18.05","18.05","18.05","18.05","0","18.05","false"
"BOS","2011-02-22","18.05","18.05","18.05","18.05","100","18.05","false"
"BOS","2011-02-18","17.59","17.73","17.56","17.73","2100","17.73","false"
"BOS","2011-02-17","17.69","17.69","17.69","17.69","0","17.69","false"
"BOS","2011-02-16","17.69","17.69","17.69","17.69","0","17.69","false"
"BOS","2011-02-15","17.65","17.69","17.65","17.69","1000","17.69","false"
"BOS","2011-02-14","18.02","18.02","18.02","18.02","300","18.02","false"
"BOS","2011-02-11","17.49","17.49","17.49","17.49","0","17.49","false"
"BOS","2011-02-10","17.49","17.49","17.49","17.49","0","17.49","false"
"BOS","2011-02-09","17.49","17.49","17.49","17.49","0","17.49","false"
"BOS","2011-02-08","17.49","17.49","17.49","17.49","400","17.49","false"
"BOS","2011-02-07","18.05","18.05","17.81","17.81","900","17.81","false"
"BOS","2011-02-04","17.70","17.70","17.61","17.61","700","17.61","false"
"BOS","2011-02-03","17.75","17.75","17.75","17.75","0","17.75","false"
"BOS","2011-02-02","17.75","17.75","17.75","17.75","0","17.75","false"
"BOS","2011-02-01","17.75","17.75","17.75","17.75","200","17.75","false"
"BOS","2011-01-31","18.41","18.41","18.13","18.13","1100","18.13","false"
"BOS","2011-01-28","18.34","18.55","18.34","18.55","800","18.55","false"
"BOS","2011-01-27","18.79","18.79","18.79","18.79","400","18.79","false"
"BOS","2011-01-26","19.25","19.25","19.25","19.25","0","19.25","false"
"BOS","2011-01-25","19.57","19.57","19.25","19.25","600","19.25","false"
"BOS","2011-01-24","18.65","18.92","18.42","18.82","5300","18.82","false"
"BOS","2011-01-21","18.99","19.10","18.48","18.89","17600","18.89","false"
"BOS","2011-01-20","19.42","19.42","18.86","18.86","2300","18.86","false"
"BOS","2011-01-19","18.66","18.66","18.66","18.66","300","18.66","false"
"BOS","2011-01-18","19.93","19.93","18.05","18.32","3000","18.32","false"
"BOS","2011-01-14","18.16","18.16","18.16","18.16","0","18.16","false"
"BOS","2011-01-13","18.14","18.24","18.14","18.16","5800","18.16","false"
"BOS","2011-01-12","18.55","18.55","18.55","18.55","0","18.55","false"
"BOS","2011-01-11","18.29","18.55","18.29","18.55","1700","18.55","false"
"BOS","2011-01-10","18.65","18.75","18.61","18.61","1400","18.61","false"
"BOS","2011-01-07","18.43","18.56","18.43","18.56","3100","18.56","false"
"BOS","2011-01-06","18.27","18.38","18.26","18.36","4200","18.36","false"
"BOS","2011-01-05","18.30","18.30","18.28","18.28","900","18.28","false"
"BOS","2011-01-04","18.50","18.77","17.93","18.77","2200","18.77","false"
"BOS","2011-01-03","18.49","18.49","18.49","18.49","0","18.49","false"
