"DAG","2008-12-31","9.95","10.52","9.64","10.17","171200","10.17","false"
"DAG","2008-12-30","9.85","9.93","9.52","9.84","201200","9.84","false"
"DAG","2008-12-29","10.50","10.50","9.55","9.87","169100","9.87","false"
"DAG","2008-12-26","9.46","10.07","9.41","9.99","65900","9.99","false"
"DAG","2008-12-24","9.25","9.45","9.25","9.45","13500","9.45","false"
"DAG","2008-12-23","8.93","9.20","8.83","9.20","9000","9.20","false"
"DAG","2008-12-22","9.00","9.10","8.85","8.94","27900","8.94","false"
"DAG","2008-12-19","9.00","9.39","8.68","8.84","100600","8.84","false"
"DAG","2008-12-18","9.38","9.38","8.84","9.21","64600","9.21","false"
"DAG","2008-12-17","9.27","9.62","8.79","9.17","96000","9.17","false"
"DAG","2008-12-16","8.66","9.33","8.58","9.33","137200","9.33","false"
"DAG","2008-12-15","8.92","9.25","8.40","8.58","325300","8.58","false"
"DAG","2008-12-12","7.66","8.73","7.66","8.46","53400","8.46","false"
"DAG","2008-12-11","8.05","8.53","7.60","8.02","235800","8.02","false"
"DAG","2008-12-10","7.78","8.09","7.53","7.89","86200","7.89","false"
"DAG","2008-12-09","7.56","7.72","7.40","7.44","50100","7.44","false"
"DAG","2008-12-08","7.30","7.67","7.30","7.55","57800","7.55","false"
"DAG","2008-12-05","7.23","7.23","6.63","6.84","50700","6.84","false"
"DAG","2008-12-04","7.82","7.94","7.25","7.27","139100","7.27","false"
"DAG","2008-12-03","8.10","8.34","7.90","8.03","144800","8.03","false"
"DAG","2008-12-02","8.25","8.49","8.15","8.17","27500","8.17","false"
"DAG","2008-12-01","8.79","8.79","8.01","8.20","76500","8.20","false"
"DAG","2008-11-28","9.30","9.35","8.77","8.99","24500","8.99","false"
"DAG","2008-11-26","9.07","9.41","8.70","9.05","90500","9.05","false"
"DAG","2008-11-25","8.91","8.93","8.31","8.80","26600","8.80","false"
"DAG","2008-11-24","8.04","9.08","8.04","8.96","94500","8.96","false"
"DAG","2008-11-21","8.27","8.44","7.68","7.93","21100","7.93","false"
"DAG","2008-11-20","8.30","8.83","7.93","8.27","55100","8.27","false"
"DAG","2008-11-19","9.12","9.52","8.98","9.11","11200","9.11","false"
"DAG","2008-11-18","9.16","9.43","8.95","9.07","24700","9.07","false"
"DAG","2008-11-17","9.51","9.51","9.15","9.25","66300","9.25","false"
"DAG","2008-11-14","9.01","9.47","8.92","9.45","60500","9.45","false"
"DAG","2008-11-13","9.00","9.25","8.67","9.14","24300","9.14","false"
"DAG","2008-11-12","8.94","9.40","8.59","8.99","61200","8.99","false"
"DAG","2008-11-11","9.15","10.40","8.86","9.04","19700","9.04","false"
"DAG","2008-11-10","9.90","9.90","9.14","9.45","41800","9.45","false"
"DAG","2008-11-07","9.33","9.51","9.22","9.31","17300","9.31","false"
"DAG","2008-11-06","9.89","9.89","9.00","9.19","188200","9.19","false"
"DAG","2008-11-05","10.95","10.95","9.51","9.89","98600","9.89","false"
"DAG","2008-11-04","10.15","10.97","10.15","10.67","75300","10.67","false"
"DAG","2008-11-03","10.22","10.35","9.88","10.20","54700","10.20","false"
"DAG","2008-10-31","9.51","9.90","9.51","9.75","58200","9.75","false"
"DAG","2008-10-30","10.55","10.92","9.79","10.06","190200","10.06","false"
"DAG","2008-10-29","9.54","10.94","9.22","10.30","271800","10.30","false"
"DAG","2008-10-28","9.97","10.06","8.61","8.67","75000","8.67","false"
"DAG","2008-10-27","8.00","9.16","7.54","8.56","36000","8.56","false"
"DAG","2008-10-24","8.00","8.58","7.41","8.26","30200","8.26","false"
"DAG","2008-10-23","8.27","9.10","8.27","8.61","28200","8.61","false"
"DAG","2008-10-22","9.14","9.14","8.33","8.40","50600","8.40","false"
"DAG","2008-10-21","9.93","9.93","9.47","9.68","31900","9.68","false"
"DAG","2008-10-20","10.35","10.85","9.84","10.21","87900","10.21","false"
"DAG","2008-10-17","8.99","10.94","8.99","9.83","70500","9.83","false"
"DAG","2008-10-16","8.87","9.24","8.28","9.10","89300","9.10","false"
"DAG","2008-10-15","9.45","9.71","8.95","9.04","38500","9.04","false"
"DAG","2008-10-14","10.93","11.17","9.84","9.84","51000","9.84","false"
"DAG","2008-10-13","10.22","10.50","10.04","10.18","33700","10.18","false"
"DAG","2008-10-10","10.00","10.64","8.88","9.05","46100","9.05","false"
"DAG","2008-10-09","11.85","11.85","10.78","10.82","25200","10.82","false"
"DAG","2008-10-08","10.49","11.11","10.00","10.95","33400","10.95","false"
"DAG","2008-10-07","10.84","11.05","10.36","10.64","30900","10.64","false"
"DAG","2008-10-06","10.91","11.15","9.38","10.14","77900","10.14","false"
"DAG","2008-10-03","12.55","15.00","12.00","12.00","36400","12.00","false"
"DAG","2008-10-02","13.72","13.72","12.25","12.42","20700","12.42","false"
"DAG","2008-10-01","14.41","14.41","13.51","13.92","27000","13.92","false"
"DAG","2008-09-30","14.84","14.90","13.76","13.77","23900","13.77","false"
"DAG","2008-09-29","15.72","15.79","14.23","14.71","41700","14.71","false"
"DAG","2008-09-26","17.10","17.18","16.58","16.75","33500","16.75","false"
"DAG","2008-09-25","17.36","17.96","17.21","17.34","84800","17.34","false"
"DAG","2008-09-24","17.77","18.04","17.24","17.52","48200","17.52","false"
"DAG","2008-09-23","17.54","17.54","16.89","17.44","39700","17.44","false"
"DAG","2008-09-22","15.80","17.99","15.80","17.25","31700","17.25","false"
"DAG","2008-09-19","15.26","17.75","15.26","15.75","17100","15.75","false"
"DAG","2008-09-18","16.95","17.00","15.00","15.16","20500","15.16","false"
"DAG","2008-09-17","15.81","16.74","15.00","16.49","23300","16.49","false"
"DAG","2008-09-16","16.12","16.40","15.25","15.52","16000","15.52","false"
"DAG","2008-09-15","16.82","17.50","16.07","17.02","31000","17.02","false"
"DAG","2008-09-12","17.02","17.69","16.89","17.31","64500","17.31","false"
"DAG","2008-09-11","16.17","16.59","16.17","16.31","76100","16.31","false"
"DAG","2008-09-10","16.78","16.91","16.43","16.47","45400","16.47","false"
"DAG","2008-09-09","16.42","17.17","16.30","16.93","67000","16.93","false"
"DAG","2008-09-08","17.62","17.67","17.07","17.21","67900","17.21","false"
"DAG","2008-09-05","17.73","17.73","17.09","17.30","43700","17.30","false"
"DAG","2008-09-04","18.52","18.68","18.24","18.43","36000","18.43","false"
"DAG","2008-09-03","18.54","18.68","18.06","18.39","50300","18.39","false"
"DAG","2008-09-02","18.66","19.07","18.18","18.94","75800","18.94","false"
"DAG","2008-08-29","20.22","20.56","19.77","19.88","24700","19.88","false"
"DAG","2008-08-28","20.60","20.60","19.83","20.23","11500","20.23","false"
"DAG","2008-08-27","21.95","21.95","20.52","20.79","52800","20.79","false"
"DAG","2008-08-26","21.08","21.48","20.51","21.45","33000","21.45","false"
"DAG","2008-08-25","22.74","22.77","21.41","21.55","15200","21.55","false"
"DAG","2008-08-22","21.85","22.54","21.60","21.61","40900","21.61","false"
"DAG","2008-08-21","21.70","23.10","21.62","22.53","74000","22.53","false"
"DAG","2008-08-20","20.56","21.28","20.56","21.20","34900","21.20","false"
"DAG","2008-08-19","19.67","21.57","19.67","20.51","30500","20.51","false"
"DAG","2008-08-18","19.23","20.80","19.23","20.41","60000","20.41","false"
"DAG","2008-08-15","19.18","19.46","18.48","18.81","53400","18.81","false"
"DAG","2008-08-14","20.70","20.70","19.24","20.40","53000","20.40","false"
"DAG","2008-08-13","18.35","20.73","18.15","20.67","47000","20.67","false"
"DAG","2008-08-12","17.92","18.29","17.21","18.23","28700","18.23","false"
"DAG","2008-08-11","17.45","17.92","17.18","17.53","36000","17.53","false"
"DAG","2008-08-08","18.46","18.47","17.08","17.25","42900","17.25","false"
"DAG","2008-08-07","18.53","19.16","18.34","18.96","34400","18.96","false"
"DAG","2008-08-06","19.20","19.20","17.51","17.99","27100","17.99","false"
"DAG","2008-08-05","18.43","19.83","17.99","18.87","63700","18.87","false"
"DAG","2008-08-04","20.32","20.36","18.45","18.50","59200","18.50","false"
"DAG","2008-08-01","21.17","21.78","20.53","20.85","8900","20.85","false"
"DAG","2008-07-31","21.61","21.75","21.16","21.41","11600","21.41","false"
"DAG","2008-07-30","20.85","21.44","20.71","21.41","11200","21.41","false"
"DAG","2008-07-29","19.84","20.87","19.63","20.73","33600","20.73","false"
"DAG","2008-07-28","21.72","21.78","20.24","20.50","81700","20.50","false"
"DAG","2008-07-25","19.72","20.71","19.72","20.71","14000","20.71","false"
"DAG","2008-07-24","20.49","20.49","19.41","20.04","21100","20.04","false"
"DAG","2008-07-23","19.46","20.50","18.88","19.84","45800","19.84","false"
"DAG","2008-07-22","20.80","21.11","20.11","20.13","41500","20.13","false"
"DAG","2008-07-21","21.50","21.75","20.80","20.97","26500","20.97","false"
"DAG","2008-07-18","22.77","23.41","21.89","21.90","27100","21.90","false"
"DAG","2008-07-17","24.78","24.99","23.08","23.16","26300","23.16","false"
"DAG","2008-07-16","24.33","25.24","23.35","25.24","29000","25.24","false"
"DAG","2008-07-15","25.39","25.73","24.02","24.41","23400","24.41","false"
"DAG","2008-07-14","25.40","25.66","24.87","25.00","22700","25.00","false"
"DAG","2008-07-11","26.08","27.10","25.40","26.48","81200","26.48","false"
"DAG","2008-07-10","26.10","26.10","25.70","26.09","20500","26.09","false"
"DAG","2008-07-09","26.27","26.27","25.34","25.95","9300","25.95","false"
"DAG","2008-07-08","25.89","26.10","24.36","25.75","61000","25.75","false"
"DAG","2008-07-07","27.45","27.45","25.61","26.49","141200","26.49","false"
"DAG","2008-07-03","28.72","28.92","28.01","28.48","70300","28.48","false"
"DAG","2008-07-02","27.71","29.00","27.64","28.94","37000","28.94","false"
"DAG","2008-07-01","26.59","27.81","26.59","27.74","50500","27.74","false"
"DAG","2008-06-30","28.38","29.00","26.67","26.99","93800","26.99","false"
"DAG","2008-06-27","29.15","29.15","27.87","28.00","57400","28.00","false"
"DAG","2008-06-26","27.94","29.16","27.57","28.78","51400","28.78","false"
"DAG","2008-06-25","26.52","27.62","26.10","27.62","34100","27.62","false"
"DAG","2008-06-24","26.71","26.93","25.91","26.11","27700","26.11","false"
"DAG","2008-06-23","26.34","26.60","25.73","26.53","59900","26.53","false"
"DAG","2008-06-20","27.09","27.44","26.34","26.39","53600","26.39","false"
"DAG","2008-06-19","27.71","27.71","26.25","26.90","72400","26.90","false"
"DAG","2008-06-18","27.82","28.09","27.05","27.74","86000","27.74","false"
"DAG","2008-06-17","26.89","27.98","26.41","27.67","67000","27.67","false"
"DAG","2008-06-16","27.79","28.02","26.61","26.75","78200","26.75","false"
"DAG","2008-06-13","25.86","26.91","25.44","26.77","29900","26.77","false"
"DAG","2008-06-12","25.10","26.16","25.10","25.87","35300","25.87","false"
"DAG","2008-06-11","24.47","26.19","24.47","26.07","67100","26.07","false"
"DAG","2008-06-10","23.49","23.88","23.20","23.87","22900","23.87","false"
"DAG","2008-06-09","23.91","24.23","23.49","23.49","24400","23.49","false"
"DAG","2008-06-06","23.13","23.94","23.02","23.48","15000","23.48","false"
"DAG","2008-06-05","21.65","22.76","21.59","22.76","13700","22.76","false"
"DAG","2008-06-04","21.34","21.46","20.72","21.46","7700","21.46","false"
"DAG","2008-06-03","21.85","21.85","20.92","21.16","19100","21.16","false"
"DAG","2008-06-02","21.29","22.58","21.20","22.28","14000","22.28","false"
"DAG","2008-05-30","20.16","21.12","20.16","21.12","2600","21.12","false"
"DAG","2008-05-29","20.79","21.08","19.95","20.34","39600","20.34","false"
"DAG","2008-05-28","20.80","21.31","20.64","21.25","15800","21.25","false"
"DAG","2008-05-27","21.35","21.59","20.99","21.06","20600","21.06","false"
"DAG","2008-05-23","21.04","21.39","20.79","21.05","17700","21.05","false"
"DAG","2008-05-22","22.27","22.27","20.89","21.05","46200","21.05","false"
"DAG","2008-05-21","21.91","22.30","21.83","22.09","7900","22.09","false"
"DAG","2008-05-20","21.85","22.33","21.60","21.76","13600","21.76","false"
"DAG","2008-05-19","22.01","22.02","21.58","21.60","15300","21.60","false"
"DAG","2008-05-16","22.09","22.57","21.99","22.10","6800","22.10","false"
"DAG","2008-05-15","21.73","21.93","21.11","21.89","8100","21.89","false"
"DAG","2008-05-14","22.12","22.25","21.75","21.79","28800","21.79","false"
"DAG","2008-05-13","22.52","22.52","22.00","22.33","7300","22.33","false"
"DAG","2008-05-12","23.30","23.38","22.73","22.73","27300","22.73","false"
"DAG","2008-05-09","23.50","23.50","22.70","23.29","15900","23.29","false"
"DAG","2008-05-08","22.60","22.93","22.48","22.48","16600","22.48","false"
"DAG","2008-05-07","22.25","22.40","22.11","22.40","7700","22.40","false"
"DAG","2008-05-06","21.58","23.05","21.58","22.31","46800","22.31","false"
"DAG","2008-05-05","21.98","22.32","21.45","21.53","30300","21.53","false"
"DAG","2008-05-02","21.13","22.10","20.91","21.97","44400","21.97","false"
"DAG","2008-05-01","22.00","22.00","20.77","20.95","46600","20.95","false"
"DAG","2008-04-30","22.01","22.40","21.88","22.14","2100","22.14","false"
"DAG","2008-04-29","22.86","22.86","21.65","21.94","21700","21.94","false"
"DAG","2008-04-28","22.93","22.93","22.00","22.67","20600","22.67","false"
"DAG","2008-04-25","22.12","22.81","22.02","22.24","28500","22.24","false"
"DAG","2008-04-24","23.01","23.03","22.20","22.38","71200","22.38","false"
"DAG","2008-04-23","24.01","24.16","23.33","23.34","66600","23.34","false"
"DAG","2008-04-22","23.52","24.41","23.52","24.33","12700","24.33","false"
"DAG","2008-04-21","24.08","24.08","22.80","23.28","20000","23.28","false"
"DAG","2008-04-18","25.25","25.25","24.52","25.13","16000","25.13","false"
"DAG","2008-04-17","26.30","26.33","25.45","25.74","10400","25.74","false"
"DAG","2008-04-16","26.01","26.03","25.60","25.85","30200","25.85","false"
"DAG","2008-04-15","25.74","25.80","25.63","25.63","20000","25.63","false"
"DAG","2009-12-31","10.85","10.94","10.75","10.75","48200","10.75","false"
"DAG","2009-12-30","10.79","10.86","10.63","10.79","64900","10.79","false"
"DAG","2009-12-29","10.84","10.92","10.66","10.78","236400","10.78","false"
"DAG","2009-12-28","10.76","10.85","10.66","10.80","101700","10.80","false"
"DAG","2009-12-24","10.49","10.49","10.38","10.44","6800","10.44","false"
"DAG","2009-12-23","10.30","10.46","10.29","10.41","40600","10.41","false"
"DAG","2009-12-22","10.23","10.26","10.08","10.20","44700","10.20","false"
"DAG","2009-12-21","10.34","10.45","10.10","10.14","54200","10.14","false"
"DAG","2009-12-18","10.37","10.42","10.13","10.29","43800","10.29","false"
"DAG","2009-12-17","10.55","10.55","10.19","10.37","153700","10.37","false"
"DAG","2009-12-16","10.61","10.82","10.52","10.67","53800","10.67","false"
"DAG","2009-12-15","10.65","10.66","10.41","10.44","63600","10.44","false"
"DAG","2009-12-14","10.52","10.83","10.46","10.75","134000","10.75","false"
"DAG","2009-12-11","10.31","10.47","10.06","10.47","62300","10.47","false"
"DAG","2009-12-10","10.00","10.28","9.99","10.20","37300","10.20","false"
"DAG","2009-12-09","10.08","10.18","9.78","9.92","82000","9.92","false"
"DAG","2009-12-08","10.17","10.23","10.01","10.05","51700","10.05","false"
"DAG","2009-12-07","10.20","10.42","10.15","10.18","79700","10.18","false"
"DAG","2009-12-04","10.63","10.78","10.23","10.29","121900","10.29","false"
"DAG","2009-12-03","10.87","10.87","10.52","10.66","186400","10.66","false"
"DAG","2009-12-02","10.80","10.89","10.58","10.68","87700","10.68","false"
"DAG","2009-12-01","10.92","11.25","10.78","10.79","208700","10.79","false"
"DAG","2009-11-30","10.66","10.95","10.56","10.85","173400","10.85","false"
"DAG","2009-11-27","10.16","10.70","10.14","10.67","44900","10.67","false"
"DAG","2009-11-25","10.27","10.58","10.25","10.50","148800","10.50","false"
"DAG","2009-11-24","10.34","10.43","10.05","10.08","98300","10.08","false"
"DAG","2009-11-23","10.63","10.79","10.32","10.38","446300","10.38","false"
"DAG","2009-11-20","10.41","10.46","10.30","10.39","20900","10.39","false"
"DAG","2009-11-19","10.35","10.67","10.27","10.60","144900","10.60","false"
"DAG","2009-11-18","10.90","11.09","10.62","10.68","270400","10.68","false"
"DAG","2009-11-17","10.59","10.85","10.42","10.84","236600","10.84","false"
"DAG","2009-11-16","10.32","10.69","10.32","10.60","220700","10.60","false"
"DAG","2009-11-13","10.03","10.25","10.03","10.13","46400","10.13","false"
"DAG","2009-11-12","10.01","10.26","9.87","10.10","164900","10.10","false"
"DAG","2009-11-11","9.95","10.25","9.95","10.04","104000","10.04","false"
"DAG","2009-11-10","9.81","10.30","9.50","9.81","106900","9.81","false"
"DAG","2009-11-09","9.67","9.84","9.50","9.74","251700","9.74","false"
"DAG","2009-11-06","9.85","9.85","9.41","9.43","116400","9.43","false"
"DAG","2009-11-05","10.18","10.27","9.73","9.86","123700","9.86","false"
"DAG","2009-11-04","10.40","10.54","10.14","10.17","133300","10.17","false"
"DAG","2009-11-03","10.01","10.43","9.90","10.31","207000","10.31","false"
"DAG","2009-11-02","9.59","10.05","9.59","10.01","238900","10.01","false"
"DAG","2009-10-30","9.70","9.70","9.41","9.54","183000","9.54","false"
"DAG","2009-10-29","9.51","9.90","9.51","9.87","151600","9.87","false"
"DAG","2009-10-28","9.43","9.60","9.27","9.35","334300","9.35","false"
"DAG","2009-10-27","9.94","10.04","9.60","9.67","301000","9.67","false"
"DAG","2009-10-26","10.52","10.81","9.98","10.00","251400","10.00","false"
"DAG","2009-10-23","10.63","10.86","10.37","10.46","342900","10.46","false"
"DAG","2009-10-22","10.54","10.55","10.35","10.53","238300","10.53","false"
"DAG","2009-10-21","10.26","10.77","10.15","10.58","587500","10.58","false"
"DAG","2009-10-20","10.22","10.23","9.95","10.18","200100","10.18","false"
"DAG","2009-10-19","10.15","10.35","10.11","10.33","159500","10.33","false"
"DAG","2009-10-16","10.07","10.17","9.91","9.91","114500","9.91","false"
"DAG","2009-10-15","9.95","10.21","9.92","10.21","222100","10.21","false"
"DAG","2009-10-14","10.10","10.24","9.83","9.95","418700","9.95","false"
"DAG","2009-10-13","9.73","10.08","9.68","10.00","368800","10.00","false"
"DAG","2009-10-12","9.29","9.70","9.21","9.61","357300","9.61","false"
"DAG","2009-10-09","9.25","9.40","8.91","9.02","186200","9.02","false"
"DAG","2009-10-08","9.05","9.40","8.98","9.21","137400","9.21","false"
"DAG","2009-10-07","9.24","9.27","9.00","9.27","136000","9.27","false"
"DAG","2009-10-06","9.12","9.56","9.10","9.22","212100","9.22","false"
"DAG","2009-10-05","8.71","9.09","8.63","8.98","240000","8.98","false"
"DAG","2009-10-02","8.90","9.02","8.67","8.71","236700","8.71","false"
"DAG","2009-10-01","9.48","9.59","9.13","9.16","89700","9.16","false"
"DAG","2009-09-30","9.21","9.54","9.10","9.52","103300","9.52","false"
"DAG","2009-09-29","9.53","9.53","9.21","9.28","84900","9.28","false"
"DAG","2009-09-28","8.97","9.25","8.97","9.23","128400","9.23","false"
"DAG","2009-09-25","8.92","9.13","8.83","9.03","253800","9.03","false"
"DAG","2009-09-24","8.79","9.00","8.54","8.84","201400","8.84","false"
"DAG","2009-09-23","8.61","9.04","8.58","8.75","145100","8.75","false"
"DAG","2009-09-22","8.89","8.94","8.70","8.88","213800","8.88","false"
"DAG","2009-09-21","8.60","8.77","8.60","8.67","83300","8.67","false"
"DAG","2009-09-18","9.07","9.15","8.78","8.84","96600","8.84","false"
"DAG","2009-09-17","9.18","9.24","9.01","9.13","195600","9.13","false"
"DAG","2009-09-16","9.43","9.45","9.06","9.42","371000","9.42","false"
"DAG","2009-09-15","8.75","9.48","8.75","9.40","467600","9.40","false"
"DAG","2009-09-14","8.65","8.84","8.61","8.80","90000","8.80","false"
"DAG","2009-09-11","8.99","9.11","8.44","8.73","215400","8.73","false"
"DAG","2009-09-10","8.47","8.93","8.47","8.88","317900","8.88","false"
"DAG","2009-09-09","8.44","8.65","8.33","8.46","335500","8.46","false"
"DAG","2009-09-08","8.58","8.65","8.37","8.38","292200","8.38","false"
"DAG","2009-09-04","8.72","8.76","8.42","8.46","313700","8.46","false"
"DAG","2009-09-03","9.36","9.44","9.00","9.02","373900","9.02","false"
"DAG","2009-09-02","9.27","9.45","9.24","9.35","250900","9.35","false"
"DAG","2009-09-01","9.75","9.87","9.41","9.55","149600","9.55","false"
"DAG","2009-08-31","9.65","9.95","9.54","9.90","48500","9.90","false"
"DAG","2009-08-28","9.85","9.94","9.68","9.79","265300","9.79","false"
"DAG","2009-08-27","9.61","9.68","9.47","9.60","99200","9.60","false"
"DAG","2009-08-26","9.37","9.57","9.35","9.54","41100","9.54","false"
"DAG","2009-08-25","9.53","9.80","9.37","9.48","230600","9.48","false"
"DAG","2009-08-24","9.32","9.50","9.30","9.40","118100","9.40","false"
"DAG","2009-08-21","9.38","9.52","9.10","9.21","242400","9.21","false"
"DAG","2009-08-20","9.32","9.36","9.13","9.15","125300","9.15","false"
"DAG","2009-08-19","9.16","9.51","9.15","9.43","228200","9.43","false"
"DAG","2009-08-18","9.06","9.30","9.03","9.24","257200","9.24","false"
"DAG","2009-08-17","9.20","9.26","8.97","9.07","372200","9.07","false"
"DAG","2009-08-14","9.76","9.76","9.45","9.48","242200","9.48","false"
"DAG","2009-08-13","10.18","10.29","9.78","9.92","852200","9.92","false"
"DAG","2009-08-12","9.67","10.08","9.54","10.08","502500","10.08","false"
"DAG","2009-08-11","9.69","9.89","9.65","9.76","335300","9.76","false"
"DAG","2009-08-10","9.68","9.90","9.58","9.76","497200","9.76","false"
"DAG","2009-08-07","9.68","9.78","9.38","9.43","851900","9.43","false"
"DAG","2009-08-06","9.86","9.88","9.46","9.49","2847200","9.49","false"
"DAG","2009-08-05","10.14","10.16","9.69","9.89","613000","9.89","false"
"DAG","2009-08-04","9.99","10.13","9.87","10.03","348900","10.03","false"
"DAG","2009-08-03","9.73","10.12","9.73","10.04","575000","10.04","false"
"DAG","2009-07-31","9.04","9.39","8.99","9.39","450100","9.39","false"
"DAG","2009-07-30","8.79","9.16","8.67","9.06","538300","9.06","false"
"DAG","2009-07-29","8.61","8.66","8.42","8.65","327400","8.65","false"
"DAG","2009-07-28","8.72","8.86","8.57","8.81","424800","8.81","false"
"DAG","2009-07-27","8.54","8.72","8.47","8.72","311000","8.72","false"
"DAG","2009-07-24","8.86","8.88","8.60","8.61","369200","8.61","false"
"DAG","2009-07-23","8.59","8.87","8.56","8.87","664000","8.87","false"
"DAG","2009-07-22","8.45","8.47","8.30","8.38","248700","8.38","false"
"DAG","2009-07-21","8.82","8.82","8.39","8.53","287100","8.53","false"
"DAG","2009-07-20","8.77","8.86","8.59","8.78","400400","8.78","false"
"DAG","2009-07-17","8.44","8.58","8.31","8.50","274500","8.50","false"
"DAG","2009-07-16","8.38","8.52","8.30","8.41","287700","8.41","false"
"DAG","2009-07-15","8.86","8.96","8.57","8.71","753300","8.71","false"
"DAG","2009-07-14","8.82","8.87","8.63","8.66","371700","8.66","false"
"DAG","2009-07-13","8.28","8.79","8.22","8.79","229700","8.79","false"
"DAG","2009-07-10","8.28","8.46","8.16","8.32","265200","8.32","false"
"DAG","2009-07-09","8.37","8.47","8.25","8.46","273800","8.46","false"
"DAG","2009-07-08","8.14","8.46","8.06","8.38","700000","8.38","false"
"DAG","2009-07-07","8.69","8.95","8.01","8.05","1349400","8.05","false"
"DAG","2009-07-06","8.88","8.88","8.62","8.62","244900","8.62","false"
"DAG","2009-07-02","9.16","9.56","9.06","9.08","236400","9.08","false"
"DAG","2009-07-01","9.33","9.57","9.33","9.56","333000","9.56","false"
"DAG","2009-06-30","9.72","9.75","8.77","9.29","1192500","9.29","false"
"DAG","2009-06-29","9.98","9.98","9.71","9.79","125600","9.79","false"
"DAG","2009-06-26","9.87","9.91","9.75","9.79","113000","9.79","false"
"DAG","2009-06-25","9.75","10.03","9.75","9.93","91300","9.93","false"
"DAG","2009-06-24","10.00","10.06","9.79","9.79","209700","9.79","false"
"DAG","2009-06-23","9.70","9.95","9.67","9.90","270100","9.90","false"
"DAG","2009-06-22","9.74","9.74","9.34","9.58","612700","9.58","false"
"DAG","2009-06-19","10.19","10.19","9.81","9.81","168300","9.81","false"
"DAG","2009-06-18","10.19","10.31","10.00","10.25","378700","10.25","false"
"DAG","2009-06-17","9.82","10.35","9.82","10.27","308800","10.27","false"
"DAG","2009-06-16","10.29","10.48","9.98","10.14","269700","10.14","false"
"DAG","2009-06-15","10.72","10.72","10.18","10.20","624600","10.20","false"
"DAG","2009-06-12","11.12","11.35","10.86","11.00","399000","11.00","false"
"DAG","2009-06-11","11.17","11.52","11.17","11.32","320400","11.32","false"
"DAG","2009-06-10","11.59","11.59","11.12","11.20","266800","11.20","false"
"DAG","2009-06-09","11.26","11.53","11.24","11.51","269000","11.51","false"
"DAG","2009-06-08","11.22","11.30","11.01","11.16","316600","11.16","false"
"DAG","2009-06-05","11.71","11.71","11.41","11.42","214000","11.42","false"
"DAG","2009-06-04","11.59","11.74","11.21","11.72","417700","11.72","false"
"DAG","2009-06-03","11.97","12.50","11.01","11.19","544000","11.19","false"
"DAG","2009-06-02","12.04","12.20","11.91","12.05","427400","12.05","false"
"DAG","2009-06-01","12.00","12.37","11.80","12.37","961200","12.37","false"
"DAG","2009-05-29","11.74","11.74","11.40","11.60","183300","11.60","false"
"DAG","2009-05-28","11.88","11.88","11.26","11.45","359800","11.45","false"
"DAG","2009-05-27","11.49","11.54","11.23","11.43","450400","11.43","false"
"DAG","2009-05-26","11.28","11.45","11.03","11.37","297100","11.37","false"
"DAG","2009-05-22","11.18","11.35","11.02","11.31","497400","11.31","false"
"DAG","2009-05-21","10.88","11.01","10.51","10.98","525500","10.98","false"
"DAG","2009-05-20","10.89","11.16","10.70","10.90","368300","10.90","false"
"DAG","2009-05-19","10.73","10.81","10.61","10.74","202300","10.74","false"
"DAG","2009-05-18","10.38","10.75","10.13","10.68","397400","10.68","false"
"DAG","2009-05-15","10.66","10.74","10.10","10.10","100400","10.10","false"
"DAG","2009-05-14","10.50","10.80","10.42","10.74","225200","10.74","false"
"DAG","2009-05-13","10.69","10.84","10.48","10.55","174000","10.55","false"
"DAG","2009-05-12","10.90","10.97","10.52","10.77","266100","10.77","false"
"DAG","2009-05-11","10.41","10.71","10.34","10.70","65100","10.70","false"
"DAG","2009-05-08","10.30","10.59","10.27","10.58","243800","10.58","false"
"DAG","2009-05-07","10.47","10.50","10.03","10.22","241400","10.22","false"
"DAG","2009-05-06","9.86","10.12","9.86","10.06","119400","10.06","false"
"DAG","2009-05-05","10.07","10.07","9.67","9.76","103000","9.76","false"
"DAG","2009-05-04","10.98","10.98","9.77","10.01","297500","10.01","false"
"DAG","2009-05-01","9.68","10.23","9.50","10.20","336000","10.20","false"
"DAG","2009-04-30","9.37","9.42","9.15","9.42","196000","9.42","false"
"DAG","2009-04-29","8.70","9.15","8.70","9.12","117000","9.12","false"
"DAG","2009-04-28","9.28","9.28","8.65","8.70","33100","8.70","false"
"DAG","2009-04-27","8.95","9.02","8.50","8.65","135600","8.65","false"
"DAG","2009-04-24","9.03","9.18","9.00","9.12","122400","9.12","false"
"DAG","2009-04-23","8.84","9.00","8.67","8.90","86300","8.90","false"
"DAG","2009-04-22","8.60","8.83","8.60","8.76","47500","8.76","false"
"DAG","2009-04-21","8.40","8.72","8.30","8.66","223900","8.66","false"
"DAG","2009-04-20","8.69","8.84","8.26","8.30","197400","8.30","false"
"DAG","2009-04-17","9.00","9.17","8.75","8.94","222100","8.94","false"
"DAG","2009-04-16","8.99","9.00","8.77","8.95","677000","8.95","false"
"DAG","2009-04-15","9.00","9.13","8.86","8.94","313900","8.94","false"
"DAG","2009-04-14","8.88","9.25","8.88","9.09","56800","9.09","false"
"DAG","2009-04-13","8.85","9.06","8.70","8.96","132100","8.96","false"
"DAG","2009-04-09","9.13","9.14","8.83","8.89","101300","8.89","false"
"DAG","2009-04-08","8.74","8.93","8.71","8.84","111500","8.84","false"
"DAG","2009-04-07","9.07","9.13","8.75","8.84","79700","8.84","false"
"DAG","2009-04-06","9.22","9.25","8.96","9.07","111500","9.07","false"
"DAG","2009-04-03","9.07","9.36","9.06","9.33","116600","9.33","false"
"DAG","2009-04-02","9.22","9.37","9.15","9.19","198900","9.19","false"
"DAG","2009-04-01","9.06","9.06","8.65","8.83","87300","8.83","false"
"DAG","2009-03-31","8.36","9.02","8.36","8.95","147900","8.95","false"
"DAG","2009-03-30","8.29","8.36","8.10","8.25","183400","8.25","false"
"DAG","2009-03-27","8.72","8.72","8.40","8.49","116400","8.49","false"
"DAG","2009-03-26","8.81","8.87","8.63","8.73","102600","8.73","false"
"DAG","2009-03-25","8.92","8.99","8.55","8.64","183600","8.64","false"
"DAG","2009-03-24","9.31","9.31","8.93","9.03","211700","9.03","false"
"DAG","2009-03-23","9.27","9.57","9.10","9.32","557600","9.32","false"
"DAG","2009-03-20","9.31","9.36","9.12","9.25","282800","9.25","false"
"DAG","2009-03-19","9.36","9.66","9.15","9.36","343000","9.36","false"
"DAG","2009-03-18","9.05","9.05","8.68","8.92","104600","8.92","false"
"DAG","2009-03-17","8.83","8.92","8.66","8.89","179900","8.89","false"
"DAG","2009-03-16","8.27","8.82","8.27","8.70","123500","8.70","false"
"DAG","2009-03-13","8.63","8.64","8.25","8.37","167600","8.37","false"
"DAG","2009-03-12","8.09","8.49","8.05","8.40","663300","8.40","false"
"DAG","2009-03-11","8.55","8.55","7.88","7.98","101900","7.98","false"
"DAG","2009-03-10","8.16","8.44","8.08","8.30","97600","8.30","false"
"DAG","2009-03-09","8.22","8.25","7.90","7.96","93300","7.96","false"
"DAG","2009-03-06","7.95","8.16","7.89","8.04","46900","8.04","false"
"DAG","2009-03-05","8.00","8.08","7.81","7.92","72900","7.92","false"
"DAG","2009-03-04","8.35","8.35","7.90","8.22","101000","8.22","false"
"DAG","2009-03-03","7.61","7.72","7.51","7.64","50200","7.64","false"
"DAG","2009-03-02","8.19","8.19","7.54","7.66","95000","7.66","false"
"DAG","2009-02-27","8.46","8.46","8.18","8.29","27300","8.29","false"
"DAG","2009-02-26","8.69","8.88","8.45","8.55","38900","8.55","false"
"DAG","2009-02-25","8.35","8.61","8.08","8.55","56800","8.55","false"
"DAG","2009-02-24","8.10","8.29","8.00","8.24","37200","8.24","false"
"DAG","2009-02-23","8.49","8.49","8.06","8.10","94700","8.10","false"
"DAG","2009-02-20","8.08","8.23","7.90","8.17","136800","8.17","false"
"DAG","2009-02-19","8.25","8.46","8.21","8.29","136700","8.29","false"
"DAG","2009-02-18","8.28","8.28","8.03","8.08","143700","8.08","false"
"DAG","2009-02-17","8.68","8.68","8.28","8.34","98500","8.34","false"
"DAG","2009-02-13","9.00","9.21","8.91","8.95","75800","8.95","false"
"DAG","2009-02-12","9.03","9.23","9.00","9.04","140400","9.04","false"
"DAG","2009-02-11","9.40","9.40","9.15","9.17","96600","9.17","false"
"DAG","2009-02-10","9.78","9.79","9.29","9.42","145600","9.42","false"
"DAG","2009-02-09","9.67","9.80","9.55","9.60","127400","9.60","false"
"DAG","2009-02-06","9.63","9.63","9.35","9.51","109800","9.51","false"
"DAG","2009-02-05","8.80","9.32","8.69","9.30","132500","9.30","false"
"DAG","2009-02-04","8.82","9.00","8.64","8.72","194100","8.72","false"
"DAG","2009-02-03","9.12","9.12","8.76","8.88","36700","8.88","false"
"DAG","2009-02-02","9.23","9.29","9.02","9.20","49700","9.20","false"
"DAG","2009-01-30","9.52","9.70","9.39","9.47","39500","9.47","false"
"DAG","2009-01-29","9.64","9.64","9.41","9.58","61500","9.58","false"
"DAG","2009-01-28","9.72","9.90","9.50","9.75","60100","9.75","false"
"DAG","2009-01-27","9.79","9.79","9.50","9.61","233900","9.61","false"
"DAG","2009-01-26","9.87","10.22","9.80","9.90","104000","9.90","false"
"DAG","2009-01-23","9.51","9.90","9.13","9.68","58700","9.68","false"
"DAG","2009-01-22","9.94","9.94","9.17","9.51","27700","9.51","false"
"DAG","2009-01-21","9.23","10.25","9.21","9.96","44500","9.96","false"
"DAG","2009-01-20","9.60","9.90","9.27","9.34","57800","9.34","false"
"DAG","2009-01-16","9.78","9.78","9.45","9.71","65600","9.71","false"
"DAG","2009-01-15","9.00","9.33","8.95","9.18","34700","9.18","false"
"DAG","2009-01-14","9.40","9.40","8.85","9.04","86800","9.04","false"
"DAG","2009-01-13","9.05","9.54","9.05","9.08","86600","9.08","false"
"DAG","2009-01-12","10.59","10.60","9.07","9.11","148600","9.11","false"
"DAG","2009-01-09","10.69","10.90","10.40","10.60","80600","10.60","false"
"DAG","2009-01-08","10.30","10.52","9.63","10.46","104500","10.46","false"
"DAG","2009-01-07","11.19","11.19","10.31","10.40","95700","10.40","false"
"DAG","2009-01-06","10.45","11.15","10.45","11.12","207300","11.12","false"
"DAG","2009-01-05","10.31","10.55","10.08","10.54","107900","10.54","false"
"DAG","2009-01-02","10.77","10.77","10.02","10.21","245800","10.21","false"
"DAG","2010-12-31","13.76","14.10","13.66","14.07","271800","14.07","false"
"DAG","2010-12-30","13.91","14.02","13.12","13.50","616300","13.50","false"
"DAG","2010-12-29","14.12","14.17","13.95","14.04","217600","14.04","false"
"DAG","2010-12-28","14.05","14.20","14.02","14.09","293900","14.09","false"
"DAG","2010-12-27","13.71","13.88","13.67","13.84","150100","13.84","false"
"DAG","2010-12-23","13.62","13.80","13.58","13.77","129700","13.77","false"
"DAG","2010-12-22","13.27","13.64","13.20","13.61","218700","13.61","false"
"DAG","2010-12-21","13.43","13.52","13.24","13.27","286800","13.27","false"
"DAG","2010-12-20","13.26","13.41","13.20","13.27","346800","13.27","false"
"DAG","2010-12-17","12.68","13.17","12.68","13.14","221200","13.14","false"
"DAG","2010-12-16","12.56","12.74","12.54","12.68","236300","12.68","false"
"DAG","2010-12-15","12.68","12.95","12.57","12.61","200100","12.61","false"
"DAG","2010-12-14","12.87","12.97","12.55","12.56","377300","12.56","false"
"DAG","2010-12-13","12.56","12.94","12.56","12.88","721300","12.88","false"
"DAG","2010-12-10","12.30","12.42","12.04","12.35","202000","12.35","false"
"DAG","2010-12-09","12.46","12.47","12.30","12.42","220200","12.42","false"
"DAG","2010-12-08","12.01","12.54","12.01","12.54","288500","12.54","false"
"DAG","2010-12-07","12.70","12.76","12.09","12.12","832600","12.12","false"
"DAG","2010-12-06","12.43","12.51","12.25","12.45","234500","12.45","false"
"DAG","2010-12-03","12.25","12.57","12.24","12.55","453700","12.55","false"
"DAG","2010-12-02","12.02","12.26","11.95","11.96","331000","11.96","false"
"DAG","2010-12-01","11.60","12.09","11.56","12.07","419400","12.07","false"
"DAG","2010-11-30","11.29","11.29","11.03","11.07","167600","11.07","false"
"DAG","2010-11-29","11.31","11.40","11.18","11.36","164000","11.36","false"
"DAG","2010-11-26","11.15","11.30","11.06","11.24","286600","11.24","false"
"DAG","2010-11-24","11.12","12.36","11.05","11.24","294800","11.24","false"
"DAG","2010-11-23","10.33","10.90","10.04","10.83","410000","10.83","false"
"DAG","2010-11-22","10.66","10.66","10.25","10.62","328900","10.62","false"
"DAG","2010-11-19","10.93","11.08","10.39","10.49","677000","10.49","false"
"DAG","2010-11-18","11.27","11.37","11.09","11.26","437300","11.26","false"
"DAG","2010-11-17","10.43","10.69","10.32","10.35","435900","10.35","false"
"DAG","2010-11-16","11.33","11.33","10.12","10.19","1268500","10.19","false"
"DAG","2010-11-15","11.76","11.76","11.21","11.27","1109800","11.27","false"
"DAG","2010-11-12","12.15","12.22","10.89","10.97","4039300","10.97","false"
"DAG","2010-11-11","13.57","13.71","12.68","12.73","595700","12.73","false"
"DAG","2010-11-10","13.67","13.74","13.48","13.74","298800","13.74","false"
"DAG","2010-11-09","14.25","14.83","13.61","13.64","705500","13.64","false"
"DAG","2010-11-08","13.55","13.72","13.46","13.68","292800","13.68","false"
"DAG","2010-11-05","13.48","13.59","13.20","13.59","436400","13.59","false"
"DAG","2010-11-04","13.26","13.61","13.25","13.56","382100","13.56","false"
"DAG","2010-11-03","12.72","13.00","12.50","12.86","309600","12.86","false"
"DAG","2010-11-02","12.93","12.96","12.65","12.72","359400","12.72","false"
"DAG","2010-11-01","12.93","12.93","12.50","12.63","341300","12.63","false"
"DAG","2010-10-29","12.67","12.78","12.60","12.74","159700","12.74","false"
"DAG","2010-10-28","12.64","12.79","12.58","12.66","227900","12.66","false"
"DAG","2010-10-27","12.11","12.50","11.99","12.45","334800","12.45","false"
"DAG","2010-10-26","11.92","12.32","11.92","12.23","233700","12.23","false"
"DAG","2010-10-25","12.13","12.24","11.93","12.04","253300","12.04","false"
"DAG","2010-10-22","11.87","11.90","11.68","11.71","146400","11.71","false"
"DAG","2010-10-21","12.18","12.18","11.78","11.82","280200","11.82","false"
"DAG","2010-10-20","11.70","12.10","11.70","12.04","213300","12.04","false"
"DAG","2010-10-19","11.49","11.70","11.32","11.46","315800","11.46","false"
"DAG","2010-10-18","11.65","11.75","11.51","11.75","462400","11.75","false"
"DAG","2010-10-15","11.90","11.91","11.61","11.64","221000","11.64","false"
"DAG","2010-10-14","11.76","12.04","11.75","11.84","207300","11.84","false"
"DAG","2010-10-13","12.00","12.00","11.64","11.73","391700","11.73","false"
"DAG","2010-10-12","11.45","12.03","11.33","11.91","452100","11.91","false"
"DAG","2010-10-11","12.05","12.20","11.44","11.50","841700","11.50","false"
"DAG","2010-10-08","10.54","11.76","10.50","11.72","1015900","11.72","false"
"DAG","2010-10-07","9.95","10.07","9.84","9.93","350800","9.93","false"
"DAG","2010-10-06","9.79","9.82","9.56","9.59","154900","9.59","false"
"DAG","2010-10-05","9.27","9.78","9.27","9.72","222500","9.72","false"
"DAG","2010-10-04","8.99","9.25","8.90","9.23","241900","9.23","false"
"DAG","2010-10-01","10.20","10.20","9.16","9.22","397700","9.22","false"
"DAG","2010-09-30","10.08","10.17","9.59","9.97","591000","9.97","false"
"DAG","2010-09-29","9.87","10.23","9.78","10.22","567000","10.22","false"
"DAG","2010-09-28","10.47","10.47","10.21","10.26","236200","10.26","false"
"DAG","2010-09-27","10.80","10.80","10.50","10.55","193400","10.55","false"
"DAG","2010-09-24","10.17","10.68","10.17","10.61","421500","10.61","false"
"DAG","2010-09-23","10.18","10.18","9.92","9.95","113500","9.95","false"
"DAG","2010-09-22","10.19","10.19","10.01","10.13","97700","10.13","false"
"DAG","2010-09-21","10.07","10.21","9.98","10.01","302100","10.01","false"
"DAG","2010-09-20","10.33","10.37","10.09","10.15","452400","10.15","false"
"DAG","2010-09-17","9.95","10.18","9.85","10.12","423800","10.12","false"
"DAG","2010-09-16","9.75","9.79","9.59","9.72","81900","9.72","false"
"DAG","2010-09-15","9.83","9.83","9.66","9.69","199700","9.69","false"
"DAG","2010-09-14","9.67","9.83","9.50","9.78","211300","9.78","false"
"DAG","2010-09-13","9.61","9.70","9.49","9.69","276700","9.69","false"
"DAG","2010-09-10","9.41","9.52","9.21","9.45","212300","9.45","false"
"DAG","2010-09-09","9.17","9.45","9.11","9.41","187900","9.41","false"
"DAG","2010-09-08","9.27","9.27","9.10","9.17","216200","9.17","false"
"DAG","2010-09-07","9.10","9.29","9.01","9.28","159500","9.28","false"
"DAG","2010-09-03","8.71","9.15","8.70","9.15","446200","9.15","false"
"DAG","2010-09-02","8.69","8.70","8.59","8.70","81300","8.70","false"
"DAG","2010-09-01","8.48","8.62","8.48","8.62","130100","8.62","false"
"DAG","2010-08-31","8.55","8.59","8.27","8.33","144600","8.33","false"
"DAG","2010-08-30","8.59","8.65","8.45","8.45","313700","8.45","false"
"DAG","2010-08-27","8.21","8.49","8.21","8.41","188900","8.41","false"
"DAG","2010-08-26","8.02","8.23","8.02","8.15","278500","8.15","false"
"DAG","2010-08-25","8.13","8.18","7.94","7.94","202900","7.94","false"
"DAG","2010-08-24","8.27","8.27","8.00","8.13","234600","8.13","false"
"DAG","2010-08-23","8.35","8.36","8.20","8.34","214000","8.34","false"
"DAG","2010-08-20","8.10","8.25","8.09","8.23","255100","8.23","false"
"DAG","2010-08-19","8.36","8.47","8.10","8.17","96100","8.17","false"
"DAG","2010-08-18","8.25","8.39","8.10","8.21","72600","8.21","false"
"DAG","2010-08-17","8.18","8.36","8.13","8.36","192900","8.36","false"
"DAG","2010-08-16","8.40","8.48","8.04","8.12","256500","8.12","false"
"DAG","2010-08-13","8.30","8.42","8.30","8.32","214700","8.32","false"
"DAG","2010-08-12","7.90","8.44","7.90","8.25","312400","8.25","false"
"DAG","2010-08-11","8.06","8.10","7.82","7.84","380100","7.84","false"
"DAG","2010-08-10","8.10","8.29","8.05","8.13","110700","8.13","false"
"DAG","2010-08-09","8.20","8.37","8.13","8.18","179300","8.18","false"
"DAG","2010-08-06","8.40","8.63","7.96","8.04","301900","8.04","false"
"DAG","2010-08-05","8.65","8.95","8.33","8.39","579600","8.39","false"
"DAG","2010-08-04","8.16","8.48","8.08","8.46","363000","8.46","false"
"DAG","2010-08-03","8.06","8.08","7.93","8.04","149500","8.04","false"
"DAG","2010-08-02","8.28","8.40","8.11","8.15","308700","8.15","false"
"DAG","2010-07-30","7.80","7.99","7.30","7.99","162300","7.99","false"
"DAG","2010-07-29","7.69","7.75","7.63","7.71","128300","7.71","false"
"DAG","2010-07-28","7.22","7.65","7.22","7.54","111600","7.54","false"
"DAG","2010-07-27","7.47","7.47","7.25","7.25","66100","7.25","false"
"DAG","2010-07-26","7.44","7.44","7.25","7.30","188700","7.30","false"
"DAG","2010-07-23","7.39","7.58","7.38","7.44","55900","7.44","false"
"DAG","2010-07-22","7.59","7.70","7.43","7.51","422300","7.51","false"
"DAG","2010-07-21","7.53","7.53","7.38","7.40","39300","7.40","false"
"DAG","2010-07-20","7.40","7.40","7.25","7.27","51200","7.27","false"
"DAG","2010-07-19","7.55","7.62","7.30","7.35","87300","7.35","false"
"DAG","2010-07-16","7.55","7.59","7.41","7.47","114800","7.47","false"
"DAG","2010-07-15","7.38","7.63","7.34","7.62","208100","7.62","false"
"DAG","2010-07-14","7.16","7.34","7.14","7.25","70900","7.25","false"
"DAG","2010-07-13","7.06","7.20","7.03","7.15","102900","7.15","false"
"DAG","2010-07-12","6.97","7.12","6.93","7.01","223500","7.01","false"
"DAG","2010-07-09","7.03","7.10","6.95","7.03","47900","7.03","false"
"DAG","2010-07-08","6.99","7.15","6.89","7.15","122500","7.15","false"
"DAG","2010-07-07","6.59","6.94","6.50","6.94","488100","6.94","false"
"DAG","2010-07-06","6.62","6.72","6.43","6.47","163900","6.47","false"
"DAG","2010-07-02","6.58","6.61","6.50","6.61","78900","6.61","false"
"DAG","2010-07-01","6.34","6.52","6.21","6.47","238800","6.47","false"
"DAG","2010-06-30","5.90","6.45","5.90","6.30","170200","6.30","false"
"DAG","2010-06-29","6.05","6.08","5.90","5.95","153400","5.95","false"
"DAG","2010-06-28","6.26","6.27","6.05","6.17","405600","6.17","false"
"DAG","2010-06-25","6.40","6.40","6.29","6.33","34600","6.33","false"
"DAG","2010-06-24","6.42","6.45","6.33","6.37","249100","6.37","false"
"DAG","2010-06-23","6.43","6.50","6.33","6.38","496300","6.38","false"
"DAG","2010-06-22","6.60","6.60","6.46","6.46","62000","6.46","false"
"DAG","2010-06-21","6.78","6.79","6.52","6.55","93300","6.55","false"
"DAG","2010-06-18","6.55","6.61","6.47","6.55","51100","6.55","false"
"DAG","2010-06-17","6.57","6.62","6.49","6.54","50000","6.54","false"
"DAG","2010-06-16","6.50","6.67","6.49","6.55","64300","6.55","false"
"DAG","2010-06-15","6.43","6.55","6.40","6.48","70100","6.48","false"
"DAG","2010-06-14","6.54","6.54","6.45","6.49","46200","6.49","false"
"DAG","2010-06-11","6.20","6.45","6.20","6.41","158400","6.41","false"
"DAG","2010-06-10","6.26","6.32","6.20","6.27","59400","6.27","false"
"DAG","2010-06-09","6.25","6.27","6.15","6.16","90900","6.16","false"
"DAG","2010-06-08","6.17","6.19","5.83","6.17","190000","6.17","false"
"DAG","2010-06-07","6.08","6.13","6.06","6.09","90600","6.09","false"
"DAG","2010-06-04","6.31","6.34","6.13","6.13","89100","6.13","false"
"DAG","2010-06-03","6.33","6.37","6.21","6.36","101100","6.36","false"
"DAG","2010-06-02","6.43","6.43","6.25","6.30","90700","6.30","false"
"DAG","2010-06-01","6.50","6.59","6.40","6.41","395000","6.41","false"
"DAG","2010-05-28","6.79","6.84","6.52","6.60","189300","6.60","false"
"DAG","2010-05-27","6.94","6.96","6.87","6.92","196000","6.92","false"
"DAG","2010-05-26","6.95","6.99","6.82","6.85","165900","6.85","false"
"DAG","2010-05-25","6.72","6.90","6.61","6.90","704800","6.90","false"
"DAG","2010-05-24","7.05","7.05","6.90","6.90","73700","6.90","false"
"DAG","2010-05-21","6.70","7.03","6.70","6.97","160500","6.97","false"
"DAG","2010-05-20","6.68","6.83","6.51","6.72","326000","6.72","false"
"DAG","2010-05-19","6.80","6.80","6.51","6.77","103500","6.77","false"
"DAG","2010-05-18","6.67","6.77","6.62","6.66","695900","6.66","false"
"DAG","2010-05-17","6.67","6.70","6.49","6.51","282100","6.51","false"
"DAG","2010-05-14","6.86","6.86","6.62","6.68","362000","6.68","false"
"DAG","2010-05-13","7.12","7.12","6.90","6.93","68800","6.93","false"
"DAG","2010-05-12","7.14","7.26","6.93","7.07","381100","7.07","false"
"DAG","2010-05-11","6.77","7.01","6.77","6.96","401500","6.96","false"
"DAG","2010-05-10","7.29","7.29","6.91","6.95","267100","6.95","false"
"DAG","2010-05-07","6.93","7.07","6.75","6.93","195300","6.93","false"
"DAG","2010-05-06","7.13","7.25","6.80","6.84","227000","6.84","false"
"DAG","2010-05-05","7.13","7.25","7.00","7.23","161500","7.23","false"
"DAG","2010-05-04","7.22","7.30","7.06","7.27","266900","7.27","false"
"DAG","2010-05-03","7.46","7.53","7.26","7.30","207100","7.30","false"
"DAG","2010-04-30","7.41","7.49","7.30","7.45","322800","7.45","false"
"DAG","2010-04-29","7.22","7.47","7.21","7.35","193000","7.35","false"
"DAG","2010-04-28","7.17","7.25","7.01","7.16","62600","7.16","false"
"DAG","2010-04-27","7.21","7.43","7.03","7.10","292900","7.10","false"
"DAG","2010-04-26","7.63","7.67","7.22","7.35","242900","7.35","false"
"DAG","2010-04-23","7.77","7.77","7.44","7.50","423700","7.50","false"
"DAG","2010-04-22","7.67","7.79","7.57","7.75","182000","7.75","false"
"DAG","2010-04-21","7.66","7.84","7.51","7.72","159800","7.72","false"
"DAG","2010-04-20","7.51","7.66","7.51","7.63","72100","7.63","false"
"DAG","2010-04-19","7.43","7.65","7.43","7.46","92200","7.46","false"
"DAG","2010-04-16","7.75","7.82","7.55","7.66","471900","7.66","false"
"DAG","2010-04-15","7.65","7.78","7.59","7.78","472100","7.78","false"
"DAG","2010-04-14","7.72","7.80","7.66","7.71","2171000","7.71","false"
"DAG","2010-04-13","7.42","7.61","7.32","7.55","270100","7.55","false"
"DAG","2010-04-12","7.57","7.63","7.38","7.42","158200","7.42","false"
"DAG","2010-04-09","7.28","7.43","7.28","7.35","105100","7.35","false"
"DAG","2010-04-08","7.47","7.47","7.25","7.27","57200","7.27","false"
"DAG","2010-04-07","7.19","7.50","7.16","7.47","109000","7.47","false"
"DAG","2010-04-06","7.20","7.39","7.17","7.24","86000","7.24","false"
"DAG","2010-04-05","7.25","7.34","7.15","7.22","136900","7.22","false"
"DAG","2010-04-01","7.20","7.27","6.94","7.22","233500","7.22","false"
"DAG","2010-03-31","7.68","7.70","7.06","7.12","287400","7.12","false"
"DAG","2010-03-30","7.61","7.72","7.52","7.69","71500","7.69","false"
"DAG","2010-03-29","7.40","7.65","7.40","7.61","368400","7.61","false"
"DAG","2010-03-26","7.45","7.45","7.25","7.40","107200","7.40","false"
"DAG","2010-03-25","7.79","7.79","7.34","7.36","162600","7.36","false"
"DAG","2010-03-24","7.55","7.85","7.51","7.78","127400","7.78","false"
"DAG","2010-03-23","8.06","8.06","7.55","7.59","305600","7.59","false"
"DAG","2010-03-22","8.03","8.21","7.97","8.00","153500","8.00","false"
"DAG","2010-03-19","8.33","8.33","8.09","8.20","39800","8.20","false"
"DAG","2010-03-18","8.20","8.35","8.07","8.34","91200","8.34","false"
"DAG","2010-03-17","7.96","8.28","7.91","8.21","299800","8.21","false"
"DAG","2010-03-16","8.04","8.12","7.92","8.00","165200","8.00","false"
"DAG","2010-03-15","8.08","8.09","7.97","7.98","80900","7.98","false"
"DAG","2010-03-12","8.11","8.23","7.98","8.17","101700","8.17","false"
"DAG","2010-03-11","8.02","8.44","7.90","8.02","183900","8.02","false"
"DAG","2010-03-10","8.26","8.41","7.96","8.23","379100","8.23","false"
"DAG","2010-03-09","8.47","8.52","8.32","8.32","228400","8.32","false"
"DAG","2010-03-08","8.84","8.85","8.61","8.75","426000","8.75","false"
"DAG","2010-03-05","8.88","9.30","8.76","9.30","100000","9.30","false"
"DAG","2010-03-04","9.01","9.01","8.75","8.87","119900","8.87","false"
"DAG","2010-03-03","9.00","9.28","9.00","9.15","138200","9.15","false"
"DAG","2010-03-02","9.08","9.14","8.73","9.07","378600","9.07","false"
"DAG","2010-03-01","9.54","9.54","9.00","9.12","168500","9.12","false"
"DAG","2010-02-26","9.35","9.61","9.28","9.56","231700","9.56","false"
"DAG","2010-02-25","9.30","9.30","9.10","9.21","135200","9.21","false"
"DAG","2010-02-24","9.29","9.52","9.28","9.51","39300","9.51","false"
"DAG","2010-02-23","9.45","9.48","9.21","9.22","86900","9.22","false"
"DAG","2010-02-22","9.71","9.71","9.36","9.51","66100","9.51","false"
"DAG","2010-02-19","9.41","9.65","9.34","9.60","174400","9.60","false"
"DAG","2010-02-18","9.66","9.69","9.43","9.54","79000","9.54","false"
"DAG","2010-02-17","9.99","9.99","9.63","9.64","95500","9.64","false"
"DAG","2010-02-16","9.89","10.09","9.83","10.09","657100","10.09","false"
"DAG","2010-02-12","9.88","9.88","9.50","9.65","171400","9.65","false"
"DAG","2010-02-11","9.74","9.89","9.54","9.83","191300","9.83","false"
"DAG","2010-02-10","9.40","9.69","9.27","9.64","135700","9.64","false"
"DAG","2010-02-09","9.50","9.58","9.30","9.45","42400","9.45","false"
"DAG","2010-02-08","9.24","9.52","9.24","9.40","34600","9.40","false"
"DAG","2010-02-05","9.35","9.42","8.91","9.30","164700","9.30","false"
"DAG","2010-02-04","9.43","9.48","9.26","9.48","397600","9.48","false"
"DAG","2010-02-03","9.92","9.92","9.47","9.50","30500","9.50","false"
"DAG","2010-02-02","9.75","9.93","9.65","9.89","108700","9.89","false"
"DAG","2010-02-01","9.38","9.63","9.38","9.51","333500","9.51","false"
"DAG","2010-01-29","9.75","9.75","9.32","9.37","111400","9.37","false"
"DAG","2010-01-28","9.44","9.63","9.35","9.58","163800","9.58","false"
"DAG","2010-01-27","9.58","9.58","9.29","9.33","69600","9.33","false"
"DAG","2010-01-26","9.69","9.86","9.58","9.60","158800","9.60","false"
"DAG","2010-01-25","9.85","9.90","9.74","9.82","158400","9.82","false"
"DAG","2010-01-22","9.89","9.89","9.66","9.72","148300","9.72","false"
"DAG","2010-01-21","9.92","10.00","9.71","9.92","322300","9.92","false"
"DAG","2010-01-20","9.80","9.97","9.55","9.79","296300","9.79","false"
"DAG","2010-01-19","9.93","10.00","9.71","9.96","218500","9.96","false"
"DAG","2010-01-15","10.09","10.13","9.85","9.92","238400","9.92","false"
"DAG","2010-01-14","10.45","10.47","10.18","10.23","179100","10.23","false"
"DAG","2010-01-13","10.24","10.52","10.08","10.50","243000","10.50","false"
"DAG","2010-01-12","10.80","10.90","10.02","10.30","336700","10.30","false"
"DAG","2010-01-11","11.16","11.17","10.90","10.93","186200","10.93","false"
"DAG","2010-01-08","11.05","11.15","10.96","11.12","54200","11.12","false"
"DAG","2010-01-07","11.37","11.44","11.11","11.12","112900","11.12","false"
"DAG","2010-01-06","11.24","11.55","11.19","11.55","203600","11.55","false"
"DAG","2010-01-05","11.21","11.32","11.05","11.17","355500","11.17","false"
"DAG","2010-01-04","11.24","11.30","11.00","11.08","183700","11.08","false"
"DAG","2011-06-24","13.37","13.37","12.83","12.88","232500","12.88","false"
"DAG","2011-06-23","12.92","13.36","12.51","13.29","606000","13.29","false"
"DAG","2011-06-22","13.90","13.94","13.20","13.38","419400","13.38","false"
"DAG","2011-06-21","13.97","14.18","13.93","14.16","225100","14.16","false"
"DAG","2011-06-20","13.56","13.90","13.56","13.80","295800","13.80","false"
"DAG","2011-06-17","13.81","13.86","13.50","13.69","239900","13.69","false"
"DAG","2011-06-16","13.68","14.06","13.48","13.56","403400","13.56","false"
"DAG","2011-06-15","14.27","14.42","13.73","13.88","274400","13.88","false"
"DAG","2011-06-14","14.57","14.58","13.89","14.36","321700","14.36","false"
"DAG","2011-06-13","14.93","14.99","14.47","14.74","137300","14.74","false"
"DAG","2011-06-10","14.90","15.05","14.61","14.95","482800","14.95","false"
"DAG","2011-06-09","15.12","15.46","14.98","15.09","432800","15.09","false"
"DAG","2011-06-08","14.31","15.02","14.31","14.88","282600","14.88","false"
"DAG","2011-06-07","14.44","14.54","14.32","14.45","100300","14.45","false"
"DAG","2011-06-06","14.74","14.79","14.19","14.25","208900","14.25","false"
"DAG","2011-06-03","15.01","15.10","14.79","14.96","307500","14.96","false"
"DAG","2011-06-02","14.32","14.95","14.32","14.93","305300","14.93","false"
"DAG","2011-06-01","14.39","14.50","14.10","14.21","226600","14.21","false"
"DAG","2011-05-31","14.84","14.87","14.25","14.56","228900","14.56","false"
"DAG","2011-05-27","14.78","15.00","14.64","14.93","299300","14.93","false"
"DAG","2011-05-26","14.63","14.98","14.60","14.84","255700","14.84","false"
"DAG","2011-05-25","14.12","14.48","13.96","14.44","242000","14.44","false"
"DAG","2011-05-24","14.34","14.43","13.86","14.00","160800","14.00","false"
"DAG","2011-05-23","13.91","14.34","13.85","14.15","94100","14.15","false"
"DAG","2011-05-20","14.17","14.48","13.85","14.23","249800","14.23","false"
"DAG","2011-05-19","14.73","14.80","14.09","14.22","290500","14.22","false"
"DAG","2011-05-18","13.80","14.74","13.80","14.66","1012600","14.66","false"
"DAG","2011-05-17","12.94","13.59","12.81","13.58","626600","13.58","false"
"DAG","2011-05-16","12.87","13.24","12.81","12.88","254200","12.88","false"
"DAG","2011-05-13","13.17","13.31","12.70","12.81","201500","12.81","false"
"DAG","2011-05-12","12.71","13.16","12.48","12.95","370000","12.95","false"
"DAG","2011-05-11","13.74","13.74","12.88","12.97","410400","12.97","false"
"DAG","2011-05-10","14.08","14.24","13.73","13.88","281400","13.88","false"
"DAG","2011-05-09","13.31","13.70","13.15","13.68","318600","13.68","false"
"DAG","2011-05-06","13.11","13.62","12.75","12.93","341500","12.93","false"
"DAG","2011-05-05","13.47","13.47","12.81","13.01","624400","13.01","false"
"DAG","2011-05-04","13.92","13.98","13.53","13.69","511000","13.69","false"
"DAG","2011-05-03","14.15","14.40","13.91","14.07","508400","14.07","false"
"DAG","2011-05-02","14.30","14.63","14.09","14.11","438100","14.11","false"
"DAG","2011-04-29","13.78","14.54","13.75","14.36","477000","14.36","false"
"DAG","2011-04-28","14.51","14.60","13.72","13.80","777700","13.80","false"
"DAG","2011-04-27","15.00","15.01","14.41","14.75","564200","14.75","false"
"DAG","2011-04-26","15.28","15.42","15.06","15.18","179800","15.18","false"
"DAG","2011-04-25","15.50","15.54","15.23","15.42","534500","15.42","false"
"DAG","2011-04-21","14.87","15.19","14.62","15.12","318500","15.12","false"
"DAG","2011-04-20","15.20","15.35","14.61","14.78","367600","14.78","false"
"DAG","2011-04-19","14.84","14.95","14.70","14.78","232600","14.78","false"
"DAG","2011-04-18","14.23","14.65","14.01","14.60","386000","14.60","false"
"DAG","2011-04-15","14.11","14.30","14.05","14.09","200200","14.09","false"
"DAG","2011-04-14","14.00","14.30","13.95","14.20","312200","14.20","false"
"DAG","2011-04-13","14.58","14.80","14.08","14.39","187900","14.39","false"
"DAG","2011-04-12","15.09","15.19","14.04","14.33","655900","14.33","false"
"DAG","2011-04-11","15.39","15.46","15.18","15.22","260100","15.22","false"
"DAG","2011-04-08","15.08","15.48","14.83","15.44","411700","15.44","false"
"DAG","2011-04-07","15.26","15.37","14.80","15.02","485300","15.02","false"
"DAG","2011-04-06","15.47","15.47","15.12","15.20","287500","15.20","false"
"DAG","2011-04-05","15.51","15.61","15.30","15.42","548200","15.42","false"
"DAG","2011-04-04","15.46","15.73","15.28","15.66","537800","15.66","false"
"DAG","2011-04-01","15.00","15.20","14.75","15.02","320500","15.02","false"
"DAG","2011-03-31","14.71","14.98","14.49","14.97","978300","14.97","false"
"DAG","2011-03-30","14.07","14.15","13.77","13.99","262000","13.99","false"
"DAG","2011-03-29","13.98","14.30","13.88","14.09","292400","14.09","false"
"DAG","2011-03-28","14.32","14.36","13.81","13.91","275300","13.91","false"
"DAG","2011-03-25","14.51","14.85","14.18","14.40","438600","14.40","false"
"DAG","2011-03-24","13.93","14.40","13.93","14.39","269400","14.39","false"
"DAG","2011-03-23","14.04","14.14","13.79","13.84","237100","13.84","false"
"DAG","2011-03-22","13.80","14.16","13.58","14.16","282500","14.16","false"
"DAG","2011-03-21","14.39","14.39","13.83","14.12","467500","14.12","false"
"DAG","2011-03-18","13.91","14.45","13.83","13.98","913900","13.98","false"
"DAG","2011-03-17","12.70","13.53","12.70","13.40","806500","13.40","false"
"DAG","2011-03-16","12.52","12.99","12.00","12.44","698600","12.44","false"
"DAG","2011-03-15","12.68","12.75","11.92","12.11","1294700","12.11","false"
"DAG","2011-03-14","13.24","13.65","13.12","13.52","349400","13.52","false"
"DAG","2011-03-11","13.39","13.85","13.25","13.65","509400","13.65","false"
"DAG","2011-03-10","14.34","14.38","13.83","13.95","867600","13.95","false"
"DAG","2011-03-09","15.28","15.30","14.53","14.79","683200","14.79","false"
"DAG","2011-03-08","15.26","15.45","15.12","15.37","468700","15.37","false"
"DAG","2011-03-07","15.83","15.83","15.09","15.38","616300","15.38","false"
"DAG","2011-03-04","15.90","15.95","15.23","15.69","323200","15.69","false"
"DAG","2011-03-03","15.64","15.88","15.45","15.88","331800","15.88","false"
"DAG","2011-03-02","15.45","15.74","15.18","15.50","455700","15.50","false"
"DAG","2011-03-01","15.35","15.58","15.21","15.30","474200","15.30","false"
"DAG","2011-02-28","15.16","15.57","15.15","15.54","375800","15.54","false"
"DAG","2011-02-25","14.65","15.50","14.60","15.16","577200","15.16","false"
"DAG","2011-02-24","14.65","14.70","14.30","14.56","363700","14.56","false"
"DAG","2011-02-23","13.88","14.69","13.80","14.67","1059600","14.67","false"
"DAG","2011-02-22","15.39","15.47","14.11","14.12","1538300","14.12","false"
"DAG","2011-02-18","16.07","16.18","15.44","15.74","496700","15.74","false"
"DAG","2011-02-17","15.88","16.22","15.88","16.19","740400","16.19","false"
"DAG","2011-02-16","15.56","15.88","15.56","15.70","400500","15.70","false"
"DAG","2011-02-15","16.07","16.22","15.07","15.38","1411600","15.38","false"
"DAG","2011-02-14","16.25","16.32","15.82","15.96","847300","15.96","false"
"DAG","2011-02-11","16.40","16.42","16.00","16.25","1098000","16.25","false"
"DAG","2011-02-10","16.87","16.93","16.35","16.43","807800","16.43","false"
"DAG","2011-02-09","16.60","16.90","16.30","16.59","847100","16.59","false"
"DAG","2011-02-08","16.00","16.23","15.71","16.20","677900","16.20","false"
"DAG","2011-02-07","16.39","16.39","16.05","16.18","516900","16.18","false"
"DAG","2011-02-04","15.79","16.11","15.55","16.11","704000","16.11","false"
"DAG","2011-02-03","16.40","16.43","15.47","15.78","1531500","15.78","false"
"DAG","2011-02-02","16.29","16.85","16.21","16.65","1097800","16.65","false"
"DAG","2011-02-01","15.81","16.00","15.65","15.99","697900","15.99","false"
"DAG","2011-01-31","15.35","15.70","15.21","15.63","393400","15.63","false"
"DAG","2011-01-28","15.57","15.58","15.22","15.31","303600","15.31","false"
"DAG","2011-01-27","15.64","15.70","15.40","15.57","409600","15.57","false"
"DAG","2011-01-26","15.21","15.65","15.04","15.61","450200","15.61","false"
"DAG","2011-01-25","14.92","15.05","14.75","14.99","350200","14.99","false"
"DAG","2011-01-24","15.32","15.51","15.12","15.27","482800","15.27","false"
"DAG","2011-01-21","14.90","15.37","14.80","15.24","670400","15.24","false"
"DAG","2011-01-20","14.48","14.92","14.15","14.87","683500","14.87","false"
"DAG","2011-01-19","15.13","15.25","14.55","14.73","877200","14.73","false"
"DAG","2011-01-18","14.67","14.97","14.60","14.85","575100","14.85","false"
"DAG","2011-01-14","14.32","14.51","14.10","14.51","781800","14.51","false"
"DAG","2011-01-13","14.60","14.74","14.39","14.70","631600","14.70","false"
"DAG","2011-01-12","14.61","14.74","14.01","14.35","982400","14.35","false"
"DAG","2011-01-11","14.14","14.15","13.86","13.93","207900","13.93","false"
"DAG","2011-01-10","13.88","14.06","13.66","13.97","421600","13.97","false"
"DAG","2011-01-07","13.44","13.96","13.44","13.74","339000","13.74","false"
"DAG","2011-01-06","14.01","14.01","13.50","13.54","676800","13.54","false"
"DAG","2011-01-05","13.37","14.18","13.31","14.15","753500","14.15","false"
"DAG","2011-01-04","14.01","14.08","13.19","13.58","632900","13.58","false"
"DAG","2011-01-03","14.35","14.53","14.08","14.13","346300","14.13","false"
