"DLN","2006-12-29","58.16","58.16","57.87","57.89","46700","52.02","false"
"DLN","2006-12-28","58.26","58.30","58.07","58.10","18700","52.21","false"
"DLN","2006-12-27","57.92","58.26","57.92","58.26","10000","52.35","false"
"DLN","2006-12-26","57.60","57.76","57.60","57.71","83100","51.86","false"
"DLN","2006-12-22","57.86","57.86","57.51","57.62","12500","51.78","false"
"DLN","2006-12-21","58.22","58.22","57.69","57.79","39200","51.93","false"
"DLN","2006-12-20","58.45","58.47","58.26","58.32","10800","52.41","false"
"DLN","2006-12-19","58.21","58.45","58.08","58.45","16000","52.53","false"
"DLN","2006-12-18","58.37","58.47","58.18","58.25","92200","52.35","false"
"DLN","2006-12-15","58.24","58.39","58.20","58.27","10100","52.36","false"
"DLN","2006-12-14","57.65","58.18","57.65","58.11","69300","52.22","false"
"DLN","2006-12-13","57.65","57.69","57.57","57.62","15400","51.78","false"
"DLN","2006-12-12","57.43","57.55","57.25","57.54","11400","51.71","false"
"DLN","2006-12-11","57.51","57.51","57.43","57.49","9600","51.66","false"
"DLN","2006-12-08","57.15","57.40","57.02","57.26","26200","51.46","false"
"DLN","2006-12-07","57.44","57.50","57.15","57.15","20900","51.36","false"
"DLN","2006-12-06","57.24","57.39","57.24","57.30","3800","51.49","false"
"DLN","2006-12-05","57.14","57.40","57.13","57.40","25100","51.58","false"
"DLN","2006-12-04","56.83","57.21","56.72","57.17","65100","51.37","false"
"DLN","2006-12-01","57.05","57.05","56.45","56.89","8900","51.12","false"
"DLN","2006-11-30","57.00","57.13","56.75","56.91","46900","51.14","false"
"DLN","2006-11-29","56.60","56.99","56.60","56.93","24300","51.16","false"
"DLN","2006-11-28","56.10","56.43","56.10","56.38","28400","50.67","false"
"DLN","2006-11-27","56.78","56.78","56.19","56.21","28500","50.51","false"
"DLN","2006-11-24","56.80","56.93","56.80","56.87","3000","51.11","false"
"DLN","2006-11-22","56.99","57.02","56.90","57.00","23300","51.22","false"
"DLN","2006-11-21","57.00","57.03","56.88","56.95","11500","51.18","false"
"DLN","2006-11-20","56.98","57.16","56.95","56.97","32700","51.20","false"
"DLN","2006-11-17","56.77","56.98","56.75","56.98","21300","51.20","false"
"DLN","2006-11-16","56.95","57.00","56.77","56.83","76800","51.07","false"
"DLN","2006-11-15","56.64","56.83","56.55","56.70","33600","50.95","false"
"DLN","2006-11-14","56.37","56.67","56.10","56.61","15500","50.87","false"
"DLN","2006-11-13","56.18","56.49","56.18","56.35","19600","50.64","false"
"DLN","2006-11-10","56.20","56.27","56.04","56.24","11900","50.54","false"
"DLN","2006-11-09","56.50","56.54","56.20","56.25","16000","50.55","false"
"DLN","2006-11-08","56.27","56.69","56.27","56.58","11500","50.84","false"
"DLN","2006-11-07","56.38","56.65","56.38","56.48","40900","50.75","false"
"DLN","2006-11-06","55.90","56.42","55.90","56.36","21900","50.65","false"
"DLN","2006-11-03","56.00","56.10","55.76","55.85","21100","50.19","false"
"DLN","2006-11-02","56.28","56.28","55.62","55.92","29500","50.25","false"
"DLN","2006-11-01","56.34","56.41","55.97","56.01","27100","50.33","false"
"DLN","2006-10-31","56.30","56.31","56.04","56.21","27400","50.51","false"
"DLN","2006-10-30","56.23","56.40","56.23","56.27","35800","50.57","false"
"DLN","2006-10-27","56.45","56.63","56.35","56.35","15300","50.64","false"
"DLN","2006-10-26","56.69","56.70","56.42","56.70","28200","50.95","false"
"DLN","2006-10-25","56.25","56.59","56.25","56.56","34500","50.83","false"
"DLN","2006-10-24","56.17","56.31","56.12","56.31","26700","50.60","false"
"DLN","2006-10-23","55.81","56.36","55.81","56.34","29400","50.63","false"
"DLN","2006-10-20","55.80","56.01","55.79","56.01","31500","50.33","false"
"DLN","2006-10-19","55.73","55.87","55.72","55.86","427400","50.20","false"
"DLN","2006-10-18","55.83","55.99","55.61","55.82","39700","50.16","false"
"DLN","2006-10-17","55.55","55.69","55.36","55.69","20300","50.04","false"
"DLN","2006-10-16","55.60","56.40","55.60","55.95","73500","50.28","false"
"DLN","2006-10-13","55.50","55.73","55.49","55.71","12800","50.06","false"
"DLN","2006-10-12","56.31","56.31","55.36","55.61","29600","49.97","false"
"DLN","2006-10-11","55.08","55.29","55.06","55.19","36900","49.60","false"
"DLN","2006-10-10","55.30","55.32","55.08","55.32","31400","49.71","false"
"DLN","2006-10-09","55.08","55.21","55.04","55.19","10800","49.60","false"
"DLN","2006-10-06","55.07","55.16","54.89","55.12","28800","49.53","false"
"DLN","2006-10-05","55.19","55.28","55.09","55.28","27700","49.68","false"
"DLN","2006-10-04","54.88","55.23","54.78","55.22","46200","49.62","false"
"DLN","2006-10-03","54.76","55.09","54.73","54.92","20700","49.35","false"
"DLN","2006-10-02","54.92","54.99","54.69","54.78","24300","49.23","false"
"DLN","2006-09-29","55.03","55.03","54.86","54.86","15600","49.30","false"
"DLN","2006-09-28","54.88","55.02","54.82","55.01","4100","49.43","false"
"DLN","2006-09-27","54.90","55.02","54.82","54.92","8600","49.35","false"
"DLN","2006-09-26","54.49","54.88","54.49","54.87","45900","49.31","false"
"DLN","2006-09-25","54.30","54.65","54.13","54.55","24600","49.02","false"
"DLN","2006-09-22","54.11","54.17","54.01","54.17","6300","48.68","false"
"DLN","2006-09-21","54.50","54.50","54.00","54.15","13300","48.66","false"
"DLN","2006-09-20","54.20","54.45","54.20","54.39","5200","48.88","false"
"DLN","2006-09-19","54.16","54.17","53.93","54.17","11600","48.68","false"
"DLN","2006-09-18","54.07","54.23","54.07","54.16","13600","48.67","false"
"DLN","2006-09-15","54.28","54.38","54.17","54.19","16100","48.70","false"
"DLN","2006-09-14","54.12","54.12","53.98","54.09","11000","48.61","false"
"DLN","2006-09-13","53.83","54.16","53.83","54.16","47200","48.67","false"
"DLN","2006-09-12","53.71","53.97","53.62","53.94","55300","48.47","false"
"DLN","2006-09-11","53.49","53.56","53.29","53.51","39800","48.09","false"
"DLN","2006-09-08","53.55","53.61","53.35","53.59","18000","48.16","false"
"DLN","2006-09-07","53.60","53.60","53.35","53.42","14300","48.01","false"
"DLN","2006-09-06","53.84","53.84","53.66","53.66","67100","48.22","false"
"DLN","2006-09-05","53.95","54.03","53.90","54.00","10100","48.53","false"
"DLN","2006-09-01","53.83","53.98","53.76","53.92","12800","48.45","false"
"DLN","2006-08-31","53.79","53.79","53.65","53.67","9900","48.23","false"
"DLN","2006-08-30","53.82","53.82","53.67","53.75","17600","48.30","false"
"DLN","2006-08-29","53.64","53.72","53.39","53.72","51400","48.27","false"
"DLN","2006-08-28","53.39","53.75","53.35","53.67","22900","48.23","false"
"DLN","2006-08-25","53.37","53.46","53.31","53.37","19900","47.96","false"
"DLN","2006-08-24","53.37","53.46","53.34","53.43","20100","48.01","false"
"DLN","2006-08-23","53.47","53.47","53.17","53.27","13900","47.87","false"
"DLN","2006-08-22","53.35","53.53","53.35","53.47","23300","48.05","false"
"DLN","2006-08-21","53.43","53.43","53.34","53.39","34400","47.98","false"
"DLN","2006-08-18","53.30","53.43","53.21","53.43","105000","48.01","false"
"DLN","2006-08-17","53.03","53.32","53.03","53.24","140300","47.84","false"
"DLN","2006-08-16","53.10","53.25","53.07","53.21","11900","47.82","false"
"DLN","2006-08-15","52.85","52.99","52.77","52.96","67500","47.59","false"
"DLN","2006-08-14","52.61","52.76","52.31","52.31","4600","47.01","false"
"DLN","2006-08-11","52.43","52.43","52.20","52.30","1700","47.00","false"
"DLN","2006-08-10","52.30","52.44","52.23","52.44","10400","47.12","false"
"DLN","2006-08-09","52.90","52.96","52.32","52.33","9100","47.03","false"
"DLN","2006-08-08","52.83","52.85","52.51","52.57","7800","47.24","false"
"DLN","2006-08-07","52.82","52.85","52.65","52.69","107000","47.35","false"
"DLN","2006-08-04","53.24","53.24","52.70","52.80","17300","47.45","false"
"DLN","2006-08-03","52.60","52.91","52.60","52.83","2900","47.47","false"
"DLN","2006-08-02","52.67","52.84","52.57","52.64","129800","47.30","false"
"DLN","2006-08-01","52.34","52.40","52.21","52.36","28000","47.05","false"
"DLN","2006-07-31","52.57","52.63","52.55","52.57","2700","47.24","false"
"DLN","2006-07-28","52.39","52.74","52.39","52.72","13000","47.38","false"
"DLN","2006-07-27","52.45","52.45","52.07","52.07","4900","46.79","false"
"DLN","2006-07-26","51.99","52.33","51.99","52.33","1200","47.03","false"
"DLN","2006-07-25","51.94","52.09","51.72","52.09","4200","46.81","false"
"DLN","2006-07-24","51.26","51.82","51.26","51.82","4800","46.57","false"
"DLN","2006-07-21","51.17","51.17","51.06","51.06","3100","45.88","false"
"DLN","2006-07-20","51.55","51.58","51.24","51.24","6700","46.05","false"
"DLN","2006-07-19","50.87","51.51","50.87","51.48","12100","46.26","false"
"DLN","2006-07-18","50.52","50.56","50.25","50.34","63400","45.24","false"
"DLN","2006-07-17","50.40","50.48","50.26","50.39","95200","45.28","false"
"DLN","2006-07-14","50.61","50.61","50.26","50.29","900","45.19","false"
"DLN","2006-07-13","51.10","51.10","50.61","50.68","7900","45.54","false"
"DLN","2006-07-12","51.77","51.77","51.26","51.26","8700","46.06","false"
"DLN","2006-07-11","51.36","51.74","51.33","51.74","900","46.50","false"
"DLN","2006-07-10","51.59","51.75","51.58","51.61","3100","46.38","false"
"DLN","2006-07-07","51.62","51.73","51.37","51.43","5800","46.22","false"
"DLN","2006-07-06","51.39","51.73","51.39","51.63","5300","46.40","false"
"DLN","2006-07-05","51.55","51.55","51.25","51.39","5500","46.18","false"
"DLN","2006-07-03","51.40","51.60","51.39","51.60","2700","46.37","false"
"DLN","2006-06-30","51.44","51.44","51.30","51.32","6200","46.12","false"
"DLN","2006-06-29","50.77","51.24","50.62","51.24","2600","46.05","false"
"DLN","2006-06-28","50.10","50.23","50.10","50.23","900","45.14","false"
"DLN","2006-06-27","50.44","50.46","50.04","50.06","283800","44.99","false"
"DLN","2006-06-26","50.10","50.33","50.10","50.33","1100","45.23","false"
"DLN","2006-06-23","50.00","50.36","50.00","50.13","13300","45.05","false"
"DLN","2006-06-22","50.27","50.27","50.18","50.18","800","45.09","false"
"DLN","2006-06-21","50.15","50.59","50.15","50.43","370900","45.32","false"
"DLN","2006-06-20","50.02","50.29","50.00","50.16","3300","45.08","false"
"DLN","2006-06-19","50.50","50.50","50.01","50.02","11600","44.95","false"
"DLN","2006-06-16","50.40","50.42","50.21","50.42","6600","45.31","false"
"DLN","2007-12-31","58.00","58.25","57.75","57.76","60900","53.05","false"
"DLN","2007-12-28","58.66","58.74","58.01","58.21","33600","53.47","false"
"DLN","2007-12-27","58.82","58.85","58.20","58.33","41700","53.58","false"
"DLN","2007-12-26","58.96","59.11","58.87","59.11","30500","54.29","false"
"DLN","2007-12-24","59.01","59.21","59.00","59.21","26600","54.38","false"
"DLN","2007-12-21","58.52","58.72","58.38","58.60","53800","53.82","false"
"DLN","2007-12-20","58.07","58.07","57.26","57.85","60500","53.14","false"
"DLN","2007-12-19","57.91","58.20","57.43","57.63","126000","52.93","false"
"DLN","2007-12-18","57.93","57.97","57.19","57.76","44400","53.05","false"
"DLN","2007-12-17","58.42","58.45","57.39","57.39","674600","52.71","false"
"DLN","2007-12-14","59.46","59.46","58.68","58.68","17500","53.40","false"
"DLN","2007-12-13","59.32","59.66","58.87","59.59","27100","54.22","false"
"DLN","2007-12-12","60.70","60.70","58.81","59.58","28400","54.22","false"
"DLN","2007-12-11","60.89","61.17","59.20","59.20","54200","53.87","false"
"DLN","2007-12-10","60.34","60.79","60.27","60.74","124000","55.27","false"
"DLN","2007-12-07","60.57","60.57","60.19","60.21","9100","54.79","false"
"DLN","2007-12-06","59.48","60.33","59.46","60.29","23200","54.86","false"
"DLN","2007-12-05","59.35","59.58","59.06","59.49","18900","54.13","false"
"DLN","2007-12-04","58.50","58.83","58.50","58.56","21000","53.29","false"
"DLN","2007-12-03","59.27","59.31","58.89","58.92","12600","53.62","false"
"DLN","2007-11-30","59.58","59.58","58.96","59.35","45800","54.01","false"
"DLN","2007-11-29","58.37","58.85","58.21","58.59","26400","53.31","false"
"DLN","2007-11-28","57.52","58.69","57.51","58.60","43400","53.32","false"
"DLN","2007-11-27","56.51","56.96","56.23","56.96","18600","51.83","false"
"DLN","2007-11-26","57.37","57.51","56.02","56.08","16800","51.03","false"
"DLN","2007-11-23","57.02","57.45","56.99","57.38","5000","52.21","false"
"DLN","2007-11-21","56.92","57.25","56.43","56.43","28500","51.35","false"
"DLN","2007-11-20","57.02","57.85","56.74","57.36","29000","52.20","false"
"DLN","2007-11-19","57.88","57.88","57.08","57.18","21000","52.03","false"
"DLN","2007-11-16","58.50","58.50","57.77","58.22","24700","52.98","false"
"DLN","2007-11-15","58.67","58.87","57.86","58.19","1439500","52.95","false"
"DLN","2007-11-14","59.59","59.64","58.82","58.89","21000","53.59","false"
"DLN","2007-11-13","57.63","59.28","57.63","59.28","36400","53.94","false"
"DLN","2007-11-12","57.77","58.49","57.57","57.57","29300","52.39","false"
"DLN","2007-11-09","57.95","58.71","57.73","57.96","44900","52.74","false"
"DLN","2007-11-08","58.57","58.77","57.65","58.61","44500","53.33","false"
"DLN","2007-11-07","59.44","59.57","58.40","58.40","42000","53.14","false"
"DLN","2007-11-06","59.74","60.08","59.33","60.08","20100","54.67","false"
"DLN","2007-11-05","59.27","59.68","58.99","59.41","39000","54.06","false"
"DLN","2007-11-02","60.23","60.23","59.21","59.91","25800","54.52","false"
"DLN","2007-11-01","60.93","60.93","59.82","59.88","115200","54.49","false"
"DLN","2007-10-31","61.40","62.00","61.16","61.70","22900","56.14","false"
"DLN","2007-10-30","61.28","61.33","61.04","61.09","20300","55.59","false"
"DLN","2007-10-29","61.28","61.59","61.28","61.44","34600","55.91","false"
"DLN","2007-10-26","60.82","61.22","60.66","61.15","19500","55.64","false"
"DLN","2007-10-25","60.38","60.56","59.79","60.30","30700","54.87","false"
"DLN","2007-10-24","60.23","60.38","59.36","60.30","52500","54.87","false"
"DLN","2007-10-23","60.27","60.43","60.00","60.41","27400","54.97","false"
"DLN","2007-10-22","59.40","60.10","59.34","60.01","100500","54.61","false"
"DLN","2007-10-19","60.91","61.00","59.75","59.75","38100","54.37","false"
"DLN","2007-10-18","61.21","61.37","61.06","61.24","45700","55.73","false"
"DLN","2007-10-17","61.90","61.90","60.90","61.45","42700","55.92","false"
"DLN","2007-10-16","61.67","61.73","61.36","61.47","11900","55.94","false"
"DLN","2007-10-15","63.47","63.47","61.66","61.95","56300","56.37","false"
"DLN","2007-10-12","62.20","62.53","62.20","62.49","16400","56.86","false"
"DLN","2007-10-11","62.91","63.05","62.10","62.29","77600","56.68","false"
"DLN","2007-10-10","62.59","62.63","62.33","62.51","35800","56.88","false"
"DLN","2007-10-09","62.33","62.71","62.24","62.71","64400","57.06","false"
"DLN","2007-10-08","62.36","62.40","62.15","62.23","6400","56.63","false"
"DLN","2007-10-05","62.37","62.71","62.30","62.53","43000","56.90","false"
"DLN","2007-10-04","62.09","62.09","62.00","62.00","20300","56.42","false"
"DLN","2007-10-03","61.90","62.13","61.76","61.89","22900","56.32","false"
"DLN","2007-10-02","62.17","62.17","61.82","62.10","170200","56.51","false"
"DLN","2007-10-01","61.31","62.18","61.31","62.10","47700","56.51","false"
"DLN","2007-09-28","61.48","61.50","61.10","61.18","22400","55.67","false"
"DLN","2007-09-27","61.42","61.52","61.22","61.51","59000","55.97","false"
"DLN","2007-09-26","61.22","61.41","61.05","61.19","124100","55.68","false"
"DLN","2007-09-25","60.70","61.05","60.67","60.97","35700","55.48","false"
"DLN","2007-09-24","61.40","61.49","61.03","61.07","33400","55.57","false"
"DLN","2007-09-21","62.02","62.02","61.80","61.81","15400","55.86","false"
"DLN","2007-09-20","61.95","61.97","61.55","61.69","21100","55.76","false"
"DLN","2007-09-19","62.06","62.43","61.89","62.00","36000","56.04","false"
"DLN","2007-09-18","60.06","61.63","60.02","61.54","20200","55.62","false"
"DLN","2007-09-17","59.85","60.00","59.80","59.89","5500","54.13","false"
"DLN","2007-09-14","59.67","60.19","59.67","60.15","33400","54.36","false"
"DLN","2007-09-13","59.97","60.22","59.84","60.09","14100","54.31","false"
"DLN","2007-09-12","59.39","59.75","59.26","59.69","9500","53.95","false"
"DLN","2007-09-11","58.84","59.51","58.84","59.47","41300","53.75","false"
"DLN","2007-09-10","59.05","59.05","58.19","58.65","12300","53.01","false"
"DLN","2007-09-07","59.01","59.09","58.59","58.77","23700","53.12","false"
"DLN","2007-09-06","59.56","59.86","59.31","59.74","19600","53.99","false"
"DLN","2007-09-05","59.63","59.75","59.25","59.45","34000","53.73","false"
"DLN","2007-09-04","59.54","60.36","59.54","60.16","26900","54.37","false"
"DLN","2007-08-31","59.75","59.97","59.47","59.62","6300","53.89","false"
"DLN","2007-08-30","58.93","59.47","58.85","59.09","83600","53.41","false"
"DLN","2007-08-29","58.57","59.41","58.37","59.41","13400","53.70","false"
"DLN","2007-08-28","59.32","59.32","58.18","58.18","11000","52.58","false"
"DLN","2007-08-27","60.04","60.04","59.58","59.58","27000","53.85","false"
"DLN","2007-08-24","59.45","60.14","59.45","60.14","25200","54.36","false"
"DLN","2007-08-23","60.03","60.03","59.22","59.51","21100","53.79","false"
"DLN","2007-08-22","59.43","59.59","59.07","59.55","17800","53.82","false"
"DLN","2007-08-21","58.82","59.34","58.77","59.04","13000","53.36","false"
"DLN","2007-08-20","59.17","59.17","58.39","58.94","31000","53.27","false"
"DLN","2007-08-17","59.30","59.32","58.19","59.05","22700","53.37","false"
"DLN","2007-08-16","56.24","57.77","55.74","57.67","109000","52.12","false"
"DLN","2007-08-15","57.45","58.22","56.80","56.93","95600","51.45","false"
"DLN","2007-08-14","58.90","58.90","57.73","57.74","23800","52.19","false"
"DLN","2007-08-13","59.22","59.24","58.74","58.96","46100","53.29","false"
"DLN","2007-08-10","58.29","59.00","57.93","58.77","93400","53.12","false"
"DLN","2007-08-09","59.60","60.10","58.87","58.87","69300","53.21","false"
"DLN","2007-08-08","60.26","60.96","59.97","60.53","1132300","54.71","false"
"DLN","2007-08-07","58.98","60.25","58.98","59.85","53900","54.09","false"
"DLN","2007-08-06","58.06","59.33","57.55","59.33","53200","53.62","false"
"DLN","2007-08-03","59.26","59.29","57.80","57.91","21200","52.34","false"
"DLN","2007-08-02","59.02","59.41","58.82","59.31","38900","53.61","false"
"DLN","2007-08-01","58.73","59.15","57.94","59.15","58700","53.46","false"
"DLN","2007-07-31","59.71","59.83","58.44","58.44","80500","52.82","false"
"DLN","2007-07-30","58.68","59.28","58.39","59.14","54200","53.45","false"
"DLN","2007-07-27","59.62","59.75","58.28","58.28","57500","52.67","false"
"DLN","2007-07-26","60.28","60.45","59.08","59.48","49100","53.76","false"
"DLN","2007-07-25","61.02","61.12","60.40","60.94","18100","55.08","false"
"DLN","2007-07-24","61.46","61.60","60.47","60.58","30100","54.75","false"
"DLN","2007-07-23","61.96","62.05","61.85","61.85","13000","55.90","false"
"DLN","2007-07-20","62.18","62.19","61.39","61.40","23700","55.49","false"
"DLN","2007-07-19","62.43","62.47","62.12","62.25","7600","56.26","false"
"DLN","2007-07-18","62.02","62.09","61.65","62.07","43000","56.10","false"
"DLN","2007-07-17","62.41","62.55","62.32","62.34","12000","56.34","false"
"DLN","2007-07-16","62.44","62.63","62.31","62.36","74200","56.36","false"
"DLN","2007-07-13","62.14","62.56","62.13","62.40","56500","56.40","false"
"DLN","2007-07-12","61.15","62.22","61.15","62.22","23000","56.24","false"
"DLN","2007-07-11","60.53","60.95","60.53","60.95","15500","55.09","false"
"DLN","2007-07-10","61.07","61.21","60.47","60.47","17800","54.65","false"
"DLN","2007-07-09","61.45","61.53","61.35","61.48","13000","55.57","false"
"DLN","2007-07-06","61.27","61.48","61.13","61.48","10600","55.57","false"
"DLN","2007-07-05","61.29","61.41","61.07","61.29","32900","55.39","false"
"DLN","2007-07-03","61.21","61.45","61.21","61.40","18200","55.49","false"
"DLN","2007-07-02","60.77","61.12","60.77","61.12","67800","55.24","false"
"DLN","2007-06-29","60.73","61.01","60.03","60.43","39200","54.62","false"
"DLN","2007-06-28","60.56","60.80","60.46","60.55","24800","54.73","false"
"DLN","2007-06-27","59.61","60.52","59.61","60.50","16400","54.68","false"
"DLN","2007-06-26","60.32","60.51","59.89","59.89","36400","54.13","false"
"DLN","2007-06-25","60.50","60.78","59.91","60.04","86400","54.26","false"
"DLN","2007-06-22","61.25","61.27","60.57","60.74","25000","54.58","false"
"DLN","2007-06-21","61.25","61.55","60.94","61.52","6600","55.28","false"
"DLN","2007-06-20","62.33","62.33","61.17","61.17","16700","54.97","false"
"DLN","2007-06-19","61.89","62.17","61.79","62.08","14200","55.79","false"
"DLN","2007-06-18","62.09","62.09","61.90","61.91","34000","55.63","false"
"DLN","2007-06-15","62.16","62.30","62.00","62.05","20300","55.76","false"
"DLN","2007-06-14","61.55","61.82","61.55","61.64","21800","55.39","false"
"DLN","2007-06-13","60.83","61.35","60.75","61.35","23900","55.13","false"
"DLN","2007-06-12","60.98","61.11","60.55","60.55","27200","54.41","false"
"DLN","2007-06-11","61.08","61.42","61.00","61.16","6200","54.96","false"
"DLN","2007-06-08","60.51","61.08","60.35","61.08","10300","54.89","false"
"DLN","2007-06-07","61.29","61.44","60.32","60.32","117300","54.21","false"
"DLN","2007-06-06","61.75","61.75","61.39","61.45","28700","55.22","false"
"DLN","2007-06-05","62.28","62.32","61.85","62.06","78500","55.77","false"
"DLN","2007-06-04","62.42","62.49","62.30","62.48","15100","56.15","false"
"DLN","2007-06-01","62.49","62.54","62.27","62.47","31400","56.14","false"
"DLN","2007-05-31","62.42","62.43","62.17","62.21","24800","55.90","false"
"DLN","2007-05-30","61.69","62.24","61.60","62.24","14900","55.93","false"
"DLN","2007-05-29","61.92","61.97","61.64","61.88","15700","55.61","false"
"DLN","2007-05-25","61.69","61.81","61.53","61.76","33700","55.50","false"
"DLN","2007-05-24","62.10","62.23","61.39","61.45","54300","55.22","false"
"DLN","2007-05-23","62.26","62.40","62.04","62.05","75000","55.76","false"
"DLN","2007-05-22","62.22","62.37","62.11","62.11","85500","55.81","false"
"DLN","2007-05-21","62.24","62.35","62.13","62.14","101100","55.84","false"
"DLN","2007-05-18","62.02","63.06","61.97","62.15","164200","55.85","false"
"DLN","2007-05-17","61.87","61.91","61.64","61.80","44000","55.54","false"
"DLN","2007-05-16","61.62","61.85","61.47","61.85","7200","55.58","false"
"DLN","2007-05-15","61.47","61.79","61.34","61.37","25600","55.15","false"
"DLN","2007-05-14","61.46","61.50","61.14","61.31","13900","55.10","false"
"DLN","2007-05-11","61.03","61.40","61.03","61.40","21100","55.18","false"
"DLN","2007-05-10","61.46","61.48","60.88","60.88","52300","54.71","false"
"DLN","2007-05-09","61.39","61.69","61.33","61.66","22500","55.41","false"
"DLN","2007-05-08","61.25","61.40","61.18","61.38","34700","55.16","false"
"DLN","2007-05-07","61.45","61.53","61.40","61.49","44700","55.26","false"
"DLN","2007-05-04","61.33","61.41","61.19","61.20","31200","55.00","false"
"DLN","2007-05-03","60.93","61.15","60.93","61.09","27900","54.90","false"
"DLN","2007-05-02","60.63","60.93","60.60","60.80","37600","54.64","false"
"DLN","2007-05-01","60.43","60.48","60.17","60.47","56900","54.34","false"
"DLN","2007-04-30","60.78","60.83","60.37","60.42","37600","54.30","false"
"DLN","2007-04-27","60.52","60.79","60.48","60.67","14300","54.52","false"
"DLN","2007-04-26","60.75","60.82","60.55","60.67","34400","54.52","false"
"DLN","2007-04-25","60.45","60.80","60.30","60.80","36900","54.64","false"
"DLN","2007-04-24","60.30","60.30","59.93","60.20","36100","54.10","false"
"DLN","2007-04-23","60.46","60.52","60.19","60.26","32300","54.15","false"
"DLN","2007-04-20","60.28","60.50","60.21","60.50","13100","54.37","false"
"DLN","2007-04-19","59.73","60.02","59.70","59.89","12700","53.82","false"
"DLN","2007-04-18","59.79","60.07","59.79","59.94","13800","53.86","false"
"DLN","2007-04-17","59.79","59.95","59.65","59.82","60300","53.76","false"
"DLN","2007-04-16","59.24","59.72","59.24","59.70","15300","53.65","false"
"DLN","2007-04-13","58.90","59.09","58.81","59.06","22300","53.07","false"
"DLN","2007-04-12","58.52","58.86","58.50","58.86","9400","52.89","false"
"DLN","2007-04-11","59.04","59.24","58.53","58.69","26800","52.74","false"
"DLN","2007-04-10","58.73","59.03","58.73","59.03","124400","53.05","false"
"DLN","2007-04-09","58.89","58.95","58.80","58.82","19200","52.86","false"
"DLN","2007-04-05","58.55","59.30","58.54","58.78","45900","52.82","false"
"DLN","2007-04-04","58.59","59.33","58.48","58.61","76200","52.67","false"
"DLN","2007-04-03","58.22","58.69","58.22","58.59","127800","52.65","false"
"DLN","2007-04-02","58.10","58.11","57.80","58.07","261900","52.18","false"
"DLN","2007-03-30","58.16","58.24","57.60","58.00","69700","52.12","false"
"DLN","2007-03-29","58.14","58.15","57.71","57.92","18800","52.05","false"
"DLN","2007-03-28","57.90","58.07","57.71","57.90","31700","52.03","false"
"DLN","2007-03-27","58.29","58.33","58.11","58.20","12000","52.30","false"
"DLN","2007-03-26","58.65","58.65","57.87","58.44","18800","52.52","false"
"DLN","2007-03-23","58.68","58.82","58.65","58.74","63200","52.79","false"
"DLN","2007-03-22","58.73","58.84","58.56","58.70","29200","52.75","false"
"DLN","2007-03-21","57.84","58.85","57.67","58.64","37500","52.70","false"
"DLN","2007-03-20","57.32","57.74","57.27","57.73","57000","51.88","false"
"DLN","2007-03-19","57.09","57.35","57.02","57.30","21300","51.49","false"
"DLN","2007-03-16","57.13","57.21","56.64","56.74","28000","50.99","false"
"DLN","2007-03-15","56.70","57.21","56.69","56.99","56300","51.21","false"
"DLN","2007-03-14","56.70","56.72","55.69","56.60","22000","50.86","false"
"DLN","2007-03-13","57.28","57.36","56.28","56.28","1304200","50.58","false"
"DLN","2007-03-12","57.35","57.71","57.22","57.53","42000","51.70","false"
"DLN","2007-03-09","57.64","57.76","57.23","57.44","22400","51.62","false"
"DLN","2007-03-08","57.34","57.53","57.28","57.30","32400","51.49","false"
"DLN","2007-03-07","57.07","57.24","56.87","56.92","42100","51.15","false"
"DLN","2007-03-06","56.59","57.17","56.59","57.09","30100","51.30","false"
"DLN","2007-03-05","56.28","56.85","56.11","56.18","56600","50.49","false"
"DLN","2007-03-02","57.24","57.47","56.74","56.74","21400","50.99","false"
"DLN","2007-03-01","56.60","57.68","56.60","57.43","28300","51.61","false"
"DLN","2007-02-28","57.44","57.99","57.31","57.63","41700","51.79","false"
"DLN","2007-02-27","58.65","58.95","57.00","57.38","95500","51.56","false"
"DLN","2007-02-26","59.47","59.49","58.47","59.29","61900","53.28","false"
"DLN","2007-02-23","59.37","59.37","59.05","59.20","23300","53.20","false"
"DLN","2007-02-22","59.60","59.64","59.22","59.40","52800","53.38","false"
"DLN","2007-02-21","59.35","59.52","59.28","59.48","42700","53.45","false"
"DLN","2007-02-20","59.30","59.67","59.21","59.61","22200","53.57","false"
"DLN","2007-02-16","59.75","59.75","59.33","59.51","15900","53.48","false"
"DLN","2007-02-15","59.46","59.55","59.45","59.54","24800","53.50","false"
"DLN","2007-02-14","59.31","59.63","59.24","59.55","42400","53.51","false"
"DLN","2007-02-13","58.80","59.14","58.80","59.14","30700","53.15","false"
"DLN","2007-02-12","58.82","58.82","58.53","58.57","14600","52.63","false"
"DLN","2007-02-09","59.01","59.17","58.54","58.72","141400","52.77","false"
"DLN","2007-02-08","59.13","59.13","58.84","58.99","54000","53.01","false"
"DLN","2007-02-07","59.20","59.28","59.06","59.18","36900","53.18","false"
"DLN","2007-02-06","59.22","59.23","59.04","59.18","15100","53.18","false"
"DLN","2007-02-05","59.09","59.16","58.91","59.10","23400","53.11","false"
"DLN","2007-02-02","59.15","59.17","59.00","59.17","62400","53.17","false"
"DLN","2007-02-01","58.86","59.06","58.81","59.06","22600","53.07","false"
"DLN","2007-01-31","58.19","58.81","58.18","58.73","26700","52.78","false"
"DLN","2007-01-30","58.18","58.28","58.04","58.28","32000","52.37","false"
"DLN","2007-01-29","58.14","58.21","57.97","58.00","25100","52.12","false"
"DLN","2007-01-26","58.26","58.26","57.88","58.12","12900","52.23","false"
"DLN","2007-01-25","58.64","58.73","58.05","58.15","30000","52.26","false"
"DLN","2007-01-24","58.43","58.72","58.34","58.72","93000","52.77","false"
"DLN","2007-01-23","58.18","58.35","58.03","58.27","47700","52.36","false"
"DLN","2007-01-22","58.37","58.37","57.99","58.08","107200","52.19","false"
"DLN","2007-01-19","58.18","58.35","58.18","58.35","33800","52.44","false"
"DLN","2007-01-18","58.25","58.34","58.12","58.21","50400","52.31","false"
"DLN","2007-01-17","58.21","58.33","58.11","58.15","41800","52.26","false"
"DLN","2007-01-16","58.24","58.24","58.06","58.21","38900","52.31","false"
"DLN","2007-01-12","57.85","58.15","57.85","58.12","21300","52.23","false"
"DLN","2007-01-11","57.74","57.99","57.74","57.93","22400","52.06","false"
"DLN","2007-01-10","57.46","57.63","57.29","57.60","25100","51.76","false"
"DLN","2007-01-09","57.71","57.78","57.29","57.58","56600","51.74","false"
"DLN","2007-01-08","57.32","57.62","57.12","57.56","30500","51.73","false"
"DLN","2007-01-05","57.74","57.74","57.35","57.43","30300","51.61","false"
"DLN","2007-01-04","57.85","58.02","57.67","57.92","30400","52.05","false"
"DLN","2007-01-03","58.20","58.46","57.55","57.88","83300","52.01","false"
"DLN","2008-12-31","35.87","36.48","35.53","36.34","155600","34.08","false"
"DLN","2008-12-30","35.21","35.72","34.79","35.70","170600","33.48","false"
"DLN","2008-12-29","35.19","35.19","34.18","34.51","186400","32.36","false"
"DLN","2008-12-26","35.03","35.05","34.69","34.92","67600","32.75","false"
"DLN","2008-12-24","34.42","34.85","34.29","34.58","53000","32.43","false"
"DLN","2008-12-23","35.28","35.28","34.36","34.37","232100","32.23","false"
"DLN","2008-12-22","35.71","35.71","34.30","34.88","234500","32.71","false"
"DLN","2008-12-19","36.12","36.66","35.45","35.76","333800","33.11","false"
"DLN","2008-12-18","37.09","37.09","35.42","35.71","176900","33.06","false"
"DLN","2008-12-17","36.73","37.16","36.24","36.80","203600","34.07","false"
"DLN","2008-12-16","35.64","36.88","35.24","36.81","119300","34.08","false"
"DLN","2008-12-15","35.91","35.91","34.62","35.09","106000","32.49","false"
"DLN","2008-12-12","34.48","35.75","34.43","35.33","135900","32.71","false"
"DLN","2008-12-11","36.25","36.47","35.04","35.36","246100","32.74","false"
"DLN","2008-12-10","36.83","36.83","35.85","36.58","158400","33.87","false"
"DLN","2008-12-09","37.10","37.43","36.01","36.16","144200","33.48","false"
"DLN","2008-12-08","37.14","37.63","36.65","37.11","114100","34.36","false"
"DLN","2008-12-05","34.39","36.01","33.57","36.00","161300","33.33","false"
"DLN","2008-12-04","35.13","35.84","34.27","34.70","147400","32.13","false"
"DLN","2008-12-03","34.04","35.70","33.64","35.52","140700","32.89","false"
"DLN","2008-12-02","33.94","34.41","33.06","34.41","82700","31.86","false"
"DLN","2008-12-01","35.57","35.58","32.82","32.82","239500","30.39","false"
"DLN","2008-11-28","35.92","36.35","35.65","36.35","50100","33.66","false"
"DLN","2008-11-26","34.20","35.82","33.96","35.82","225200","33.16","false"
"DLN","2008-11-25","35.39","35.39","33.95","34.81","115600","32.23","false"
"DLN","2008-11-24","33.06","34.81","32.65","34.22","234200","31.68","false"
"DLN","2008-11-21","30.86","31.66","29.83","31.66","105800","29.31","false"
"DLN","2008-11-20","32.43","32.78","30.19","30.28","158900","28.04","false"
"DLN","2008-11-19","34.68","34.91","32.52","32.54","55500","30.13","false"
"DLN","2008-11-18","34.56","35.04","33.50","34.68","95400","32.11","false"
"DLN","2008-11-17","35.10","35.72","34.50","34.68","151900","32.11","false"
"DLN","2008-11-14","36.24","37.08","35.22","35.75","86500","33.10","false"
"DLN","2008-11-13","35.32","36.84","33.40","36.80","90900","34.07","false"
"DLN","2008-11-12","35.92","35.96","34.71","34.77","114700","32.19","false"
"DLN","2008-11-11","36.83","37.04","35.91","36.47","46800","33.77","false"
"DLN","2008-11-10","38.63","38.63","36.73","37.18","33500","34.42","false"
"DLN","2008-11-07","37.24","37.84","36.75","37.84","371800","35.04","false"
"DLN","2008-11-06","38.41","38.61","36.19","36.59","73200","33.88","false"
"DLN","2008-11-05","40.53","40.53","38.50","38.50","68400","35.65","false"
"DLN","2008-11-04","40.47","40.99","39.94","40.99","71200","37.95","false"
"DLN","2008-11-03","39.12","39.55","39.07","39.36","157200","36.44","false"
"DLN","2008-10-31","38.75","39.64","38.44","39.04","65300","36.15","false"
"DLN","2008-10-30","39.14","39.14","37.76","38.66","31100","35.79","false"
"DLN","2008-10-29","38.52","39.48","37.45","37.52","78900","34.74","false"
"DLN","2008-10-28","35.88","38.24","34.58","38.24","47300","35.41","false"
"DLN","2008-10-27","35.36","36.35","34.75","34.75","51900","32.17","false"
"DLN","2008-10-24","34.25","36.48","32.65","35.64","82800","33.00","false"
"DLN","2008-10-23","36.69","37.26","35.00","36.99","39500","34.25","false"
"DLN","2008-10-22","37.71","37.71","35.47","36.20","58700","33.52","false"
"DLN","2008-10-21","39.14","39.60","38.49","38.49","70000","35.64","false"
"DLN","2008-10-20","38.64","39.60","37.98","39.60","160200","36.66","false"
"DLN","2008-10-17","37.42","40.02","37.37","38.47","82400","35.62","false"
"DLN","2008-10-16","37.17","38.36","35.55","38.32","114000","35.48","false"
"DLN","2008-10-15","39.33","39.36","37.08","37.08","72300","34.33","false"
"DLN","2008-10-14","41.86","42.53","39.16","40.44","72600","37.44","false"
"DLN","2008-10-13","38.32","39.94","37.14","39.94","160100","36.98","false"
"DLN","2008-10-10","34.56","36.78","32.98","36.52","185400","33.81","false"
"DLN","2008-10-09","40.19","40.19","36.01","37.23","73600","34.47","false"
"DLN","2008-10-08","38.76","40.81","38.76","39.42","74700","36.50","false"
"DLN","2008-10-07","43.24","43.26","40.06","40.06","30400","37.09","false"
"DLN","2008-10-06","43.26","43.26","40.92","42.58","50500","39.42","false"
"DLN","2008-10-03","45.78","46.25","44.46","44.52","21300","41.22","false"
"DLN","2008-10-02","46.44","46.44","45.01","45.22","58500","41.87","false"
"DLN","2008-10-01","45.47","46.91","45.47","46.63","29900","43.17","false"
"DLN","2008-09-30","45.49","46.02","44.89","45.99","39500","42.58","false"
"DLN","2008-09-29","47.56","47.56","44.24","45.13","38500","41.78","false"
"DLN","2008-09-26","46.35","48.22","46.35","48.22","27500","44.65","false"
"DLN","2008-09-25","47.16","48.14","46.86","47.68","63700","44.15","false"
"DLN","2008-09-24","46.65","46.98","46.38","46.55","24200","43.10","false"
"DLN","2008-09-23","47.39","47.96","46.60","46.65","60000","43.19","false"
"DLN","2008-09-22","49.25","49.25","47.60","47.83","109000","44.28","false"
"DLN","2008-09-19","54.50","54.50","48.97","50.08","74200","46.00","false"
"DLN","2008-09-18","45.52","47.78","44.24","47.32","92600","43.46","false"
"DLN","2008-09-17","45.91","46.29","44.98","44.98","39800","41.31","false"
"DLN","2008-09-16","44.98","47.24","44.98","47.24","31500","43.39","false"
"DLN","2008-09-15","46.66","48.09","46.47","46.55","66200","42.76","false"
"DLN","2008-09-12","48.16","48.96","48.16","48.87","36500","44.89","false"
"DLN","2008-09-11","47.44","48.48","47.30","48.42","31200","44.47","false"
"DLN","2008-09-10","48.26","48.64","47.81","48.29","24800","44.35","false"
"DLN","2008-09-09","49.76","49.92","48.18","48.18","125400","44.25","false"
"DLN","2008-09-08","49.56","50.54","48.92","49.84","66100","45.78","false"
"DLN","2008-09-05","47.41","48.44","47.26","48.41","71500","44.46","false"
"DLN","2008-09-04","49.18","49.19","48.07","48.13","35900","44.21","false"
"DLN","2008-09-03","49.27","49.55","49.07","49.55","66900","45.51","false"
"DLN","2008-09-02","49.64","50.13","49.08","49.26","30900","45.25","false"
"DLN","2008-08-29","49.18","49.66","49.08","49.16","26900","45.15","false"
"DLN","2008-08-28","49.08","49.68","48.92","49.68","21500","45.63","false"
"DLN","2008-08-27","48.06","48.74","48.06","48.62","35500","44.66","false"
"DLN","2008-08-26","48.17","48.35","47.88","48.20","91300","44.27","false"
"DLN","2008-08-25","48.56","48.73","48.01","48.13","24100","44.21","false"
"DLN","2008-08-22","48.95","49.09","48.75","49.09","16400","45.09","false"
"DLN","2008-08-21","47.62","48.46","47.62","48.31","74500","44.37","false"
"DLN","2008-08-20","47.91","48.26","47.59","48.18","20600","44.25","false"
"DLN","2008-08-19","48.19","48.33","47.83","48.03","37300","44.12","false"
"DLN","2008-08-18","49.70","49.70","48.50","48.67","20500","44.70","false"
"DLN","2008-08-15","49.11","49.69","49.11","49.48","12700","45.45","false"
"DLN","2008-08-14","48.44","49.48","48.44","49.14","30100","45.13","false"
"DLN","2008-08-13","49.22","49.22","48.37","48.79","41100","44.81","false"
"DLN","2008-08-12","50.13","50.13","49.10","49.23","48100","45.22","false"
"DLN","2008-08-11","49.75","50.60","49.54","50.13","83900","46.04","false"
"DLN","2008-08-08","48.36","49.80","48.36","49.67","26900","45.62","false"
"DLN","2008-08-07","48.80","49.23","48.36","48.44","27200","44.49","false"
"DLN","2008-08-06","49.26","49.56","49.07","49.55","14800","45.51","false"
"DLN","2008-08-05","48.63","49.52","48.50","49.52","27400","45.48","false"
"DLN","2008-08-04","48.05","48.46","48.02","48.09","24700","44.17","false"
"DLN","2008-08-01","48.80","48.80","48.07","48.42","93700","44.47","false"
"DLN","2008-07-31","48.46","49.18","48.38","48.47","49000","44.52","false"
"DLN","2008-07-30","48.76","49.15","48.33","49.10","60300","45.10","false"
"DLN","2008-07-29","46.97","48.27","46.89","48.27","52100","44.34","false"
"DLN","2008-07-28","47.61","47.97","46.70","46.79","44600","42.98","false"
"DLN","2008-07-25","48.29","48.29","47.58","47.84","52800","43.94","false"
"DLN","2008-07-24","49.39","49.48","47.89","48.01","131200","44.10","false"
"DLN","2008-07-23","49.23","49.87","49.07","49.48","72000","45.45","false"
"DLN","2008-07-22","47.52","49.08","47.31","48.98","89800","44.99","false"
"DLN","2008-07-21","48.60","48.60","47.76","47.80","162900","43.90","false"
"DLN","2008-07-18","48.20","48.20","47.40","47.95","109800","44.04","false"
"DLN","2008-07-17","46.89","47.67","46.61","47.57","126900","43.69","false"
"DLN","2008-07-16","44.95","46.63","44.90","46.59","64100","42.79","false"
"DLN","2008-07-15","44.78","45.67","44.35","44.85","68500","41.19","false"
"DLN","2008-07-14","46.81","47.02","45.41","45.41","67400","41.71","false"
"DLN","2008-07-11","46.24","46.95","45.79","46.29","93300","42.52","false"
"DLN","2008-07-10","46.69","47.09","46.34","46.85","64000","43.03","false"
"DLN","2008-07-09","47.86","48.05","46.67","46.67","70500","42.87","false"
"DLN","2008-07-08","46.46","47.83","46.44","47.83","50800","43.93","false"
"DLN","2008-07-07","47.26","47.59","46.17","46.59","67700","42.79","false"
"DLN","2008-07-03","47.34","47.45","46.91","47.17","50800","43.33","false"
"DLN","2008-07-02","48.10","48.17","47.13","47.16","19800","43.32","false"
"DLN","2008-07-01","47.10","47.80","46.99","47.77","44700","43.88","false"
"DLN","2008-06-30","47.44","47.96","47.44","47.56","65600","43.68","false"
"DLN","2008-06-27","48.30","48.30","47.39","47.58","107000","43.70","false"
"DLN","2008-06-26","49.27","49.34","47.94","47.94","90300","44.03","false"
"DLN","2008-06-25","49.70","50.06","49.42","49.50","36600","45.47","false"
"DLN","2008-06-24","49.05","49.58","48.66","49.27","258400","45.25","false"
"DLN","2008-06-23","49.78","49.78","49.13","49.19","42200","45.18","false"
"DLN","2008-06-20","50.29","50.36","49.60","49.78","92300","45.72","false"
"DLN","2008-06-19","50.47","50.83","50.13","50.70","53900","46.57","false"
"DLN","2008-06-18","50.68","50.80","50.37","50.53","112400","46.41","false"
"DLN","2008-06-17","51.89","52.06","51.05","51.05","50300","46.89","false"
"DLN","2008-06-16","51.18","51.89","51.18","51.63","31100","47.42","false"
"DLN","2008-06-13","51.26","51.61","51.07","51.61","30300","47.40","false"
"DLN","2008-06-12","50.93","51.53","50.76","51.09","38200","46.93","false"
"DLN","2008-06-11","51.59","51.59","50.68","50.69","26700","46.56","false"
"DLN","2008-06-10","51.25","52.04","51.25","51.73","13000","47.51","false"
"DLN","2008-06-09","52.06","52.14","51.40","51.61","17500","47.40","false"
"DLN","2008-06-06","53.00","53.02","51.90","51.91","45300","47.68","false"
"DLN","2008-06-05","52.84","53.67","52.84","53.67","16900","49.30","false"
"DLN","2008-06-04","52.67","53.10","52.52","52.78","51000","48.48","false"
"DLN","2008-06-03","53.38","53.40","52.63","52.96","72200","48.64","false"
"DLN","2008-06-02","53.60","53.60","52.92","53.27","55000","48.93","false"
"DLN","2008-05-30","54.07","54.16","53.81","53.81","34000","49.42","false"
"DLN","2008-05-29","53.40","54.24","53.40","54.04","22200","49.64","false"
"DLN","2008-05-28","53.66","53.66","53.07","53.52","18800","49.16","false"
"DLN","2008-05-27","53.13","53.55","53.05","53.47","39400","49.11","false"
"DLN","2008-05-23","53.49","53.51","53.20","53.24","14200","48.90","false"
"DLN","2008-05-22","53.92","54.17","53.82","53.93","77900","49.53","false"
"DLN","2008-05-21","54.65","54.74","53.69","53.81","26500","49.42","false"
"DLN","2008-05-20","55.05","55.05","54.48","54.61","57200","50.16","false"
"DLN","2008-05-19","55.28","55.87","55.23","55.40","51900","50.88","false"
"DLN","2008-05-16","55.64","55.64","55.00","55.30","16100","50.79","false"
"DLN","2008-05-15","55.07","55.47","54.80","55.45","35200","50.93","false"
"DLN","2008-05-14","54.96","55.30","54.92","54.96","30900","50.48","false"
"DLN","2008-05-13","55.10","55.10","54.55","54.66","10600","50.21","false"
"DLN","2008-05-12","54.42","54.84","54.26","54.79","17600","50.32","false"
"DLN","2008-05-09","54.22","54.47","54.10","54.15","19000","49.74","false"
"DLN","2008-05-08","54.91","54.91","54.40","54.55","29200","50.10","false"
"DLN","2008-05-07","55.69","55.77","54.53","54.59","89700","50.14","false"
"DLN","2008-05-06","55.20","55.91","54.97","55.84","18600","51.29","false"
"DLN","2008-05-05","55.71","55.73","55.45","55.56","21300","51.03","false"
"DLN","2008-05-02","56.25","56.41","55.69","55.93","38300","51.37","false"
"DLN","2008-05-01","54.66","55.78","54.66","55.77","35200","51.22","false"
"DLN","2008-04-30","54.80","55.44","54.62","54.62","45200","50.17","false"
"DLN","2008-04-29","55.15","55.18","54.72","54.84","26600","50.37","false"
"DLN","2008-04-28","55.20","55.38","55.07","55.10","13600","50.61","false"
"DLN","2008-04-25","54.92","55.29","54.48","55.29","51400","50.78","false"
"DLN","2008-04-24","54.22","55.03","53.99","54.71","33900","50.25","false"
"DLN","2008-04-23","54.07","54.41","53.88","54.02","18200","49.62","false"
"DLN","2008-04-22","54.03","54.18","53.80","54.07","30400","49.66","false"
"DLN","2008-04-21","54.49","54.49","54.15","54.44","22900","50.00","false"
"DLN","2008-04-18","55.10","55.16","54.66","54.81","25600","50.34","false"
"DLN","2008-04-17","53.61","54.01","53.51","54.01","41800","49.61","false"
"DLN","2008-04-16","53.22","53.92","53.21","53.87","33900","49.48","false"
"DLN","2008-04-15","52.72","52.74","52.39","52.69","57600","48.40","false"
"DLN","2008-04-14","52.86","52.86","52.30","52.38","128000","48.11","false"
"DLN","2008-04-11","53.31","53.61","52.79","52.92","150400","48.61","false"
"DLN","2008-04-10","53.92","54.34","53.67","54.02","28400","49.62","false"
"DLN","2008-04-09","54.47","54.47","53.75","53.86","74100","49.47","false"
"DLN","2008-04-08","54.42","54.57","54.19","54.40","15400","49.97","false"
"DLN","2008-04-07","54.93","55.37","54.73","54.80","18600","50.33","false"
"DLN","2008-04-04","54.74","54.96","54.48","54.60","30000","50.15","false"
"DLN","2008-04-03","54.46","55.09","54.40","54.80","24500","50.33","false"
"DLN","2008-04-02","55.01","55.22","54.50","54.72","22500","50.26","false"
"DLN","2008-04-01","53.28","54.81","53.28","54.81","35400","50.34","false"
"DLN","2008-03-31","52.57","53.07","52.34","52.64","58200","48.35","false"
"DLN","2008-03-28","53.11","53.15","52.42","52.42","11000","48.15","false"
"DLN","2008-03-27","53.90","53.90","53.00","53.00","21900","48.68","false"
"DLN","2008-03-26","53.99","53.99","53.37","53.49","30400","49.13","false"
"DLN","2008-03-25","54.27","54.47","53.85","54.26","141200","49.84","false"
"DLN","2008-03-24","54.03","54.93","53.91","54.34","517200","49.91","false"
"DLN","2008-03-20","52.47","54.08","52.47","54.06","28900","49.65","false"
"DLN","2008-03-19","53.59","53.88","52.35","52.36","91900","48.09","false"
"DLN","2008-03-18","52.02","53.25","52.00","53.25","75500","48.91","false"
"DLN","2008-03-17","50.44","51.38","50.15","51.01","30100","46.85","false"
"DLN","2008-03-14","52.97","52.97","50.87","51.31","73500","47.13","false"
"DLN","2008-03-13","51.56","52.82","51.22","52.38","62500","48.11","false"
"DLN","2008-03-12","53.12","53.59","52.34","52.37","46100","48.10","false"
"DLN","2008-03-11","52.34","52.87","51.51","52.87","40700","48.56","false"
"DLN","2008-03-10","51.61","51.61","50.58","50.66","77000","46.53","false"
"DLN","2008-03-07","51.41","52.15","51.01","51.51","77500","47.31","false"
"DLN","2008-03-06","52.60","52.60","51.72","51.80","156400","47.58","false"
"DLN","2008-03-05","53.22","53.52","52.57","53.09","876600","48.76","false"
"DLN","2008-03-04","52.74","53.00","52.14","52.88","50100","48.57","false"
"DLN","2008-03-03","53.24","53.29","52.81","53.15","83000","48.82","false"
"DLN","2008-02-29","53.91","53.98","53.16","53.24","76100","48.90","false"
"DLN","2008-02-28","55.08","55.17","54.61","54.72","77600","50.26","false"
"DLN","2008-02-27","55.36","55.80","55.20","55.37","26700","50.86","false"
"DLN","2008-02-26","55.01","55.71","54.85","55.47","99100","50.95","false"
"DLN","2008-02-25","54.51","55.23","54.15","55.15","125100","50.66","false"
"DLN","2008-02-22","54.20","54.46","53.46","54.42","100300","49.98","false"
"DLN","2008-02-21","54.97","54.97","53.94","54.01","316200","49.61","false"
"DLN","2008-02-20","53.72","54.76","53.70","54.64","156200","50.19","false"
"DLN","2008-02-19","55.18","55.18","54.17","54.30","45100","49.87","false"
"DLN","2008-02-15","54.22","54.47","54.01","54.44","41800","50.00","false"
"DLN","2008-02-14","55.08","55.15","54.29","54.32","76500","49.89","false"
"DLN","2008-02-13","55.11","55.30","54.53","55.19","67600","50.69","false"
"DLN","2008-02-12","54.43","55.02","54.24","54.60","506600","50.15","false"
"DLN","2008-02-11","53.82","54.07","53.34","54.02","63100","49.62","false"
"DLN","2008-02-08","54.26","54.39","53.54","53.85","45100","49.46","false"
"DLN","2008-02-07","53.57","54.75","53.56","54.40","85200","49.97","false"
"DLN","2008-02-06","54.72","54.93","53.90","53.90","62600","49.51","false"
"DLN","2008-02-05","55.35","55.35","54.26","54.29","41800","49.87","false"
"DLN","2008-02-04","56.85","56.85","56.15","56.15","82000","51.57","false"
"DLN","2008-02-01","56.20","56.95","56.20","56.95","77700","52.31","false"
"DLN","2008-01-31","54.15","56.47","54.15","56.08","96800","51.51","false"
"DLN","2008-01-30","55.20","56.37","54.92","55.03","39300","50.54","false"
"DLN","2008-01-29","55.20","55.44","54.93","55.40","51600","50.88","false"
"DLN","2008-01-28","53.84","54.85","53.39","54.85","38500","50.38","false"
"DLN","2008-01-25","55.10","55.17","53.52","53.78","73600","49.40","false"
"DLN","2008-01-24","54.37","54.72","54.06","54.61","32100","50.16","false"
"DLN","2008-01-23","51.24","54.26","51.06","54.26","119100","49.84","false"
"DLN","2008-01-22","50.09","52.94","50.09","52.50","92900","48.22","false"
"DLN","2008-01-18","53.46","53.62","52.16","52.61","75100","48.32","false"
"DLN","2008-01-17","54.92","54.92","53.00","53.09","47900","48.76","false"
"DLN","2008-01-16","54.82","55.50","54.59","54.86","41900","50.39","false"
"DLN","2008-01-15","55.72","55.72","54.98","54.98","45400","50.50","false"
"DLN","2008-01-14","56.34","56.44","55.96","56.32","45500","51.73","false"
"DLN","2008-01-11","56.13","56.60","55.75","55.96","39100","51.40","false"
"DLN","2008-01-10","55.42","56.85","55.39","56.49","84000","51.89","false"
"DLN","2008-01-09","55.17","55.91","54.71","55.90","50100","51.34","false"
"DLN","2008-01-08","56.57","56.84","55.12","55.14","37400","50.65","false"
"DLN","2008-01-07","56.28","56.56","55.85","56.26","47700","51.67","false"
"DLN","2008-01-04","56.68","56.68","55.83","55.91","18200","51.35","false"
"DLN","2008-01-03","57.37","57.50","57.03","57.10","20500","52.45","false"
"DLN","2008-01-02","57.80","57.97","56.87","57.03","50800","52.38","false"
"DLN","2009-12-31","41.66","41.71","41.28","41.28","43800","39.59","false"
"DLN","2009-12-30","41.52","41.70","41.52","41.66","47500","39.96","false"
"DLN","2009-12-29","41.75","41.83","41.69","41.73","20300","40.02","false"
"DLN","2009-12-28","41.77","41.77","41.60","41.70","34000","40.00","false"
"DLN","2009-12-24","41.61","41.62","41.55","41.59","15100","39.89","false"
"DLN","2009-12-23","41.44","41.47","41.28","41.44","35600","39.75","false"
"DLN","2009-12-22","41.32","41.47","41.30","41.39","36400","39.70","false"
"DLN","2009-12-21","41.28","41.35","41.16","41.20","48900","39.52","false"
"DLN","2009-12-18","41.25","41.27","40.89","41.16","23200","39.18","false"
"DLN","2009-12-17","41.40","41.40","41.12","41.12","51000","39.14","false"
"DLN","2009-12-16","41.68","41.79","41.52","41.53","45900","39.53","false"
"DLN","2009-12-15","41.67","41.76","41.42","41.56","27800","39.56","false"
"DLN","2009-12-14","41.92","41.92","41.68","41.84","22500","39.82","false"
"DLN","2009-12-11","41.46","41.66","41.39","41.62","20100","39.61","false"
"DLN","2009-12-10","41.53","41.60","41.25","41.33","80000","39.34","false"
"DLN","2009-12-09","41.04","41.26","40.94","41.21","15000","39.22","false"
"DLN","2009-12-08","41.30","41.30","40.98","41.11","59600","39.13","false"
"DLN","2009-12-07","41.63","41.81","41.47","41.51","13700","39.51","false"
"DLN","2009-12-04","42.04","42.11","41.32","41.64","76300","39.63","false"
"DLN","2009-12-03","41.87","42.05","41.40","41.44","270100","39.44","false"
"DLN","2009-12-02","41.86","41.86","41.53","41.72","83200","39.71","false"
"DLN","2009-12-01","41.50","41.76","41.46","41.64","17100","39.63","false"
"DLN","2009-11-30","40.93","41.22","40.85","41.22","41700","39.23","false"
"DLN","2009-11-27","40.44","41.24","39.53","40.94","9400","38.97","false"
"DLN","2009-11-25","41.60","41.66","41.48","41.66","19500","39.65","false"
"DLN","2009-11-24","41.47","41.55","41.20","41.49","42200","39.49","false"
"DLN","2009-11-23","41.35","41.67","41.35","41.45","10700","39.45","false"
"DLN","2009-11-20","40.93","41.02","40.78","40.93","52200","38.96","false"
"DLN","2009-11-19","41.28","41.28","40.83","41.05","39900","39.07","false"
"DLN","2009-11-18","41.46","41.54","41.23","41.51","20700","39.51","false"
"DLN","2009-11-17","41.23","41.41","41.16","41.39","88500","39.40","false"
"DLN","2009-11-16","41.22","41.56","41.13","41.36","266100","39.37","false"
"DLN","2009-11-13","40.83","41.01","40.61","40.87","14900","38.90","false"
"DLN","2009-11-12","41.07","41.22","40.62","40.70","15300","38.74","false"
"DLN","2009-11-11","41.04","41.29","40.94","41.03","17700","39.05","false"
"DLN","2009-11-10","40.75","40.95","40.67","40.85","16200","38.88","false"
"DLN","2009-11-09","40.18","40.76","40.18","40.76","20800","38.80","false"
"DLN","2009-11-06","39.59","39.90","39.59","39.81","100400","37.89","false"
"DLN","2009-11-05","39.28","39.76","39.23","39.76","34600","37.84","false"
"DLN","2009-11-04","39.31","39.49","39.11","39.33","117000","37.43","false"
"DLN","2009-11-03","38.64","38.97","38.59","38.87","195400","37.00","false"
"DLN","2009-11-02","38.91","39.20","38.44","38.92","43600","37.04","false"
"DLN","2009-10-30","39.64","39.64","38.20","38.68","50700","36.82","false"
"DLN","2009-10-29","39.30","39.84","39.12","39.78","24100","37.86","false"
"DLN","2009-10-28","39.59","39.62","39.01","39.01","28800","37.13","false"
"DLN","2009-10-27","39.76","39.88","39.56","39.61","53000","37.70","false"
"DLN","2009-10-26","40.19","40.52","39.61","39.64","64500","37.73","false"
"DLN","2009-10-23","40.84","40.84","40.12","40.18","21000","38.24","false"
"DLN","2009-10-22","40.28","40.80","40.07","40.67","40900","38.71","false"
"DLN","2009-10-21","40.67","41.02","40.22","40.22","62800","38.28","false"
"DLN","2009-10-20","40.90","40.96","40.57","40.67","25200","38.71","false"
"DLN","2009-10-19","40.61","41.06","40.61","40.93","78300","38.96","false"
"DLN","2009-10-16","40.58","40.74","40.40","40.60","21600","38.64","false"
"DLN","2009-10-15","40.57","41.07","40.57","41.07","147100","39.09","false"
"DLN","2009-10-14","40.55","40.84","40.42","40.80","43900","38.83","false"
"DLN","2009-10-13","40.07","40.18","39.89","40.13","28300","38.20","false"
"DLN","2009-10-12","40.27","40.32","40.07","40.25","22300","38.31","false"
"DLN","2009-10-09","39.81","40.02","39.70","40.02","18100","38.09","false"
"DLN","2009-10-08","39.77","39.98","39.71","39.75","23100","37.83","false"
"DLN","2009-10-07","39.29","39.54","39.29","39.48","22400","37.58","false"
"DLN","2009-10-06","39.22","39.69","39.19","39.46","38900","37.56","false"
"DLN","2009-10-05","38.41","38.98","38.00","38.88","52800","37.01","false"
"DLN","2009-10-02","38.00","38.46","37.98","38.29","53600","36.44","false"
"DLN","2009-10-01","39.36","39.36","38.47","38.49","133600","36.64","false"
"DLN","2009-09-30","39.78","39.78","39.15","39.39","32000","37.49","false"
"DLN","2009-09-29","39.84","39.98","39.62","39.66","22300","37.75","false"
"DLN","2009-09-28","39.17","39.78","39.17","39.71","22100","37.80","false"
"DLN","2009-09-25","39.28","39.35","38.90","38.99","741000","37.11","false"
"DLN","2009-09-24","39.82","39.87","39.17","39.29","29400","37.40","false"
"DLN","2009-09-23","40.10","40.37","39.68","39.68","22400","37.77","false"
"DLN","2009-09-22","40.00","40.10","39.89","40.00","22500","38.07","false"
"DLN","2009-09-21","39.61","39.82","38.74","39.72","32400","37.81","false"
"DLN","2009-09-18","40.20","40.30","40.00","40.19","26400","38.01","false"
"DLN","2009-09-17","40.13","40.40","39.89","39.98","65300","37.81","false"
"DLN","2009-09-16","39.74","40.09","39.62","40.08","69900","37.91","false"
"DLN","2009-09-15","39.39","39.64","39.13","39.56","39800","37.42","false"
"DLN","2009-09-14","38.63","39.34","38.63","39.31","64000","37.18","false"
"DLN","2009-09-11","39.19","39.25","38.92","38.99","83500","36.88","false"
"DLN","2009-09-10","38.76","39.09","38.59","39.06","127700","36.94","false"
"DLN","2009-09-09","38.61","38.91","38.54","38.79","75500","36.69","false"
"DLN","2009-09-08","38.59","38.59","38.32","38.49","46700","36.40","false"
"DLN","2009-09-04","37.85","38.16","37.72","38.16","63600","36.09","false"
"DLN","2009-09-03","37.36","37.73","37.36","37.72","32000","35.68","false"
"DLN","2009-09-02","37.40","37.62","37.33","37.38","54600","35.35","false"
"DLN","2009-09-01","38.39","38.63","37.52","37.61","22400","35.57","false"
"DLN","2009-08-31","38.40","38.55","38.31","38.55","41300","36.46","false"
"DLN","2009-08-28","39.07","39.07","38.57","38.84","24800","36.73","false"
"DLN","2009-08-27","38.80","38.94","38.42","38.86","16500","36.75","false"
"DLN","2009-08-26","38.70","38.96","38.63","38.80","108800","36.70","false"
"DLN","2009-08-25","38.77","39.52","38.74","38.81","47500","36.71","false"
"DLN","2009-08-24","38.83","39.12","38.63","38.68","34800","36.58","false"
"DLN","2009-08-21","38.30","38.77","38.30","38.70","61100","36.60","false"
"DLN","2009-08-20","37.71","38.00","37.64","37.99","30300","35.93","false"
"DLN","2009-08-19","37.07","37.71","37.07","37.64","37300","35.60","false"
"DLN","2009-08-18","37.06","37.42","37.06","37.28","22400","35.26","false"
"DLN","2009-08-17","37.16","37.19","36.98","36.98","44700","34.98","false"
"DLN","2009-08-14","38.01","38.01","37.56","37.82","34400","35.77","false"
"DLN","2009-08-13","38.06","38.11","37.66","38.05","31000","35.99","false"
"DLN","2009-08-12","37.43","38.24","37.43","37.84","44100","35.79","false"
"DLN","2009-08-11","38.00","38.00","37.47","37.50","84200","35.47","false"
"DLN","2009-08-10","38.02","38.15","37.87","38.10","126800","36.03","false"
"DLN","2009-08-07","38.07","38.44","37.85","38.14","46900","36.07","false"
"DLN","2009-08-06","37.97","38.12","37.47","37.67","23000","35.63","false"
"DLN","2009-08-05","37.73","37.93","37.45","37.80","84000","35.75","false"
"DLN","2009-08-04","37.36","37.73","37.26","37.71","27900","35.67","false"
"DLN","2009-08-03","37.44","37.58","37.11","37.53","34000","35.50","false"
"DLN","2009-07-31","36.90","37.08","36.83","36.99","27700","34.98","false"
"DLN","2009-07-30","36.79","37.20","36.79","36.87","78800","34.87","false"
"DLN","2009-07-29","36.24","36.36","36.08","36.30","28200","34.33","false"
"DLN","2009-07-28","36.36","36.51","36.14","36.48","33200","34.50","false"
"DLN","2009-07-27","36.29","36.58","36.22","36.58","20700","34.60","false"
"DLN","2009-07-24","36.14","36.36","35.93","36.36","56900","34.39","false"
"DLN","2009-07-23","35.38","36.43","35.38","36.28","97900","34.31","false"
"DLN","2009-07-22","35.22","35.71","35.19","35.44","29900","33.52","false"
"DLN","2009-07-21","35.64","35.64","35.17","35.47","42300","33.55","false"
"DLN","2009-07-20","35.32","35.36","35.01","35.28","45400","33.37","false"
"DLN","2009-07-17","35.09","35.09","34.83","35.03","32800","33.13","false"
"DLN","2009-07-16","34.69","35.23","34.65","35.13","21000","33.23","false"
"DLN","2009-07-15","34.29","34.97","34.26","34.92","39700","33.03","false"
"DLN","2009-07-14","33.89","33.93","33.67","33.91","61300","32.07","false"
"DLN","2009-07-13","32.99","33.74","32.89","33.74","18000","31.91","false"
"DLN","2009-07-10","32.86","32.86","32.59","32.81","10800","31.03","false"
"DLN","2009-07-09","33.15","33.15","32.87","32.88","23200","31.10","false"
"DLN","2009-07-08","33.14","33.19","32.50","32.90","48500","31.12","false"
"DLN","2009-07-07","33.49","33.49","33.04","33.04","12900","31.25","false"
"DLN","2009-07-06","33.19","34.09","33.19","33.68","38400","31.85","false"
"DLN","2009-07-02","34.01","34.10","33.60","33.65","48400","31.83","false"
"DLN","2009-07-01","34.50","34.79","34.46","34.51","29900","32.64","false"
"DLN","2009-06-30","34.65","34.66","34.12","34.38","64300","32.52","false"
"DLN","2009-06-29","34.46","34.65","34.22","34.65","30100","32.77","false"
"DLN","2009-06-26","34.22","34.56","34.06","34.29","33500","32.43","false"
"DLN","2009-06-25","33.50","34.33","33.49","34.28","26600","32.42","false"
"DLN","2009-06-24","33.81","34.16","33.13","33.67","96400","31.84","false"
"DLN","2009-06-23","33.46","34.77","33.24","33.47","38300","31.66","false"
"DLN","2009-06-22","33.90","34.74","33.34","33.42","63600","31.61","false"
"DLN","2009-06-19","34.77","34.81","34.40","34.70","53100","32.59","false"
"DLN","2009-06-18","34.12","34.62","34.12","34.49","33900","32.39","false"
"DLN","2009-06-17","34.20","34.42","33.98","34.15","30400","32.07","false"
"DLN","2009-06-16","35.00","35.00","34.27","34.31","48700","32.22","false"
"DLN","2009-06-15","35.19","35.19","34.65","34.84","41400","32.72","false"
"DLN","2009-06-12","35.35","35.67","35.35","35.67","40000","33.50","false"
"DLN","2009-06-11","35.20","35.91","35.20","35.62","49700","33.45","false"
"DLN","2009-06-10","35.65","35.65","34.79","35.14","37900","33.00","false"
"DLN","2009-06-09","35.28","35.41","35.09","35.34","27900","33.19","false"
"DLN","2009-06-08","35.04","35.45","34.78","35.15","64300","33.01","false"
"DLN","2009-06-05","35.73","35.73","35.04","35.23","37400","33.08","false"
"DLN","2009-06-04","35.05","35.35","34.92","35.33","46100","33.18","false"
"DLN","2009-06-03","35.16","35.18","34.62","34.94","66300","32.81","false"
"DLN","2009-06-02","35.28","35.53","35.15","35.39","54400","33.23","false"
"DLN","2009-06-01","35.15","35.56","34.99","35.41","38700","33.25","false"
"DLN","2009-05-29","34.43","34.54","34.05","34.54","45300","32.44","false"
"DLN","2009-05-28","33.91","34.18","33.49","34.13","54500","32.05","false"
"DLN","2009-05-27","34.47","34.47","33.55","33.60","48500","31.55","false"
"DLN","2009-05-26","33.45","34.40","33.45","34.28","48000","32.19","false"
"DLN","2009-05-22","33.82","33.84","33.49","33.55","39600","31.51","false"
"DLN","2009-05-21","33.70","33.74","33.22","33.59","56500","31.54","false"
"DLN","2009-05-20","34.79","34.88","34.09","34.15","40400","32.07","false"
"DLN","2009-05-19","34.56","34.63","34.29","34.35","48100","32.26","false"
"DLN","2009-05-18","33.86","34.44","33.79","34.44","34500","32.34","false"
"DLN","2009-05-15","33.79","33.91","33.24","33.38","23100","31.35","false"
"DLN","2009-05-14","33.44","33.97","33.40","33.80","41500","31.74","false"
"DLN","2009-05-13","33.90","33.99","33.44","33.52","50000","31.48","false"
"DLN","2009-05-12","34.76","34.76","33.96","34.44","94500","32.34","false"
"DLN","2009-05-11","34.86","34.88","34.42","34.43","28700","32.33","false"
"DLN","2009-05-08","34.90","35.28","34.62","35.26","49300","33.11","false"
"DLN","2009-05-07","35.35","35.35","34.12","34.32","100300","32.23","false"
"DLN","2009-05-06","34.45","34.73","34.06","34.66","211800","32.55","false"
"DLN","2009-05-05","34.00","34.02","33.67","33.84","54400","31.78","false"
"DLN","2009-05-04","33.07","33.99","33.07","33.99","39200","31.92","false"
"DLN","2009-05-01","32.44","32.79","32.35","32.67","33900","30.68","false"
"DLN","2009-04-30","33.14","33.14","32.41","32.53","61400","30.55","false"
"DLN","2009-04-29","32.27","32.70","32.19","32.45","46500","30.47","false"
"DLN","2009-04-28","31.45","32.14","31.45","31.84","151900","29.90","false"
"DLN","2009-04-27","32.20","32.46","31.93","31.96","38000","30.01","false"
"DLN","2009-04-24","32.25","32.58","32.05","32.30","67300","30.33","false"
"DLN","2009-04-23","31.58","31.93","31.24","31.93","52800","29.98","false"
"DLN","2009-04-22","31.54","32.26","31.44","31.45","57900","29.53","false"
"DLN","2009-04-21","31.01","31.87","30.88","31.83","79300","29.89","false"
"DLN","2009-04-20","32.27","32.27","31.19","31.19","33400","29.29","false"
"DLN","2009-04-17","32.65","33.13","32.52","32.87","89100","30.87","false"
"DLN","2009-04-16","32.25","32.76","31.92","32.58","100000","30.59","false"
"DLN","2009-04-15","31.46","32.24","31.46","32.24","31500","30.28","false"
"DLN","2009-04-14","32.04","32.37","31.60","31.64","59400","29.71","false"
"DLN","2009-04-13","31.99","32.67","31.88","32.51","83300","30.53","false"
"DLN","2009-04-09","31.93","32.21","31.55","32.19","68200","30.23","false"
"DLN","2009-04-08","30.75","30.85","30.45","30.76","43800","28.89","false"
"DLN","2009-04-07","30.81","30.93","30.51","30.56","97400","28.70","false"
"DLN","2009-04-06","31.22","31.31","30.82","31.31","34100","29.40","false"
"DLN","2009-04-03","31.28","31.43","30.96","31.43","104600","29.51","false"
"DLN","2009-04-02","31.16","31.61","31.08","31.09","142800","29.20","false"
"DLN","2009-04-01","29.32","30.50","29.32","30.40","123300","28.55","false"
"DLN","2009-03-31","29.67","30.33","29.54","29.80","84400","27.98","false"
"DLN","2009-03-30","29.99","29.99","29.14","29.37","90000","27.58","false"
"DLN","2009-03-27","30.88","30.99","30.52","30.52","64300","28.66","false"
"DLN","2009-03-26","31.07","31.27","30.58","31.23","74600","29.33","false"
"DLN","2009-03-25","30.56","31.10","29.74","30.66","66200","28.79","false"
"DLN","2009-03-24","30.56","30.99","30.21","30.21","85600","28.37","false"
"DLN","2009-03-23","29.77","30.85","29.54","30.85","75200","28.97","false"
"DLN","2009-03-20","29.83","29.83","29.02","29.12","68400","27.31","false"
"DLN","2009-03-19","30.84","30.84","29.68","29.69","87800","27.84","false"
"DLN","2009-03-18","29.28","30.58","29.08","30.24","135700","28.36","false"
"DLN","2009-03-17","28.71","29.51","28.49","29.51","106100","27.68","false"
"DLN","2009-03-16","29.11","29.54","28.64","28.64","75400","26.86","false"
"DLN","2009-03-13","28.81","28.81","28.12","28.64","68600","26.86","false"
"DLN","2009-03-12","27.09","28.47","27.00","28.37","96200","26.61","false"
"DLN","2009-03-11","27.36","27.64","26.83","27.13","43200","25.44","false"
"DLN","2009-03-10","26.09","27.11","26.09","27.11","57800","25.42","false"
"DLN","2009-03-09","25.14","25.96","25.14","25.39","88200","23.81","false"
"DLN","2009-03-06","25.57","26.07","24.86","25.53","239600","23.94","false"
"DLN","2009-03-05","26.00","26.16","25.22","25.40","77900","23.82","false"
"DLN","2009-03-04","26.42","26.92","26.00","26.49","85600","24.84","false"
"DLN","2009-03-03","26.57","26.69","25.86","26.09","135300","24.47","false"
"DLN","2009-03-02","27.15","27.15","26.25","26.32","232000","24.68","false"
"DLN","2009-02-27","27.77","28.29","27.60","27.60","100500","25.88","false"
"DLN","2009-02-26","29.29","29.46","28.35","28.41","68800","26.64","false"
"DLN","2009-02-25","28.55","29.32","28.20","28.73","91800","26.94","false"
"DLN","2009-02-24","27.88","29.03","27.76","28.91","174700","27.11","false"
"DLN","2009-02-23","28.99","29.04","27.76","27.76","99800","26.03","false"
"DLN","2009-02-20","28.38","29.02","27.97","28.72","206500","26.93","false"
"DLN","2009-02-19","29.94","29.94","29.08","29.18","122500","27.37","false"
"DLN","2009-02-18","29.92","29.92","29.21","29.56","57100","27.72","false"
"DLN","2009-02-17","29.93","30.15","29.59","29.64","88400","27.80","false"
"DLN","2009-02-13","31.48","31.59","31.03","31.05","60900","29.12","false"
"DLN","2009-02-12","30.92","31.48","30.44","31.48","69200","29.52","false"
"DLN","2009-02-11","31.54","31.71","31.18","31.57","114200","29.61","false"
"DLN","2009-02-10","32.76","32.87","31.05","31.17","86600","29.23","false"
"DLN","2009-02-09","32.90","33.17","32.67","33.02","51400","30.97","false"
"DLN","2009-02-06","31.78","32.94","31.78","32.81","68900","30.77","false"
"DLN","2009-02-05","31.25","32.01","30.88","31.78","48200","29.80","false"
"DLN","2009-02-04","31.83","32.28","31.37","31.50","54900","29.54","false"
"DLN","2009-02-03","31.88","31.94","31.31","31.79","56400","29.81","false"
"DLN","2009-02-02","31.00","31.68","31.00","31.45","50800","29.49","false"
"DLN","2009-01-30","32.35","32.56","31.34","31.57","51500","29.61","false"
"DLN","2009-01-29","33.14","33.14","32.31","32.36","44400","30.35","false"
"DLN","2009-01-28","33.41","33.66","33.08","33.53","38700","31.45","false"
"DLN","2009-01-27","32.42","32.63","32.04","32.47","78500","30.45","false"
"DLN","2009-01-26","32.37","32.80","31.81","32.02","99300","30.03","false"
"DLN","2009-01-23","31.31","32.25","31.03","32.16","62400","30.16","false"
"DLN","2009-01-22","31.66","32.38","31.29","31.98","90500","29.99","false"
"DLN","2009-01-21","31.63","32.50","31.00","32.45","116700","30.43","false"
"DLN","2009-01-20","32.55","32.79","31.10","31.23","68100","29.29","false"
"DLN","2009-01-16","33.84","33.84","32.25","33.15","79400","31.09","false"
"DLN","2009-01-15","33.26","33.30","31.87","32.98","51600","30.93","false"
"DLN","2009-01-14","33.93","33.93","32.90","33.20","135100","31.14","false"
"DLN","2009-01-13","34.00","34.48","33.86","34.28","37300","32.15","false"
"DLN","2009-01-12","35.25","35.25","34.16","34.41","58500","32.27","false"
"DLN","2009-01-09","36.11","36.11","35.00","35.15","118300","32.96","false"
"DLN","2009-01-08","35.78","35.87","35.31","35.87","90600","33.64","false"
"DLN","2009-01-07","36.31","36.39","35.68","35.89","149500","33.66","false"
"DLN","2009-01-06","36.82","37.23","36.65","36.89","147400","34.60","false"
"DLN","2009-01-05","37.07","37.07","36.40","36.72","124200","34.44","false"
"DLN","2009-01-02","36.40","37.21","35.93","37.19","35000","34.88","false"
"DLN","2010-12-31","46.02","46.17","45.95","46.10","35100","45.52","false"
"DLN","2010-12-30","45.97","46.14","45.97","46.07","68200","45.49","false"
"DLN","2010-12-29","46.20","46.24","46.10","46.14","56300","45.56","false"
"DLN","2010-12-28","46.14","46.14","45.93","46.04","68900","45.46","false"
"DLN","2010-12-27","45.98","46.03","45.86","46.01","39100","45.43","false"
"DLN","2010-12-23","46.03","46.07","45.96","46.04","48600","45.46","false"
"DLN","2010-12-22","45.96","46.02","45.85","46.02","165600","45.44","false"
"DLN","2010-12-21","46.19","46.29","46.14","46.19","248300","45.24","false"
"DLN","2010-12-20","46.26","46.26","45.92","46.07","166200","45.13","false"
"DLN","2010-12-17","46.01","46.04","45.81","46.04","62100","45.10","false"
"DLN","2010-12-16","45.77","46.01","45.65","46.01","53400","45.07","false"
"DLN","2010-12-15","45.86","45.97","45.71","45.76","121600","44.82","false"
"DLN","2010-12-14","45.86","46.13","45.78","45.89","58800","44.95","false"
"DLN","2010-12-13","45.87","45.87","45.71","45.71","68800","44.77","false"
"DLN","2010-12-10","45.56","45.65","45.44","45.63","76100","44.70","false"
"DLN","2010-12-09","45.59","45.59","45.25","45.36","107600","44.43","false"
"DLN","2010-12-08","45.28","45.30","45.02","45.26","83200","44.33","false"
"DLN","2010-12-07","45.74","45.74","45.16","45.17","224500","44.24","false"
"DLN","2010-12-06","45.08","45.17","44.99","45.06","72300","44.14","false"
"DLN","2010-12-03","44.96","45.16","44.89","45.13","56200","44.21","false"
"DLN","2010-12-02","44.67","45.05","44.64","45.04","67300","44.12","false"
"DLN","2010-12-01","44.50","44.64","44.30","44.57","201900","43.66","false"
"DLN","2010-11-30","43.58","43.93","43.52","43.74","90200","42.84","false"
"DLN","2010-11-29","43.90","44.01","43.50","43.93","47100","43.03","false"
"DLN","2010-11-26","44.09","44.12","44.03","44.03","10100","43.13","false"
"DLN","2010-11-24","44.10","44.34","44.09","44.34","30500","43.43","false"
"DLN","2010-11-23","43.85","44.30","43.72","43.83","98500","42.93","false"
"DLN","2010-11-22","44.23","44.38","43.97","44.38","49900","43.47","false"
"DLN","2010-11-19","44.38","44.49","44.14","44.49","38500","43.58","false"
"DLN","2010-11-18","44.17","44.48","44.17","44.40","74000","43.49","false"
"DLN","2010-11-17","43.83","43.89","43.73","43.80","66300","42.90","false"
"DLN","2010-11-16","44.19","44.19","43.57","43.78","153300","42.88","false"
"DLN","2010-11-15","44.60","44.71","44.40","44.41","61400","43.50","false"
"DLN","2010-11-12","44.58","44.66","44.24","44.44","51400","43.53","false"
"DLN","2010-11-11","44.74","44.86","44.25","44.83","54900","43.91","false"
"DLN","2010-11-10","44.89","44.89","44.50","44.85","78500","43.93","false"
"DLN","2010-11-09","45.26","45.26","44.71","44.83","66400","43.91","false"
"DLN","2010-11-08","45.07","45.16","44.94","45.13","76300","44.21","false"
"DLN","2010-11-05","45.64","45.64","45.06","45.25","57200","44.32","false"
"DLN","2010-11-04","44.96","45.26","44.85","45.23","113600","44.30","false"
"DLN","2010-11-03","44.46","44.50","43.87","44.45","70600","43.54","false"
"DLN","2010-11-02","44.51","44.51","44.27","44.36","74700","43.45","false"
"DLN","2010-11-01","44.59","44.59","43.84","44.06","82900","43.16","false"
"DLN","2010-10-29","44.03","44.09","43.94","44.05","51300","43.15","false"
"DLN","2010-10-28","44.17","44.20","43.83","44.05","214500","43.15","false"
"DLN","2010-10-27","43.87","43.95","43.55","43.95","62900","43.05","false"
"DLN","2010-10-26","43.99","44.13","43.78","44.10","34800","43.20","false"
"DLN","2010-10-25","44.29","44.42","44.11","44.12","32900","43.22","false"
"DLN","2010-10-22","44.13","44.13","43.90","43.99","47000","43.09","false"
"DLN","2010-10-21","44.13","44.35","43.78","44.03","61700","43.13","false"
"DLN","2010-10-20","43.67","44.11","43.67","43.97","63500","43.07","false"
"DLN","2010-10-19","43.79","43.86","43.00","43.50","125900","42.61","false"
"DLN","2010-10-18","43.92","44.44","43.83","44.07","145100","43.17","false"
"DLN","2010-10-15","44.12","44.12","43.66","43.85","52900","42.95","false"
"DLN","2010-10-14","43.94","44.01","43.60","43.88","65100","42.98","false"
"DLN","2010-10-13","43.88","44.11","43.74","43.92","87200","43.02","false"
"DLN","2010-10-12","43.53","43.73","43.21","43.65","83200","42.76","false"
"DLN","2010-10-11","43.67","44.25","43.40","43.56","57100","42.67","false"
"DLN","2010-10-08","43.37","43.64","43.27","43.54","37700","42.65","false"
"DLN","2010-10-07","43.60","43.60","43.18","43.37","49100","42.48","false"
"DLN","2010-10-06","43.54","43.54","43.28","43.40","128100","42.51","false"
"DLN","2010-10-05","42.94","43.44","42.89","43.34","85400","42.45","false"
"DLN","2010-10-04","42.69","42.90","42.44","42.60","86100","41.73","false"
"DLN","2010-10-01","43.01","44.98","42.65","42.85","120800","41.97","false"
"DLN","2010-09-30","43.06","43.22","42.50","42.67","753100","41.80","false"
"DLN","2010-09-29","42.85","42.95","42.67","42.81","71000","41.93","false"
"DLN","2010-09-28","42.82","43.03","42.50","42.94","50700","42.06","false"
"DLN","2010-09-27","43.05","43.59","42.72","42.73","83000","41.85","false"
"DLN","2010-09-24","42.66","42.90","42.50","42.89","64000","42.01","false"
"DLN","2010-09-23","42.31","42.52","42.08","42.16","55500","41.30","false"
"DLN","2010-09-22","42.68","42.81","42.44","42.53","58900","41.66","false"
"DLN","2010-09-21","42.66","42.88","42.50","42.60","66800","41.73","false"
"DLN","2010-09-20","42.30","42.77","42.20","42.70","39200","41.83","false"
"DLN","2010-09-17","42.54","42.54","42.28","42.37","109300","41.24","false"
"DLN","2010-09-16","42.32","42.36","42.16","42.34","43200","41.21","false"
"DLN","2010-09-15","42.05","42.41","42.00","42.37","60200","41.24","false"
"DLN","2010-09-14","42.17","42.39","42.07","42.20","49500","41.08","false"
"DLN","2010-09-13","42.28","42.28","41.99","42.21","983100","41.09","false"
"DLN","2010-09-10","41.90","41.91","41.63","41.87","92700","40.76","false"
"DLN","2010-09-09","42.00","42.00","41.59","41.68","106600","40.57","false"
"DLN","2010-09-08","41.29","41.63","41.29","41.47","15600","40.37","false"
"DLN","2010-09-07","41.63","41.63","41.23","41.29","42400","40.19","false"
"DLN","2010-09-03","41.50","41.70","41.42","41.67","39500","40.56","false"
"DLN","2010-09-02","41.11","41.26","41.02","41.26","20900","40.16","false"
"DLN","2010-09-01","40.54","41.02","40.43","41.00","25100","39.91","false"
"DLN","2010-08-31","39.83","40.13","39.66","39.94","92400","38.88","false"
"DLN","2010-08-30","40.48","40.48","39.91","39.93","22500","38.87","false"
"DLN","2010-08-27","40.09","40.48","39.66","40.42","30700","39.34","false"
"DLN","2010-08-26","40.35","40.35","39.75","39.91","63800","38.85","false"
"DLN","2010-08-25","39.86","40.16","39.59","40.16","25700","39.09","false"
"DLN","2010-08-24","40.09","40.23","39.77","40.01","358700","38.95","false"
"DLN","2010-08-23","40.73","40.78","40.39","40.43","29300","39.35","false"
"DLN","2010-08-20","40.51","40.51","40.22","40.45","36000","39.37","false"
"DLN","2010-08-19","41.17","41.17","40.37","40.61","28600","39.53","false"
"DLN","2010-08-18","41.34","41.40","40.97","41.24","31800","40.14","false"
"DLN","2010-08-17","40.87","41.45","40.87","41.19","28000","40.09","false"
"DLN","2010-08-16","40.58","40.80","40.40","40.75","34800","39.67","false"
"DLN","2010-08-13","40.72","40.90","40.69","40.74","17500","39.66","false"
"DLN","2010-08-12","40.44","40.93","40.10","40.86","35500","39.77","false"
"DLN","2010-08-11","41.31","41.31","40.93","40.99","37100","39.90","false"
"DLN","2010-08-10","41.77","42.07","41.57","41.97","81600","40.85","false"
"DLN","2010-08-09","41.88","42.08","41.88","42.06","20700","40.94","false"
"DLN","2010-08-06","41.54","41.73","41.29","41.67","41100","40.56","false"
"DLN","2010-08-05","41.68","41.85","41.56","41.81","16900","40.70","false"
"DLN","2010-08-04","41.68","41.91","41.64","41.87","35300","40.76","false"
"DLN","2010-08-03","41.65","41.82","41.60","41.67","98300","40.56","false"
"DLN","2010-08-02","41.50","41.83","41.45","41.82","28200","40.71","false"
"DLN","2010-07-30","40.80","41.13","39.99","41.00","29700","39.91","false"
"DLN","2010-07-29","41.50","41.50","40.78","40.99","48500","39.90","false"
"DLN","2010-07-28","41.37","41.37","41.12","41.16","28100","40.06","false"
"DLN","2010-07-27","41.42","41.42","41.18","41.39","22900","40.29","false"
"DLN","2010-07-26","41.00","41.29","40.89","41.29","59400","40.19","false"
"DLN","2010-07-23","40.49","40.86","40.44","40.86","15900","39.77","false"
"DLN","2010-07-22","40.39","40.70","40.34","40.58","22900","39.50","false"
"DLN","2010-07-21","40.19","40.24","39.56","39.74","15900","38.68","false"
"DLN","2010-07-20","39.39","40.15","39.38","40.15","34900","39.08","false"
"DLN","2010-07-19","39.74","39.85","39.62","39.80","28900","38.74","false"
"DLN","2010-07-16","40.27","40.27","39.50","39.59","29500","38.54","false"
"DLN","2010-07-15","40.40","40.48","40.02","40.47","52200","39.39","false"
"DLN","2010-07-14","40.30","40.48","40.11","40.38","32800","39.31","false"
"DLN","2010-07-13","40.33","40.55","40.27","40.41","23200","39.33","false"
"DLN","2010-07-12","39.82","39.91","39.67","39.91","42200","38.85","false"
"DLN","2010-07-09","39.76","39.89","39.60","39.89","16500","38.83","false"
"DLN","2010-07-08","40.00","40.00","39.28","39.66","34500","38.60","false"
"DLN","2010-07-07","38.34","39.31","38.28","39.31","23500","38.26","false"
"DLN","2010-07-06","38.49","38.57","37.96","38.04","34100","37.03","false"
"DLN","2010-07-02","38.49","38.49","37.77","37.97","33600","36.96","false"
"DLN","2010-07-01","38.27","38.49","37.61","38.17","47500","37.15","false"
"DLN","2010-06-30","38.52","38.72","37.98","38.23","95800","37.21","false"
"DLN","2010-06-29","39.09","39.09","38.34","38.53","23700","37.50","false"
"DLN","2010-06-28","39.64","39.66","39.40","39.46","12300","38.41","false"
"DLN","2010-06-25","39.93","39.98","39.65","39.76","76700","38.38","false"
"DLN","2010-06-24","40.20","40.20","39.78","39.78","14000","38.40","false"
"DLN","2010-06-23","40.45","40.50","40.06","40.39","17400","38.99","false"
"DLN","2010-06-22","41.18","41.23","40.44","40.50","17500","39.09","false"
"DLN","2010-06-21","41.73","41.73","40.95","41.01","71700","39.59","false"
"DLN","2010-06-18","41.29","41.29","41.13","41.19","82200","39.76","false"
"DLN","2010-06-17","41.09","41.16","40.80","41.16","45400","39.73","false"
"DLN","2010-06-16","41.00","41.21","40.84","41.10","26000","39.67","false"
"DLN","2010-06-15","40.67","41.13","40.55","41.13","26800","39.70","false"
"DLN","2010-06-14","40.69","40.79","40.33","40.33","40900","38.93","false"
"DLN","2010-06-11","39.90","40.28","39.90","40.28","16800","38.88","false"
"DLN","2010-06-10","39.85","40.21","39.81","40.16","27900","38.76","false"
"DLN","2010-06-09","39.57","39.80","39.07","39.07","19400","37.71","false"
"DLN","2010-06-08","38.77","39.30","38.63","39.30","37900","37.93","false"
"DLN","2010-06-07","39.36","39.36","38.80","38.80","36000","37.45","false"
"DLN","2010-06-04","39.89","39.89","39.05","39.09","22300","37.73","false"
"DLN","2010-06-03","40.48","40.51","40.16","40.47","30400","39.06","false"
"DLN","2010-06-02","39.60","40.16","39.50","40.12","30900","38.73","false"
"DLN","2010-06-01","39.73","40.20","39.45","39.45","17200","38.08","false"
"DLN","2010-05-28","40.27","40.37","39.92","39.97","23400","38.58","false"
"DLN","2010-05-27","40.12","40.42","39.85","40.42","40100","39.02","false"
"DLN","2010-05-26","39.73","39.95","39.26","39.26","51000","37.90","false"
"DLN","2010-05-25","38.61","39.48","38.50","39.48","77100","38.11","false"
"DLN","2010-05-24","39.88","40.13","39.59","39.59","26400","38.21","false"
"DLN","2010-05-21","39.03","40.10","38.66","40.05","42100","38.66","false"
"DLN","2010-05-20","40.18","40.38","39.73","39.75","79700","38.37","false"
"DLN","2010-05-19","41.14","41.30","40.67","41.10","28900","39.67","false"
"DLN","2010-05-18","41.97","42.13","41.27","41.33","22100","39.89","false"
"DLN","2010-05-17","41.79","41.79","41.20","41.74","63200","40.29","false"
"DLN","2010-05-14","42.19","43.24","41.41","41.70","51400","40.25","false"
"DLN","2010-05-13","42.74","42.81","42.31","42.31","17500","40.84","false"
"DLN","2010-05-12","42.50","42.86","42.46","42.84","24900","41.35","false"
"DLN","2010-05-11","42.12","42.76","42.12","42.27","24800","40.80","false"
"DLN","2010-05-10","42.31","42.58","42.05","42.44","34500","40.97","false"
"DLN","2010-05-07","41.29","41.46","40.70","40.95","25700","39.53","false"
"DLN","2010-05-06","42.36","42.40","17.91","41.43","89100","39.99","false"
"DLN","2010-05-05","42.51","42.80","42.42","42.61","29400","41.13","false"
"DLN","2010-05-04","43.23","43.27","42.64","42.79","49300","41.30","false"
"DLN","2010-05-03","43.28","43.79","43.28","43.68","31800","42.16","false"
"DLN","2010-04-30","43.71","43.75","43.14","43.14","22600","41.64","false"
"DLN","2010-04-29","43.33","43.73","43.33","43.61","23500","42.10","false"
"DLN","2010-04-28","43.07","43.53","42.64","43.07","93700","41.57","false"
"DLN","2010-04-27","43.57","43.69","42.84","42.87","14500","41.38","false"
"DLN","2010-04-26","43.92","43.96","43.72","43.73","40100","42.21","false"
"DLN","2010-04-23","43.59","43.82","43.45","43.81","37300","42.29","false"
"DLN","2010-04-22","43.34","43.64","43.07","43.63","24700","42.11","false"
"DLN","2010-04-21","43.90","43.90","43.39","43.50","34000","41.99","false"
"DLN","2010-04-20","43.69","43.73","43.55","43.65","104700","42.13","false"
"DLN","2010-04-19","43.18","43.44","43.01","43.44","61400","41.93","false"
"DLN","2010-04-16","43.66","43.70","43.07","43.24","30400","41.74","false"
"DLN","2010-04-15","43.66","43.76","43.57","43.74","376900","42.22","false"
"DLN","2010-04-14","43.57","43.72","43.42","43.69","30300","42.17","false"
"DLN","2010-04-13","43.30","43.53","43.16","43.50","76000","41.99","false"
"DLN","2010-04-12","43.45","43.51","43.38","43.45","31100","41.94","false"
"DLN","2010-04-09","43.04","43.39","43.04","43.38","26900","41.87","false"
"DLN","2010-04-08","42.73","43.11","42.71","43.05","32800","41.55","false"
"DLN","2010-04-07","43.12","43.16","42.75","42.89","28900","41.40","false"
"DLN","2010-04-06","43.17","43.25","43.00","43.21","57500","41.71","false"
"DLN","2010-04-05","43.15","43.19","42.91","43.18","26800","41.68","false"
"DLN","2010-04-01","42.89","42.96","42.71","42.84","14000","41.35","false"
"DLN","2010-03-31","42.70","42.75","42.50","42.62","17100","41.14","false"
"DLN","2010-03-30","42.83","42.89","42.62","42.73","21300","41.25","false"
"DLN","2010-03-29","42.65","42.78","42.57","42.75","36100","41.26","false"
"DLN","2010-03-26","42.87","42.97","42.64","42.77","51800","41.02","false"
"DLN","2010-03-25","43.11","43.18","42.76","42.77","29600","41.02","false"
"DLN","2010-03-24","43.11","43.11","42.80","42.90","27200","41.15","false"
"DLN","2010-03-23","42.95","43.19","42.81","43.18","73400","41.41","false"
"DLN","2010-03-22","42.37","42.91","42.37","42.83","43200","41.08","false"
"DLN","2010-03-19","42.99","42.99","42.47","42.49","41800","40.75","false"
"DLN","2010-03-18","42.68","42.80","42.61","42.79","153100","41.04","false"
"DLN","2010-03-17","42.54","42.85","42.54","42.74","148200","40.99","false"
"DLN","2010-03-16","42.24","42.50","42.22","42.50","160200","40.76","false"
"DLN","2010-03-15","42.07","42.17","41.93","42.12","104100","40.40","false"
"DLN","2010-03-12","42.13","42.13","41.92","42.05","28000","40.33","false"
"DLN","2010-03-11","41.71","42.04","41.71","42.04","22100","40.32","false"
"DLN","2010-03-10","41.86","41.96","41.76","41.89","22500","40.18","false"
"DLN","2010-03-09","41.68","41.92","41.63","41.74","14000","40.03","false"
"DLN","2010-03-08","41.81","41.81","41.64","41.74","24300","40.03","false"
"DLN","2010-03-05","41.40","41.74","41.30","41.74","23600","40.03","false"
"DLN","2010-03-04","41.22","41.29","41.04","41.27","17500","39.58","false"
"DLN","2010-03-03","41.30","41.37","41.03","41.10","44400","39.42","false"
"DLN","2010-03-02","41.19","41.26","41.08","41.14","30000","39.46","false"
"DLN","2010-03-01","40.77","41.03","40.77","40.99","11000","39.31","false"
"DLN","2010-02-26","40.69","40.82","40.64","40.73","12200","39.07","false"
"DLN","2010-02-25","40.34","40.74","40.23","40.74","22700","39.07","false"
"DLN","2010-02-24","40.71","40.88","40.54","40.86","34000","39.19","false"
"DLN","2010-02-23","40.79","40.99","40.47","40.54","28200","38.88","false"
"DLN","2010-02-22","41.19","41.19","40.86","40.96","28700","39.29","false"
"DLN","2010-02-19","40.94","41.13","40.75","41.04","45500","39.36","false"
"DLN","2010-02-18","40.67","40.93","40.65","40.93","28000","39.26","false"
"DLN","2010-02-17","40.68","40.71","40.57","40.69","20700","39.03","false"
"DLN","2010-02-16","40.17","40.59","40.17","40.59","35200","38.93","false"
"DLN","2010-02-12","39.65","39.92","39.56","39.84","39600","38.21","false"
"DLN","2010-02-11","39.45","40.03","39.44","40.01","22700","38.37","false"
"DLN","2010-02-10","39.63","39.77","38.36","39.54","37000","37.92","false"
"DLN","2010-02-09","39.55","40.00","39.42","39.68","22800","38.06","false"
"DLN","2010-02-08","39.35","39.62","39.19","39.19","18800","37.59","false"
"DLN","2010-02-05","39.43","39.50","38.89","39.50","41500","37.89","false"
"DLN","2010-02-04","40.35","40.35","39.50","39.54","40300","37.92","false"
"DLN","2010-02-03","40.82","40.82","40.45","40.63","35900","38.97","false"
"DLN","2010-02-02","40.48","40.95","40.36","40.92","24100","39.25","false"
"DLN","2010-02-01","40.02","40.37","40.02","40.31","37700","38.66","false"
"DLN","2010-01-29","40.22","40.54","39.82","39.91","28600","38.28","false"
"DLN","2010-01-28","40.76","40.76","39.97","40.20","39800","38.56","false"
"DLN","2010-01-27","40.49","40.64","40.13","40.60","52000","38.94","false"
"DLN","2010-01-26","40.56","40.76","40.35","40.48","47800","38.83","false"
"DLN","2010-01-25","40.87","40.87","40.60","40.64","21600","38.98","false"
"DLN","2010-01-22","40.91","41.12","40.40","40.44","54300","38.79","false"
"DLN","2010-01-21","41.89","41.99","41.08","41.16","25600","39.48","false"
"DLN","2010-01-20","43.00","43.00","41.61","41.91","44500","40.20","false"
"DLN","2010-01-19","41.85","42.33","41.85","42.30","26600","40.57","false"
"DLN","2010-01-15","42.18","42.39","41.61","41.81","51000","40.10","false"
"DLN","2010-01-14","42.32","42.32","42.08","42.16","35000","40.44","false"
"DLN","2010-01-13","42.06","42.23","41.92","42.22","44500","40.49","false"
"DLN","2010-01-12","41.89","42.00","41.71","41.88","45100","40.17","false"
"DLN","2010-01-11","42.20","42.20","41.92","42.12","28800","40.40","false"
"DLN","2010-01-08","41.81","41.94","41.68","41.94","36500","40.23","false"
"DLN","2010-01-07","41.63","41.86","41.57","41.86","27400","40.15","false"
"DLN","2010-01-06","41.73","41.82","41.68","41.79","41800","40.08","false"
"DLN","2010-01-05","41.81","41.81","41.59","41.77","20500","40.06","false"
"DLN","2010-01-04","41.45","41.84","41.45","41.80","47000","40.09","false"
"DLN","2011-06-24","47.94","47.94","47.40","47.47","185900","47.47","false"
"DLN","2011-06-23","47.75","47.91","47.24","47.83","55900","47.83","false"
"DLN","2011-06-22","48.25","48.44","48.11","48.11","62500","48.11","false"
"DLN","2011-06-21","48.54","48.82","48.47","48.66","258000","48.35","false"
"DLN","2011-06-20","47.90","48.40","47.90","48.33","135500","48.03","false"
"DLN","2011-06-17","48.16","48.29","47.88","48.02","33800","47.72","false"
"DLN","2011-06-16","47.64","47.96","47.53","47.82","122000","47.52","false"
"DLN","2011-06-15","48.04","48.07","47.41","47.59","45300","47.29","false"
"DLN","2011-06-14","48.21","48.52","48.19","48.30","102500","48.00","false"
"DLN","2011-06-13","47.82","48.00","47.65","47.80","62400","47.50","false"
"DLN","2011-06-10","48.19","48.19","47.61","47.69","130700","47.39","false"
"DLN","2011-06-09","48.21","48.52","48.05","48.32","312500","48.02","false"
"DLN","2011-06-08","47.98","48.16","47.90","48.04","105800","47.74","false"
"DLN","2011-06-07","48.24","48.41","48.07","48.07","102900","47.77","false"
"DLN","2011-06-06","48.25","48.35","48.00","48.07","81200","47.77","false"
"DLN","2011-06-03","48.32","48.70","48.27","48.46","130900","48.16","false"
"DLN","2011-06-02","49.07","49.14","48.65","48.85","88600","48.54","false"
"DLN","2011-06-01","49.96","49.96","49.04","49.12","48900","48.81","false"
"DLN","2011-05-31","49.96","50.01","49.67","50.01","153000","49.70","false"
"DLN","2011-05-27","49.46","49.65","49.45","49.57","77600","49.26","false"
"DLN","2011-05-26","49.11","49.50","49.04","49.42","93600","49.11","false"
"DLN","2011-05-25","49.08","49.46","48.99","49.29","281700","48.98","false"
"DLN","2011-05-24","49.29","49.41","49.19","49.22","1927000","48.91","false"
"DLN","2011-05-23","49.12","49.33","49.01","49.23","76300","48.92","false"
"DLN","2011-05-20","49.95","49.95","49.55","49.74","32100","49.43","false"
"DLN","2011-05-19","50.06","50.11","49.78","50.06","48400","49.75","false"
"DLN","2011-05-18","49.56","49.95","49.52","49.92","69700","49.61","false"
"DLN","2011-05-17","49.45","49.55","49.18","49.49","56200","49.18","false"
"DLN","2011-05-16","49.52","49.88","49.47","49.57","57200","49.26","false"
"DLN","2011-05-13","49.96","50.06","49.56","49.74","477200","49.43","false"
"DLN","2011-05-12","49.62","50.03","49.44","50.00","30000","49.69","false"
"DLN","2011-05-11","50.02","50.02","49.54","49.69","127400","49.38","false"
"DLN","2011-05-10","49.84","50.14","49.80","50.06","31300","49.75","false"
"DLN","2011-05-09","49.55","49.76","49.46","49.70","26000","49.39","false"
"DLN","2011-05-06","49.77","49.92","49.40","49.50","56700","49.19","false"
"DLN","2011-05-05","49.63","49.69","49.07","49.24","81400","48.93","false"
"DLN","2011-05-04","50.07","50.07","49.64","49.77","36000","49.46","false"
"DLN","2011-05-03","50.07","50.16","49.77","50.03","40000","49.72","false"
"DLN","2011-05-02","50.47","50.47","50.02","50.09","58000","49.78","false"
"DLN","2011-04-29","50.04","50.20","50.03","50.18","46000","49.86","false"
"DLN","2011-04-28","49.84","50.14","49.83","50.11","38700","49.79","false"
"DLN","2011-04-27","49.56","49.96","49.48","49.88","30600","49.57","false"
"DLN","2011-04-26","49.19","49.55","49.10","49.46","33800","49.15","false"
"DLN","2011-04-25","48.96","49.04","48.81","49.01","89900","48.70","false"
"DLN","2011-04-21","49.13","49.13","48.92","49.06","38200","48.75","false"
"DLN","2011-04-20","48.86","49.00","48.83","48.92","27800","48.61","false"
"DLN","2011-04-19","48.15","48.31","48.07","48.31","58500","48.01","false"
"DLN","2011-04-18","48.08","48.19","47.80","48.11","53700","47.81","false"
"DLN","2011-04-15","48.50","48.72","48.33","48.58","25600","48.27","false"
"DLN","2011-04-14","47.96","48.40","47.85","48.31","35000","48.01","false"
"DLN","2011-04-13","48.38","48.38","48.00","48.10","24800","47.80","false"
"DLN","2011-04-12","48.23","48.33","48.06","48.21","87700","47.91","false"
"DLN","2011-04-11","48.70","48.82","48.41","48.56","50000","48.25","false"
"DLN","2011-04-08","48.83","48.85","48.47","48.64","44800","48.33","false"
"DLN","2011-04-07","48.70","48.77","48.46","48.71","26000","48.40","false"
"DLN","2011-04-06","48.89","48.89","48.70","48.81","32500","48.50","false"
"DLN","2011-04-05","48.47","48.82","48.47","48.66","99800","48.35","false"
"DLN","2011-04-04","48.70","48.70","48.51","48.62","106500","48.31","false"
"DLN","2011-04-01","48.62","48.67","48.41","48.55","87500","48.24","false"
"DLN","2011-03-31","48.42","48.51","48.31","48.32","52800","48.02","false"
"DLN","2011-03-30","48.21","48.56","48.21","48.44","50100","48.14","false"
"DLN","2011-03-29","47.70","48.05","47.60","48.04","33700","47.74","false"
"DLN","2011-03-28","47.93","48.01","47.71","47.71","73100","47.41","false"
"DLN","2011-03-25","47.76","47.91","47.66","47.76","44300","47.46","false"
"DLN","2011-03-24","47.40","47.74","47.32","47.59","102900","47.29","false"
"DLN","2011-03-23","46.97","47.34","46.82","47.27","27300","46.97","false"
"DLN","2011-03-22","47.28","47.29","47.08","47.13","55800","46.83","false"
"DLN","2011-03-21","47.11","47.33","47.11","47.22","51400","46.92","false"
"DLN","2011-03-18","47.15","47.15","46.74","46.80","109000","46.21","false"
"DLN","2011-03-17","46.70","46.78","46.32","46.60","162100","46.02","false"
"DLN","2011-03-16","46.71","46.80","45.88","46.03","179900","45.45","false"
"DLN","2011-03-15","46.29","47.03","46.19","46.91","81900","46.32","false"
"DLN","2011-03-14","47.41","47.52","47.09","47.40","43700","46.81","false"
"DLN","2011-03-11","47.26","47.86","47.26","47.72","49100","47.12","false"
"DLN","2011-03-10","47.81","47.84","47.49","47.50","45900","46.90","false"
"DLN","2011-03-09","48.16","48.28","47.96","48.27","30600","47.66","false"
"DLN","2011-03-08","47.84","48.33","47.75","48.18","51600","47.58","false"
"DLN","2011-03-07","48.19","48.30","47.69","47.78","148400","47.18","false"
"DLN","2011-03-04","48.38","48.45","47.80","48.09","89600","47.49","false"
"DLN","2011-03-03","48.11","48.45","48.08","48.39","51700","47.78","false"
"DLN","2011-03-02","47.63","47.84","47.47","47.71","57300","47.11","false"
"DLN","2011-03-01","48.47","48.48","47.65","47.65","50200","47.05","false"
"DLN","2011-02-28","48.08","48.29","48.02","48.29","70300","47.68","false"
"DLN","2011-02-25","47.71","47.92","47.65","47.89","43800","47.29","false"
"DLN","2011-02-24","47.53","47.67","47.21","47.51","219400","46.91","false"
"DLN","2011-02-23","47.87","47.95","47.46","47.60","114000","47.00","false"
"DLN","2011-02-22","47.98","48.37","47.70","47.84","93700","47.24","false"
"DLN","2011-02-18","48.43","48.51","48.27","48.51","62000","47.90","false"
"DLN","2011-02-17","48.11","48.40","48.04","48.37","292900","47.76","false"
"DLN","2011-02-16","48.10","48.38","47.92","48.13","87600","47.53","false"
"DLN","2011-02-15","47.96","48.21","47.80","47.94","38900","47.34","false"
"DLN","2011-02-14","48.01","48.08","47.82","48.06","69800","47.46","false"
"DLN","2011-02-11","47.64","48.02","47.56","47.95","65700","47.35","false"
"DLN","2011-02-10","47.59","47.82","47.39","47.79","60400","47.19","false"
"DLN","2011-02-09","47.80","47.81","47.58","47.74","53300","47.14","false"
"DLN","2011-02-08","47.61","47.91","47.61","47.84","148500","47.24","false"
"DLN","2011-02-07","47.53","47.75","47.53","47.67","109500","47.07","false"
"DLN","2011-02-04","47.47","47.47","47.23","47.44","105700","46.84","false"
"DLN","2011-02-03","47.23","47.44","47.00","47.41","60300","46.81","false"
"DLN","2011-02-02","47.28","47.42","47.18","47.23","85200","46.64","false"
"DLN","2011-02-01","46.98","47.39","46.90","47.32","70100","46.73","false"
"DLN","2011-01-31","46.57","46.66","46.41","46.62","41300","46.03","false"
"DLN","2011-01-28","47.21","47.21","46.34","46.37","96900","45.79","false"
"DLN","2011-01-27","47.09","47.18","46.97","47.18","36600","46.59","false"
"DLN","2011-01-26","47.11","47.20","47.03","47.10","67300","46.51","false"
"DLN","2011-01-25","46.91","47.00","46.70","46.97","257100","46.38","false"
"DLN","2011-01-24","46.75","46.97","46.68","46.92","131100","46.33","false"
"DLN","2011-01-21","46.85","46.85","46.62","46.69","128100","46.10","false"
"DLN","2011-01-20","46.40","46.67","46.25","46.51","123000","45.93","false"
"DLN","2011-01-19","46.77","46.77","46.38","46.49","37900","45.91","false"
"DLN","2011-01-18","46.76","46.80","46.69","46.75","103400","46.16","false"
"DLN","2011-01-14","46.45","46.68","46.38","46.68","166400","46.09","false"
"DLN","2011-01-13","46.58","46.58","46.34","46.46","69000","45.88","false"
"DLN","2011-01-12","46.42","46.65","46.37","46.54","123200","45.96","false"
"DLN","2011-01-11","46.33","46.33","46.10","46.23","80500","45.65","false"
"DLN","2011-01-10","46.06","46.20","45.99","46.17","54600","45.59","false"
"DLN","2011-01-07","46.42","46.48","46.00","46.28","36300","45.70","false"
"DLN","2011-01-06","46.64","46.64","46.25","46.41","56800","45.83","false"
"DLN","2011-01-05","46.37","46.58","46.27","46.55","225500","45.97","false"
"DLN","2011-01-04","46.59","46.59","46.22","46.43","144800","45.85","false"
"DLN","2011-01-03","46.45","46.56","46.36","46.42","71100","45.84","false"
