"DND","2006-12-29","63.03","63.15","62.93","62.93","21000","51.38","false"
"DND","2006-12-28","63.06","63.18","62.85","63.09","4500","51.51","false"
"DND","2006-12-27","62.40","62.75","62.40","62.73","6600","51.22","false"
"DND","2006-12-26","61.90","61.95","61.82","61.92","22100","50.56","false"
"DND","2006-12-22","62.00","62.00","61.82","61.89","49700","50.53","false"
"DND","2006-12-21","61.48","61.55","61.39","61.49","22200","50.20","false"
"DND","2006-12-20","61.94","62.04","61.79","61.89","2800","50.53","false"
"DND","2006-12-19","61.05","61.50","61.05","61.47","18600","50.19","false"
"DND","2006-12-18","61.83","61.83","61.42","61.42","20500","50.15","false"
"DND","2006-12-15","61.95","61.95","61.54","61.63","13300","50.32","false"
"DND","2006-12-14","61.49","61.85","61.49","61.78","3900","50.44","false"
"DND","2006-12-13","60.88","60.88","60.66","60.84","16700","49.67","false"
"DND","2006-12-12","60.83","60.87","60.51","60.75","21800","49.60","false"
"DND","2006-12-11","60.70","61.01","60.62","60.82","14800","49.66","false"
"DND","2006-12-08","60.55","60.55","60.45","60.45","10100","49.36","false"
"DND","2006-12-07","60.80","60.86","60.42","60.56","10000","49.45","false"
"DND","2006-12-06","60.38","60.60","60.34","60.41","7700","49.32","false"
"DND","2006-12-05","60.32","60.56","60.25","60.51","4300","49.40","false"
"DND","2006-12-04","59.94","60.48","59.94","60.48","3800","49.38","false"
"DND","2006-12-01","60.02","60.02","59.43","59.63","3800","48.69","false"
"DND","2006-11-30","60.45","60.60","60.21","60.55","7000","49.44","false"
"DND","2006-11-29","60.00","60.17","59.95","60.12","1600","49.09","false"
"DND","2006-11-28","58.75","59.18","58.65","59.18","5100","48.32","false"
"DND","2006-11-27","59.70","59.70","59.12","59.12","3900","48.27","false"
"DND","2006-11-24","59.74","59.93","59.74","59.87","1600","48.88","false"
"DND","2006-11-22","59.44","59.64","59.37","59.64","8900","48.69","false"
"DND","2006-11-21","58.64","58.89","58.62","58.87","4000","48.07","false"
"DND","2006-11-20","58.12","58.27","57.94","58.18","9600","47.50","false"
"DND","2006-11-17","58.91","59.27","58.91","59.27","6100","48.39","false"
"DND","2006-11-16","59.20","59.20","58.82","58.82","1400","48.02","false"
"DND","2006-11-15","58.80","58.99","58.80","58.98","9800","48.16","false"
"DND","2006-11-14","58.50","58.80","58.50","58.80","2100","48.01","false"
"DND","2006-11-13","58.45","58.59","58.44","58.44","3300","47.71","false"
"DND","2006-11-10","58.56","58.56","58.36","58.49","1500","47.76","false"
"DND","2006-11-09","58.51","58.75","58.38","58.47","28400","47.74","false"
"DND","2006-11-08","58.50","58.96","58.40","58.79","6200","48.00","false"
"DND","2006-11-07","59.25","59.44","59.16","59.18","7100","48.32","false"
"DND","2006-11-06","58.73","59.25","58.72","59.23","32200","48.36","false"
"DND","2006-11-03","58.63","58.63","58.33","58.47","6300","47.74","false"
"DND","2006-11-02","58.28","58.41","58.18","58.35","18900","47.64","false"
"DND","2006-11-01","58.55","58.55","57.97","57.97","8800","47.33","false"
"DND","2006-10-31","57.68","58.00","57.68","58.00","5500","47.36","false"
"DND","2006-10-30","57.38","57.53","57.38","57.39","3600","46.86","false"
"DND","2006-10-27","57.62","57.65","57.36","57.37","64300","46.84","false"
"DND","2006-10-26","57.25","57.54","57.18","57.54","3700","46.98","false"
"DND","2006-10-25","56.75","56.77","56.72","56.77","1100","46.35","false"
"DND","2006-10-24","56.27","56.60","56.27","56.54","7700","46.16","false"
"DND","2006-10-23","56.43","56.79","56.43","56.68","2600","46.28","false"
"DND","2006-10-20","56.58","56.64","56.58","56.61","1600","46.22","false"
"DND","2006-10-19","56.17","56.27","56.15","56.27","1000","45.94","false"
"DND","2006-10-18","56.28","56.30","55.99","56.12","6300","45.82","false"
"DND","2006-10-17","55.75","55.75","55.34","55.66","31100","45.44","false"
"DND","2006-10-16","56.15","56.33","56.00","56.27","4300","45.94","false"
"DND","2006-10-13","55.76","55.84","55.54","55.84","10300","45.59","false"
"DND","2006-10-12","55.52","55.79","55.52","55.79","20300","45.55","false"
"DND","2006-10-11","55.05","55.07","55.03","55.07","11800","44.96","false"
"DND","2006-10-10","54.81","54.87","54.78","54.78","3200","44.73","false"
"DND","2006-10-09","54.63","54.72","54.57","54.58","51500","44.56","false"
"DND","2006-10-06","54.70","54.82","54.67","54.82","7400","44.76","false"
"DND","2006-10-05","55.01","55.15","55.01","55.15","1600","45.03","false"
"DND","2006-10-04","54.08","54.67","54.04","54.65","15900","44.62","false"
"DND","2006-10-03","54.09","54.37","54.05","54.05","11300","44.13","false"
"DND","2006-10-02","54.25","54.47","54.19","54.19","1300","44.24","false"
"DND","2006-09-29","53.90","54.06","53.90","53.92","2000","44.02","false"
"DND","2006-09-28","53.83","53.89","53.69","53.85","1600","43.97","false"
"DND","2006-09-27","53.89","53.98","53.75","53.98","2500","44.07","false"
"DND","2006-09-26","53.39","53.47","53.13","53.47","2000","43.66","false"
"DND","2006-09-25","53.15","53.60","52.95","53.60","4900","43.76","false"
"DND","2006-09-22","53.25","53.25","52.76","52.91","12300","43.20","false"
"DND","2006-09-21","53.85","53.85","53.48","53.48","3400","43.66","false"
"DND","2006-09-20","53.47","53.69","53.47","53.59","41900","43.75","false"
"DND","2006-09-19","53.88","53.88","53.07","53.07","44800","43.33","false"
"DND","2006-09-18","53.78","54.01","53.78","53.93","11100","44.03","false"
"DND","2006-09-15","53.38","53.58","53.38","53.58","200","43.75","false"
"DND","2006-09-14","53.53","53.53","53.47","53.52","5900","43.70","false"
"DND","2006-09-13","53.25","53.58","53.25","53.57","1300","43.74","false"
"DND","2006-09-12","52.78","53.08","52.78","53.07","15300","43.33","false"
"DND","2006-09-11","52.71","52.96","52.70","52.86","8700","43.16","false"
"DND","2006-09-08","53.44","53.44","53.35","53.35","200","43.56","false"
"DND","2006-09-07","53.49","53.52","53.43","53.43","7100","43.62","false"
"DND","2006-09-06","55.15","55.15","53.67","53.67","18500","43.82","false"
"DND","2006-09-05","54.86","55.08","54.10","54.10","12500","44.17","false"
"DND","2006-09-01","54.25","54.64","54.25","54.45","4900","44.46","false"
"DND","2006-08-31","54.84","54.84","54.18","54.18","1500","44.24","false"
"DND","2006-08-30","54.38","54.97","54.19","54.76","5800","44.71","false"
"DND","2006-08-29","54.10","54.27","53.58","54.27","9500","44.31","false"
"DND","2006-08-28","53.18","53.78","53.18","53.29","2800","43.51","false"
"DND","2006-08-25","53.15","53.15","52.78","52.88","1500","43.17","false"
"DND","2006-08-24","53.18","53.23","53.03","53.05","3300","43.31","false"
"DND","2006-08-23","54.40","54.40","52.70","53.16","2800","43.40","false"
"DND","2006-08-22","52.84","53.02","52.73","52.82","15000","43.13","false"
"DND","2006-08-21","52.88","52.94","52.88","52.94","2300","43.22","false"
"DND","2006-08-18","52.85","52.85","52.85","52.85","3800","43.15","false"
"DND","2006-08-17","53.02","53.06","52.92","52.92","2700","43.21","false"
"DND","2006-08-16","52.87","52.87","52.86","52.86","1900","43.16","false"
"DND","2006-08-15","52.31","52.31","52.25","52.25","2000","42.66","false"
"DND","2006-08-14","52.06","52.06","52.06","52.06","100","42.51","false"
"DND","2006-08-11","52.17","52.17","51.94","51.94","7500","42.41","false"
"DND","2006-08-10","52.12","52.19","52.12","52.19","1700","42.61","false"
"DND","2006-08-09","52.30","52.30","52.30","52.30","100","42.70","false"
"DND","2006-08-08","52.11","52.11","52.11","52.11","1000","42.55","false"
"DND","2006-08-07","51.78","51.79","51.75","51.75","500","42.25","false"
"DND","2006-08-04","51.78","51.93","51.64","51.64","2600","42.16","false"
"DND","2006-08-03","51.86","51.86","51.86","51.86","0","42.34","false"
"DND","2006-08-02","51.86","51.86","51.86","51.86","100","42.34","false"
"DND","2006-08-01","51.97","51.97","51.96","51.96","300","42.42","false"
"DND","2006-07-31","52.26","52.26","52.26","52.26","0","42.67","false"
"DND","2006-07-28","52.01","52.26","52.01","52.26","4100","42.67","false"
"DND","2006-07-27","51.15","51.15","51.15","51.15","0","41.76","false"
"DND","2006-07-26","51.15","51.15","51.15","51.15","0","41.76","false"
"DND","2006-07-25","51.15","51.15","51.15","51.15","400","41.76","false"
"DND","2006-07-24","51.29","51.29","51.29","51.29","400","41.88","false"
"DND","2006-07-21","51.01","51.01","51.01","51.01","0","41.65","false"
"DND","2006-07-20","51.18","51.18","51.01","51.01","800","41.65","false"
"DND","2006-07-19","50.38","50.55","50.38","50.55","700","41.27","false"
"DND","2006-07-18","49.59","49.59","49.59","49.59","100","40.49","false"
"DND","2006-07-17","51.64","51.64","51.64","51.64","0","42.16","false"
"DND","2006-07-14","51.64","51.64","51.64","51.64","0","42.16","false"
"DND","2006-07-13","51.64","51.64","51.64","51.64","0","42.16","false"
"DND","2006-07-12","51.68","51.68","51.63","51.64","400","42.16","false"
"DND","2006-07-11","51.56","51.56","51.56","51.56","100","42.10","false"
"DND","2006-07-10","51.82","51.82","51.82","51.82","200","42.31","false"
"DND","2006-07-07","51.96","51.96","51.96","51.96","300","42.42","false"
"DND","2006-07-06","51.57","51.57","51.55","51.55","300","42.09","false"
"DND","2006-07-05","50.96","51.00","50.96","51.00","700","41.64","false"
"DND","2006-07-03","51.13","51.13","51.13","51.13","0","41.75","false"
"DND","2006-06-30","51.13","51.13","51.13","51.13","100","41.75","false"
"DND","2006-06-29","50.67","50.67","50.67","50.67","1000","41.37","false"
"DND","2006-06-28","49.16","49.16","49.16","49.16","0","40.14","false"
"DND","2006-06-27","49.50","49.50","49.16","49.16","1700","40.14","false"
"DND","2006-06-26","49.24","49.24","49.24","49.24","0","40.20","false"
"DND","2006-06-23","49.17","49.49","49.17","49.24","8400","40.20","false"
"DND","2006-06-22","49.43","49.50","49.43","49.50","2100","40.42","false"
"DND","2006-06-21","49.00","49.80","49.00","49.80","800","40.66","false"
"DND","2006-06-20","49.01","49.01","49.01","49.01","200","40.01","false"
"DND","2006-06-19","49.43","49.43","49.28","49.28","400","40.24","false"
"DND","2006-06-16","49.65","49.65","49.36","49.57","1100","40.47","false"
"DND","2007-12-31","82.29","82.48","82.00","82.00","19100","68.50","false"
"DND","2007-12-28","81.95","81.95","81.29","81.70","38800","68.24","false"
"DND","2007-12-27","82.26","82.26","80.97","80.98","90500","67.64","false"
"DND","2007-12-26","82.63","82.95","82.33","82.89","38200","69.24","false"
"DND","2007-12-24","84.00","84.00","81.95","82.37","22200","68.80","false"
"DND","2007-12-21","81.02","81.87","81.02","81.87","24800","68.39","false"
"DND","2007-12-20","78.95","79.29","77.99","79.28","33000","66.22","false"
"DND","2007-12-19","79.30","79.30","78.75","78.94","31000","65.94","false"
"DND","2007-12-18","78.96","79.70","77.55","79.11","87100","66.08","false"
"DND","2007-12-17","80.03","80.55","77.82","77.82","90300","65.00","false"
"DND","2007-12-14","83.51","83.76","82.97","82.98","114500","67.75","false"
"DND","2007-12-13","85.52","85.85","84.50","85.83","29200","70.08","false"
"DND","2007-12-12","88.49","88.72","86.51","86.97","46700","71.01","false"
"DND","2007-12-11","88.23","88.55","85.06","85.42","86100","69.74","false"
"DND","2007-12-10","87.02","87.91","86.79","87.87","24500","71.74","false"
"DND","2007-12-07","87.45","87.45","86.45","86.96","78400","71.00","false"
"DND","2007-12-06","86.63","88.45","86.00","88.42","87100","72.19","false"
"DND","2007-12-05","86.26","87.15","86.21","87.10","47400","71.11","false"
"DND","2007-12-04","85.25","85.47","83.95","84.71","269700","69.16","false"
"DND","2007-12-03","85.82","85.96","85.00","85.00","47100","69.40","false"
"DND","2007-11-30","87.35","87.40","85.89","86.35","47800","70.50","false"
"DND","2007-11-29","85.19","86.10","84.93","85.56","93400","69.86","false"
"DND","2007-11-28","83.92","86.46","83.50","86.36","83400","70.51","false"
"DND","2007-11-27","81.51","83.18","81.10","82.99","133300","67.76","false"
"DND","2007-11-26","83.24","83.53","80.69","80.69","69100","65.88","false"
"DND","2007-11-23","81.31","82.33","81.19","82.33","25800","67.22","false"
"DND","2007-11-21","81.18","81.56","80.25","80.63","45900","65.83","false"
"DND","2007-11-20","83.96","84.79","82.72","83.82","81100","68.44","false"
"DND","2007-11-19","86.27","86.27","82.12","82.30","105000","67.20","false"
"DND","2007-11-16","84.72","84.84","83.63","84.77","41100","69.21","false"
"DND","2007-11-15","85.16","85.95","84.18","84.44","117900","68.94","false"
"DND","2007-11-14","88.56","88.56","86.49","86.81","78100","70.88","false"
"DND","2007-11-13","85.04","86.91","83.34","86.91","255200","70.96","false"
"DND","2007-11-12","83.84","84.57","81.20","82.21","308300","67.12","false"
"DND","2007-11-09","86.90","87.67","85.55","86.50","196600","70.62","false"
"DND","2007-11-08","88.84","89.88","83.50","88.76","132200","72.47","false"
"DND","2007-11-07","90.39","90.80","88.56","88.60","94700","72.34","false"
"DND","2007-11-06","89.51","90.69","89.49","90.69","70300","74.05","false"
"DND","2007-11-05","88.57","88.90","87.72","88.62","64800","72.36","false"
"DND","2007-11-02","91.11","91.33","89.37","91.11","89600","74.39","false"
"DND","2007-11-01","92.50","92.50","90.21","90.55","117300","73.93","false"
"DND","2007-10-31","93.06","94.50","92.35","94.17","86100","76.89","false"
"DND","2007-10-30","92.80","92.83","92.04","92.14","80300","75.23","false"
"DND","2007-10-29","93.27","94.50","93.05","93.61","31500","76.43","false"
"DND","2007-10-26","91.40","92.14","91.13","92.14","33700","75.23","false"
"DND","2007-10-25","89.24","89.57","88.44","89.47","37300","73.05","false"
"DND","2007-10-24","88.52","88.61","85.51","88.61","49100","72.35","false"
"DND","2007-10-23","88.38","89.89","87.54","89.10","42700","72.75","false"
"DND","2007-10-22","84.79","86.56","84.07","86.36","133100","70.51","false"
"DND","2007-10-19","88.87","88.87","86.40","86.53","93100","70.65","false"
"DND","2007-10-18","88.81","89.59","86.00","89.54","114300","73.11","false"
"DND","2007-10-17","88.61","88.78","78.50","88.36","66500","72.14","false"
"DND","2007-10-16","87.79","88.00","84.40","86.95","85000","70.99","false"
"DND","2007-10-15","89.64","89.93","85.88","88.61","66200","72.35","false"
"DND","2007-10-12","88.55","89.64","88.39","89.64","54700","73.19","false"
"DND","2007-10-11","90.11","90.20","87.57","88.18","65600","72.00","false"
"DND","2007-10-10","89.92","89.92","87.16","87.68","54100","71.59","false"
"DND","2007-10-09","86.88","88.03","86.50","88.03","61400","71.87","false"
"DND","2007-10-08","86.28","86.36","85.64","85.75","60900","70.01","false"
"DND","2007-10-05","86.41","87.33","86.41","87.15","39100","71.16","false"
"DND","2007-10-04","84.87","85.14","84.39","85.05","43400","69.44","false"
"DND","2007-10-03","85.45","85.64","84.76","84.89","58500","69.31","false"
"DND","2007-10-02","86.44","86.44","85.58","86.10","57500","70.30","false"
"DND","2007-10-01","84.83","86.52","84.78","86.24","47300","70.41","false"
"DND","2007-09-28","84.32","84.41","83.95","84.17","25200","68.72","false"
"DND","2007-09-27","83.90","84.00","83.53","84.00","23800","68.58","false"
"DND","2007-09-26","82.55","83.10","82.46","83.00","65000","67.77","false"
"DND","2007-09-25","81.00","82.19","80.69","82.19","110700","67.11","false"
"DND","2007-09-24","81.42","82.00","80.89","81.09","114100","66.21","false"
"DND","2007-09-21","80.25","80.48","80.13","80.46","60900","65.69","false"
"DND","2007-09-20","79.84","80.45","78.40","79.59","49600","64.98","false"
"DND","2007-09-19","80.01","80.41","79.45","79.83","71900","65.18","false"
"DND","2007-09-18","75.66","78.71","74.44","78.55","379100","64.13","false"
"DND","2007-09-17","76.39","76.63","75.40","75.44","211000","61.59","false"
"DND","2007-09-14","76.69","77.53","72.15","77.48","52200","63.26","false"
"DND","2007-09-13","76.77","77.30","76.67","77.17","109900","63.01","false"
"DND","2007-09-12","75.79","76.96","75.75","76.56","30800","62.51","false"
"DND","2007-09-11","75.16","76.50","72.76","76.49","25300","62.45","false"
"DND","2007-09-10","75.17","75.17","73.55","74.50","73500","60.83","false"
"DND","2007-09-07","74.37","74.70","72.78","73.98","223900","60.40","false"
"DND","2007-09-06","74.99","75.72","72.27","75.35","94900","61.52","false"
"DND","2007-09-05","74.21","74.43","73.63","74.17","45400","60.56","false"
"DND","2007-09-04","74.89","76.17","74.79","75.85","27400","61.93","false"
"DND","2007-08-31","74.77","75.08","74.11","74.75","9300","61.03","false"
"DND","2007-08-30","72.40","73.72","72.06","72.63","101700","59.30","false"
"DND","2007-08-29","72.59","73.97","72.19","73.96","26800","60.39","false"
"DND","2007-08-28","73.45","73.92","70.95","70.98","74300","57.95","false"
"DND","2007-08-27","74.78","74.91","74.10","74.20","524500","60.58","false"
"DND","2007-08-24","73.25","75.06","72.89","74.69","421700","60.98","false"
"DND","2007-08-23","72.80","74.88","72.69","73.06","372900","59.65","false"
"DND","2007-08-22","70.62","71.48","67.03","71.29","63900","58.21","false"
"DND","2007-08-21","68.64","69.01","68.33","68.70","15600","56.09","false"
"DND","2007-08-20","68.62","69.28","67.35","68.94","44600","56.29","false"
"DND","2007-08-17","66.80","67.25","64.82","66.80","18100","54.54","false"
"DND","2007-08-16","64.10","64.99","60.55","64.81","94000","52.92","false"
"DND","2007-08-15","68.57","69.39","67.19","67.26","62200","54.92","false"
"DND","2007-08-14","71.62","71.65","70.00","70.00","38900","57.15","false"
"DND","2007-08-13","72.60","72.68","71.86","71.89","26600","58.70","false"
"DND","2007-08-10","70.59","72.04","70.30","71.71","24800","58.55","false"
"DND","2007-08-09","72.97","73.70","72.50","72.50","15700","59.19","false"
"DND","2007-08-08","74.57","75.23","74.35","74.96","34900","61.20","false"
"DND","2007-08-07","71.69","73.43","71.68","73.00","35000","59.60","false"
"DND","2007-08-06","72.10","72.48","71.05","72.45","62000","59.15","false"
"DND","2007-08-03","73.24","73.46","71.27","71.27","27200","58.19","false"
"DND","2007-08-02","73.73","74.16","72.53","73.97","36200","60.39","false"
"DND","2007-08-01","73.65","73.92","72.50","73.92","33200","60.35","false"
"DND","2007-07-31","76.27","76.93","74.90","74.90","28500","61.15","false"
"DND","2007-07-30","74.34","75.43","73.78","75.30","32400","61.48","false"
"DND","2007-07-27","74.30","75.50","73.17","73.17","41900","59.74","false"
"DND","2007-07-26","78.10","78.10","74.41","75.60","112200","61.72","false"
"DND","2007-07-25","79.15","79.34","78.42","79.16","39500","64.63","false"
"DND","2007-07-24","79.38","79.47","78.26","78.46","17500","64.06","false"
"DND","2007-07-23","79.55","79.68","79.35","79.50","12900","64.91","false"
"DND","2007-07-20","79.15","79.20","78.23","78.50","11400","64.09","false"
"DND","2007-07-19","78.58","78.92","78.58","78.71","34100","64.26","false"
"DND","2007-07-18","77.59","77.70","77.40","77.62","31900","63.37","false"
"DND","2007-07-17","78.16","78.24","77.93","78.08","48000","63.75","false"
"DND","2007-07-16","78.00","78.15","77.72","77.78","15500","63.50","false"
"DND","2007-07-13","77.63","78.37","77.63","78.07","18900","63.74","false"
"DND","2007-07-12","77.45","78.03","77.43","78.03","24500","63.71","false"
"DND","2007-07-11","76.25","76.67","76.25","76.67","14400","62.60","false"
"DND","2007-07-10","76.51","76.69","76.29","76.44","24900","62.41","false"
"DND","2007-07-09","77.00","77.24","76.93","77.13","24300","62.97","false"
"DND","2007-07-06","76.25","76.69","76.12","76.60","45500","62.54","false"
"DND","2007-07-05","75.85","75.90","75.50","75.87","23800","61.95","false"
"DND","2007-07-03","75.26","75.45","75.22","75.42","21600","61.58","false"
"DND","2007-07-02","74.90","75.65","74.90","75.65","68700","61.77","false"
"DND","2007-06-29","74.60","74.69","73.88","74.17","29200","60.56","false"
"DND","2007-06-28","74.10","74.50","74.10","74.31","31900","60.67","false"
"DND","2007-06-27","73.00","73.58","72.84","73.47","42200","59.99","false"
"DND","2007-06-26","74.40","74.64","74.00","74.12","25100","60.52","false"
"DND","2007-06-25","74.56","75.06","74.32","74.41","11000","60.75","false"
"DND","2007-06-22","74.88","74.88","74.18","74.19","37300","60.57","false"
"DND","2007-06-21","74.74","75.21","74.58","75.06","34400","61.28","false"
"DND","2007-06-20","75.26","75.27","74.41","74.44","27600","60.78","false"
"DND","2007-06-19","74.55","74.95","74.45","74.86","14300","61.12","false"
"DND","2007-06-18","74.36","74.37","74.00","74.17","8500","60.56","false"
"DND","2007-06-15","73.67","73.90","73.67","73.88","8200","60.32","false"
"DND","2007-06-14","72.80","73.20","72.80","73.13","5000","59.71","false"
"DND","2007-06-13","72.43","73.13","72.43","73.13","23100","59.71","false"
"DND","2007-06-12","72.33","72.85","71.98","71.99","28700","58.78","false"
"DND","2007-06-11","72.80","73.33","72.61","73.26","11000","59.81","false"
"DND","2007-06-08","72.11","73.23","72.11","73.18","30700","59.75","false"
"DND","2007-06-07","73.03","73.43","71.96","72.09","20400","58.86","false"
"DND","2007-06-06","73.25","73.48","72.66","72.72","46300","59.37","false"
"DND","2007-06-05","73.66","73.66","73.23","73.60","5700","60.09","false"
"DND","2007-06-04","73.49","73.93","73.40","73.90","12000","60.34","false"
"DND","2007-06-01","73.00","73.18","72.89","73.18","23400","59.75","false"
"DND","2007-05-31","72.85","72.93","72.60","72.74","7900","59.39","false"
"DND","2007-05-30","71.42","72.52","71.38","72.52","34900","59.21","false"
"DND","2007-05-29","72.40","72.40","71.76","71.92","8300","58.72","false"
"DND","2007-05-25","72.10","72.38","71.83","72.13","43300","58.89","false"
"DND","2007-05-24","72.74","72.84","71.19","71.36","186200","58.26","false"
"DND","2007-05-23","73.45","73.60","72.92","72.97","50500","59.58","false"
"DND","2007-05-22","73.02","73.11","72.61","72.61","16700","59.28","false"
"DND","2007-05-21","73.07","73.42","72.93","73.15","21800","59.72","false"
"DND","2007-05-18","73.21","73.71","73.21","73.59","24300","60.08","false"
"DND","2007-05-17","72.94","73.37","72.84","73.28","34300","59.83","false"
"DND","2007-05-16","72.99","73.21","72.61","73.01","16100","59.61","false"
"DND","2007-05-15","73.00","73.85","73.00","73.25","9300","59.81","false"
"DND","2007-05-14","73.65","73.71","73.05","73.24","22000","59.80","false"
"DND","2007-05-11","72.45","73.25","72.45","73.17","32400","59.74","false"
"DND","2007-05-10","72.89","72.96","72.00","72.00","19600","58.79","false"
"DND","2007-05-09","72.75","73.20","72.60","73.09","34100","59.68","false"
"DND","2007-05-08","72.40","72.43","72.05","72.43","14400","59.14","false"
"DND","2007-05-07","72.75","72.81","72.60","72.75","21600","59.40","false"
"DND","2007-05-04","72.50","72.72","72.42","72.64","20600","59.31","false"
"DND","2007-05-03","72.20","72.45","71.71","72.42","14700","59.13","false"
"DND","2007-05-02","71.59","72.07","71.52","71.94","24100","58.74","false"
"DND","2007-05-01","71.08","71.17","70.65","71.07","11900","58.03","false"
"DND","2007-04-30","71.20","71.47","70.56","70.61","14600","57.65","false"
"DND","2007-04-27","71.46","71.53","71.23","71.30","48700","58.21","false"
"DND","2007-04-26","71.72","71.77","71.38","71.43","29800","58.32","false"
"DND","2007-04-25","71.67","72.14","71.51","72.13","13400","58.89","false"
"DND","2007-04-24","71.22","71.28","70.92","71.03","38600","57.99","false"
"DND","2007-04-23","72.15","72.15","71.80","71.94","40300","58.74","false"
"DND","2007-04-20","72.28","72.56","72.26","72.56","13500","59.24","false"
"DND","2007-04-19","70.99","71.45","70.75","71.29","24100","58.21","false"
"DND","2007-04-18","72.18","72.51","72.07","72.41","32100","59.12","false"
"DND","2007-04-17","72.51","72.70","72.41","72.56","34800","59.24","false"
"DND","2007-04-16","72.08","72.60","72.08","72.46","19300","59.16","false"
"DND","2007-04-13","71.15","71.47","71.07","71.47","9900","58.35","false"
"DND","2007-04-12","70.56","71.34","70.43","71.30","14100","58.21","false"
"DND","2007-04-11","70.96","70.96","70.31","70.38","19400","57.46","false"
"DND","2007-04-10","70.80","71.04","70.74","71.01","29500","57.98","false"
"DND","2007-04-09","70.07","70.19","69.88","70.11","53500","57.24","false"
"DND","2007-04-05","69.65","69.96","69.58","69.94","44400","57.10","false"
"DND","2007-04-04","69.17","69.55","69.09","69.50","108800","56.74","false"
"DND","2007-04-03","68.56","68.98","68.56","68.97","36900","56.31","false"
"DND","2007-04-02","67.71","68.08","67.59","68.03","22900","55.54","false"
"DND","2007-03-30","67.73","67.86","67.45","67.67","35100","55.25","false"
"DND","2007-03-29","67.48","67.50","66.90","67.36","10100","55.00","false"
"DND","2007-03-28","66.62","66.68","66.27","66.27","8700","54.11","false"
"DND","2007-03-27","67.18","67.23","67.04","67.23","5700","54.89","false"
"DND","2007-03-26","67.35","67.35","66.84","67.22","7200","54.88","false"
"DND","2007-03-23","66.92","67.05","66.78","66.94","13000","54.65","false"
"DND","2007-03-22","67.30","67.68","67.03","67.04","20100","54.74","false"
"DND","2007-03-21","66.25","67.21","65.84","67.15","83500","54.83","false"
"DND","2007-03-20","65.48","65.87","65.33","65.85","17500","53.76","false"
"DND","2007-03-19","65.40","65.69","65.30","65.69","15300","53.63","false"
"DND","2007-03-16","64.69","64.89","64.33","64.58","16300","52.73","false"
"DND","2007-03-15","64.15","64.50","64.15","64.46","26800","52.63","false"
"DND","2007-03-14","62.81","63.66","62.37","63.66","56700","51.98","false"
"DND","2007-03-13","64.46","64.58","63.08","63.18","21700","51.58","false"
"DND","2007-03-12","64.51","65.71","64.51","65.00","72700","53.07","false"
"DND","2007-03-09","64.02","64.07","63.69","63.89","20000","52.16","false"
"DND","2007-03-08","63.77","63.90","63.71","63.73","22200","52.03","false"
"DND","2007-03-07","63.11","63.25","62.75","62.98","31200","51.42","false"
"DND","2007-03-06","62.73","63.47","62.69","63.40","22500","51.76","false"
"DND","2007-03-05","60.90","61.43","60.84","60.98","141000","49.79","false"
"DND","2007-03-02","62.98","63.31","62.75","62.85","27500","51.31","false"
"DND","2007-03-01","62.99","64.30","61.17","63.23","174400","51.63","false"
"DND","2007-02-28","64.24","64.76","64.02","64.58","32700","52.73","false"
"DND","2007-02-27","66.05","66.05","63.73","64.30","114700","52.50","false"
"DND","2007-02-26","67.36","67.44","67.07","67.28","39600","54.93","false"
"DND","2007-02-23","67.31","67.48","67.25","67.42","192200","55.05","false"
"DND","2007-02-22","67.28","67.35","67.06","67.08","12900","54.77","false"
"DND","2007-02-21","66.43","66.72","66.37","66.64","58800","54.41","false"
"DND","2007-02-20","66.13","66.43","66.11","66.41","21900","54.22","false"
"DND","2007-02-16","66.01","66.38","66.01","66.38","22000","54.20","false"
"DND","2007-02-15","66.37","66.49","66.20","66.46","15100","54.26","false"
"DND","2007-02-14","65.54","65.95","65.54","65.91","37200","53.81","false"
"DND","2007-02-13","64.91","65.28","64.91","65.28","8800","53.30","false"
"DND","2007-02-12","65.00","65.00","64.75","64.75","6700","52.87","false"
"DND","2007-02-09","65.56","65.58","65.01","65.20","12800","53.23","false"
"DND","2007-02-08","65.50","65.55","65.35","65.51","16800","53.49","false"
"DND","2007-02-07","65.38","65.45","65.24","65.39","39800","53.39","false"
"DND","2007-02-06","65.08","65.42","65.01","65.22","41800","53.25","false"
"DND","2007-02-05","64.43","64.70","64.43","64.58","15100","52.73","false"
"DND","2007-02-02","64.60","64.69","64.48","64.59","6700","52.74","false"
"DND","2007-02-01","64.33","64.50","64.31","64.40","29800","52.58","false"
"DND","2007-01-31","63.43","64.06","63.31","64.05","25200","52.29","false"
"DND","2007-01-30","64.02","64.28","64.02","64.28","25400","52.48","false"
"DND","2007-01-29","63.41","63.54","63.26","63.28","30400","51.67","false"
"DND","2007-01-26","63.59","63.59","63.10","63.37","56800","51.74","false"
"DND","2007-01-25","64.25","64.25","63.38","63.49","75000","51.84","false"
"DND","2007-01-24","64.83","65.08","64.71","65.08","68700","53.14","false"
"DND","2007-01-23","65.17","65.54","65.10","65.51","37500","53.49","false"
"DND","2007-01-22","65.10","65.14","64.47","64.54","76500","52.69","false"
"DND","2007-01-19","63.99","64.54","63.99","64.52","35000","52.68","false"
"DND","2007-01-18","63.93","63.96","63.61","63.73","34400","52.03","false"
"DND","2007-01-17","63.26","63.60","63.26","63.45","12700","51.80","false"
"DND","2007-01-16","63.29","63.32","63.00","63.30","27600","51.68","false"
"DND","2007-01-12","62.42","62.82","62.41","62.78","12100","51.26","false"
"DND","2007-01-11","61.70","62.23","61.61","62.04","7800","50.65","false"
"DND","2007-01-10","61.35","61.76","61.28","61.76","7000","50.42","false"
"DND","2007-01-09","62.22","62.30","60.75","62.20","19600","50.78","false"
"DND","2007-01-08","61.85","62.06","61.70","62.06","11300","50.67","false"
"DND","2007-01-05","62.27","62.27","61.58","61.68","44500","50.36","false"
"DND","2007-01-04","62.50","62.67","62.31","62.50","10400","51.03","false"
"DND","2007-01-03","63.72","63.83","62.96","63.24","21100","51.63","false"
"DND","2008-12-31","38.73","40.00","38.64","39.89","5600","36.83","false"
"DND","2008-12-30","38.35","38.75","38.15","38.52","11100","35.57","false"
"DND","2008-12-29","38.57","38.57","37.64","37.77","17100","34.87","false"
"DND","2008-12-26","37.87","38.23","37.42","38.23","17000","35.30","false"
"DND","2008-12-24","37.33","37.68","37.33","37.50","2100","34.62","false"
"DND","2008-12-23","37.55","37.55","36.75","37.14","5100","34.29","false"
"DND","2008-12-22","38.02","38.41","37.21","37.31","14900","34.45","false"
"DND","2008-12-19","42.76","43.17","42.31","42.33","23400","35.36","false"
"DND","2008-12-18","42.90","43.07","41.39","41.76","8800","34.88","false"
"DND","2008-12-17","42.56","43.44","42.39","42.71","13700","35.68","false"
"DND","2008-12-16","41.40","43.54","41.25","43.53","81600","36.36","false"
"DND","2008-12-15","41.04","41.39","40.50","40.81","15200","34.09","false"
"DND","2008-12-12","40.51","41.82","40.51","41.67","13900","34.81","false"
"DND","2008-12-11","41.61","42.51","41.35","41.35","11400","34.54","false"
"DND","2008-12-10","41.62","42.26","41.52","41.91","16800","35.01","false"
"DND","2008-12-09","40.89","42.24","40.89","41.21","8800","34.42","false"
"DND","2008-12-08","42.00","43.16","41.85","42.81","26600","35.76","false"
"DND","2008-12-05","38.04","40.02","37.53","39.76","24800","33.21","false"
"DND","2008-12-04","38.95","39.71","38.38","38.38","3300","32.06","false"
"DND","2008-12-03","38.23","40.07","38.22","39.81","8900","33.25","false"
"DND","2008-12-02","38.46","39.36","38.19","38.80","10200","32.41","false"
"DND","2008-12-01","38.92","38.92","37.29","37.29","16700","31.15","false"
"DND","2008-11-28","40.27","40.41","39.74","40.41","3100","33.75","false"
"DND","2008-11-26","38.55","40.94","38.55","40.94","10500","34.20","false"
"DND","2008-11-25","40.39","40.39","39.61","39.61","3600","33.09","false"
"DND","2008-11-24","38.07","40.10","37.78","39.64","9200","33.11","false"
"DND","2008-11-21","37.08","38.14","35.65","38.14","14300","31.86","false"
"DND","2008-11-20","36.39","36.39","33.94","33.94","22600","28.35","false"
"DND","2008-11-19","37.92","37.92","36.39","36.39","3500","30.40","false"
"DND","2008-11-18","38.50","38.76","37.63","38.69","4700","32.32","false"
"DND","2008-11-17","38.90","40.02","38.86","39.02","8000","32.59","false"
"DND","2008-11-14","40.62","41.29","39.51","39.65","9900","33.12","false"
"DND","2008-11-13","40.20","43.12","38.66","43.12","16800","36.02","false"
"DND","2008-11-12","41.28","41.70","39.53","39.53","12500","33.02","false"
"DND","2008-11-11","42.87","42.87","41.56","42.29","2900","35.33","false"
"DND","2008-11-10","45.84","45.84","43.63","44.01","10900","36.76","false"
"DND","2008-11-07","44.63","45.81","44.63","45.53","4000","38.03","false"
"DND","2008-11-06","45.28","45.86","43.06","43.06","10900","35.97","false"
"DND","2008-11-05","47.43","47.99","45.48","45.48","54200","37.99","false"
"DND","2008-11-04","47.41","48.64","47.26","47.64","6900","39.79","false"
"DND","2008-11-03","45.24","45.97","45.06","45.81","12200","38.27","false"
"DND","2008-10-31","42.87","44.61","42.87","43.98","5000","36.74","false"
"DND","2008-10-30","44.52","44.52","42.79","43.67","6800","36.48","false"
"DND","2008-10-29","42.08","43.64","41.74","42.75","7000","35.71","false"
"DND","2008-10-28","40.04","42.48","39.37","42.48","6700","35.48","false"
"DND","2008-10-27","38.56","39.83","38.10","38.20","15800","31.91","false"
"DND","2008-10-24","38.44","40.61","38.44","40.61","15900","33.92","false"
"DND","2008-10-23","42.93","44.36","41.49","43.29","10700","36.16","false"
"DND","2008-10-22","44.36","44.97","42.83","43.77","5900","36.56","false"
"DND","2008-10-21","47.07","47.92","46.79","47.28","31800","39.49","false"
"DND","2008-10-20","48.28","49.01","47.13","48.90","7700","40.85","false"
"DND","2008-10-17","44.71","47.56","44.56","45.74","7900","38.21","false"
"DND","2008-10-16","46.24","48.04","44.00","47.51","4900","39.69","false"
"DND","2008-10-15","47.68","47.68","46.04","46.04","12600","38.46","false"
"DND","2008-10-14","52.09","52.25","48.03","49.24","50000","41.13","false"
"DND","2008-10-13","47.72","50.48","46.78","50.36","12100","42.07","false"
"DND","2008-10-10","42.58","45.00","40.93","43.77","45500","36.56","false"
"DND","2008-10-09","49.61","49.93","44.85","45.74","21600","38.21","false"
"DND","2008-10-08","47.00","49.45","46.22","47.83","18900","39.95","false"
"DND","2008-10-07","52.93","53.10","49.48","49.48","48200","41.33","false"
"DND","2008-10-06","52.89","52.89","48.93","50.82","30000","42.45","false"
"DND","2008-10-03","57.49","58.65","56.21","56.21","27500","46.95","false"
"DND","2008-10-02","57.39","57.49","56.55","57.01","22400","47.62","false"
"DND","2008-10-01","58.98","59.66","58.56","59.49","9200","49.69","false"
"DND","2008-09-30","58.40","59.13","57.85","59.13","8200","49.39","false"
"DND","2008-09-29","59.82","60.06","55.02","55.51","62400","46.37","false"
"DND","2008-09-26","61.49","62.68","61.41","62.68","16900","52.36","false"
"DND","2008-09-25","62.77","63.76","62.68","63.07","13400","52.68","false"
"DND","2008-09-24","62.52","62.62","61.92","62.40","12700","52.12","false"
"DND","2008-09-23","62.47","62.98","61.13","61.27","17700","51.18","false"
"DND","2008-09-22","62.87","63.46","62.19","62.19","17000","51.95","false"
"DND","2008-09-19","63.45","64.11","61.42","62.51","33500","52.22","false"
"DND","2008-09-18","57.41","58.92","55.53","58.63","24700","48.97","false"
"DND","2008-09-17","56.93","57.43","55.16","56.13","31100","46.89","false"
"DND","2008-09-16","57.01","59.50","57.01","59.39","27300","49.61","false"
"DND","2008-09-15","59.86","60.57","58.90","58.90","8500","49.20","false"
"DND","2008-09-12","61.25","62.83","61.08","62.75","29800","52.42","false"
"DND","2008-09-11","59.76","61.48","59.44","61.48","12400","51.35","false"
"DND","2008-09-10","62.22","62.64","61.57","62.09","30100","51.86","false"
"DND","2008-09-09","63.14","63.19","61.04","61.04","13700","50.99","false"
"DND","2008-09-08","64.70","66.09","62.60","63.63","10500","53.15","false"
"DND","2008-09-05","61.48","62.14","60.80","62.14","24300","51.91","false"
"DND","2008-09-04","64.30","64.30","61.92","62.28","27600","52.02","false"
"DND","2008-09-03","65.34","65.41","64.90","65.19","29100","54.45","false"
"DND","2008-09-02","66.04","66.53","65.32","65.47","82700","54.69","false"
"DND","2008-08-29","66.67","66.67","66.25","66.31","5800","55.39","false"
"DND","2008-08-28","66.85","67.18","66.27","66.90","24200","55.88","false"
"DND","2008-08-27","65.84","66.15","65.56","65.97","8400","55.11","false"
"DND","2008-08-26","65.58","65.91","65.06","65.15","68700","54.42","false"
"DND","2008-08-25","66.27","66.27","65.19","65.19","10600","54.45","false"
"DND","2008-08-22","65.86","66.42","65.86","66.07","6500","55.19","false"
"DND","2008-08-21","65.10","66.04","65.08","66.00","13000","55.13","false"
"DND","2008-08-20","65.86","66.49","65.81","66.49","7500","55.54","false"
"DND","2008-08-19","65.00","65.24","64.67","65.17","18100","54.44","false"
"DND","2008-08-18","66.96","66.96","65.64","65.64","16200","54.83","false"
"DND","2008-08-15","66.21","66.66","66.09","66.55","5500","55.59","false"
"DND","2008-08-14","66.62","67.41","66.62","66.82","7200","55.82","false"
"DND","2008-08-13","66.81","67.60","66.22","67.15","9200","56.09","false"
"DND","2008-08-12","68.57","68.57","67.52","67.80","15700","56.63","false"
"DND","2008-08-11","69.37","69.46","68.76","68.86","16500","57.52","false"
"DND","2008-08-08","68.34","69.27","68.01","69.19","8400","57.80","false"
"DND","2008-08-07","69.81","69.81","68.85","68.92","10700","57.57","false"
"DND","2008-08-06","69.97","70.63","69.97","70.48","13700","58.87","false"
"DND","2008-08-05","69.06","69.72","69.06","69.64","19600","58.17","false"
"DND","2008-08-04","69.66","69.66","68.72","68.88","13200","57.54","false"
"DND","2008-08-01","70.42","70.42","69.50","69.50","9600","58.05","false"
"DND","2008-07-31","71.08","71.49","70.59","70.59","4000","58.96","false"
"DND","2008-07-30","71.26","72.11","70.96","72.11","18900","60.23","false"
"DND","2008-07-29","70.42","71.70","70.42","71.70","10800","59.89","false"
"DND","2008-07-28","72.38","72.41","70.84","70.84","11900","59.17","false"
"DND","2008-07-25","73.61","73.65","73.17","73.36","7400","61.28","false"
"DND","2008-07-24","74.94","74.94","73.67","73.80","10900","61.65","false"
"DND","2008-07-23","74.60","75.21","74.60","74.91","10000","62.57","false"
"DND","2008-07-22","73.09","73.75","72.79","73.75","11800","61.60","false"
"DND","2008-07-21","73.72","73.88","73.38","73.78","11000","61.63","false"
"DND","2008-07-18","72.00","72.51","72.00","72.51","11800","60.57","false"
"DND","2008-07-17","72.62","72.80","72.30","72.33","9300","60.42","false"
"DND","2008-07-16","70.45","72.06","70.45","72.03","8600","60.17","false"
"DND","2008-07-15","70.27","70.38","69.55","69.89","13700","58.38","false"
"DND","2008-07-14","72.04","72.04","71.31","71.37","6000","59.62","false"
"DND","2008-07-11","72.50","72.50","70.08","71.11","36200","59.40","false"
"DND","2008-07-10","71.09","71.68","71.09","71.62","16500","59.82","false"
"DND","2008-07-09","72.19","72.20","70.54","70.54","27000","58.92","false"
"DND","2008-07-08","69.51","71.65","69.51","71.54","269300","59.76","false"
"DND","2008-07-07","70.43","72.11","70.38","70.72","91000","59.07","false"
"DND","2008-07-03","71.13","71.19","70.32","71.05","48500","59.35","false"
"DND","2008-07-02","71.80","72.02","70.02","70.19","16600","58.63","false"
"DND","2008-07-01","70.61","71.21","70.25","71.06","22000","59.36","false"
"DND","2008-06-30","72.53","73.05","72.44","72.47","6300","60.53","false"
"DND","2008-06-27","73.22","73.46","72.82","73.07","15200","61.04","false"
"DND","2008-06-26","73.23","73.29","72.20","72.20","9200","60.31","false"
"DND","2008-06-25","73.50","74.23","73.40","73.55","56800","61.44","false"
"DND","2008-06-24","71.88","73.20","71.75","72.51","21600","60.57","false"
"DND","2008-06-23","73.32","73.37","72.96","73.03","4400","61.00","false"
"DND","2008-06-20","73.99","73.99","72.61","72.70","15200","60.73","false"
"DND","2008-06-19","74.07","74.87","74.03","74.70","7800","62.40","false"
"DND","2008-06-18","74.27","74.55","74.05","74.34","6500","62.10","false"
"DND","2008-06-17","74.99","75.30","74.54","74.54","13000","62.26","false"
"DND","2008-06-16","74.10","74.56","74.10","74.25","11600","62.02","false"
"DND","2008-06-13","74.10","74.70","73.80","74.70","19600","62.40","false"
"DND","2008-06-12","74.39","74.78","73.94","74.10","16900","61.90","false"
"DND","2008-06-11","74.97","75.76","74.40","74.40","21000","62.15","false"
"DND","2008-06-10","75.01","75.29","74.76","75.06","11200","62.70","false"
"DND","2008-06-09","76.89","77.00","75.56","76.11","24200","63.58","false"
"DND","2008-06-06","78.01","78.11","76.79","76.80","13500","64.15","false"
"DND","2008-06-05","77.65","78.91","77.65","78.90","8500","65.91","false"
"DND","2008-06-04","77.83","78.42","77.68","77.76","20600","64.95","false"
"DND","2008-06-03","78.49","78.54","77.40","77.78","11000","64.97","false"
"DND","2008-06-02","79.24","79.24","78.27","78.89","41900","65.90","false"
"DND","2008-05-30","79.93","80.07","79.69","79.70","5000","66.57","false"
"DND","2008-05-29","79.25","79.66","79.15","79.38","1500","66.31","false"
"DND","2008-05-28","79.37","79.48","78.83","79.48","3700","66.39","false"
"DND","2008-05-27","79.16","79.52","78.96","79.48","17200","66.39","false"
"DND","2008-05-23","80.00","80.00","79.29","79.38","9900","66.31","false"
"DND","2008-05-22","80.92","81.19","80.76","80.93","17600","67.60","false"
"DND","2008-05-21","81.69","81.82","80.44","80.49","7400","67.23","false"
"DND","2008-05-20","81.24","81.24","80.65","80.69","7200","67.40","false"
"DND","2008-05-19","82.50","83.10","82.19","82.19","23900","68.65","false"
"DND","2008-05-16","82.37","82.84","81.93","82.84","17400","69.20","false"
"DND","2008-05-15","80.73","81.79","80.73","81.79","13000","68.32","false"
"DND","2008-05-14","80.75","81.42","80.65","80.65","13400","67.37","false"
"DND","2008-05-13","80.50","80.84","80.24","80.66","67100","67.38","false"
"DND","2008-05-12","79.67","80.49","79.67","80.48","3600","67.23","false"
"DND","2008-05-09","78.84","79.24","78.69","79.11","10200","66.08","false"
"DND","2008-05-08","79.25","79.63","78.79","79.33","16600","66.27","false"
"DND","2008-05-07","79.00","79.00","77.61","77.61","13700","64.83","false"
"DND","2008-05-06","79.50","80.75","79.50","80.75","13000","67.45","false"
"DND","2008-05-05","79.99","80.10","79.73","79.95","5300","66.78","false"
"DND","2008-05-02","79.88","79.99","79.64","79.87","9500","66.72","false"
"DND","2008-05-01","78.01","79.16","77.94","79.07","5700","66.05","false"
"DND","2008-04-30","78.50","79.17","78.33","78.33","4500","65.43","false"
"DND","2008-04-29","78.01","78.01","77.51","77.62","5800","64.84","false"
"DND","2008-04-28","78.91","79.21","78.74","78.76","6200","65.79","false"
"DND","2008-04-25","78.50","78.80","77.90","78.26","10900","65.37","false"
"DND","2008-04-24","78.67","79.02","77.71","78.71","6200","65.75","false"
"DND","2008-04-23","79.03","79.70","79.01","79.51","6300","66.42","false"
"DND","2008-04-22","78.03","78.35","77.55","77.81","5500","65.00","false"
"DND","2008-04-21","78.04","78.54","77.94","78.49","6000","65.56","false"
"DND","2008-04-18","76.84","77.21","76.47","76.95","7500","64.28","false"
"DND","2008-04-17","75.95","76.33","75.78","76.09","15300","63.56","false"
"DND","2008-04-16","76.04","77.35","76.04","77.31","5900","64.58","false"
"DND","2008-04-15","74.67","74.99","74.49","74.99","17600","62.64","false"
"DND","2008-04-14","73.96","74.16","73.51","73.70","23500","61.56","false"
"DND","2008-04-11","74.85","74.96","74.25","74.25","11100","62.02","false"
"DND","2008-04-10","75.01","75.50","74.52","75.16","4600","62.78","false"
"DND","2008-04-09","75.38","75.62","74.75","74.91","19100","62.57","false"
"DND","2008-04-08","75.76","76.57","75.76","76.57","3100","63.96","false"
"DND","2008-04-07","77.33","77.80","77.00","77.17","8400","64.46","false"
"DND","2008-04-04","76.83","77.32","76.51","76.91","10300","64.24","false"
"DND","2008-04-03","75.62","76.84","75.61","76.58","8800","63.97","false"
"DND","2008-04-02","75.63","75.88","75.07","75.20","16100","62.82","false"
"DND","2008-04-01","73.75","75.12","73.71","75.07","5000","62.71","false"
"DND","2008-03-31","72.92","73.19","72.75","72.84","8500","60.84","false"
"DND","2008-03-28","73.22","73.47","72.90","72.90","5200","60.89","false"
"DND","2008-03-27","73.60","73.69","72.61","72.82","7600","60.83","false"
"DND","2008-03-26","73.11","73.11","72.30","72.64","15000","60.68","false"
"DND","2008-03-25","72.72","72.98","72.33","72.70","20800","60.73","false"
"DND","2008-03-24","70.54","72.90","70.47","71.79","64800","59.97","false"
"DND","2008-03-20","68.49","70.47","68.07","70.23","21600","58.66","false"
"DND","2008-03-19","72.39","72.39","69.00","69.01","91400","57.64","false"
"DND","2008-03-18","70.71","71.99","70.01","71.94","61000","60.09","false"
"DND","2008-03-17","67.95","69.16","67.77","68.55","36400","57.26","false"
"DND","2008-03-14","72.39","72.39","69.27","69.77","125200","58.28","false"
"DND","2008-03-13","70.48","72.52","70.23","71.97","35000","60.12","false"
"DND","2008-03-12","72.58","73.22","72.11","72.15","22100","60.27","false"
"DND","2008-03-11","72.52","73.25","71.04","73.25","39700","61.19","false"
"DND","2008-03-10","70.82","70.82","69.09","69.36","15700","57.94","false"
"DND","2008-03-07","70.37","71.30","69.40","70.19","32700","58.63","false"
"DND","2008-03-06","73.18","73.18","71.41","71.41","19900","59.65","false"
"DND","2008-03-05","73.19","73.85","72.83","73.65","25500","61.52","false"
"DND","2008-03-04","73.37","73.37","71.61","72.60","47500","60.64","false"
"DND","2008-03-03","73.77","74.58","73.27","74.11","79400","61.90","false"
"DND","2008-02-29","75.90","75.90","73.95","74.14","21700","61.93","false"
"DND","2008-02-28","77.57","77.61","76.94","77.29","41800","64.56","false"
"DND","2008-02-27","77.40","78.56","77.38","78.17","23000","65.30","false"
"DND","2008-02-26","75.91","77.58","75.91","77.58","23100","64.80","false"
"DND","2008-02-25","75.42","76.34","74.98","76.34","12800","63.77","false"
"DND","2008-02-22","74.80","74.80","73.78","74.57","20900","62.29","false"
"DND","2008-02-21","75.18","75.54","73.78","73.90","15700","61.73","false"
"DND","2008-02-20","72.88","74.84","72.77","74.68","36300","62.38","false"
"DND","2008-02-19","75.81","76.14","74.90","75.05","36200","62.69","false"
"DND","2008-02-15","74.84","75.00","74.01","75.00","26900","62.65","false"
"DND","2008-02-14","74.98","75.16","74.04","74.12","34600","61.91","false"
"DND","2008-02-13","73.75","74.13","72.92","74.04","10600","61.85","false"
"DND","2008-02-12","74.67","75.65","74.10","74.41","25800","62.16","false"
"DND","2008-02-11","73.11","73.58","72.43","73.52","26800","61.41","false"
"DND","2008-02-08","73.98","74.09","73.18","73.77","17300","61.62","false"
"DND","2008-02-07","72.94","74.30","72.57","73.72","24600","61.58","false"
"DND","2008-02-06","74.58","75.49","73.52","73.56","59000","61.45","false"
"DND","2008-02-05","76.25","76.36","73.90","73.90","40200","61.73","false"
"DND","2008-02-04","77.49","77.54","76.56","76.58","49000","63.97","false"
"DND","2008-02-01","77.12","78.34","77.02","78.34","46700","65.44","false"
"DND","2008-01-31","73.69","76.00","72.64","75.56","40600","63.12","false"
"DND","2008-01-30","73.72","75.82","73.46","74.19","98800","61.97","false"
"DND","2008-01-29","75.36","75.95","75.03","75.77","79700","63.29","false"
"DND","2008-01-28","74.74","76.47","74.06","76.32","34000","63.75","false"
"DND","2008-01-25","76.95","77.21","75.48","75.76","38500","63.28","false"
"DND","2008-01-24","72.86","74.33","72.86","74.02","21100","61.83","false"
"DND","2008-01-23","69.30","72.81","67.70","72.81","96400","60.82","false"
"DND","2008-01-22","68.70","72.61","68.33","71.54","90900","59.76","false"
"DND","2008-01-18","75.37","75.83","73.46","74.22","32000","62.00","false"
"DND","2008-01-17","76.01","76.43","72.69","72.72","59800","60.74","false"
"DND","2008-01-16","75.67","76.26","74.33","75.08","111200","62.72","false"
"DND","2008-01-15","78.46","78.84","76.82","77.02","42800","64.34","false"
"DND","2008-01-14","80.46","81.05","80.09","81.05","30500","67.70","false"
"DND","2008-01-11","80.65","80.69","79.54","79.72","107500","66.59","false"
"DND","2008-01-10","79.97","82.73","79.97","82.33","58500","68.77","false"
"DND","2008-01-09","79.90","81.17","79.54","81.17","50200","67.80","false"
"DND","2008-01-08","80.30","81.35","79.40","79.42","33900","66.34","false"
"DND","2008-01-07","80.14","80.42","79.01","79.73","177000","66.60","false"
"DND","2008-01-04","80.83","80.83","79.00","79.00","94200","65.99","false"
"DND","2008-01-03","81.50","81.65","80.88","81.31","30500","67.92","false"
"DND","2008-01-02","82.05","82.28","80.59","80.85","37400","67.53","false"
"DND","2009-12-31","60.04","60.22","59.98","60.00","2500","57.26","false"
"DND","2009-12-30","59.73","59.80","59.72","59.75","1800","57.02","false"
"DND","2009-12-29","59.88","59.88","59.61","59.74","8100","57.01","false"
"DND","2009-12-28","58.88","60.69","58.74","59.09","26500","56.39","false"
"DND","2009-12-24","58.35","58.55","58.35","58.55","1600","55.87","false"
"DND","2009-12-23","57.73","58.14","57.70","57.97","11500","55.32","false"
"DND","2009-12-22","57.53","57.80","57.43","57.43","19200","54.81","false"
"DND","2009-12-21","60.00","60.00","57.13","57.46","7500","54.83","false"
"DND","2009-12-18","58.01","58.51","57.64","58.10","14700","55.10","false"
"DND","2009-12-17","58.71","58.71","57.75","57.89","10800","54.90","false"
"DND","2009-12-16","59.35","59.35","59.06","59.24","3500","56.18","false"
"DND","2009-12-15","59.35","59.35","58.84","58.91","4100","55.87","false"
"DND","2009-12-14","59.32","59.99","59.24","59.78","6500","56.70","false"
"DND","2009-12-11","59.55","59.61","59.14","59.38","12100","56.32","false"
"DND","2009-12-10","59.85","59.85","59.44","59.53","3200","56.46","false"
"DND","2009-12-09","58.95","59.19","58.57","59.03","1600","55.98","false"
"DND","2009-12-08","59.28","60.28","58.41","58.56","12800","55.54","false"
"DND","2009-12-07","59.68","60.08","59.56","59.56","3000","56.49","false"
"DND","2009-12-04","61.12","61.39","60.21","60.29","5000","57.18","false"
"DND","2009-12-03","61.37","61.55","60.97","60.97","7100","57.82","false"
"DND","2009-12-02","61.26","61.45","60.99","61.15","10500","57.99","false"
"DND","2009-12-01","60.91","61.03","60.69","61.03","20200","57.88","false"
"DND","2009-11-30","59.15","59.45","58.99","59.41","7300","56.34","false"
"DND","2009-11-27","60.49","60.49","56.00","58.51","11400","55.49","false"
"DND","2009-11-25","60.33","61.05","60.33","60.97","5900","57.82","false"
"DND","2009-11-24","60.49","60.49","59.59","59.75","3500","56.67","false"
"DND","2009-11-23","60.47","61.40","60.47","60.96","6100","57.81","false"
"DND","2009-11-20","59.50","59.80","59.00","59.64","2300","56.56","false"
"DND","2009-11-19","60.00","60.02","59.44","60.02","18400","56.92","false"
"DND","2009-11-18","61.34","61.34","60.66","60.94","3600","57.80","false"
"DND","2009-11-17","60.98","61.39","60.12","61.22","7900","58.06","false"
"DND","2009-11-16","61.48","62.40","61.48","61.89","8000","58.70","false"
"DND","2009-11-13","60.33","61.11","60.33","60.99","23800","57.84","false"
"DND","2009-11-12","61.51","61.72","59.64","60.35","18500","57.24","false"
"DND","2009-11-11","61.48","61.95","61.32","61.74","13300","58.55","false"
"DND","2009-11-10","60.88","61.15","60.42","61.14","21500","57.99","false"
"DND","2009-11-09","60.07","61.36","60.07","61.14","21900","57.99","false"
"DND","2009-11-06","58.47","59.32","58.47","59.07","9000","56.02","false"
"DND","2009-11-05","58.40","58.52","58.17","58.37","15600","55.36","false"
"DND","2009-11-04","58.83","58.90","57.82","58.05","22200","55.05","false"
"DND","2009-11-03","57.00","57.49","55.96","57.45","18300","54.49","false"
"DND","2009-11-02","57.91","58.69","57.16","58.12","22000","55.12","false"
"DND","2009-10-30","59.07","59.07","56.79","57.26","5900","54.31","false"
"DND","2009-10-29","58.45","59.74","58.24","59.52","20700","56.45","false"
"DND","2009-10-28","59.23","59.23","57.40","57.63","33900","54.66","false"
"DND","2009-10-27","60.01","60.74","59.85","60.23","18100","57.12","false"
"DND","2009-10-26","62.16","62.17","60.62","60.70","11700","57.57","false"
"DND","2009-10-23","62.16","62.16","61.00","61.44","10700","58.27","false"
"DND","2009-10-22","61.05","61.88","60.08","61.88","8000","58.69","false"
"DND","2009-10-21","61.68","62.33","61.02","61.25","18400","58.09","false"
"DND","2009-10-20","62.64","63.90","61.18","61.72","10500","58.54","false"
"DND","2009-10-19","61.81","62.29","61.17","62.08","11500","58.88","false"
"DND","2009-10-16","61.35","61.35","60.12","60.58","10400","57.45","false"
"DND","2009-10-15","61.34","62.63","61.29","61.78","3700","58.59","false"
"DND","2009-10-14","60.94","61.83","60.94","61.80","11400","58.61","false"
"DND","2009-10-13","59.85","60.11","59.79","60.03","6200","56.93","false"
"DND","2009-10-12","59.93","60.24","59.69","60.03","17400","56.93","false"
"DND","2009-10-09","60.02","60.25","59.50","59.86","2700","56.77","false"
"DND","2009-10-08","59.15","61.34","59.15","59.93","7600","56.84","false"
"DND","2009-10-07","58.07","58.33","57.93","58.23","6600","55.23","false"
"DND","2009-10-06","57.60","58.23","57.48","57.99","11400","55.00","false"
"DND","2009-10-05","55.72","57.04","55.72","57.04","9200","54.10","false"
"DND","2009-10-02","55.00","56.06","55.00","55.86","8500","52.98","false"
"DND","2009-10-01","58.14","58.14","56.50","56.50","16100","53.58","false"
"DND","2009-09-30","58.51","58.51","57.55","58.27","2600","55.26","false"
"DND","2009-09-29","58.11","58.18","57.86","58.07","3700","55.07","false"
"DND","2009-09-28","57.51","58.01","57.10","57.64","6500","54.67","false"
"DND","2009-09-25","56.94","57.43","56.94","57.23","14000","54.28","false"
"DND","2009-09-24","58.00","66.18","56.77","56.78","9100","53.85","false"
"DND","2009-09-23","58.31","58.83","58.01","58.01","3800","55.02","false"
"DND","2009-09-22","57.76","58.29","57.76","58.23","6600","55.23","false"
"DND","2009-09-21","57.40","57.67","56.54","56.84","11600","53.91","false"
"DND","2009-09-18","57.83","58.23","57.61","57.94","5800","54.67","false"
"DND","2009-09-17","58.35","58.39","57.81","57.89","12900","54.62","false"
"DND","2009-09-16","57.68","58.63","57.68","58.63","7200","55.32","false"
"DND","2009-09-15","56.71","56.73","55.90","56.69","36900","53.49","false"
"DND","2009-09-14","56.64","56.65","55.76","56.65","7500","53.45","false"
"DND","2009-09-11","57.74","57.74","56.84","57.23","205800","54.00","false"
"DND","2009-09-10","56.27","57.21","56.04","57.06","19000","53.84","false"
"DND","2009-09-09","56.66","56.66","56.20","56.47","12600","53.28","false"
"DND","2009-09-08","56.00","57.12","56.00","56.29","5600","53.11","false"
"DND","2009-09-04","54.23","55.15","54.23","55.00","7100","51.90","false"
"DND","2009-09-03","53.50","53.96","53.21","53.96","6500","50.91","false"
"DND","2009-09-02","52.68","53.24","52.64","53.13","8200","50.13","false"
"DND","2009-09-01","53.79","54.82","52.89","53.34","5000","50.33","false"
"DND","2009-08-31","54.49","54.49","53.63","53.86","14500","50.82","false"
"DND","2009-08-28","55.15","55.31","54.48","54.96","11700","51.86","false"
"DND","2009-08-27","54.19","54.65","53.99","54.63","2000","51.55","false"
"DND","2009-08-26","53.75","54.10","53.65","54.08","5900","51.03","false"
"DND","2009-08-25","54.35","54.95","54.27","54.27","15000","51.21","false"
"DND","2009-08-24","54.50","57.35","54.04","54.04","10100","50.99","false"
"DND","2009-08-21","53.97","54.02","53.22","53.92","19700","50.88","false"
"DND","2009-08-20","53.53","53.87","53.44","53.86","19100","50.82","false"
"DND","2009-08-19","53.41","53.73","52.87","53.59","28900","50.57","false"
"DND","2009-08-18","53.05","53.67","53.05","53.64","18400","50.61","false"
"DND","2009-08-17","53.42","54.00","52.12","52.64","23100","49.67","false"
"DND","2009-08-14","55.23","55.23","54.17","54.35","15000","51.28","false"
"DND","2009-08-13","54.92","55.65","54.92","55.43","15500","52.30","false"
"DND","2009-08-12","53.50","54.68","53.50","54.21","14000","51.15","false"
"DND","2009-08-11","53.98","53.98","53.38","53.57","16000","50.55","false"
"DND","2009-08-10","54.55","54.86","53.72","54.09","14600","51.04","false"
"DND","2009-08-07","54.36","54.60","53.92","54.60","8400","51.52","false"
"DND","2009-08-06","54.43","54.82","53.36","54.19","20500","51.13","false"
"DND","2009-08-05","53.95","54.00","52.61","53.60","16900","50.57","false"
"DND","2009-08-04","54.28","55.54","52.41","53.99","59000","50.94","false"
"DND","2009-08-03","54.13","54.74","54.13","54.62","16600","51.54","false"
"DND","2009-07-31","52.35","53.39","52.35","53.13","10500","50.13","false"
"DND","2009-07-30","52.82","53.27","52.60","52.60","8400","49.63","false"
"DND","2009-07-29","51.70","51.70","50.93","51.22","11300","48.33","false"
"DND","2009-07-28","52.16","52.30","51.57","52.00","19100","49.06","false"
"DND","2009-07-27","51.69","52.25","51.00","51.88","7100","48.95","false"
"DND","2009-07-24","51.10","51.10","50.37","50.95","7200","48.07","false"
"DND","2009-07-23","50.15","52.11","50.15","51.32","102100","48.42","false"
"DND","2009-07-22","49.34","50.04","49.29","49.85","9100","47.04","false"
"DND","2009-07-21","50.42","50.42","49.31","49.79","9200","46.98","false"
"DND","2009-07-20","50.10","50.48","49.84","50.13","31300","47.30","false"
"DND","2009-07-17","48.83","48.93","48.40","48.57","4700","45.83","false"
"DND","2009-07-16","48.45","48.95","48.08","48.81","8700","46.06","false"
"DND","2009-07-15","47.41","48.62","47.36","48.56","32800","45.82","false"
"DND","2009-07-14","45.99","46.26","45.94","46.26","2200","43.65","false"
"DND","2009-07-13","44.13","44.13","44.13","44.13","500","41.64","false"
"DND","2009-07-10","44.50","44.89","44.50","44.72","8300","42.20","false"
"DND","2009-07-09","44.90","45.43","44.90","45.43","1000","42.87","false"
"DND","2009-07-08","44.93","45.06","43.40","44.12","25600","41.63","false"
"DND","2009-07-07","45.50","45.50","44.54","44.54","5900","42.03","false"
"DND","2009-07-06","44.98","45.24","44.81","45.06","1100","42.52","false"
"DND","2009-07-02","46.25","46.25","45.14","45.65","25400","43.07","false"
"DND","2009-07-01","47.80","47.90","47.28","47.58","12700","44.89","false"
"DND","2009-06-30","47.47","47.47","47.04","47.16","15100","44.50","false"
"DND","2009-06-29","47.85","48.02","47.55","47.66","56300","44.97","false"
"DND","2009-06-26","47.24","47.88","47.14","47.73","35300","45.04","false"
"DND","2009-06-25","46.11","47.25","46.03","46.56","13300","43.93","false"
"DND","2009-06-24","43.70","47.22","43.70","46.68","45400","44.05","false"
"DND","2009-06-23","44.57","46.95","42.45","44.22","13300","41.72","false"
"DND","2009-06-22","47.85","47.85","43.70","45.25","1085300","42.70","false"
"DND","2009-06-19","47.47","48.01","47.05","47.87","63600","44.50","false"
"DND","2009-06-18","46.75","47.10","46.75","47.10","4000","43.79","false"
"DND","2009-06-17","46.20","46.44","45.94","46.42","18100","43.16","false"
"DND","2009-06-16","47.71","48.00","46.59","46.98","5400","43.68","false"
"DND","2009-06-15","49.49","49.49","47.04","47.62","8800","44.27","false"
"DND","2009-06-12","49.21","49.21","49.03","49.09","1100","45.64","false"
"DND","2009-06-11","49.28","50.24","49.28","50.21","5700","46.68","false"
"DND","2009-06-10","49.15","49.30","48.23","48.57","14500","45.15","false"
"DND","2009-06-09","47.71","48.31","47.68","48.29","19700","44.89","false"
"DND","2009-06-08","46.79","47.33","46.63","47.13","5600","43.82","false"
"DND","2009-06-05","48.08","48.43","47.80","47.80","3000","44.44","false"
"DND","2009-06-04","47.82","48.41","47.60","48.26","7400","44.87","false"
"DND","2009-06-03","48.68","48.68","47.34","47.37","9400","44.04","false"
"DND","2009-06-02","48.48","49.09","48.27","48.94","42200","45.50","false"
"DND","2009-06-01","47.79","48.79","47.79","48.45","11300","45.04","false"
"DND","2009-05-29","46.40","46.81","46.22","46.79","10200","43.50","false"
"DND","2009-05-28","45.02","45.42","44.95","45.42","6100","42.23","false"
"DND","2009-05-27","45.79","46.02","44.61","44.75","7100","41.60","false"
"DND","2009-05-26","44.33","45.89","44.33","45.77","22200","42.55","false"
"DND","2009-05-22","44.89","45.28","44.84","45.19","2800","42.01","false"
"DND","2009-05-21","44.04","44.50","43.94","43.94","2400","40.85","false"
"DND","2009-05-20","45.60","46.30","45.57","45.81","19000","42.59","false"
"DND","2009-05-19","45.33","45.74","45.12","45.51","5700","42.31","false"
"DND","2009-05-18","43.83","44.79","43.83","44.79","1600","41.64","false"
"DND","2009-05-15","43.35","43.35","42.90","42.90","1200","39.88","false"
"DND","2009-05-14","43.32","43.90","43.32","43.85","4000","40.77","false"
"DND","2009-05-13","43.26","43.40","42.63","42.87","1900","39.86","false"
"DND","2009-05-12","44.83","44.83","44.26","44.80","2000","41.65","false"
"DND","2009-05-11","44.95","44.95","44.18","44.18","1500","41.07","false"
"DND","2009-05-08","45.59","45.95","45.29","45.95","6000","42.72","false"
"DND","2009-05-07","45.40","45.40","44.23","44.45","5000","41.32","false"
"DND","2009-05-06","43.89","44.89","43.76","44.72","18300","41.58","false"
"DND","2009-05-05","43.51","43.51","42.85","42.89","3000","39.87","false"
"DND","2009-05-04","40.98","43.46","40.98","43.46","14900","40.40","false"
"DND","2009-05-01","40.89","41.35","40.80","40.95","1600","38.07","false"
"DND","2009-04-30","41.18","41.40","40.68","40.74","5800","37.88","false"
"DND","2009-04-29","39.97","40.88","39.63","40.50","4600","37.65","false"
"DND","2009-04-28","39.07","39.50","38.94","39.28","6100","36.52","false"
"DND","2009-04-27","39.95","40.20","39.56","39.68","6000","36.89","false"
"DND","2009-04-24","40.54","41.05","40.54","40.66","2000","37.80","false"
"DND","2009-04-23","40.12","40.20","39.80","40.00","3600","37.19","false"
"DND","2009-04-22","39.29","40.09","39.29","40.09","2000","37.27","false"
"DND","2009-04-21","38.53","39.95","38.53","39.95","4700","37.14","false"
"DND","2009-04-20","40.04","40.04","38.76","38.76","5500","36.03","false"
"DND","2009-04-17","41.32","41.37","40.77","41.17","2900","38.27","false"
"DND","2009-04-16","41.19","41.40","40.84","41.40","5700","38.49","false"
"DND","2009-04-15","40.35","41.19","40.16","41.19","4300","38.29","false"
"DND","2009-04-14","40.38","41.03","40.23","40.28","10000","37.45","false"
"DND","2009-04-13","40.32","41.18","40.00","40.87","7200","38.00","false"
"DND","2009-04-09","39.63","40.10","39.55","39.94","11600","37.13","false"
"DND","2009-04-08","39.20","39.20","38.66","38.74","1200","36.02","false"
"DND","2009-04-07","39.50","39.50","39.06","39.20","4600","36.44","false"
"DND","2009-04-06","39.38","39.66","39.20","39.44","31500","36.67","false"
"DND","2009-04-03","38.98","39.85","38.98","39.72","2800","36.93","false"
"DND","2009-04-02","39.49","40.15","39.36","39.36","4100","36.59","false"
"DND","2009-04-01","36.79","37.83","36.79","37.83","2700","35.17","false"
"DND","2009-03-31","37.27","37.61","37.23","37.39","700","34.76","false"
"DND","2009-03-30","36.37","36.38","35.67","35.85","14000","33.33","false"
"DND","2009-03-27","37.70","37.92","37.38","37.83","9300","35.17","false"
"DND","2009-03-26","38.43","38.85","38.20","38.79","5500","36.06","false"
"DND","2009-03-25","37.50","39.05","36.97","37.69","33900","35.04","false"
"DND","2009-03-24","38.50","38.50","37.40","37.40","1800","34.77","false"
"DND","2009-03-23","36.40","37.85","36.36","37.85","7900","35.19","false"
"DND","2009-03-20","35.90","36.02","35.26","35.26","4400","32.56","false"
"DND","2009-03-19","36.30","36.30","35.75","35.82","21700","33.07","false"
"DND","2009-03-18","34.50","35.65","34.38","35.50","9600","32.78","false"
"DND","2009-03-17","34.36","34.90","34.36","34.70","40500","32.04","false"
"DND","2009-03-16","34.02","34.63","33.95","34.07","12600","31.46","false"
"DND","2009-03-13","33.77","33.88","33.13","33.65","20800","31.07","false"
"DND","2009-03-12","32.45","33.17","32.45","32.92","3300","30.40","false"
"DND","2009-03-11","32.49","32.49","32.10","32.10","1300","29.64","false"
"DND","2009-03-10","31.37","32.42","30.73","32.34","3900","29.86","false"
"DND","2009-03-09","30.40","31.06","30.16","30.16","11000","27.85","false"
"DND","2009-03-06","31.07","31.55","30.04","31.22","13100","28.83","false"
"DND","2009-03-05","31.58","31.58","30.64","31.02","5400","28.64","false"
"DND","2009-03-04","32.12","33.10","32.07","32.54","10300","30.04","false"
"DND","2009-03-03","30.04","31.36","30.04","31.00","6700","28.62","false"
"DND","2009-03-02","31.41","31.94","30.71","30.82","5000","28.46","false"
"DND","2009-02-27","32.39","33.00","32.03","32.58","5600","30.08","false"
"DND","2009-02-26","33.72","34.00","33.13","33.13","8000","30.59","false"
"DND","2009-02-25","33.33","33.97","33.18","33.38","1900","30.82","false"
"DND","2009-02-24","32.83","34.21","32.79","33.73","6200","31.14","false"
"DND","2009-02-23","33.64","33.64","32.50","32.50","7400","30.01","false"
"DND","2009-02-20","32.52","33.26","32.49","32.90","3400","30.38","false"
"DND","2009-02-19","34.38","34.38","33.59","33.62","4000","31.04","false"
"DND","2009-02-18","33.47","33.47","32.96","33.03","2800","30.50","false"
"DND","2009-02-17","33.15","33.49","32.68","33.00","40100","30.47","false"
"DND","2009-02-13","35.31","35.69","35.31","35.69","6100","32.95","false"
"DND","2009-02-12","34.37","35.08","33.78","35.08","2300","32.39","false"
"DND","2009-02-11","34.95","35.07","34.95","35.07","800","32.38","false"
"DND","2009-02-10","35.87","35.87","33.67","34.11","17400","31.49","false"
"DND","2009-02-09","36.00","36.42","35.90","36.26","2300","33.48","false"
"DND","2009-02-06","35.70","36.74","35.70","36.35","5200","33.56","false"
"DND","2009-02-05","34.38","35.40","34.00","35.12","1400","32.43","false"
"DND","2009-02-04","35.47","35.47","34.61","34.61","11900","31.96","false"
"DND","2009-02-03","34.42","34.70","34.42","34.70","600","32.04","false"
"DND","2009-02-02","33.49","34.41","33.49","33.73","7700","31.14","false"
"DND","2009-01-30","34.31","34.31","34.00","34.00","2700","31.39","false"
"DND","2009-01-29","35.18","35.18","34.40","34.40","2500","31.76","false"
"DND","2009-01-28","36.31","36.68","35.99","36.43","5000","33.64","false"
"DND","2009-01-27","34.98","35.35","34.98","35.32","3100","32.61","false"
"DND","2009-01-26","34.90","34.90","33.90","33.90","1200","31.30","false"
"DND","2009-01-23","32.82","34.00","32.76","33.83","2000","31.24","false"
"DND","2009-01-22","34.25","34.25","34.25","34.25","1900","31.62","false"
"DND","2009-01-21","34.39","35.56","33.79","35.20","8400","32.50","false"
"DND","2009-01-20","35.34","35.34","33.55","33.55","4800","30.98","false"
"DND","2009-01-16","36.90","36.92","35.45","35.76","5800","33.02","false"
"DND","2009-01-15","35.89","35.89","35.00","35.82","1600","33.07","false"
"DND","2009-01-14","36.39","36.44","35.76","36.28","6100","33.50","false"
"DND","2009-01-13","37.33","37.33","36.72","37.11","4500","34.26","false"
"DND","2009-01-12","38.37","38.37","37.37","37.66","2000","34.77","false"
"DND","2009-01-09","39.00","39.24","38.79","39.12","4000","36.12","false"
"DND","2009-01-08","39.30","40.02","39.30","40.02","4100","36.95","false"
"DND","2009-01-07","40.48","40.48","39.60","39.66","8800","36.62","false"
"DND","2009-01-06","41.24","41.63","41.24","41.63","1700","38.44","false"
"DND","2009-01-05","40.51","40.51","40.28","40.28","800","37.19","false"
"DND","2009-01-02","40.06","41.02","39.90","40.99","4300","37.85","false"
"DND","2010-12-31","65.98","66.42","65.98","66.42","3200","65.89","false"
"DND","2010-12-30","66.47","66.47","66.01","66.28","2800","65.75","false"
"DND","2010-12-29","66.09","66.47","66.09","66.40","12200","65.87","false"
"DND","2010-12-28","65.74","65.74","65.60","65.70","7700","65.17","false"
"DND","2010-12-27","65.07","65.65","65.01","65.54","6400","65.02","false"
"DND","2010-12-23","65.78","65.78","65.49","65.61","3600","65.08","false"
"DND","2010-12-22","65.61","65.62","65.46","65.62","4300","65.09","false"
"DND","2010-12-21","65.81","66.04","65.80","65.92","23200","64.83","false"
"DND","2010-12-20","65.00","65.08","64.82","65.04","2500","63.96","false"
"DND","2010-12-17","64.89","65.01","64.71","64.98","9100","63.90","false"
"DND","2010-12-16","64.92","65.15","64.85","65.15","1700","64.07","false"
"DND","2010-12-15","65.59","65.66","64.78","64.92","16200","63.84","false"
"DND","2010-12-14","66.15","66.46","66.15","66.34","6300","65.24","false"
"DND","2010-12-13","66.20","66.35","66.20","66.29","2700","65.19","false"
"DND","2010-12-10","65.30","65.52","65.21","65.52","3800","64.43","false"
"DND","2010-12-09","65.27","65.37","64.91","65.04","3500","63.96","false"
"DND","2010-12-08","64.75","64.75","64.28","64.28","1300","63.21","false"
"DND","2010-12-07","66.29","66.29","65.25","65.25","7000","64.17","false"
"DND","2010-12-06","65.17","65.30","65.06","65.30","5300","64.22","false"
"DND","2010-12-03","65.21","65.38","65.21","65.35","1900","64.27","false"
"DND","2010-12-02","64.30","65.40","64.29","65.25","5500","64.17","false"
"DND","2010-12-01","63.71","64.21","63.66","64.15","2100","63.08","false"
"DND","2010-11-30","62.44","62.70","62.44","62.50","2200","61.46","false"
"DND","2010-11-29","62.74","63.37","62.50","63.37","9800","62.32","false"
"DND","2010-11-26","62.95","62.95","62.73","62.78","500","61.74","false"
"DND","2010-11-24","63.66","64.29","63.66","64.11","2700","63.05","false"
"DND","2010-11-23","63.21","63.21","62.50","62.74","10500","61.70","false"
"DND","2010-11-22","64.27","64.56","63.80","64.56","4900","63.49","false"
"DND","2010-11-19","64.29","64.71","64.29","64.71","8600","63.64","false"
"DND","2010-11-18","65.29","65.51","65.29","65.45","4600","64.36","false"
"DND","2010-11-17","64.19","64.46","64.05","64.10","7700","63.04","false"
"DND","2010-11-16","64.90","64.90","63.65","64.00","18700","62.94","false"
"DND","2010-11-15","65.95","66.06","65.38","65.39","7800","64.30","false"
"DND","2010-11-12","65.79","65.98","64.84","65.25","8600","64.17","false"
"DND","2010-11-11","66.66","66.66","66.24","66.42","5700","65.32","false"
"DND","2010-11-10","66.46","67.11","66.14","66.98","13300","65.87","false"
"DND","2010-11-09","67.93","68.07","66.79","66.82","6700","65.71","false"
"DND","2010-11-08","68.00","68.00","67.58","67.92","4200","66.79","false"
"DND","2010-11-05","68.25","68.28","68.08","68.28","2900","67.15","false"
"DND","2010-11-04","67.71","68.35","67.71","68.31","29300","67.18","false"
"DND","2010-11-03","66.07","66.54","65.69","66.52","7700","65.42","false"
"DND","2010-11-02","66.00","66.17","65.93","66.09","12900","64.99","false"
"DND","2010-11-01","65.21","65.40","65.00","65.00","6100","63.92","false"
"DND","2010-10-29","64.18","64.25","64.07","64.21","3000","63.14","false"
"DND","2010-10-28","64.33","64.60","63.88","64.22","2600","63.15","false"
"DND","2010-10-27","63.79","63.93","63.04","63.93","9000","62.87","false"
"DND","2010-10-26","64.70","64.95","64.50","64.90","10800","63.82","false"
"DND","2010-10-25","65.66","65.85","65.42","65.52","3800","64.43","false"
"DND","2010-10-22","64.25","64.37","64.20","64.34","1900","63.27","false"
"DND","2010-10-21","64.72","64.90","63.78","63.79","2800","62.73","false"
"DND","2010-10-20","64.18","65.17","64.18","64.99","1100","63.91","false"
"DND","2010-10-19","64.54","64.54","63.47","63.63","19300","62.57","false"
"DND","2010-10-18","65.16","65.74","64.90","65.70","5300","64.61","false"
"DND","2010-10-15","65.68","65.68","64.84","65.09","4800","64.01","false"
"DND","2010-10-14","65.50","65.69","65.23","65.32","2500","64.24","false"
"DND","2010-10-13","64.97","65.42","64.72","65.12","6900","64.04","false"
"DND","2010-10-12","64.63","64.84","63.88","64.84","8200","63.76","false"
"DND","2010-10-11","65.26","65.27","64.92","65.26","1900","64.18","false"
"DND","2010-10-08","64.46","65.41","64.46","65.29","4200","64.21","false"
"DND","2010-10-07","65.09","65.15","64.35","64.55","6500","63.48","false"
"DND","2010-10-06","64.65","64.88","64.51","64.66","2000","63.59","false"
"DND","2010-10-05","63.73","64.34","63.73","64.34","8400","63.27","false"
"DND","2010-10-04","63.35","63.65","62.92","63.24","14100","62.19","false"
"DND","2010-10-01","63.39","63.39","62.84","63.31","3300","62.26","false"
"DND","2010-09-30","62.94","63.07","62.66","63.07","1700","62.02","false"
"DND","2010-09-29","63.46","63.71","63.26","63.41","10400","62.36","false"
"DND","2010-09-28","63.35","63.85","63.35","63.85","3900","62.79","false"
"DND","2010-09-27","63.38","63.55","63.15","63.23","4500","62.18","false"
"DND","2010-09-24","62.64","63.15","62.64","63.14","3200","62.09","false"
"DND","2010-09-23","61.65","62.21","61.63","61.63","3400","60.61","false"
"DND","2010-09-22","62.68","62.68","61.91","62.09","21100","61.06","false"
"DND","2010-09-21","62.19","62.19","61.61","62.11","32600","61.08","false"
"DND","2010-09-20","61.77","62.40","61.77","62.40","2100","61.36","false"
"DND","2010-09-17","61.92","61.97","61.86","61.90","1500","60.10","false"
"DND","2010-09-16","61.88","61.97","61.60","61.97","1500","60.17","false"
"DND","2010-09-15","62.31","62.39","61.85","62.39","8400","60.58","false"
"DND","2010-09-14","61.85","62.56","61.78","62.56","3800","60.74","false"
"DND","2010-09-13","61.81","62.04","61.81","62.02","4100","60.22","false"
"DND","2010-09-10","60.84","60.95","60.72","60.95","2000","59.18","false"
"DND","2010-09-09","61.11","61.11","60.80","60.94","2000","59.17","false"
"DND","2010-09-08","60.43","60.43","60.28","60.32","2300","58.57","false"
"DND","2010-09-07","60.08","60.11","59.80","59.80","4600","58.06","false"
"DND","2010-09-03","60.00","60.43","59.87","60.02","7200","58.27","false"
"DND","2010-09-02","59.51","59.70","59.37","59.70","3800","57.96","false"
"DND","2010-09-01","58.67","59.68","58.67","59.68","5400","57.94","false"
"DND","2010-08-31","56.95","57.51","56.95","57.11","6400","55.45","false"
"DND","2010-08-30","57.75","57.75","57.27","57.37","8400","55.70","false"
"DND","2010-08-27","57.23","57.62","56.91","57.62","1000","55.94","false"
"DND","2010-08-26","56.96","57.02","56.05","56.22","2100","54.59","false"
"DND","2010-08-25","55.52","56.01","55.43","56.01","2300","54.38","false"
"DND","2010-08-24","56.00","56.26","55.79","56.09","2400","54.46","false"
"DND","2010-08-23","57.12","57.34","57.12","57.34","1200","55.67","false"
"DND","2010-08-20","56.93","57.13","56.89","57.11","800","55.45","false"
"DND","2010-08-19","57.80","57.80","57.48","57.48","1400","55.81","false"
"DND","2010-08-18","58.57","58.57","58.25","58.26","1200","56.57","false"
"DND","2010-08-17","58.32","58.80","58.32","58.40","1900","56.70","false"
"DND","2010-08-16","57.36","57.85","57.36","57.72","2600","56.04","false"
"DND","2010-08-13","57.20","57.63","57.01","57.34","5700","55.67","false"
"DND","2010-08-12","56.48","57.17","56.48","57.01","3200","55.35","false"
"DND","2010-08-11","57.70","57.70","56.75","57.15","6600","55.49","false"
"DND","2010-08-10","58.88","59.53","58.72","59.21","5700","57.49","false"
"DND","2010-08-09","60.38","60.38","60.06","60.29","1000","58.54","false"
"DND","2010-08-06","59.01","59.71","58.90","59.49","2000","57.76","false"
"DND","2010-08-05","59.78","59.92","59.52","59.83","3800","58.09","false"
"DND","2010-08-04","59.96","60.10","59.70","60.09","5600","58.34","false"
"DND","2010-08-03","59.64","59.80","59.25","59.79","3300","58.05","false"
"DND","2010-08-02","59.51","60.43","59.51","60.43","15900","58.67","false"
"DND","2010-07-30","58.42","58.72","58.22","58.69","1300","56.98","false"
"DND","2010-07-29","58.57","58.70","58.13","58.55","2600","56.85","false"
"DND","2010-07-28","58.31","58.31","57.82","58.04","4100","56.35","false"
"DND","2010-07-27","58.44","58.51","58.16","58.36","4600","56.66","false"
"DND","2010-07-26","58.40","58.86","58.09","58.86","39300","57.15","false"
"DND","2010-07-23","57.22","57.84","57.22","57.84","2000","56.16","false"
"DND","2010-07-22","57.06","57.52","56.94","57.02","8000","55.36","false"
"DND","2010-07-21","56.44","56.45","55.58","55.58","8300","53.96","false"
"DND","2010-07-20","55.50","55.57","55.31","55.34","7500","53.73","false"
"DND","2010-07-19","54.96","55.24","54.77","55.12","13600","53.52","false"
"DND","2010-07-16","55.22","55.22","54.89","54.93","10200","53.33","false"
"DND","2010-07-15","56.49","56.49","55.98","55.98","1700","54.35","false"
"DND","2010-07-14","56.82","57.00","56.64","56.64","7600","54.99","false"
"DND","2010-07-13","56.45","56.91","56.32","56.75","6500","55.10","false"
"DND","2010-07-12","56.10","56.10","55.90","55.90","3200","54.27","false"
"DND","2010-07-09","55.63","56.20","55.63","56.20","1400","54.57","false"
"DND","2010-07-08","55.67","55.70","55.28","55.67","1600","54.05","false"
"DND","2010-07-07","53.47","55.00","53.47","55.00","15400","53.40","false"
"DND","2010-07-06","54.26","54.52","53.53","53.53","6200","51.97","false"
"DND","2010-07-02","53.30","53.55","53.30","53.55","400","51.99","false"
"DND","2010-07-01","52.97","53.00","52.05","52.71","8600","51.18","false"
"DND","2010-06-30","53.34","53.55","53.22","53.34","2700","51.79","false"
"DND","2010-06-29","53.88","53.88","52.93","53.17","12100","51.62","false"
"DND","2010-06-28","55.86","55.86","55.22","55.55","3500","53.93","false"
"DND","2010-06-25","55.81","56.64","55.81","56.64","1700","54.36","false"
"DND","2010-06-24","55.94","56.11","55.84","55.92","1200","53.67","false"
"DND","2010-06-23","56.80","57.04","56.68","56.84","3600","54.56","false"
"DND","2010-06-22","57.94","57.95","56.76","56.81","3300","54.53","false"
"DND","2010-06-21","58.67","58.81","57.79","57.94","3600","55.61","false"
"DND","2010-06-18","57.04","57.49","57.04","57.49","8100","55.18","false"
"DND","2010-06-17","57.03","57.03","56.41","56.53","2100","54.26","false"
"DND","2010-06-16","56.75","57.16","56.59","57.14","8300","54.84","false"
"DND","2010-06-15","56.41","57.25","56.41","57.25","2900","54.95","false"
"DND","2010-06-14","56.68","56.94","56.26","56.29","2400","54.03","false"
"DND","2010-06-11","55.12","55.60","55.12","55.60","3700","53.36","false"
"DND","2010-06-10","55.15","55.92","54.89","55.76","68700","53.52","false"
"DND","2010-06-09","53.96","54.46","53.36","53.36","7000","51.21","false"
"DND","2010-06-08","52.75","53.03","52.44","53.03","7400","50.90","false"
"DND","2010-06-07","52.58","52.85","52.25","52.62","4900","50.50","false"
"DND","2010-06-04","52.77","53.41","52.16","52.37","3800","50.26","false"
"DND","2010-06-03","54.94","54.94","53.97","54.35","4000","52.17","false"
"DND","2010-06-02","53.23","54.44","53.23","54.40","5700","52.21","false"
"DND","2010-06-01","53.67","54.18","53.65","53.93","9800","51.76","false"
"DND","2010-05-28","54.48","54.54","54.12","54.12","2700","51.94","false"
"DND","2010-05-27","53.58","54.74","53.03","54.74","8100","52.54","false"
"DND","2010-05-26","52.80","53.15","52.03","52.03","6400","49.94","false"
"DND","2010-05-25","51.10","52.58","50.95","52.58","26500","50.47","false"
"DND","2010-05-24","53.50","53.80","53.38","53.38","8800","51.23","false"
"DND","2010-05-21","50.98","52.61","50.81","52.19","9400","50.09","false"
"DND","2010-05-20","52.01","52.53","50.00","51.51","24800","49.44","false"
"DND","2010-05-19","54.57","54.57","53.27","54.47","15200","52.28","false"
"DND","2010-05-18","56.88","56.88","55.00","55.56","4900","53.33","false"
"DND","2010-05-17","56.70","56.97","55.35","56.54","9500","54.27","false"
"DND","2010-05-14","57.64","57.64","56.14","56.26","7900","54.00","false"
"DND","2010-05-13","58.29","58.74","58.10","58.14","2800","55.80","false"
"DND","2010-05-12","58.31","58.55","58.25","58.48","8700","56.13","false"
"DND","2010-05-11","58.06","58.80","58.06","58.15","11200","55.81","false"
"DND","2010-05-10","56.65","59.08","56.65","58.92","11300","56.55","false"
"DND","2010-05-07","56.08","56.65","54.57","55.65","13300","53.41","false"
"DND","2010-05-06","57.75","57.83","52.15","55.56","36000","53.33","false"
"DND","2010-05-05","58.48","59.08","58.03","58.51","11400","56.16","false"
"DND","2010-05-04","60.16","60.16","58.86","59.01","15800","56.64","false"
"DND","2010-05-03","61.52","61.95","61.40","61.88","29800","59.39","false"
"DND","2010-04-30","62.17","62.17","61.06","61.10","12000","58.64","false"
"DND","2010-04-29","61.75","62.46","61.75","62.19","6400","59.69","false"
"DND","2010-04-28","61.77","61.94","61.61","61.76","19600","59.28","false"
"DND","2010-04-27","62.06","62.24","60.73","60.95","25400","58.50","false"
"DND","2010-04-26","63.23","63.23","62.87","63.01","6900","60.48","false"
"DND","2010-04-23","62.66","62.85","62.21","62.85","5200","60.32","false"
"DND","2010-04-22","62.06","63.05","62.06","63.04","2000","60.51","false"
"DND","2010-04-21","63.13","63.27","62.80","63.11","9200","60.57","false"
"DND","2010-04-20","63.62","63.62","63.26","63.62","6100","61.06","false"
"DND","2010-04-19","62.58","62.76","62.09","62.76","8600","60.24","false"
"DND","2010-04-16","63.66","63.66","62.58","63.09","1400","60.55","false"
"DND","2010-04-15","64.61","64.61","64.15","64.33","16300","61.74","false"
"DND","2010-04-14","64.15","64.75","64.15","64.67","20800","62.07","false"
"DND","2010-04-13","63.27","63.40","63.17","63.40","2700","60.85","false"
"DND","2010-04-12","63.33","63.59","63.29","63.46","4800","60.91","false"
"DND","2010-04-09","63.43","63.79","63.43","63.79","1400","61.23","false"
"DND","2010-04-08","62.51","63.30","62.51","63.17","11100","60.63","false"
"DND","2010-04-07","62.83","63.20","62.71","62.87","11200","60.34","false"
"DND","2010-04-06","62.44","63.26","62.44","63.26","9300","60.72","false"
"DND","2010-04-05","62.44","63.06","62.39","62.94","15600","60.41","false"
"DND","2010-04-01","62.40","62.62","62.23","62.27","6100","59.77","false"
"DND","2010-03-31","61.23","61.59","61.18","61.46","5600","58.99","false"
"DND","2010-03-30","61.96","62.18","61.87","62.18","9800","59.68","false"
"DND","2010-03-29","61.59","62.00","61.59","61.95","3500","59.46","false"
"DND","2010-03-26","61.67","61.67","61.15","61.40","2000","58.59","false"
"DND","2010-03-25","61.66","62.00","61.25","61.27","10600","58.47","false"
"DND","2010-03-24","61.53","61.53","61.15","61.15","1900","58.36","false"
"DND","2010-03-23","61.80","62.17","61.56","62.17","3300","59.33","false"
"DND","2010-03-22","60.60","61.53","60.60","61.50","2600","58.69","false"
"DND","2010-03-19","62.00","62.00","61.27","61.29","3000","58.49","false"
"DND","2010-03-18","62.07","62.21","61.80","62.06","4100","59.22","false"
"DND","2010-03-17","61.99","62.68","61.99","62.10","8100","59.26","false"
"DND","2010-03-16","61.05","61.79","61.05","61.79","13800","58.97","false"
"DND","2010-03-15","60.76","61.06","60.45","61.06","2700","58.27","false"
"DND","2010-03-12","61.50","61.56","61.20","61.29","6000","58.49","false"
"DND","2010-03-11","61.46","61.55","61.07","61.52","7800","58.71","false"
"DND","2010-03-10","60.91","61.50","60.91","61.28","2100","58.48","false"
"DND","2010-03-09","60.26","61.38","60.26","61.18","6000","58.38","false"
"DND","2010-03-08","60.38","60.75","60.38","60.63","4300","57.86","false"
"DND","2010-03-05","60.06","60.81","60.06","60.81","2100","58.03","false"
"DND","2010-03-04","59.61","59.72","59.35","59.54","6400","56.82","false"
"DND","2010-03-03","60.00","60.30","59.84","59.84","6600","57.11","false"
"DND","2010-03-02","59.90","59.90","59.60","59.62","7700","56.90","false"
"DND","2010-03-01","58.88","59.45","58.88","59.43","7100","56.71","false"
"DND","2010-02-26","58.00","58.58","57.85","58.50","7700","55.83","false"
"DND","2010-02-25","56.62","57.79","56.62","57.79","3800","55.15","false"
"DND","2010-02-24","58.19","58.57","58.08","58.47","2200","55.80","false"
"DND","2010-02-23","59.13","59.13","57.71","57.71","22900","55.07","false"
"DND","2010-02-22","58.85","58.91","58.63","58.66","58700","55.98","false"
"DND","2010-02-19","58.23","58.63","57.92","58.63","10600","55.95","false"
"DND","2010-02-18","58.51","58.95","58.51","58.95","3800","56.26","false"
"DND","2010-02-17","58.61","58.84","58.33","58.53","14800","55.86","false"
"DND","2010-02-16","57.45","58.32","57.45","58.30","17100","55.64","false"
"DND","2010-02-12","56.26","56.75","55.76","56.59","10100","54.00","false"
"DND","2010-02-11","56.38","57.40","56.38","57.40","7300","54.78","false"
"DND","2010-02-10","55.53","56.28","55.53","56.17","3900","53.60","false"
"DND","2010-02-09","55.98","56.64","55.98","56.34","3900","53.77","false"
"DND","2010-02-08","55.16","55.50","54.99","54.99","3300","52.48","false"
"DND","2010-02-05","54.84","55.10","53.78","55.10","17100","52.58","false"
"DND","2010-02-04","56.50","56.50","54.92","54.92","18500","52.41","false"
"DND","2010-02-03","57.78","57.87","57.28","57.47","15400","54.84","false"
"DND","2010-02-02","57.50","57.77","57.50","57.77","5500","55.13","false"
"DND","2010-02-01","56.73","57.35","56.69","57.35","4400","54.73","false"
"DND","2010-01-29","57.15","57.42","55.92","56.01","8500","53.45","false"
"DND","2010-01-28","57.91","57.91","56.74","57.13","9000","54.52","false"
"DND","2010-01-27","57.11","57.37","55.01","57.37","29300","54.75","false"
"DND","2010-01-26","57.64","58.28","57.64","57.73","15100","55.09","false"
"DND","2010-01-25","58.83","59.15","58.69","58.90","13500","56.21","false"
"DND","2010-01-22","58.94","58.97","57.73","57.83","18800","55.19","false"
"DND","2010-01-21","60.63","60.70","58.76","58.95","16900","56.26","false"
"DND","2010-01-20","61.12","61.12","60.08","60.67","8800","57.90","false"
"DND","2010-01-19","61.34","62.29","61.34","62.18","3700","59.34","false"
"DND","2010-01-15","61.57","61.69","61.26","61.66","7800","58.84","false"
"DND","2010-01-14","62.24","62.55","62.24","62.35","3400","59.50","false"
"DND","2010-01-13","61.82","62.02","61.23","62.02","9800","59.19","false"
"DND","2010-01-12","62.08","62.17","61.32","61.48","13600","58.67","false"
"DND","2010-01-11","62.77","62.87","62.43","62.87","7100","60.00","false"
"DND","2010-01-08","61.96","62.35","61.86","62.19","18800","59.35","false"
"DND","2010-01-07","61.56","61.84","61.48","61.71","20500","58.89","false"
"DND","2010-01-06","61.84","62.18","61.77","62.15","17800","59.31","false"
"DND","2010-01-05","61.70","62.12","61.57","62.03","7200","59.20","false"
"DND","2010-01-04","60.81","61.89","60.55","61.77","20600","58.95","false"
"DND","2011-06-17","66.12","66.18","65.60","66.18","4500","66.18","false"
"DND","2011-06-16","65.68","66.00","65.28","65.77","87000","65.77","false"
"DND","2011-06-15","66.77","66.82","65.84","66.18","3800","66.18","false"
"DND","2011-06-14","67.47","67.72","67.47","67.72","1400","67.72","false"
"DND","2011-06-13","66.47","66.63","65.80","66.20","4200","66.20","false"
"DND","2011-06-10","66.69","66.69","66.31","66.33","800","66.33","false"
"DND","2011-06-09","67.18","67.79","67.01","67.64","1800","67.64","false"
"DND","2011-06-08","67.02","67.18","66.61","66.91","1900","66.91","false"
"DND","2011-06-07","67.89","68.23","67.85","68.23","2800","68.23","false"
"DND","2011-06-06","67.26","67.49","67.15","67.15","5800","67.15","false"
"DND","2011-06-03","67.32","67.85","67.32","67.35","1200","67.35","false"
"DND","2011-06-02","67.33","68.02","67.23","67.95","4000","67.95","false"
"DND","2011-06-01","69.45","69.45","67.94","67.94","10200","67.94","false"
"DND","2011-05-31","69.11","69.47","69.11","69.47","800","69.47","false"
"DND","2011-05-27","68.51","68.90","68.32","68.32","6000","68.32","false"
"DND","2011-05-26","67.61","68.25","67.54","68.18","1100","68.18","false"
"DND","2011-05-25","67.00","67.50","66.96","67.50","4800","67.50","false"
"DND","2011-05-24","67.23","67.66","67.21","67.50","14300","67.50","false"
"DND","2011-05-23","66.94","66.94","66.45","66.92","5500","66.92","false"
"DND","2011-05-20","68.61","68.71","68.39","68.63","1300","68.63","false"
"DND","2011-05-19","69.11","69.29","68.75","69.05","2000","69.05","false"
"DND","2011-05-18","67.95","68.66","67.81","68.40","4600","68.40","false"
"DND","2011-05-17","67.62","68.12","67.49","68.12","1900","68.12","false"
"DND","2011-05-16","67.48","68.20","67.48","67.88","9500","67.88","false"
"DND","2011-05-13","68.40","68.40","67.47","67.76","8400","67.76","false"
"DND","2011-05-12","67.95","68.73","67.82","68.60","7900","68.60","false"
"DND","2011-05-11","69.51","69.51","68.15","68.40","1800","68.40","false"
"DND","2011-05-10","69.43","70.00","69.43","70.00","5700","70.00","false"
"DND","2011-05-09","68.95","69.50","68.90","69.50","8400","69.50","false"
"DND","2011-05-06","69.26","69.64","68.53","68.85","13800","68.85","false"
"DND","2011-05-05","68.04","68.49","67.42","67.83","18000","67.83","false"
"DND","2011-05-04","68.82","68.86","68.05","68.51","4200","68.51","false"
"DND","2011-05-03","70.00","70.04","69.53","69.69","1900","69.69","false"
"DND","2011-05-02","71.06","71.41","70.68","70.68","1700","70.68","false"
"DND","2011-04-29","70.85","71.52","70.85","71.52","2000","71.52","false"
"DND","2011-04-28","71.09","71.20","71.00","71.00","1500","71.00","false"
"DND","2011-04-27","70.67","71.36","70.42","71.36","6900","71.36","false"
"DND","2011-04-26","70.74","71.41","70.69","71.34","8700","71.34","false"
"DND","2011-04-25","70.88","70.88","70.49","70.60","5200","70.60","false"
"DND","2011-04-21","70.70","70.80","70.59","70.80","1800","70.80","false"
"DND","2011-04-20","70.26","70.41","70.09","70.24","29800","70.24","false"
"DND","2011-04-19","68.37","68.67","68.34","68.60","48800","68.60","false"
"DND","2011-04-18","68.30","68.63","68.12","68.53","6400","68.53","false"
"DND","2011-04-15","69.28","69.52","68.97","69.31","159300","69.31","false"
"DND","2011-04-14","69.05","69.69","69.05","69.56","9300","69.56","false"
"DND","2011-04-13","69.44","69.64","69.04","69.46","7500","69.46","false"
"DND","2011-04-12","69.44","69.44","68.63","68.64","9600","68.64","false"
"DND","2011-04-11","70.54","70.63","69.61","69.77","8700","69.77","false"
"DND","2011-04-08","70.33","70.40","69.99","70.02","2000","70.02","false"
"DND","2011-04-07","69.80","70.14","69.23","69.43","3900","69.43","false"
"DND","2011-04-06","69.57","69.71","69.57","69.71","900","69.71","false"
"DND","2011-04-05","68.70","69.22","68.70","69.12","1400","69.12","false"
"DND","2011-04-04","68.93","69.13","68.79","68.90","2500","68.90","false"
"DND","2011-04-01","68.46","69.08","68.40","68.93","2900","68.93","false"
"DND","2011-03-31","67.88","68.20","67.88","68.20","5100","68.20","false"
"DND","2011-03-30","67.74","68.01","67.69","67.86","13000","67.86","false"
"DND","2011-03-29","66.40","66.95","66.40","66.91","2700","66.91","false"
"DND","2011-03-28","66.57","66.57","66.29","66.32","4500","66.32","false"
"DND","2011-03-25","66.04","66.48","66.02","66.29","3900","66.29","false"
"DND","2011-03-24","65.71","66.00","65.26","65.96","27000","65.96","false"
"DND","2011-03-23","64.25","65.01","64.25","65.00","9000","65.00","false"
"DND","2011-03-22","64.78","64.78","64.26","64.30","2700","64.30","false"
"DND","2011-03-21","63.86","64.41","63.83","64.24","8100","64.24","false"
"DND","2011-03-18","63.28","63.72","63.14","63.17","11800","62.66","false"
"DND","2011-03-17","62.33","62.63","62.30","62.30","5800","61.80","false"
"DND","2011-03-16","62.78","63.22","61.43","61.72","7600","61.23","false"
"DND","2011-03-15","61.99","63.59","61.57","63.16","23000","62.65","false"
"DND","2011-03-14","64.70","64.78","64.54","64.77","700","64.25","false"
"DND","2011-03-11","64.56","65.43","64.51","65.43","28300","64.91","false"
"DND","2011-03-10","65.64","65.64","64.96","64.96","5400","64.44","false"
"DND","2011-03-09","66.88","66.88","66.60","66.60","600","66.07","false"
"DND","2011-03-08","66.34","67.23","66.34","67.12","6000","66.58","false"
"DND","2011-03-07","67.33","67.33","66.05","66.17","3700","65.64","false"
"DND","2011-03-04","66.53","66.79","66.53","66.79","5800","66.26","false"
"DND","2011-03-03","67.01","67.27","66.75","67.19","4400","66.65","false"
"DND","2011-03-02","66.25","66.87","66.25","66.87","3600","66.33","false"
"DND","2011-03-01","67.09","67.11","66.08","66.08","4300","65.55","false"
"DND","2011-02-28","67.03","67.03","66.92","66.92","300","66.38","false"
"DND","2011-02-25","66.72","66.96","66.72","66.86","800","66.32","false"
"DND","2011-02-24","65.61","65.71","65.35","65.70","1200","65.17","false"
"DND","2011-02-23","65.39","65.40","64.93","65.27","2400","64.75","false"
"DND","2011-02-22","65.77","65.92","64.91","65.09","7400","64.57","false"
"DND","2011-02-18","67.34","67.35","67.33","67.33","1300","66.79","false"
"DND","2011-02-17","66.72","67.46","66.72","67.45","1600","66.91","false"
"DND","2011-02-16","66.77","66.77","66.70","66.72","700","66.19","false"
"DND","2011-02-15","66.44","66.55","66.19","66.24","4300","65.71","false"
"DND","2011-02-14","66.79","66.93","66.67","66.88","11600","66.34","false"
"DND","2011-02-11","66.03","66.75","66.00","66.65","3100","66.12","false"
"DND","2011-02-10","66.15","67.74","65.75","66.49","69400","65.96","false"
"DND","2011-02-09","67.01","67.17","66.70","67.02","19500","66.48","false"
"DND","2011-02-08","67.50","67.67","67.24","67.58","6900","67.04","false"
"DND","2011-02-07","67.70","67.87","67.66","67.67","2900","67.13","false"
"DND","2011-02-04","67.91","67.91","67.29","67.66","13600","67.12","false"
"DND","2011-02-03","67.04","67.19","66.68","67.18","6000","66.64","false"
"DND","2011-02-02","66.68","66.92","66.61","66.66","10700","66.13","false"
"DND","2011-02-01","66.65","67.25","66.65","67.14","7900","66.60","false"
"DND","2011-01-31","65.60","65.93","65.50","65.93","9200","65.40","false"
"DND","2011-01-28","66.36","66.36","65.15","65.34","2300","64.82","false"
"DND","2011-01-27","66.57","66.72","66.49","66.62","5500","66.09","false"
"DND","2011-01-26","66.55","66.77","66.42","66.77","4900","66.24","false"
"DND","2011-01-25","65.69","66.29","65.69","66.29","4000","65.76","false"
"DND","2011-01-24","66.40","66.74","66.40","66.62","4100","66.09","false"
"DND","2011-01-21","66.25","66.25","65.82","65.94","3100","65.41","false"
"DND","2011-01-20","66.08","66.08","65.33","65.80","2800","65.27","false"
"DND","2011-01-19","67.30","67.34","66.82","66.89","1700","66.35","false"
"DND","2011-01-18","66.50","66.84","66.50","66.84","9000","66.30","false"
"DND","2011-01-14","66.26","66.59","66.17","66.50","2000","65.97","false"
"DND","2011-01-13","66.77","66.77","66.23","66.23","1300","65.70","false"
"DND","2011-01-12","66.27","66.35","65.99","66.23","4200","65.70","false"
"DND","2011-01-11","65.43","65.68","65.37","65.64","9400","65.11","false"
"DND","2011-01-10","65.06","65.29","64.72","65.25","8500","64.73","false"
"DND","2011-01-07","65.52","65.52","64.79","65.31","8400","64.79","false"
"DND","2011-01-06","65.56","65.56","65.32","65.47","6600","64.95","false"
"DND","2011-01-05","65.29","66.09","65.29","66.02","12400","65.49","false"
"DND","2011-01-04","66.46","66.46","65.60","65.99","14300","65.46","false"
"DND","2011-01-03","67.16","67.31","66.98","67.07","4200","66.53","false"
