"DPU","2008-12-31","13.88","14.11","13.86","13.95","322000","13.95","false"
"DPU","2008-12-30","13.15","13.15","13.12","13.12","900","13.12","false"
"DPU","2008-12-29","13.32","13.32","12.92","12.92","2500","12.92","false"
"DPU","2008-12-26","13.05","13.05","13.05","13.05","600","13.05","false"
"DPU","2008-12-24","12.87","12.97","12.86","12.97","1500","12.97","false"
"DPU","2008-12-23","13.08","13.08","12.92","12.92","4200","12.92","false"
"DPU","2008-12-22","13.28","13.51","13.14","13.19","11900","13.19","false"
"DPU","2008-12-19","13.05","13.05","13.05","13.05","0","13.05","false"
"DPU","2008-12-18","13.05","13.05","13.05","13.05","1000","13.05","false"
"DPU","2008-12-17","13.75","13.75","13.75","13.75","300","13.75","false"
"DPU","2008-12-16","13.75","13.78","13.70","13.75","1800","13.75","false"
"DPU","2008-12-15","14.26","14.26","13.98","13.98","1300","13.98","false"
"DPU","2008-12-12","13.43","13.79","13.43","13.79","7500","13.79","false"
"DPU","2008-12-11","13.30","13.30","13.30","13.30","200","13.30","false"
"DPU","2008-12-10","13.28","13.43","13.28","13.32","1100","13.32","false"
"DPU","2008-12-09","13.31","13.45","13.12","13.12","2600","13.12","false"
"DPU","2008-12-08","13.18","13.18","13.18","13.18","200","13.18","false"
"DPU","2008-12-05","12.44","12.44","12.44","12.44","600","12.44","false"
"DPU","2008-12-04","13.65","13.65","13.22","13.37","21900","13.37","false"
"DPU","2008-12-03","13.76","13.85","13.60","13.85","10400","13.85","false"
"DPU","2008-12-02","13.87","13.87","13.75","13.78","600","13.78","false"
"DPU","2008-12-01","14.12","14.32","14.00","14.19","7500","14.19","false"
"DPU","2008-11-28","14.58","14.75","14.58","14.75","10600","14.75","false"
"DPU","2008-11-26","14.91","15.08","14.69","14.69","6600","14.69","false"
"DPU","2008-11-25","14.48","14.58","14.48","14.55","4300","14.55","false"
"DPU","2008-11-24","14.24","14.24","14.24","14.24","0","14.24","false"
"DPU","2008-11-21","13.86","14.33","13.83","14.24","74000","14.24","false"
"DPU","2008-11-20","14.55","14.55","14.55","14.55","0","14.55","false"
"DPU","2008-11-19","14.55","14.55","14.55","14.55","1700","14.55","false"
"DPU","2008-11-18","14.94","14.94","14.94","14.94","0","14.94","false"
"DPU","2008-11-17","14.94","14.94","14.94","14.94","0","14.94","false"
"DPU","2008-11-14","14.94","14.94","14.94","14.94","700","14.94","false"
"DPU","2008-11-13","15.68","15.68","15.68","15.68","0","15.68","false"
"DPU","2008-11-12","15.68","15.68","15.68","15.68","0","15.68","false"
"DPU","2008-11-11","15.68","15.68","15.68","15.68","400","15.68","false"
"DPU","2008-11-10","16.47","16.47","16.31","16.31","600","16.31","false"
"DPU","2008-11-07","16.39","16.39","16.39","16.39","0","16.39","false"
"DPU","2008-11-06","16.39","16.39","16.39","16.39","0","16.39","false"
"DPU","2008-11-05","16.69","16.69","16.39","16.39","1800","16.39","false"
"DPU","2008-11-04","17.29","17.29","17.09","17.09","3000","17.09","false"
"DPU","2008-11-03","16.34","16.34","16.34","16.34","0","16.34","false"
"DPU","2008-10-31","16.34","16.34","16.34","16.34","0","16.34","false"
"DPU","2008-10-30","16.34","16.34","16.34","16.34","700","16.34","false"
"DPU","2008-10-29","16.83","16.83","16.76","16.76","900","16.76","false"
"DPU","2008-10-28","15.84","15.84","15.84","15.84","0","15.84","false"
"DPU","2008-10-27","15.08","15.85","15.08","15.84","29900","15.84","false"
"DPU","2008-10-24","15.44","15.70","15.44","15.49","50500","15.49","false"
"DPU","2008-10-23","15.77","15.77","15.77","15.77","500","15.77","false"
"DPU","2008-10-22","15.79","15.79","15.79","15.79","300","15.79","false"
"DPU","2008-10-21","17.11","17.11","17.11","17.11","700","17.11","false"
"DPU","2008-10-20","17.16","17.53","17.11","17.53","3300","17.53","false"
"DPU","2008-10-17","17.10","17.16","17.10","17.16","2400","17.16","false"
"DPU","2008-10-16","16.80","16.80","16.80","16.80","200","16.80","false"
"DPU","2008-10-15","17.47","17.69","17.44","17.62","6700","17.62","false"
"DPU","2008-10-14","18.99","18.99","18.43","18.43","400","18.43","false"
"DPU","2008-10-13","18.41","18.41","18.41","18.41","300","18.41","false"
"DPU","2008-10-10","18.39","18.43","17.77","18.41","38500","18.41","false"
"DPU","2008-10-09","18.93","18.93","18.93","18.93","1000","18.93","false"
"DPU","2008-10-08","19.37","19.37","19.37","19.37","0","19.37","false"
"DPU","2008-10-07","19.37","19.37","19.37","19.37","400","19.37","false"
"DPU","2008-10-06","19.06","19.06","19.06","19.06","300","19.06","false"
"DPU","2008-10-03","20.22","20.22","20.13","20.13","500","20.13","false"
"DPU","2008-10-02","20.88","20.88","20.43","20.43","300","20.43","false"
"DPU","2008-10-01","21.31","21.31","21.31","21.31","200","21.31","false"
"DPU","2008-09-30","21.62","21.65","21.48","21.60","4300","21.60","false"
"DPU","2008-09-29","22.66","22.66","22.66","22.66","0","22.66","false"
"DPU","2008-09-26","22.27","22.66","22.27","22.66","40600","22.66","false"
"DPU","2008-09-25","22.93","22.93","22.93","22.93","200","22.93","false"
"DPU","2008-09-24","22.62","22.62","22.62","22.62","200","22.62","false"
"DPU","2008-09-23","22.67","22.92","22.48","22.48","1800","22.48","false"
"DPU","2008-09-22","24.56","24.62","22.50","23.14","3000","23.14","false"
"DPU","2008-09-19","21.75","21.75","21.75","21.75","500","21.75","false"
"DPU","2008-09-18","21.47","21.47","21.47","21.47","500","21.47","false"
"DPU","2008-09-17","21.68","21.68","21.68","21.68","0","21.68","false"
"DPU","2008-09-16","21.68","21.68","21.68","21.68","0","21.68","false"
"DPU","2008-09-15","21.42","21.68","21.42","21.68","8900","21.68","false"
"DPU","2008-09-12","21.89","21.89","21.89","21.89","0","21.89","false"
"DPU","2008-09-11","21.88","21.89","21.88","21.89","10000","21.89","false"
"DPU","2008-09-10","22.35","22.35","22.35","22.35","0","22.35","false"
"DPU","2008-09-09","22.35","22.35","22.35","22.35","100","22.35","false"
"DPU","2008-09-08","22.99","22.99","22.90","22.90","600","22.90","false"
"DPU","2008-09-05","23.37","23.37","23.37","23.37","0","23.37","false"
"DPU","2008-09-04","23.37","23.37","23.37","23.37","0","23.37","false"
"DPU","2008-09-03","23.37","23.37","23.37","23.37","200","23.37","false"
"DPU","2008-09-02","23.29","23.53","23.13","23.53","2800","23.53","false"
"DPU","2008-08-29","24.73","24.73","24.73","24.73","0","24.73","false"
"DPU","2008-08-28","24.73","24.73","24.73","24.73","0","24.73","false"
"DPU","2008-08-27","24.73","24.73","24.73","24.73","0","24.73","false"
"DPU","2008-08-26","24.75","24.78","24.73","24.73","900","24.73","false"
"DPU","2008-08-25","24.84","24.84","24.84","24.84","0","24.84","false"
"DPU","2008-08-22","25.07","25.07","24.84","24.84","1300","24.84","false"
"DPU","2008-08-21","25.20","25.21","25.20","25.21","6000","25.21","false"
"DPU","2008-08-20","24.27","24.62","24.26","24.62","700","24.62","false"
"DPU","2008-08-19","24.32","24.32","24.32","24.32","100","24.32","false"
"DPU","2008-08-18","24.17","24.17","24.09","24.09","800","24.09","false"
"DPU","2008-08-15","24.05","24.05","23.87","23.94","900","23.94","false"
"DPU","2008-08-14","24.38","24.38","24.38","24.38","0","24.38","false"
"DPU","2008-08-13","24.51","24.51","24.38","24.38","600","24.38","false"
"DPU","2008-08-12","23.84","23.84","23.84","23.84","200","23.84","false"
"DPU","2008-08-11","23.94","23.94","23.94","23.94","0","23.94","false"
"DPU","2008-08-08","24.02","24.02","23.94","23.94","3200","23.94","false"
"DPU","2008-08-07","24.71","24.71","24.71","24.71","600","24.71","false"
"DPU","2008-08-06","25.05","25.05","25.05","25.05","0","25.05","false"
"DPU","2008-08-05","25.05","25.05","25.05","25.05","0","25.05","false"
"DPU","2008-08-04","25.63","25.63","25.05","25.05","25000","25.05","false"
"DPU","2008-08-01","25.53","25.90","25.53","25.90","4900","25.90","false"
"DPU","2008-07-31","26.34","26.34","26.34","26.34","300","26.34","false"
"DPU","2008-07-30","26.23","26.23","26.23","26.23","0","26.23","false"
"DPU","2008-07-29","26.23","26.23","26.23","26.23","0","26.23","false"
"DPU","2008-07-28","26.23","26.23","26.23","26.23","400","26.23","false"
"DPU","2008-07-25","25.97","25.97","25.95","25.95","400","25.95","false"
"DPU","2008-07-24","27.02","27.02","27.02","27.02","0","27.02","false"
"DPU","2008-07-23","27.02","27.02","27.02","27.02","0","27.02","false"
"DPU","2008-07-22","27.02","27.02","27.02","27.02","0","27.02","false"
"DPU","2008-07-21","27.02","27.02","27.02","27.02","0","27.02","false"
"DPU","2008-07-18","27.54","27.54","27.02","27.02","600","27.02","false"
"DPU","2008-07-17","28.01","28.01","27.42","27.42","3100","27.42","false"
"DPU","2008-07-16","28.00","28.00","28.00","28.00","200","28.00","false"
"DPU","2008-07-15","28.27","28.27","28.27","28.27","3000","28.27","false"
"DPU","2008-07-14","29.13","29.13","29.13","29.13","0","29.13","false"
"DPU","2008-07-11","29.13","29.13","29.13","29.13","0","29.13","false"
"DPU","2008-07-10","29.13","29.13","29.13","29.13","0","29.13","false"
"DPU","2008-07-09","29.13","29.13","29.13","29.13","0","29.13","false"
"DPU","2008-07-08","29.13","29.13","29.13","29.13","0","29.13","false"
"DPU","2008-07-07","29.31","29.31","29.08","29.13","1300","29.13","false"
"DPU","2008-07-03","29.75","29.75","29.70","29.70","400","29.70","false"
"DPU","2008-07-02","29.15","29.87","29.15","29.87","800","29.87","false"
"DPU","2008-07-01","29.22","29.22","29.22","29.22","100","29.22","false"
"DPU","2008-06-30","29.30","29.30","29.30","29.30","0","29.30","false"
"DPU","2008-06-27","29.63","29.63","29.30","29.30","3800","29.30","false"
"DPU","2008-06-26","29.32","29.32","29.11","29.11","3100","29.11","false"
"DPU","2008-06-25","28.29","28.29","28.29","28.29","100","28.29","false"
"DPU","2008-06-24","28.20","28.20","28.20","28.20","0","28.20","false"
"DPU","2008-06-23","28.20","28.20","28.20","28.20","200","28.20","false"
"DPU","2008-06-20","28.49","28.49","28.49","28.49","0","28.49","false"
"DPU","2008-06-19","28.49","28.49","28.49","28.49","0","28.49","false"
"DPU","2008-06-18","28.49","28.49","28.49","28.49","0","28.49","false"
"DPU","2008-06-17","28.49","28.49","28.49","28.49","0","28.49","false"
"DPU","2008-06-16","28.67","28.67","28.49","28.49","4500","28.49","false"
"DPU","2008-06-13","27.94","28.00","27.94","28.00","200","28.00","false"
"DPU","2008-06-12","27.74","28.23","27.71","28.23","6300","28.23","false"
"DPU","2008-06-11","28.35","28.35","28.35","28.35","100","28.35","false"
"DPU","2008-06-10","27.27","27.27","27.27","27.27","0","27.27","false"
"DPU","2008-06-09","27.69","27.69","27.27","27.27","7100","27.27","false"
"DPU","2008-06-06","27.30","27.30","27.30","27.30","2500","27.30","false"
"DPU","2008-06-05","25.83","26.26","25.79","26.26","5400","26.26","false"
"DPU","2008-06-04","26.02","26.02","26.02","26.02","0","26.02","false"
"DPU","2008-06-03","26.02","26.02","26.02","26.02","0","26.02","false"
"DPU","2008-06-02","26.02","26.02","26.02","26.02","0","26.02","false"
"DPU","2008-05-30","26.02","26.02","26.02","26.02","200","26.02","false"
"DPU","2008-05-29","26.09","26.09","26.09","26.09","100","26.09","false"
"DPU","2008-05-28","26.60","26.60","26.60","26.60","0","26.60","false"
"DPU","2008-05-27","26.49","26.60","26.49","26.60","300","26.60","false"
"DPU","2008-05-23","26.75","26.75","25.86","26.73","4900","26.73","false"
"DPU","2008-05-22","27.10","27.21","27.10","27.12","17600","27.12","false"
"DPU","2009-12-31","16.32","16.38","16.08","16.38","22800","16.38","false"
"DPU","2009-12-30","16.17","16.17","16.04","16.04","300","16.04","false"
"DPU","2009-12-29","16.26","16.26","16.17","16.17","1200","16.17","false"
"DPU","2009-12-28","16.24","16.24","16.24","16.24","1000","16.24","false"
"DPU","2009-12-24","16.42","16.42","15.86","15.92","22000","15.92","false"
"DPU","2009-12-23","15.71","15.83","15.69","15.83","4500","15.83","false"
"DPU","2009-12-22","15.41","15.61","15.41","15.54","15300","15.54","false"
"DPU","2009-12-21","15.55","15.55","15.53","15.55","1300","15.55","false"
"DPU","2009-12-18","15.51","15.68","15.51","15.55","6400","15.55","false"
"DPU","2009-12-17","15.50","15.53","15.43","15.52","5100","15.52","false"
"DPU","2009-12-16","15.68","15.81","15.55","15.72","15400","15.72","false"
"DPU","2009-12-15","15.45","15.45","15.45","15.45","400","15.45","false"
"DPU","2009-12-14","15.64","15.64","15.57","15.57","800","15.57","false"
"DPU","2009-12-11","15.53","15.55","15.53","15.55","4000","15.55","false"
"DPU","2009-12-10","15.48","15.48","15.48","15.48","200","15.48","false"
"DPU","2009-12-09","15.75","15.75","15.45","15.45","2900","15.45","false"
"DPU","2009-12-08","15.82","15.82","15.69","15.69","800","15.69","false"
"DPU","2009-12-07","15.94","16.04","15.80","15.81","15100","15.81","false"
"DPU","2009-12-04","16.24","16.24","16.05","16.09","2500","16.09","false"
"DPU","2009-12-03","16.37","16.38","16.24","16.24","4100","16.24","false"
"DPU","2009-12-02","16.27","16.31","16.27","16.31","600","16.31","false"
"DPU","2009-12-01","16.52","16.52","16.37","16.37","6800","16.37","false"
"DPU","2009-11-30","16.07","16.23","16.02","16.23","1700","16.23","false"
"DPU","2009-11-27","15.68","15.82","15.50","15.82","1000","15.82","false"
"DPU","2009-11-25","16.07","16.07","16.07","16.07","700","16.07","false"
"DPU","2009-11-24","15.82","17.00","15.75","15.76","9300","15.76","false"
"DPU","2009-11-23","16.20","16.37","16.06","16.06","6300","16.06","false"
"DPU","2009-11-20","15.89","15.89","15.89","15.89","0","15.89","false"
"DPU","2009-11-19","15.99","16.11","15.89","15.89","1000","15.89","false"
"DPU","2009-11-18","16.30","16.30","16.24","16.24","4400","16.24","false"
"DPU","2009-11-17","16.18","16.33","16.18","16.26","1200","16.26","false"
"DPU","2009-11-16","15.92","16.14","15.92","16.14","7800","16.14","false"
"DPU","2009-11-13","16.59","16.59","15.47","15.78","20500","15.78","false"
"DPU","2009-11-12","15.88","15.90","15.88","15.90","2300","15.90","false"
"DPU","2009-11-11","15.93","15.94","15.93","15.94","300","15.94","false"
"DPU","2009-11-10","16.05","16.05","15.81","15.81","300","15.81","false"
"DPU","2009-11-09","15.88","15.94","15.84","15.84","15700","15.84","false"
"DPU","2009-11-06","15.80","15.81","15.40","15.40","1100","15.40","false"
"DPU","2009-11-05","15.99","15.99","15.88","15.94","3000","15.94","false"
"DPU","2009-11-04","15.96","16.05","15.96","16.05","500","16.05","false"
"DPU","2009-11-03","15.52","15.91","15.49","15.78","3800","15.78","false"
"DPU","2009-11-02","15.50","16.25","15.42","16.25","2100","16.25","false"
"DPU","2009-10-30","15.37","15.54","15.25","15.43","8100","15.43","false"
"DPU","2009-10-29","15.69","15.69","15.69","15.69","300","15.69","false"
"DPU","2009-10-28","15.46","15.60","15.28","15.31","11000","15.31","false"
"DPU","2009-10-27","15.64","15.73","15.62","15.62","3300","15.62","false"
"DPU","2009-10-26","16.27","16.27","15.75","15.75","2500","15.75","false"
"DPU","2009-10-23","16.80","17.00","15.99","16.18","43000","16.18","false"
"DPU","2009-10-22","16.68","16.74","16.14","16.14","3700","16.14","false"
"DPU","2009-10-21","16.55","19.87","16.35","16.35","16100","16.35","false"
"DPU","2009-10-20","16.70","16.70","15.60","16.08","7800","16.08","false"
"DPU","2009-10-19","15.51","16.48","15.51","16.25","2100","16.25","false"
"DPU","2009-10-16","14.66","16.46","14.66","16.32","11000","16.32","false"
"DPU","2009-10-15","15.92","15.92","15.35","15.35","7200","15.35","false"
"DPU","2009-10-14","16.04","16.15","14.33","15.92","10000","15.92","false"
"DPU","2009-10-13","16.00","16.00","15.06","15.06","600","15.06","false"
"DPU","2009-10-12","14.94","16.01","14.94","15.75","6600","15.75","false"
"DPU","2009-10-09","15.35","15.63","14.83","14.83","3600","14.83","false"
"DPU","2009-10-08","14.64","15.50","14.64","14.73","4700","14.73","false"
"DPU","2009-10-07","14.60","14.60","14.39","14.39","1900","14.39","false"
"DPU","2009-10-06","14.60","14.60","14.48","14.52","2100","14.52","false"
"DPU","2009-10-05","14.25","14.31","14.25","14.31","2800","14.31","false"
"DPU","2009-10-02","14.60","14.60","14.24","14.59","1100","14.59","false"
"DPU","2009-10-01","14.60","14.60","14.60","14.60","0","14.60","false"
"DPU","2009-09-30","14.60","14.60","14.60","14.60","300","14.60","false"
"DPU","2009-09-29","13.92","14.03","13.92","14.03","3400","14.03","false"
"DPU","2009-09-28","14.01","14.01","13.89","13.94","3100","13.94","false"
"DPU","2009-09-25","14.60","14.60","13.84","13.88","1000","13.88","false"
"DPU","2009-09-24","14.22","14.22","13.00","13.88","4000","13.88","false"
"DPU","2009-09-23","14.42","14.42","14.19","14.33","3100","14.33","false"
"DPU","2009-09-22","14.52","14.52","14.52","14.52","900","14.52","false"
"DPU","2009-09-21","13.56","14.39","13.56","14.31","4300","14.31","false"
"DPU","2009-09-18","14.68","14.73","14.66","14.66","1100","14.66","false"
"DPU","2009-09-17","14.61","14.78","14.61","14.78","3600","14.78","false"
"DPU","2009-09-16","14.61","14.64","14.19","14.64","2500","14.64","false"
"DPU","2009-09-15","14.85","14.93","14.46","14.85","2900","14.85","false"
"DPU","2009-09-14","14.11","14.98","13.94","14.94","2400","14.94","false"
"DPU","2009-09-11","14.40","14.90","14.14","14.88","5400","14.88","false"
"DPU","2009-09-10","13.50","15.29","13.50","14.61","3200","14.61","false"
"DPU","2009-09-09","15.43","15.43","15.43","15.43","400","15.43","false"
"DPU","2009-09-08","15.38","15.43","14.39","14.39","2700","14.39","false"
"DPU","2009-09-04","14.98","14.98","13.35","14.20","2600","14.20","false"
"DPU","2009-09-03","15.17","15.17","15.15","15.15","400","15.15","false"
"DPU","2009-09-02","15.07","15.16","14.20","14.20","2600","14.20","false"
"DPU","2009-09-01","14.31","14.38","14.20","14.22","6800","14.22","false"
"DPU","2009-08-31","14.39","14.50","14.30","14.46","12700","14.46","false"
"DPU","2009-08-28","14.77","14.81","14.75","14.75","2300","14.75","false"
"DPU","2009-08-27","14.60","14.60","14.51","14.57","2600","14.57","false"
"DPU","2009-08-26","14.49","14.51","14.37","14.39","23800","14.39","false"
"DPU","2009-08-25","15.21","15.21","14.57","14.57","13200","14.57","false"
"DPU","2009-08-24","14.89","14.91","14.89","14.90","1100","14.90","false"
"DPU","2009-08-21","14.84","14.84","14.84","14.84","100","14.84","false"
"DPU","2009-08-20","14.80","14.80","14.80","14.80","300","14.80","false"
"DPU","2009-08-19","14.28","14.28","14.28","14.28","300","14.28","false"
"DPU","2009-08-18","15.24","15.24","15.24","15.24","0","15.24","false"
"DPU","2009-08-17","15.41","15.41","15.24","15.24","600","15.24","false"
"DPU","2009-08-14","15.02","16.37","14.65","14.69","15500","14.69","false"
"DPU","2009-08-13","15.10","15.10","15.10","15.10","400","15.10","false"
"DPU","2009-08-12","14.79","14.99","14.76","14.98","1000","14.98","false"
"DPU","2009-08-11","15.00","15.00","15.00","15.00","0","15.00","false"
"DPU","2009-08-10","15.03","15.03","15.00","15.00","200","15.00","false"
"DPU","2009-08-07","15.18","15.18","15.04","15.05","1300","15.05","false"
"DPU","2009-08-06","15.31","15.31","15.18","15.18","500","15.18","false"
"DPU","2009-08-05","15.51","15.51","15.51","15.51","300","15.51","false"
"DPU","2009-08-04","14.69","14.69","14.69","14.69","0","14.69","false"
"DPU","2009-08-03","14.69","14.69","14.69","14.69","0","14.69","false"
"DPU","2009-07-31","14.69","14.69","14.69","14.69","300","14.69","false"
"DPU","2009-07-30","14.60","14.60","14.60","14.60","400","14.60","false"
"DPU","2009-07-29","14.20","14.20","14.20","14.20","300","14.20","false"
"DPU","2009-07-28","14.57","14.57","14.57","14.57","2700","14.57","false"
"DPU","2009-07-27","14.74","14.74","14.74","14.74","500","14.74","false"
"DPU","2009-07-24","14.66","14.70","14.61","14.70","1700","14.70","false"
"DPU","2009-07-23","14.45","14.45","14.45","14.45","500","14.45","false"
"DPU","2009-07-22","14.16","14.39","14.13","14.39","2300","14.39","false"
"DPU","2009-07-21","14.30","14.30","14.30","14.30","0","14.30","false"
"DPU","2009-07-20","14.22","14.30","14.22","14.30","7400","14.30","false"
"DPU","2009-07-17","14.13","14.19","14.13","14.19","2400","14.19","false"
"DPU","2009-07-16","13.84","13.94","13.78","13.94","1200","13.94","false"
"DPU","2009-07-15","13.95","13.95","13.82","13.83","2700","13.83","false"
"DPU","2009-07-14","13.54","13.54","13.54","13.54","200","13.54","false"
"DPU","2009-07-13","13.53","13.55","13.53","13.55","200","13.55","false"
"DPU","2009-07-10","13.32","13.49","13.32","13.48","1200","13.48","false"
"DPU","2009-07-09","13.64","13.64","13.64","13.64","200","13.64","false"
"DPU","2009-07-08","13.55","13.55","13.50","13.50","1200","13.50","false"
"DPU","2009-07-07","13.80","13.92","13.73","13.87","4400","13.87","false"
"DPU","2009-07-06","14.20","14.20","13.67","13.94","4300","13.94","false"
"DPU","2009-07-02","14.34","14.43","14.34","14.40","800","14.40","false"
"DPU","2009-07-01","14.54","14.54","14.54","14.54","200","14.54","false"
"DPU","2009-06-30","15.16","15.16","14.47","14.69","5700","14.69","false"
"DPU","2009-06-29","15.03","15.03","14.89","15.03","1600","15.03","false"
"DPU","2009-06-26","15.01","15.01","15.01","15.01","0","15.01","false"
"DPU","2009-06-25","14.90","15.01","14.90","15.01","7100","15.01","false"
"DPU","2009-06-24","15.01","15.01","14.79","14.84","5500","14.84","false"
"DPU","2009-06-23","14.47","15.01","14.47","14.99","15800","14.99","false"
"DPU","2009-06-22","14.82","14.82","14.59","14.59","15500","14.59","false"
"DPU","2009-06-19","15.35","15.35","15.30","15.30","1400","15.30","false"
"DPU","2009-06-18","15.47","15.47","15.11","15.30","13300","15.30","false"
"DPU","2009-06-17","15.14","15.51","15.10","15.50","14100","15.50","false"
"DPU","2009-06-16","15.40","15.46","14.96","15.11","6500","15.11","false"
"DPU","2009-06-15","15.40","15.46","15.39","15.40","1700","15.40","false"
"DPU","2009-06-12","15.87","15.87","15.50","15.70","6600","15.70","false"
"DPU","2009-06-11","15.83","16.12","15.81","16.02","8700","16.02","false"
"DPU","2009-06-10","16.57","16.57","15.80","15.81","3400","15.81","false"
"DPU","2009-06-09","15.12","15.78","15.12","15.78","5100","15.78","false"
"DPU","2009-06-08","15.03","15.85","15.03","15.46","3300","15.46","false"
"DPU","2009-06-05","15.40","15.78","15.39","15.39","4100","15.39","false"
"DPU","2009-06-04","15.91","15.91","15.77","15.81","2400","15.81","false"
"DPU","2009-06-03","15.85","15.85","15.00","15.25","5000","15.25","false"
"DPU","2009-06-02","15.71","15.71","14.91","15.60","15100","15.60","false"
"DPU","2009-06-01","16.20","16.20","15.56","15.67","21000","15.67","false"
"DPU","2009-05-29","15.86","15.86","14.99","15.42","10300","15.42","false"
"DPU","2009-05-28","15.22","15.22","14.84","14.84","12400","14.84","false"
"DPU","2009-05-27","13.70","15.42","13.70","14.83","2600","14.83","false"
"DPU","2009-05-26","15.05","15.05","15.05","15.05","300","15.05","false"
"DPU","2009-05-22","15.18","15.35","15.12","15.29","1900","15.29","false"
"DPU","2009-05-21","13.80","14.51","13.56","14.51","2800","14.51","false"
"DPU","2009-05-20","14.60","14.73","14.60","14.62","5100","14.62","false"
"DPU","2009-05-19","14.20","14.62","14.20","14.46","8900","14.46","false"
"DPU","2009-05-18","14.67","14.67","13.89","14.26","1100","14.26","false"
"DPU","2009-05-15","13.77","13.77","13.77","13.77","500","13.77","false"
"DPU","2009-05-14","14.79","14.79","13.15","14.52","1100","14.52","false"
"DPU","2009-05-13","14.88","14.88","14.88","14.88","700","14.88","false"
"DPU","2009-05-12","14.72","14.72","14.39","14.56","2700","14.56","false"
"DPU","2009-05-11","14.25","14.32","14.00","14.29","3400","14.29","false"
"DPU","2009-05-08","13.94","14.60","13.94","14.60","1900","14.60","false"
"DPU","2009-05-07","14.25","14.25","13.87","13.87","5800","13.87","false"
"DPU","2009-05-06","14.54","14.54","14.49","14.49","3500","14.49","false"
"DPU","2009-05-05","14.46","14.46","14.32","14.38","7400","14.38","false"
"DPU","2009-05-04","13.73","14.70","13.45","13.45","4100","13.45","false"
"DPU","2009-05-01","13.61","13.61","13.61","13.61","0","13.61","false"
"DPU","2009-04-30","13.72","13.72","13.61","13.61","5200","13.61","false"
"DPU","2009-04-29","13.60","13.60","12.81","12.81","400","12.81","false"
"DPU","2009-04-28","13.55","13.55","13.55","13.55","0","13.55","false"
"DPU","2009-04-27","13.55","13.55","13.55","13.55","300","13.55","false"
"DPU","2009-04-24","13.82","13.82","12.92","12.92","1500","12.92","false"
"DPU","2009-04-23","12.90","12.90","12.54","12.87","2600","12.87","false"
"DPU","2009-04-22","12.15","12.15","12.15","12.15","400","12.15","false"
"DPU","2009-04-21","12.26","12.74","12.26","12.74","1100","12.74","false"
"DPU","2009-04-20","12.91","12.91","12.64","12.64","3100","12.64","false"
"DPU","2009-04-17","13.47","13.47","13.07","13.07","1700","13.07","false"
"DPU","2009-04-16","13.28","13.28","13.25","13.25","1500","13.25","false"
"DPU","2009-04-15","13.24","13.24","13.24","13.24","400","13.24","false"
"DPU","2009-04-14","13.40","13.41","13.36","13.36","1800","13.36","false"
"DPU","2009-04-13","13.41","13.44","13.41","13.44","500","13.44","false"
"DPU","2009-04-09","13.77","13.77","13.53","13.53","3200","13.53","false"
"DPU","2009-04-08","12.60","13.31","12.60","13.22","1200","13.22","false"
"DPU","2009-04-07","13.33","13.41","13.26","13.26","1600","13.26","false"
"DPU","2009-04-06","13.38","13.38","13.38","13.38","300","13.38","false"
"DPU","2009-04-03","13.42","13.64","13.42","13.64","3500","13.64","false"
"DPU","2009-04-02","13.52","13.55","13.48","13.55","1900","13.55","false"
"DPU","2009-04-01","12.86","12.86","12.86","12.86","700","12.86","false"
"DPU","2009-03-31","13.10","13.20","12.89","13.20","1300","13.20","false"
"DPU","2009-03-30","13.04","13.04","12.90","12.96","19200","12.96","false"
"DPU","2009-03-27","13.39","13.39","13.30","13.37","600","13.37","false"
"DPU","2009-03-26","13.51","13.67","13.50","13.67","1600","13.67","false"
"DPU","2009-03-25","13.63","13.64","13.42","13.48","3400","13.48","false"
"DPU","2009-03-24","13.74","13.76","13.65","13.72","2800","13.72","false"
"DPU","2009-03-23","13.77","13.84","13.77","13.81","21600","13.81","false"
"DPU","2009-03-20","13.44","13.62","13.31","13.57","3900","13.57","false"
"DPU","2009-03-19","13.75","13.75","13.53","13.63","2400","13.63","false"
"DPU","2009-03-18","12.95","12.95","12.60","12.60","1700","12.60","false"
"DPU","2009-03-17","12.79","12.98","12.79","12.98","6000","12.98","false"
"DPU","2009-03-16","12.53","12.54","12.53","12.54","500","12.54","false"
"DPU","2009-03-13","12.37","12.37","12.34","12.34","600","12.34","false"
"DPU","2009-03-12","12.00","12.00","12.00","12.00","0","12.00","false"
"DPU","2009-03-11","12.45","12.45","12.00","12.00","1300","12.00","false"
"DPU","2009-03-10","12.55","12.55","12.55","12.55","500","12.55","false"
"DPU","2009-03-09","12.13","12.13","12.13","12.13","800","12.13","false"
"DPU","2009-03-06","12.26","12.29","12.26","12.29","400","12.29","false"
"DPU","2009-03-05","12.09","12.09","12.09","12.09","700","12.09","false"
"DPU","2009-03-04","12.12","12.12","12.12","12.12","400","12.12","false"
"DPU","2009-03-03","11.77","11.85","11.70","11.70","4800","11.70","false"
"DPU","2009-03-02","11.77","11.77","11.77","11.77","100","11.77","false"
"DPU","2009-02-27","12.34","12.34","12.34","12.34","200","12.34","false"
"DPU","2009-02-26","12.21","12.21","12.21","12.21","0","12.21","false"
"DPU","2009-02-25","12.21","12.21","12.21","12.21","600","12.21","false"
"DPU","2009-02-24","11.92","12.03","11.78","12.03","900","12.03","false"
"DPU","2009-02-23","12.09","12.09","11.89","11.89","1000","11.89","false"
"DPU","2009-02-20","12.08","12.08","12.08","12.08","700","12.08","false"
"DPU","2009-02-19","11.99","11.99","11.99","11.99","0","11.99","false"
"DPU","2009-02-18","12.00","12.00","11.99","11.99","600","11.99","false"
"DPU","2009-02-17","12.27","12.27","12.25","12.25","1000","12.25","false"
"DPU","2009-02-13","12.55","12.55","12.55","12.55","300","12.55","false"
"DPU","2009-02-12","12.85","12.93","12.63","12.63","1100","12.63","false"
"DPU","2009-02-11","12.84","12.90","12.76","12.76","1300","12.76","false"
"DPU","2009-02-10","13.05","13.06","13.05","13.06","600","13.06","false"
"DPU","2009-02-09","13.14","13.14","13.14","13.14","200","13.14","false"
"DPU","2009-02-06","13.03","13.03","13.03","13.03","0","13.03","false"
"DPU","2009-02-05","13.03","13.03","13.03","13.03","200","13.03","false"
"DPU","2009-02-04","13.06","13.06","13.06","13.06","500","13.06","false"
"DPU","2009-02-03","13.00","13.00","12.60","12.60","5800","12.60","false"
"DPU","2009-02-02","12.88","12.88","12.87","12.88","1200","12.88","false"
"DPU","2009-01-30","13.06","13.06","13.06","13.06","0","13.06","false"
"DPU","2009-01-29","13.06","13.06","13.06","13.06","0","13.06","false"
"DPU","2009-01-28","13.06","13.06","13.06","13.06","0","13.06","false"
"DPU","2009-01-27","13.06","13.06","13.06","13.06","100","13.06","false"
"DPU","2009-01-26","13.23","13.69","13.23","13.53","28400","13.53","false"
"DPU","2009-01-23","12.98","13.32","12.70","13.32","297900","13.32","false"
"DPU","2009-01-22","12.58","12.65","12.58","12.65","1000","12.65","false"
"DPU","2009-01-21","12.88","12.88","12.84","12.84","300","12.84","false"
"DPU","2009-01-20","13.01","13.37","13.00","13.01","1400","13.01","false"
"DPU","2009-01-16","13.62","13.71","13.50","13.50","800","13.50","false"
"DPU","2009-01-15","13.25","13.71","13.25","13.71","600","13.71","false"
"DPU","2009-01-14","13.54","13.54","13.25","13.25","300","13.25","false"
"DPU","2009-01-13","13.40","13.45","13.40","13.45","500","13.45","false"
"DPU","2009-01-12","13.81","14.00","13.27","13.51","12200","13.51","false"
"DPU","2009-01-09","14.09","14.09","14.09","14.09","0","14.09","false"
"DPU","2009-01-08","13.90","14.15","13.90","14.09","2100","14.09","false"
"DPU","2009-01-07","14.50","14.50","14.07","14.07","4600","14.07","false"
"DPU","2009-01-06","14.85","14.95","14.55","14.77","23000","14.77","false"
"DPU","2009-01-05","14.36","14.51","14.19","14.51","3900","14.51","false"
"DPU","2009-01-02","14.00","14.00","14.00","14.00","100","14.00","false"
"DPU","2010-12-31","18.00","18.00","18.00","18.00","200","18.00","false"
"DPU","2010-12-30","17.86","18.04","17.86","17.99","1700","17.99","false"
"DPU","2010-12-29","18.97","18.97","17.92","18.05","1400","18.05","false"
"DPU","2010-12-28","19.36","19.36","17.87","17.87","1700","17.87","false"
"DPU","2010-12-27","17.20","18.32","17.20","17.99","600","17.99","false"
"DPU","2010-12-23","18.00","18.50","17.87","17.92","4700","17.92","false"
"DPU","2010-12-22","17.96","17.96","17.96","17.96","0","17.96","false"
"DPU","2010-12-21","17.77","17.96","17.77","17.96","900","17.96","false"
"DPU","2010-12-20","17.40","17.50","17.40","17.50","2700","17.50","false"
"DPU","2010-12-17","17.42","17.44","17.40","17.40","400","17.40","false"
"DPU","2010-12-16","17.36","17.36","17.31","17.31","900","17.31","false"
"DPU","2010-12-15","17.35","17.35","17.35","17.35","300","17.35","false"
"DPU","2010-12-14","17.12","17.17","17.12","17.17","800","17.17","false"
"DPU","2010-12-13","15.75","18.02","15.75","17.24","3000","17.24","false"
"DPU","2010-12-10","17.48","17.48","17.48","17.48","0","17.48","false"
"DPU","2010-12-09","17.49","17.49","17.48","17.48","400","17.48","false"
"DPU","2010-12-08","17.20","17.48","17.15","17.48","8700","17.48","false"
"DPU","2010-12-07","17.22","17.22","17.22","17.22","600","17.22","false"
"DPU","2010-12-06","16.98","17.23","16.89","17.20","1600","17.20","false"
"DPU","2010-12-03","17.09","17.09","17.09","17.09","700","17.09","false"
"DPU","2010-12-02","17.02","17.05","17.02","17.05","1000","17.05","false"
"DPU","2010-12-01","16.49","16.96","15.76","16.92","7400","16.92","false"
"DPU","2010-11-30","16.57","16.57","16.36","16.37","800","16.37","false"
"DPU","2010-11-29","16.34","16.40","16.32","16.40","1200","16.40","false"
"DPU","2010-11-26","16.45","16.45","16.45","16.45","0","16.45","false"
"DPU","2010-11-24","16.44","16.45","16.44","16.45","1000","16.45","false"
"DPU","2010-11-23","16.15","16.15","16.10","16.10","400","16.10","false"
"DPU","2010-11-22","16.40","16.40","16.01","16.06","1300","16.06","false"
"DPU","2010-11-19","16.35","16.35","16.35","16.35","0","16.35","false"
"DPU","2010-11-18","16.34","16.35","16.34","16.35","300","16.35","false"
"DPU","2010-11-17","16.05","16.05","16.05","16.05","1600","16.05","false"
"DPU","2010-11-16","16.01","16.20","16.01","16.20","700","16.20","false"
"DPU","2010-11-15","16.86","16.86","16.86","16.86","600","16.86","false"
"DPU","2010-11-12","16.70","16.74","16.70","16.74","200","16.74","false"
"DPU","2010-11-11","17.33","17.36","17.33","17.36","5000","17.36","false"
"DPU","2010-11-10","17.26","17.31","16.81","17.31","2700","17.31","false"
"DPU","2010-11-09","17.45","17.45","17.15","17.15","1500","17.15","false"
"DPU","2010-11-08","17.16","17.16","17.16","17.16","300","17.16","false"
"DPU","2010-11-05","17.26","17.30","17.26","17.30","2200","17.30","false"
"DPU","2010-11-04","17.00","17.30","17.00","17.25","3800","17.25","false"
"DPU","2010-11-03","16.85","16.88","16.85","16.88","800","16.88","false"
"DPU","2010-11-02","16.67","16.67","16.67","16.67","500","16.67","false"
"DPU","2010-11-01","16.59","16.59","16.59","16.59","0","16.59","false"
"DPU","2010-10-29","16.51","16.59","16.50","16.59","1400","16.59","false"
"DPU","2010-10-28","16.53","16.53","16.53","16.53","200","16.53","false"
"DPU","2010-10-27","16.50","16.50","16.50","16.50","100","16.50","false"
"DPU","2010-10-26","16.44","16.59","16.44","16.50","2800","16.50","false"
"DPU","2010-10-25","16.45","16.50","16.45","16.50","1500","16.50","false"
"DPU","2010-10-22","16.40","16.40","16.40","16.40","0","16.40","false"
"DPU","2010-10-21","16.40","16.40","16.40","16.40","0","16.40","false"
"DPU","2010-10-20","16.30","16.40","16.30","16.40","1100","16.40","false"
"DPU","2010-10-19","16.17","16.17","16.09","16.09","600","16.09","false"
"DPU","2010-10-18","16.52","16.68","16.52","16.68","1600","16.68","false"
"DPU","2010-10-15","16.74","16.74","16.50","16.50","1300","16.50","false"
"DPU","2010-10-14","16.71","16.71","16.71","16.71","0","16.71","false"
"DPU","2010-10-13","16.74","16.79","16.71","16.71","1200","16.71","false"
"DPU","2010-10-12","16.55","16.66","16.55","16.59","2100","16.59","false"
"DPU","2010-10-11","16.62","16.62","16.62","16.62","1000","16.62","false"
"DPU","2010-10-08","16.15","16.15","15.39","15.39","900","15.39","false"
"DPU","2010-10-07","16.25","16.25","16.12","16.14","700","16.14","false"
"DPU","2010-10-06","16.18","16.18","16.17","16.17","700","16.17","false"
"DPU","2010-10-05","16.18","16.18","16.18","16.18","300","16.18","false"
"DPU","2010-10-04","15.88","15.91","15.88","15.91","400","15.91","false"
"DPU","2010-10-01","15.93","16.01","15.92","16.01","4000","16.01","false"
"DPU","2010-09-30","15.95","16.09","15.95","16.07","2500","16.07","false"
"DPU","2010-09-29","15.67","15.98","15.66","15.98","2800","15.98","false"
"DPU","2010-09-28","15.90","15.90","15.90","15.90","0","15.90","false"
"DPU","2010-09-27","15.90","15.90","15.90","15.90","0","15.90","false"
"DPU","2010-09-24","15.90","15.90","15.90","15.90","800","15.90","false"
"DPU","2010-09-23","15.63","15.63","15.63","15.63","0","15.63","false"
"DPU","2010-09-22","15.63","15.63","15.63","15.63","0","15.63","false"
"DPU","2010-09-21","15.62","15.63","15.62","15.63","400","15.63","false"
"DPU","2010-09-20","15.67","15.68","15.67","15.67","500","15.67","false"
"DPU","2010-09-17","15.60","15.60","15.60","15.60","0","15.60","false"
"DPU","2010-09-16","15.60","15.60","15.60","15.60","200","15.60","false"
"DPU","2010-09-15","15.51","15.56","15.51","15.56","400","15.56","false"
"DPU","2010-09-14","15.61","15.61","15.61","15.61","0","15.61","false"
"DPU","2010-09-13","15.60","15.61","15.60","15.61","2500","15.61","false"
"DPU","2010-09-10","15.41","15.41","15.41","15.41","0","15.41","false"
"DPU","2010-09-09","15.41","15.41","15.41","15.41","300","15.41","false"
"DPU","2010-09-08","15.42","15.42","15.42","15.42","0","15.42","false"
"DPU","2010-09-07","15.42","15.42","15.42","15.42","300","15.42","false"
"DPU","2010-09-03","15.07","15.07","15.07","15.07","0","15.07","false"
"DPU","2010-09-02","15.04","15.07","15.04","15.07","300","15.07","false"
"DPU","2010-09-01","15.15","15.15","15.15","15.15","1200","15.15","false"
"DPU","2010-08-31","14.73","14.73","14.73","14.73","1500","14.73","false"
"DPU","2010-08-30","15.09","15.09","15.09","15.09","100","15.09","false"
"DPU","2010-08-27","14.82","14.82","14.82","14.82","400","14.82","false"
"DPU","2010-08-26","14.52","14.52","14.52","14.52","0","14.52","false"
"DPU","2010-08-25","14.55","14.59","14.51","14.52","13700","14.52","false"
"DPU","2010-08-24","14.76","14.76","14.76","14.76","0","14.76","false"
"DPU","2010-08-23","14.76","14.76","14.76","14.76","100","14.76","false"
"DPU","2010-08-20","14.79","14.79","14.79","14.79","0","14.79","false"
"DPU","2010-08-19","14.98","14.98","14.77","14.79","1300","14.79","false"
"DPU","2010-08-18","14.97","14.97","14.97","14.97","0","14.97","false"
"DPU","2010-08-17","14.97","14.97","14.97","14.97","1700","14.97","false"
"DPU","2010-08-16","14.97","14.97","14.97","14.97","0","14.97","false"
"DPU","2010-08-13","14.97","14.97","14.97","14.97","0","14.97","false"
"DPU","2010-08-12","14.97","14.97","14.97","14.97","0","14.97","false"
"DPU","2010-08-11","15.16","15.16","14.97","14.97","2200","14.97","false"
"DPU","2010-08-10","15.58","15.58","15.58","15.58","0","15.58","false"
"DPU","2010-08-09","15.58","15.58","15.57","15.58","1700","15.58","false"
"DPU","2010-08-06","15.56","15.56","15.30","15.30","900","15.30","false"
"DPU","2010-08-05","15.65","15.73","15.62","15.73","600","15.73","false"
"DPU","2010-08-04","15.69","15.69","15.61","15.61","3700","15.61","false"
"DPU","2010-08-03","15.41","15.42","15.41","15.42","300","15.42","false"
"DPU","2010-08-02","15.46","15.47","15.41","15.47","600","15.47","false"
"DPU","2010-07-30","14.81","14.81","14.81","14.81","0","14.81","false"
"DPU","2010-07-29","14.81","14.81","14.81","14.81","100","14.81","false"
"DPU","2010-07-28","14.65","14.65","14.65","14.65","0","14.65","false"
"DPU","2010-07-27","14.73","14.90","14.65","14.65","900","14.65","false"
"DPU","2010-07-26","14.69","14.69","14.65","14.65","2400","14.65","false"
"DPU","2010-07-23","14.77","14.77","14.77","14.77","0","14.77","false"
"DPU","2010-07-22","14.69","14.77","14.69","14.77","400","14.77","false"
"DPU","2010-07-21","14.65","14.65","14.65","14.65","2900","14.65","false"
"DPU","2010-07-20","14.45","14.45","14.45","14.45","0","14.45","false"
"DPU","2010-07-19","14.43","14.45","14.42","14.45","3400","14.45","false"
"DPU","2010-07-16","14.43","14.43","14.43","14.43","500","14.43","false"
"DPU","2010-07-15","14.62","14.62","14.62","14.62","0","14.62","false"
"DPU","2010-07-14","14.62","14.62","14.62","14.62","300","14.62","false"
"DPU","2010-07-13","14.49","14.60","14.49","14.60","1800","14.60","false"
"DPU","2010-07-12","14.30","14.30","14.30","14.30","1500","14.30","false"
"DPU","2010-07-09","14.44","14.49","14.43","14.49","1800","14.49","false"
"DPU","2010-07-08","14.38","14.51","14.34","14.51","2100","14.51","false"
"DPU","2010-07-07","14.23","14.37","14.23","14.37","14500","14.37","false"
"DPU","2010-07-06","14.14","14.16","14.14","14.15","700","14.15","false"
"DPU","2010-07-02","13.98","14.00","13.93","14.00","2300","14.00","false"
"DPU","2010-07-01","13.93","13.93","12.92","13.92","26600","13.92","false"
"DPU","2010-06-30","14.51","14.51","14.35","14.35","500","14.35","false"
"DPU","2010-06-29","14.18","14.18","14.10","14.10","18600","14.10","false"
"DPU","2010-06-28","14.52","14.52","14.52","14.52","300","14.52","false"
"DPU","2010-06-25","14.41","14.41","14.39","14.39","2300","14.39","false"
"DPU","2010-06-24","14.58","14.58","14.30","14.49","6400","14.49","false"
"DPU","2010-06-23","14.68","14.68","14.25","14.25","2200","14.25","false"
"DPU","2010-06-22","14.81","14.82","14.69","14.69","1600","14.69","false"
"DPU","2010-06-21","15.01","15.01","14.66","14.79","4600","14.79","false"
"DPU","2010-06-18","14.88","14.90","14.65","14.65","3400","14.65","false"
"DPU","2010-06-17","14.83","14.83","14.83","14.83","300","14.83","false"
"DPU","2010-06-16","14.74","14.82","14.66","14.69","3400","14.69","false"
"DPU","2010-06-15","14.64","14.66","14.57","14.57","1800","14.57","false"
"DPU","2010-06-14","14.50","14.50","14.50","14.50","0","14.50","false"
"DPU","2010-06-11","14.91","14.91","14.26","14.50","2500","14.50","false"
"DPU","2010-06-10","14.43","14.55","14.43","14.55","800","14.55","false"
"DPU","2010-06-09","14.34","14.34","14.34","14.34","500","14.34","false"
"DPU","2010-06-08","14.19","14.19","14.00","14.00","2500","14.00","false"
"DPU","2010-06-07","13.97","14.10","13.97","14.09","1400","14.09","false"
"DPU","2010-06-04","14.21","14.25","14.05","14.05","2400","14.05","false"
"DPU","2010-06-03","14.55","14.55","14.29","14.46","2200","14.46","false"
"DPU","2010-06-02","14.42","14.55","14.41","14.55","1900","14.55","false"
"DPU","2010-06-01","14.56","14.57","14.55","14.56","2700","14.56","false"
"DPU","2010-05-28","14.68","14.82","14.63","14.63","5300","14.63","false"
"DPU","2010-05-27","14.47","14.79","14.47","14.68","3500","14.68","false"
"DPU","2010-05-26","14.34","14.34","14.34","14.34","600","14.34","false"
"DPU","2010-05-25","14.04","14.15","13.90","14.15","4400","14.15","false"
"DPU","2010-05-24","14.34","14.34","14.34","14.34","0","14.34","false"
"DPU","2010-05-21","14.04","14.34","14.04","14.34","400","14.34","false"
"DPU","2010-05-20","14.08","14.08","14.04","14.04","1200","14.04","false"
"DPU","2010-05-19","14.40","14.42","14.36","14.39","400","14.39","false"
"DPU","2010-05-18","14.89","14.89","14.45","14.54","1100","14.54","false"
"DPU","2010-05-17","14.58","14.58","14.58","14.58","500","14.58","false"
"DPU","2010-05-14","15.04","15.09","15.04","15.09","800","15.09","false"
"DPU","2010-05-13","15.41","15.41","15.41","15.41","300","15.41","false"
"DPU","2010-05-12","15.56","15.61","15.49","15.49","2000","15.49","false"
"DPU","2010-05-11","15.73","15.73","15.73","15.73","0","15.73","false"
"DPU","2010-05-10","15.73","15.73","15.73","15.73","200","15.73","false"
"DPU","2010-05-07","15.21","15.45","14.50","15.26","3700","15.26","false"
"DPU","2010-05-06","15.68","15.68","14.21","14.21","3700","14.21","false"
"DPU","2010-05-05","16.06","16.06","16.06","16.06","0","16.06","false"
"DPU","2010-05-04","16.06","16.06","16.06","16.06","300","16.06","false"
"DPU","2010-05-03","16.40","16.40","16.39","16.39","1200","16.39","false"
"DPU","2010-04-30","16.28","16.45","16.28","16.42","10800","16.42","false"
"DPU","2010-04-29","16.09","16.09","16.09","16.09","100","16.09","false"
"DPU","2010-04-28","15.89","15.90","15.89","15.90","300","15.90","false"
"DPU","2010-04-27","15.82","15.82","15.75","15.76","1600","15.76","false"
"DPU","2010-04-26","16.22","16.22","16.22","16.22","0","16.22","false"
"DPU","2010-04-23","16.16","16.22","16.16","16.22","35500","16.22","false"
"DPU","2010-04-22","15.92","16.04","15.92","15.98","5500","15.98","false"
"DPU","2010-04-21","16.09","16.09","16.09","16.09","0","16.09","false"
"DPU","2010-04-20","16.13","16.13","16.09","16.09","1400","16.09","false"
"DPU","2010-04-19","16.00","16.02","15.87","15.87","2300","15.87","false"
"DPU","2010-04-16","16.53","16.53","16.53","16.53","0","16.53","false"
"DPU","2010-04-15","16.48","16.53","16.48","16.53","6200","16.53","false"
"DPU","2010-04-14","16.40","16.40","16.23","16.23","3400","16.23","false"
"DPU","2010-04-13","16.00","16.25","16.00","16.22","3800","16.22","false"
"DPU","2010-04-12","16.26","16.27","16.26","16.27","1100","16.27","false"
"DPU","2010-04-09","16.13","16.31","16.09","16.09","7300","16.09","false"
"DPU","2010-04-08","16.06","16.06","16.04","16.05","1400","16.05","false"
"DPU","2010-04-07","16.26","16.28","16.05","16.11","10800","16.11","false"
"DPU","2010-04-06","16.10","16.10","16.10","16.10","0","16.10","false"
"DPU","2010-04-05","16.10","16.10","16.10","16.10","100","16.10","false"
"DPU","2010-04-01","15.92","15.92","15.92","15.92","300","15.92","false"
"DPU","2010-03-31","15.77","15.77","15.77","15.77","600","15.77","false"
"DPU","2010-03-30","15.71","15.74","15.62","15.62","900","15.62","false"
"DPU","2010-03-29","15.67","15.67","15.48","15.48","5000","15.48","false"
"DPU","2010-03-26","15.43","15.47","15.37","15.42","5200","15.42","false"
"DPU","2010-03-25","15.36","15.49","15.36","15.36","2100","15.36","false"
"DPU","2010-03-24","15.31","15.43","15.31","15.40","2000","15.40","false"
"DPU","2010-03-23","15.66","15.66","15.66","15.66","1000","15.66","false"
"DPU","2010-03-22","15.24","15.66","15.24","15.66","12400","15.66","false"
"DPU","2010-03-19","15.53","15.53","15.53","15.53","200","15.53","false"
"DPU","2010-03-18","15.86","15.86","15.86","15.86","0","15.86","false"
"DPU","2010-03-17","15.70","15.89","15.70","15.86","6500","15.86","false"
"DPU","2010-03-16","15.44","15.64","15.44","15.63","13600","15.63","false"
"DPU","2010-03-15","15.49","15.49","15.35","15.35","1000","15.35","false"
"DPU","2010-03-12","15.53","15.53","15.53","15.53","0","15.53","false"
"DPU","2010-03-11","15.53","15.53","15.53","15.53","1600","15.53","false"
"DPU","2010-03-10","15.67","15.69","15.54","15.66","3300","15.66","false"
"DPU","2010-03-09","15.52","15.56","15.30","15.52","35100","15.52","false"
"DPU","2010-03-08","15.81","15.83","15.50","15.67","34700","15.67","false"
"DPU","2010-03-05","15.74","15.77","14.61","15.73","37000","15.73","false"
"DPU","2010-03-04","15.50","15.51","15.11","15.43","16700","15.43","false"
"DPU","2010-03-03","15.40","15.40","15.40","15.40","0","15.40","false"
"DPU","2010-03-02","15.50","15.50","15.40","15.40","800","15.40","false"
"DPU","2010-03-01","15.49","15.49","15.49","15.49","0","15.49","false"
"DPU","2010-02-26","15.34","15.49","15.34","15.49","400","15.49","false"
"DPU","2010-02-25","15.27","15.27","15.18","15.24","900","15.24","false"
"DPU","2010-02-24","15.48","15.50","15.48","15.48","800","15.48","false"
"DPU","2010-02-23","15.50","15.50","15.37","15.37","4400","15.37","false"
"DPU","2010-02-22","15.53","15.63","15.52","15.63","3000","15.63","false"
"DPU","2010-02-19","15.40","15.40","15.39","15.39","8500","15.39","false"
"DPU","2010-02-18","15.33","15.41","15.22","15.41","7200","15.41","false"
"DPU","2010-02-17","15.32","15.32","15.32","15.32","0","15.32","false"
"DPU","2010-02-16","15.32","15.32","15.32","15.32","300","15.32","false"
"DPU","2010-02-12","14.87","14.87","14.87","14.87","0","14.87","false"
"DPU","2010-02-11","14.87","14.87","14.87","14.87","0","14.87","false"
"DPU","2010-02-10","14.73","14.87","14.73","14.87","900","14.87","false"
"DPU","2010-02-09","14.67","14.79","14.67","14.79","1400","14.79","false"
"DPU","2010-02-08","14.37","14.45","14.37","14.45","500","14.45","false"
"DPU","2010-02-05","14.60","14.60","14.22","14.46","5000","14.46","false"
"DPU","2010-02-04","15.20","15.20","15.20","15.20","0","15.20","false"
"DPU","2010-02-03","15.30","15.30","15.20","15.20","400","15.20","false"
"DPU","2010-02-02","15.13","15.35","15.13","15.31","1200","15.31","false"
"DPU","2010-02-01","14.82","14.95","14.72","14.95","17600","14.95","false"
"DPU","2010-01-29","14.81","14.81","14.63","14.64","2400","14.64","false"
"DPU","2010-01-28","14.83","14.86","14.42","14.86","4200","14.86","false"
"DPU","2010-01-27","14.99","14.99","14.99","14.99","0","14.99","false"
"DPU","2010-01-26","15.05","15.05","14.50","14.99","3800","14.99","false"
"DPU","2010-01-25","15.15","15.38","15.12","15.38","7200","15.38","false"
"DPU","2010-01-22","15.26","15.27","14.73","15.11","40800","15.11","false"
"DPU","2010-01-21","15.51","15.60","15.51","15.57","4300","15.57","false"
"DPU","2010-01-20","15.65","15.65","15.65","15.65","400","15.65","false"
"DPU","2010-01-19","15.87","15.87","15.26","15.83","9300","15.83","false"
"DPU","2010-01-15","16.05","16.05","16.05","16.05","500","16.05","false"
"DPU","2010-01-14","16.08","16.08","16.08","16.08","300","16.08","false"
"DPU","2010-01-13","16.09","16.14","15.93","16.13","5100","16.13","false"
"DPU","2010-01-12","16.47","16.74","16.11","16.17","8000","16.17","false"
"DPU","2010-01-11","16.70","16.70","16.70","16.70","100","16.70","false"
"DPU","2010-01-08","16.57","16.57","16.57","16.57","300","16.57","false"
"DPU","2010-01-07","16.56","16.60","16.56","16.60","700","16.60","false"
"DPU","2010-01-06","16.54","16.55","16.54","16.55","900","16.55","false"
"DPU","2010-01-05","16.52","16.55","16.51","16.55","4100","16.55","false"
"DPU","2010-01-04","16.38","16.41","15.91","15.91","14400","15.91","false"
"DPU","2011-06-24","18.09","18.09","18.09","18.09","0","18.09","false"
"DPU","2011-06-23","18.00","18.10","17.98","18.09","1200","18.09","false"
"DPU","2011-06-22","18.52","18.52","18.52","18.52","0","18.52","false"
"DPU","2011-06-21","18.44","18.55","18.44","18.52","700","18.52","false"
"DPU","2011-06-20","18.29","18.29","18.29","18.29","800","18.29","false"
"DPU","2011-06-17","18.31","18.31","18.31","18.31","600","18.31","false"
"DPU","2011-06-16","18.56","18.56","18.46","18.49","4900","18.49","false"
"DPU","2011-06-15","19.16","19.17","18.76","18.76","1500","18.76","false"
"DPU","2011-06-14","19.54","19.54","19.54","19.54","200","19.54","false"
"DPU","2011-06-13","19.55","19.55","19.27","19.55","1600","19.55","false"
"DPU","2011-06-10","19.50","19.50","19.30","19.31","3200","19.31","false"
"DPU","2011-06-09","19.66","19.74","19.66","19.71","900","19.71","false"
"DPU","2011-06-08","19.39","19.73","19.39","19.45","2900","19.45","false"
"DPU","2011-06-07","19.37","19.37","19.37","19.37","0","19.37","false"
"DPU","2011-06-06","19.21","19.37","19.18","19.37","2400","19.37","false"
"DPU","2011-06-03","19.32","19.32","19.32","19.32","0","19.32","false"
"DPU","2011-06-02","19.45","19.62","19.29","19.32","3400","19.32","false"
"DPU","2011-06-01","19.82","19.82","19.74","19.74","1600","19.74","false"
"DPU","2011-05-31","19.77","19.77","19.55","19.75","2300","19.75","false"
"DPU","2011-05-27","19.48","19.66","19.32","19.56","2900","19.56","false"
"DPU","2011-05-26","19.26","19.26","19.26","19.26","0","19.26","false"
"DPU","2011-05-25","18.24","19.26","18.24","19.26","7300","19.26","false"
"DPU","2011-05-24","19.21","19.40","18.94","19.15","2900","19.15","false"
"DPU","2011-05-23","18.65","19.37","18.65","19.02","3100","19.02","false"
"DPU","2011-05-20","19.62","19.62","18.23","18.23","300","18.23","false"
"DPU","2011-05-19","19.97","19.99","19.04","19.15","4200","19.15","false"
"DPU","2011-05-18","19.62","19.62","19.62","19.62","100","19.62","false"
"DPU","2011-05-17","18.75","18.75","18.75","18.75","0","18.75","false"
"DPU","2011-05-16","18.76","18.76","18.69","18.75","700","18.75","false"
"DPU","2011-05-13","18.82","18.95","18.80","18.95","500","18.95","false"
"DPU","2011-05-12","18.11","19.04","18.06","18.81","14000","18.81","false"
"DPU","2011-05-11","18.46","19.79","18.46","18.83","3000","18.83","false"
"DPU","2011-05-10","19.50","21.14","19.50","19.80","6200","19.80","false"
"DPU","2011-05-09","19.59","19.59","18.96","19.52","2300","19.52","false"
"DPU","2011-05-06","18.98","19.20","18.98","19.08","1600","19.08","false"
"DPU","2011-05-05","20.00","20.00","18.52","18.71","8300","18.71","false"
"DPU","2011-05-04","20.45","20.82","20.17","20.17","1200","20.17","false"
"DPU","2011-05-03","21.16","21.16","20.35","20.35","8700","20.35","false"
"DPU","2011-05-02","21.51","21.54","20.70","20.70","5200","20.70","false"
"DPU","2011-04-29","20.58","21.46","20.58","20.84","5500","20.84","false"
"DPU","2011-04-28","21.03","21.39","20.51","20.56","2100","20.56","false"
"DPU","2011-04-27","21.74","21.74","20.59","21.04","9100","21.04","false"
"DPU","2011-04-26","21.00","21.00","20.68","20.70","1900","20.70","false"
"DPU","2011-04-25","21.79","21.79","20.59","20.88","2300","20.88","false"
"DPU","2011-04-21","20.65","21.13","20.65","20.99","1000","20.99","false"
"DPU","2011-04-20","20.30","21.01","20.08","20.19","1300","20.19","false"
"DPU","2011-04-19","20.69","20.69","20.49","20.49","400","20.49","false"
"DPU","2011-04-18","20.47","20.47","20.04","20.04","300","20.04","false"
"DPU","2011-04-15","19.64","20.68","19.64","20.48","3800","20.48","false"
"DPU","2011-04-14","20.09","20.09","19.66","19.66","400","19.66","false"
"DPU","2011-04-13","20.00","20.11","19.68","19.85","8600","19.85","false"
"DPU","2011-04-12","19.64","20.26","19.61","19.86","1800","19.86","false"
"DPU","2011-04-11","20.50","20.88","20.36","20.41","2100","20.41","false"
"DPU","2011-04-08","20.25","20.93","20.06","20.93","6000","20.93","false"
"DPU","2011-04-07","20.47","20.48","19.60","20.31","1500","20.31","false"
"DPU","2011-04-06","19.86","20.46","19.86","20.19","3300","20.19","false"
"DPU","2011-04-05","19.91","19.91","19.91","19.91","1100","19.91","false"
"DPU","2011-04-04","20.06","20.06","20.06","20.06","300","20.06","false"
"DPU","2011-04-01","20.30","20.30","20.14","20.14","300","20.14","false"
"DPU","2011-03-31","20.20","20.20","19.95","19.95","1000","19.95","false"
"DPU","2011-03-30","19.31","19.60","19.31","19.60","1200","19.60","false"
"DPU","2011-03-29","19.73","20.00","19.40","19.40","800","19.40","false"
"DPU","2011-03-28","20.19","20.19","19.73","20.00","300","20.00","false"
"DPU","2011-03-25","20.00","20.00","19.16","19.30","3600","19.30","false"
"DPU","2011-03-24","20.54","20.54","20.54","20.54","0","20.54","false"
"DPU","2011-03-23","20.09","20.54","19.62","20.54","1100","20.54","false"
"DPU","2011-03-22","19.38","20.65","19.38","20.32","3100","20.32","false"
"DPU","2011-03-21","20.33","20.33","19.40","19.43","1500","19.43","false"
"DPU","2011-03-18","19.79","20.20","19.79","19.80","1300","19.80","false"
"DPU","2011-03-17","19.70","19.91","19.07","19.89","4900","19.89","false"
"DPU","2011-03-16","18.80","19.41","18.80","18.88","1400","18.88","false"
"DPU","2011-03-15","18.26","19.88","17.52","19.74","2600","19.74","false"
"DPU","2011-03-14","19.95","19.95","18.24","19.30","1500","19.30","false"
"DPU","2011-03-11","19.56","20.01","19.15","19.58","2400","19.58","false"
"DPU","2011-03-10","19.69","20.34","19.41","20.34","1400","20.34","false"
"DPU","2011-03-09","19.65","20.16","19.62","20.09","3700","20.09","false"
"DPU","2011-03-08","20.19","20.42","18.73","19.35","8600","19.35","false"
"DPU","2011-03-07","20.85","20.89","19.72","19.80","5700","19.80","false"
"DPU","2011-03-04","19.69","20.34","19.69","20.34","400","20.34","false"
"DPU","2011-03-03","19.31","19.31","19.31","19.31","0","19.31","false"
"DPU","2011-03-02","19.84","19.84","19.31","19.31","1200","19.31","false"
"DPU","2011-03-01","19.18","19.49","19.18","19.40","2600","19.40","false"
"DPU","2011-02-28","18.83","18.83","18.83","18.83","0","18.83","false"
"DPU","2011-02-25","18.83","18.83","18.83","18.83","100","18.83","false"
"DPU","2011-02-24","19.48","19.48","18.03","18.83","3000","18.83","false"
"DPU","2011-02-23","19.47","19.49","18.80","19.48","7200","19.48","false"
"DPU","2011-02-22","19.28","19.28","18.87","18.87","500","18.87","false"
"DPU","2011-02-18","18.68","18.71","18.59","18.64","7900","18.64","false"
"DPU","2011-02-17","18.50","18.62","18.50","18.62","2000","18.62","false"
"DPU","2011-02-16","18.56","18.64","18.55","18.61","6100","18.61","false"
"DPU","2011-02-15","18.48","18.63","18.32","18.61","27900","18.61","false"
"DPU","2011-02-14","18.79","18.81","18.63","18.64","2600","18.64","false"
"DPU","2011-02-11","18.65","18.65","18.45","18.55","5400","18.55","false"
"DPU","2011-02-10","18.55","18.70","18.51","18.70","1800","18.70","false"
"DPU","2011-02-09","18.87","18.87","18.79","18.79","700","18.79","false"
"DPU","2011-02-08","18.53","18.71","18.53","18.66","800","18.66","false"
"DPU","2011-02-07","18.63","18.64","18.63","18.64","1700","18.64","false"
"DPU","2011-02-04","18.57","18.57","18.56","18.57","1200","18.57","false"
"DPU","2011-02-03","18.75","18.75","18.60","18.69","1000","18.69","false"
"DPU","2011-02-02","18.65","18.72","18.44","18.72","5600","18.72","false"
"DPU","2011-02-01","19.34","19.34","18.38","18.38","2800","18.38","false"
"DPU","2011-01-31","18.34","18.45","18.14","18.45","1000","18.45","false"
"DPU","2011-01-28","17.88","17.99","17.88","17.99","300","17.99","false"
"DPU","2011-01-27","18.03","18.03","18.02","18.02","900","18.02","false"
"DPU","2011-01-26","17.79","18.13","17.78","18.08","4300","18.08","false"
"DPU","2011-01-25","17.54","17.63","17.49","17.63","5500","17.63","false"
"DPU","2011-01-24","17.90","17.90","17.90","17.90","0","17.90","false"
"DPU","2011-01-21","17.95","18.05","17.85","17.90","7800","17.90","false"
"DPU","2011-01-20","17.88","17.88","17.83","17.83","200","17.83","false"
"DPU","2011-01-19","18.05","18.05","18.05","18.05","200","18.05","false"
"DPU","2011-01-18","17.94","17.94","17.94","17.94","0","17.94","false"
"DPU","2011-01-14","18.00","18.06","17.94","17.94","900","17.94","false"
"DPU","2011-01-13","18.00","18.00","18.00","18.00","200","18.00","false"
"DPU","2011-01-12","17.97","17.97","17.97","17.97","700","17.97","false"
"DPU","2011-01-11","17.74","17.91","17.74","17.91","300","17.91","false"
"DPU","2011-01-10","17.78","17.81","17.78","17.81","700","17.81","false"
"DPU","2011-01-07","17.41","17.41","17.41","17.41","400","17.41","false"
"DPU","2011-01-06","17.72","17.75","17.58","17.71","1100","17.71","false"
"DPU","2011-01-05","17.78","17.93","17.78","17.93","2400","17.93","false"
"DPU","2011-01-04","17.51","17.75","17.33","17.75","3100","17.75","false"
"DPU","2011-01-03","18.28","18.29","17.85","17.85","44000","17.85","false"
