"DRR","2008-12-31","46.65","46.88","46.36","46.43","25100","46.43","false"
"DRR","2008-12-30","45.44","45.91","44.96","45.91","31900","45.91","false"
"DRR","2008-12-29","44.36","46.40","44.01","46.37","28600","46.37","false"
"DRR","2008-12-26","45.73","45.82","45.41","45.62","7300","45.62","false"
"DRR","2008-12-24","46.00","46.34","45.25","46.27","7100","46.27","false"
"DRR","2008-12-23","46.11","46.46","45.26","46.20","15300","46.20","false"
"DRR","2008-12-22","46.36","46.57","45.82","46.15","23500","46.15","false"
"DRR","2008-12-19","46.44","47.95","44.91","46.76","60200","46.76","false"
"DRR","2008-12-18","43.02","45.25","43.02","44.86","163400","44.86","false"
"DRR","2008-12-17","44.99","45.08","43.34","43.60","116200","43.60","false"
"DRR","2008-12-16","45.44","48.50","45.10","45.44","110300","45.44","false"
"DRR","2008-12-15","49.73","49.73","48.41","48.84","94100","48.84","false"
"DRR","2008-12-12","51.13","51.40","50.87","50.92","47800","50.92","false"
"DRR","2008-12-11","52.05","52.35","51.06","51.35","62000","51.35","false"
"DRR","2008-12-10","54.33","54.34","53.71","53.98","33400","53.98","false"
"DRR","2008-12-09","55.48","55.78","54.28","54.70","43800","54.70","false"
"DRR","2008-12-08","55.62","55.62","54.25","54.72","59600","54.72","false"
"DRR","2008-12-05","57.25","57.61","56.95","56.95","17100","56.95","false"
"DRR","2008-12-04","57.54","57.54","55.80","56.46","22400","56.46","false"
"DRR","2008-12-03","57.58","59.00","56.51","57.23","52600","57.23","false"
"DRR","2008-12-02","56.85","57.47","56.48","56.92","29100","56.92","false"
"DRR","2008-12-01","57.61","58.05","57.15","58.00","52100","58.00","false"
"DRR","2008-11-28","56.72","57.40","56.54","56.84","17300","56.84","false"
"DRR","2008-11-26","54.85","55.93","54.72","55.32","33300","55.32","false"
"DRR","2008-11-25","54.06","54.95","53.00","53.90","123700","53.90","false"
"DRR","2008-11-24","56.30","56.51","55.03","55.22","59100","55.22","false"
"DRR","2008-11-21","58.50","59.70","58.00","58.28","80400","58.28","false"
"DRR","2008-11-20","58.42","59.60","57.00","59.45","57100","59.45","false"
"DRR","2008-11-19","56.94","58.98","56.01","58.86","39300","58.86","false"
"DRR","2008-11-18","58.00","58.50","57.40","57.94","21300","57.94","false"
"DRR","2008-11-17","57.76","58.00","56.85","57.62","30100","57.62","false"
"DRR","2008-11-14","57.80","57.80","56.01","57.25","52000","57.25","false"
"DRR","2008-11-13","59.26","59.90","56.36","56.36","99000","56.36","false"
"DRR","2008-11-12","59.00","59.67","57.60","59.60","67800","59.60","false"
"DRR","2008-11-11","57.39","59.25","57.39","58.99","46500","58.99","false"
"DRR","2008-11-10","55.89","57.23","55.89","57.08","36000","57.08","false"
"DRR","2008-11-07","56.77","57.40","56.00","56.94","63200","56.94","false"
"DRR","2008-11-06","56.53","58.41","56.24","57.65","111400","57.65","false"
"DRR","2008-11-05","55.77","56.85","54.01","55.67","93000","55.67","false"
"DRR","2008-11-04","57.04","57.04","54.65","55.07","153600","55.07","false"
"DRR","2008-11-03","57.48","59.27","57.14","58.52","55900","58.52","false"
"DRR","2008-10-31","57.36","58.03","56.90","57.49","108100","57.49","false"
"DRR","2008-10-30","54.80","56.54","54.42","55.60","147800","55.60","false"
"DRR","2008-10-29","57.00","57.01","54.94","55.53","183700","55.53","false"
"DRR","2008-10-28","59.50","61.99","57.52","57.52","110400","57.52","false"
"DRR","2008-10-27","61.98","62.00","56.00","59.42","114800","59.42","false"
"DRR","2008-10-24","59.09","61.45","56.90","59.53","118100","59.53","false"
"DRR","2008-10-23","57.63","57.63","56.75","56.75","95900","56.75","false"
"DRR","2008-10-22","56.26","58.99","56.26","57.53","146100","57.53","false"
"DRR","2008-10-21","54.27","55.99","53.61","55.46","52800","55.46","false"
"DRR","2008-10-20","52.72","53.42","52.58","53.16","34600","53.16","false"
"DRR","2008-10-17","52.08","52.60","51.74","52.60","17400","52.60","false"
"DRR","2008-10-16","51.68","52.71","51.68","52.00","55500","52.00","false"
"DRR","2008-10-15","50.60","53.04","50.60","51.71","59800","51.71","false"
"DRR","2008-10-14","50.30","50.63","49.50","50.53","93600","50.53","false"
"DRR","2008-10-13","49.50","52.49","49.00","50.99","57100","50.99","false"
"DRR","2008-10-10","51.19","53.49","49.50","52.50","267600","52.50","false"
"DRR","2008-10-09","50.26","50.94","49.65","50.80","49600","50.80","false"
"DRR","2008-10-08","50.11","51.20","49.77","50.24","75200","50.24","false"
"DRR","2008-10-07","50.39","51.00","49.71","50.13","117300","50.13","false"
"DRR","2008-10-06","51.25","53.00","50.99","51.54","202800","51.54","false"
"DRR","2008-10-03","50.12","50.25","47.52","49.50","71700","49.50","false"
"DRR","2008-10-02","49.25","50.00","49.00","49.50","71600","49.50","false"
"DRR","2008-10-01","47.75","48.42","47.53","48.33","41800","48.33","false"
"DRR","2008-09-30","46.57","47.50","46.48","47.28","38000","47.28","false"
"DRR","2008-09-29","45.40","50.00","44.00","45.09","62400","45.09","false"
"DRR","2008-09-26","44.13","44.21","43.81","44.03","24400","44.03","false"
"DRR","2008-09-25","43.63","44.27","43.44","44.21","44300","44.21","false"
"DRR","2008-09-24","43.24","44.06","43.24","44.06","28900","44.06","false"
"DRR","2008-09-23","43.04","43.98","43.02","43.50","89000","43.50","false"
"DRR","2008-09-22","44.68","44.89","42.33","42.69","322000","42.69","false"
"DRR","2008-09-19","45.64","46.25","40.89","44.93","98700","44.93","false"
"DRR","2008-09-18","42.00","46.33","42.00","46.24","165900","46.24","false"
"DRR","2008-09-17","47.25","47.25","43.83","45.47","253400","45.47","false"
"DRR","2008-09-16","46.82","47.84","45.80","47.20","322000","47.20","false"
"DRR","2008-09-15","46.84","47.12","45.58","45.62","347000","45.62","false"
"DRR","2008-09-12","47.58","47.69","46.72","46.76","310400","46.76","false"
"DRR","2008-09-11","49.08","49.14","48.66","48.71","225100","48.71","false"
"DRR","2008-09-10","47.51","48.27","47.43","48.21","130500","48.21","false"
"DRR","2008-09-09","47.78","47.95","46.85","47.68","149900","47.68","false"
"DRR","2008-09-08","46.75","47.94","46.58","47.39","108800","47.39","false"
"DRR","2008-09-05","46.44","46.91","46.29","46.83","95100","46.83","false"
"DRR","2008-09-04","45.49","46.32","45.33","46.32","107300","46.32","false"
"DRR","2008-09-03","45.82","46.14","45.50","45.50","179700","45.50","false"
"DRR","2008-09-02","45.43","45.70","45.17","45.70","110800","45.70","false"
"DRR","2008-08-29","43.95","44.42","43.88","44.38","68600","44.38","false"
"DRR","2008-08-28","43.61","44.22","43.51","44.22","34200","44.22","false"
"DRR","2008-08-27","43.90","44.27","43.75","43.97","50300","43.97","false"
"DRR","2008-08-26","44.48","44.56","44.17","44.46","44100","44.46","false"
"DRR","2008-08-25","43.44","43.78","43.39","43.59","26800","43.59","false"
"DRR","2008-08-22","43.07","43.68","42.91","43.59","40500","43.59","false"
"DRR","2008-08-21","42.96","43.00","42.58","42.92","88600","42.92","false"
"DRR","2008-08-20","43.74","44.15","43.67","43.79","38900","43.79","false"
"DRR","2008-08-19","44.36","44.36","43.51","43.52","57300","43.52","false"
"DRR","2008-08-18","44.31","44.31","44.00","44.21","77700","44.21","false"
"DRR","2008-08-15","44.06","44.61","44.06","44.57","179600","44.57","false"
"DRR","2008-08-14","43.16","43.70","43.05","43.63","51700","43.63","false"
"DRR","2008-08-13","43.60","43.96","42.86","43.04","87900","43.04","false"
"DRR","2008-08-12","43.28","43.77","43.15","43.49","111700","43.49","false"
"DRR","2008-08-11","42.52","43.87","42.50","43.73","228900","43.73","false"
"DRR","2008-08-08","42.23","45.00","42.12","42.78","322700","42.78","false"
"DRR","2008-08-07","40.46","41.11","40.45","41.11","38700","41.11","false"
"DRR","2008-08-06","40.25","40.76","40.17","40.53","43100","40.53","false"
"DRR","2008-08-05","39.92","40.46","39.87","40.45","131800","40.45","false"
"DRR","2008-08-04","39.43","39.67","39.25","39.28","38300","39.28","false"
"DRR","2008-08-01","39.71","39.73","39.23","39.50","27900","39.50","false"
"DRR","2008-07-31","39.05","39.44","39.03","39.31","8700","39.31","false"
"DRR","2008-07-30","39.76","39.77","39.44","39.68","23500","39.68","false"
"DRR","2008-07-29","39.02","39.64","39.02","39.58","43800","39.58","false"
"DRR","2008-07-28","38.55","38.65","38.48","38.63","13800","38.63","false"
"DRR","2008-07-25","38.91","38.92","38.75","38.89","11200","38.89","false"
"DRR","2008-07-24","38.81","39.05","38.67","38.95","8000","38.95","false"
"DRR","2008-07-23","38.55","38.83","38.55","38.75","14100","38.75","false"
"DRR","2008-07-22","37.88","38.50","37.86","38.45","21200","38.45","false"
"DRR","2008-07-21","38.17","38.17","37.90","37.90","5000","37.90","false"
"DRR","2008-07-18","38.25","38.25","38.10","38.18","6400","38.18","false"
"DRR","2008-07-17","38.20","38.34","37.93","38.22","6900","38.22","false"
"DRR","2008-07-16","38.12","38.39","37.98","38.35","9600","38.35","false"
"DRR","2008-07-15","37.37","38.01","37.32","37.95","16000","37.95","false"
"DRR","2008-07-14","37.80","37.86","37.64","37.78","5900","37.78","false"
"DRR","2008-07-11","37.65","37.94","37.61","37.64","7000","37.64","false"
"DRR","2008-07-10","38.73","38.73","38.36","38.36","15600","38.36","false"
"DRR","2008-07-09","39.03","39.03","39.03","39.03","0","39.03","false"
"DRR","2008-07-08","38.90","39.19","38.90","39.03","3000","39.03","false"
"DRR","2008-07-07","39.40","39.41","38.67","38.77","6900","38.77","false"
"DRR","2008-07-03","38.70","38.95","38.68","38.95","5500","38.95","false"
"DRR","2008-07-02","38.17","38.17","38.00","38.14","7900","38.14","false"
"DRR","2008-07-01","38.58","38.58","38.31","38.48","1600","38.48","false"
"DRR","2008-06-30","38.68","38.69","38.68","38.69","2900","38.69","false"
"DRR","2008-06-27","38.51","38.67","38.51","38.57","11500","38.57","false"
"DRR","2008-06-26","38.93","38.93","38.56","38.60","20000","38.60","false"
"DRR","2008-06-25","39.43","39.66","39.00","39.00","1500","39.00","false"
"DRR","2008-06-24","39.65","39.65","39.42","39.51","900","39.51","false"
"DRR","2008-06-23","39.80","40.07","39.80","39.84","3200","39.84","false"
"DRR","2008-06-20","39.47","39.48","39.19","39.23","10600","39.23","false"
"DRR","2008-06-19","40.09","40.09","39.88","39.88","5500","39.88","false"
"DRR","2008-06-18","40.12","40.12","39.78","39.78","7500","39.78","false"
"DRR","2008-06-17","39.96","40.06","39.92","39.94","5500","39.94","false"
"DRR","2008-06-16","39.97","40.20","39.84","40.13","11500","40.13","false"
"DRR","2008-06-13","40.98","40.98","40.62","40.76","47700","40.76","false"
"DRR","2008-06-12","40.39","40.50","40.34","40.35","18700","40.35","false"
"DRR","2008-06-11","39.97","39.97","39.63","39.72","4100","39.72","false"
"DRR","2008-06-10","40.02","40.28","39.87","40.24","13400","40.24","false"
"DRR","2008-06-09","38.98","39.34","38.86","39.34","4900","39.34","false"
"DRR","2008-06-06","39.18","39.18","38.70","38.70","3700","38.70","false"
"DRR","2008-06-05","40.08","40.10","39.52","39.57","7300","39.57","false"
"DRR","2008-06-04","40.39","40.45","40.26","40.44","30300","40.44","false"
"DRR","2008-06-03","40.33","40.43","40.26","40.30","10500","40.30","false"
"DRR","2008-06-02","40.05","40.06","39.79","39.89","8700","39.89","false"
"DRR","2008-05-30","40.04","40.05","39.80","39.81","18400","39.81","false"
"DRR","2008-05-29","39.84","40.10","39.80","40.04","9200","40.04","false"
"DRR","2008-05-28","39.34","39.49","39.24","39.34","4400","39.34","false"
"DRR","2008-05-27","39.03","39.04","38.94","39.04","7700","39.04","false"
"DRR","2008-05-23","38.81","38.81","38.68","38.70","3500","38.70","false"
"DRR","2008-05-22","38.74","39.07","38.74","39.00","7600","39.00","false"
"DRR","2009-12-31","41.48","41.78","41.45","41.78","3900","41.78","false"
"DRR","2009-12-30","41.93","41.93","41.61","41.70","16600","41.70","false"
"DRR","2009-12-29","41.00","41.60","40.95","41.44","10200","41.44","false"
"DRR","2009-12-28","41.32","41.35","41.12","41.35","9100","41.35","false"
"DRR","2009-12-24","41.39","41.55","41.28","41.44","19900","41.44","false"
"DRR","2009-12-23","41.94","41.94","41.41","41.67","61100","41.67","false"
"DRR","2009-12-22","41.90","42.40","41.80","42.22","17600","42.22","false"
"DRR","2009-12-21","42.10","44.40","41.61","41.97","31100","41.97","false"
"DRR","2009-12-18","41.52","41.99","41.46","41.60","37900","41.60","false"
"DRR","2009-12-17","41.51","41.83","41.29","41.55","52700","41.55","false"
"DRR","2009-12-16","40.55","40.60","40.16","40.56","15800","40.56","false"
"DRR","2009-12-15","40.40","40.81","40.21","40.74","40200","40.74","false"
"DRR","2009-12-14","39.95","40.01","39.75","39.84","14400","39.84","false"
"DRR","2009-12-11","39.87","40.16","39.74","39.93","63800","39.93","false"
"DRR","2009-12-10","39.40","39.68","39.35","39.57","34100","39.57","false"
"DRR","2009-12-09","39.58","39.80","39.05","39.36","48500","39.36","false"
"DRR","2009-12-08","39.31","39.72","39.16","39.61","11300","39.61","false"
"DRR","2009-12-07","39.18","39.18","38.71","39.06","10300","39.06","false"
"DRR","2009-12-04","38.37","38.94","38.37","38.87","10200","38.87","false"
"DRR","2009-12-03","37.75","37.75","37.61","37.73","1400","37.73","false"
"DRR","2009-12-02","37.56","37.79","37.52","37.79","3500","37.79","false"
"DRR","2009-12-01","37.67","37.67","37.25","37.56","1900","37.56","false"
"DRR","2009-11-30","38.05","38.10","37.99","38.09","4200","38.09","false"
"DRR","2009-11-27","37.38","38.60","37.38","38.19","5500","38.19","false"
"DRR","2009-11-25","37.65","37.77","37.27","37.27","13400","37.27","false"
"DRR","2009-11-24","38.25","38.41","38.12","38.16","11100","38.16","false"
"DRR","2009-11-23","38.16","38.22","38.03","38.18","3600","38.18","false"
"DRR","2009-11-20","38.90","38.99","38.68","38.82","6300","38.82","false"
"DRR","2009-11-19","38.70","38.77","38.43","38.55","1300","38.55","false"
"DRR","2009-11-18","38.36","38.36","38.11","38.26","5400","38.26","false"
"DRR","2009-11-17","38.64","38.99","38.64","38.78","7000","38.78","false"
"DRR","2009-11-16","38.32","38.70","38.00","38.25","19100","38.25","false"
"DRR","2009-11-13","38.83","38.89","38.47","38.53","2600","38.53","false"
"DRR","2009-11-12","38.60","38.95","38.60","38.95","9500","38.95","false"
"DRR","2009-11-11","38.00","38.36","37.88","38.13","1500","38.13","false"
"DRR","2009-11-10","38.15","38.30","38.09","38.23","6700","38.23","false"
"DRR","2009-11-09","38.17","38.20","38.00","38.10","11600","38.10","false"
"DRR","2009-11-06","38.85","38.95","38.52","38.83","6800","38.83","false"
"DRR","2009-11-05","38.61","38.85","38.57","38.81","4600","38.81","false"
"DRR","2009-11-04","38.75","39.22","38.62","38.83","7300","38.83","false"
"DRR","2009-11-03","39.94","40.00","39.60","39.68","5700","39.68","false"
"DRR","2009-11-02","39.29","39.40","38.86","39.35","8200","39.35","false"
"DRR","2009-10-30","39.45","39.55","39.34","39.48","8600","39.48","false"
"DRR","2009-10-29","39.26","39.26","38.85","39.00","12200","39.00","false"
"DRR","2009-10-28","39.19","40.00","39.03","39.80","33600","39.80","false"
"DRR","2009-10-27","38.83","39.27","38.77","39.23","11700","39.23","false"
"DRR","2009-10-26","38.00","38.94","38.00","38.78","36900","38.78","false"
"DRR","2009-10-23","38.02","38.15","37.91","38.15","18400","38.15","false"
"DRR","2009-10-22","38.13","38.30","37.92","38.03","18500","38.03","false"
"DRR","2009-10-21","38.32","38.32","37.84","38.05","7900","38.05","false"
"DRR","2009-10-20","38.57","38.57","38.40","38.40","1200","38.40","false"
"DRR","2009-10-19","38.50","38.64","38.34","38.42","2800","38.42","false"
"DRR","2009-10-16","38.80","38.80","38.54","38.56","4800","38.56","false"
"DRR","2009-10-15","38.60","38.60","38.32","38.50","15100","38.50","false"
"DRR","2009-10-14","38.44","38.73","38.34","38.54","41000","38.54","false"
"DRR","2009-10-13","39.09","39.12","38.85","38.98","16500","38.98","false"
"DRR","2009-10-12","39.30","39.30","39.02","39.29","6700","39.29","false"
"DRR","2009-10-09","39.51","39.78","39.48","39.64","12900","39.64","false"
"DRR","2009-10-08","39.51","39.56","39.04","39.29","20600","39.29","false"
"DRR","2009-10-07","39.71","39.91","39.29","39.75","8000","39.75","false"
"DRR","2009-10-06","39.61","39.72","39.41","39.67","13100","39.67","false"
"DRR","2009-10-05","40.12","40.12","39.93","39.93","2000","39.93","false"
"DRR","2009-10-02","40.44","40.44","40.25","40.41","5200","40.41","false"
"DRR","2009-10-01","40.43","40.75","40.10","40.73","25400","40.73","false"
"DRR","2009-09-30","40.18","40.34","40.00","40.12","11100","40.12","false"
"DRR","2009-09-29","40.55","40.66","40.35","40.48","27700","40.48","false"
"DRR","2009-09-28","40.19","40.35","39.88","40.33","9600","40.33","false"
"DRR","2009-09-25","40.01","40.05","39.01","39.96","17300","39.96","false"
"DRR","2009-09-24","39.39","40.11","39.39","40.01","17300","40.01","false"
"DRR","2009-09-23","39.25","39.59","39.10","39.59","18600","39.59","false"
"DRR","2009-09-22","39.19","39.37","39.18","39.18","17700","39.18","false"
"DRR","2009-09-21","40.11","40.12","39.84","39.96","32900","39.96","false"
"DRR","2009-09-18","39.62","39.81","39.60","39.75","30100","39.75","false"
"DRR","2009-09-17","39.75","39.78","39.48","39.58","28400","39.58","false"
"DRR","2009-09-16","39.83","40.07","39.58","39.62","22600","39.62","false"
"DRR","2009-09-15","40.36","40.36","39.87","39.89","12200","39.89","false"
"DRR","2009-09-14","40.27","40.27","40.03","40.15","2100","40.15","false"
"DRR","2009-09-11","39.92","40.54","39.92","40.40","8100","40.40","false"
"DRR","2009-09-10","40.64","40.69","40.23","40.49","15200","40.49","false"
"DRR","2009-09-09","40.51","40.62","40.34","40.53","14400","40.53","false"
"DRR","2009-09-08","41.01","41.09","40.73","40.93","44100","40.93","false"
"DRR","2009-09-04","42.60","42.63","41.99","42.00","2400","42.00","false"
"DRR","2009-09-03","42.19","42.35","42.09","42.35","13100","42.35","false"
"DRR","2009-09-02","42.69","42.71","42.20","42.26","51300","42.26","false"
"DRR","2009-09-01","42.05","42.80","41.99","42.60","10100","42.60","false"
"DRR","2009-08-31","42.23","42.23","41.69","41.88","15100","41.88","false"
"DRR","2009-08-28","41.57","42.14","41.37","42.14","3200","42.14","false"
"DRR","2009-08-27","42.40","42.52","41.49","41.73","18300","41.73","false"
"DRR","2009-08-26","42.36","42.56","42.36","42.40","14700","42.40","false"
"DRR","2009-08-25","41.83","42.08","41.79","42.08","8000","42.08","false"
"DRR","2009-08-24","41.91","42.19","41.86","42.15","6000","42.15","false"
"DRR","2009-08-21","41.92","42.19","41.64","41.87","16900","41.87","false"
"DRR","2009-08-20","42.61","42.68","42.30","42.30","6300","42.30","false"
"DRR","2009-08-19","43.08","43.08","42.35","42.49","9400","42.49","false"
"DRR","2009-08-18","43.48","43.48","43.08","43.14","6300","43.14","false"
"DRR","2009-08-17","43.53","43.66","43.38","43.48","16800","43.48","false"
"DRR","2009-08-14","42.31","42.83","42.31","42.76","10100","42.76","false"
"DRR","2009-08-13","42.24","42.38","42.04","42.27","16200","42.27","false"
"DRR","2009-08-12","42.94","43.10","42.48","42.71","55200","42.71","false"
"DRR","2009-08-11","43.29","43.33","42.97","43.09","13400","43.09","false"
"DRR","2009-08-10","43.00","43.29","42.95","43.17","24800","43.17","false"
"DRR","2009-08-07","42.10","42.97","42.10","42.90","7000","42.90","false"
"DRR","2009-08-06","41.59","42.02","41.59","41.90","18900","41.90","false"
"DRR","2009-08-05","41.76","41.83","41.47","41.50","6200","41.50","false"
"DRR","2009-08-04","41.57","41.67","41.42","41.58","11500","41.58","false"
"DRR","2009-08-03","42.12","42.12","40.94","41.55","27000","41.55","false"
"DRR","2009-07-31","43.34","43.34","42.40","42.56","32800","42.56","false"
"DRR","2009-07-30","43.59","43.96","43.55","43.56","16700","43.56","false"
"DRR","2009-07-29","43.39","44.06","43.36","43.84","17900","43.84","false"
"DRR","2009-07-28","43.01","43.10","42.98","42.98","4800","42.98","false"
"DRR","2009-07-27","42.56","42.79","42.44","42.61","24200","42.61","false"
"DRR","2009-07-24","42.76","42.99","42.65","42.84","2700","42.84","false"
"DRR","2009-07-23","42.83","43.00","42.43","43.00","8200","43.00","false"
"DRR","2009-07-22","43.00","43.26","42.59","42.85","12000","42.85","false"
"DRR","2009-07-21","42.54","43.09","42.09","42.99","11000","42.99","false"
"DRR","2009-07-20","42.55","42.88","42.55","42.83","10400","42.83","false"
"DRR","2009-07-17","43.40","43.60","43.30","43.60","4800","43.60","false"
"DRR","2009-07-16","43.31","43.53","43.16","43.32","3100","43.32","false"
"DRR","2009-07-15","42.94","43.66","42.91","43.36","9400","43.36","false"
"DRR","2009-07-14","43.91","44.72","43.91","44.61","6800","44.61","false"
"DRR","2009-07-13","44.58","46.23","44.20","44.25","4500","44.25","false"
"DRR","2009-07-10","44.64","44.80","44.33","44.54","6300","44.54","false"
"DRR","2009-07-09","44.45","44.58","43.72","43.83","32900","43.83","false"
"DRR","2009-07-08","44.61","45.18","44.60","44.99","19900","44.99","false"
"DRR","2009-07-07","44.17","44.70","44.11","44.70","12900","44.70","false"
"DRR","2009-07-06","43.28","44.77","43.28","44.23","29500","44.23","false"
"DRR","2009-07-02","43.84","44.11","43.84","44.11","7800","44.11","false"
"DRR","2009-07-01","43.17","43.30","42.94","43.20","21500","43.20","false"
"DRR","2009-06-30","43.64","44.10","43.63","43.96","22400","43.96","false"
"DRR","2009-06-29","43.75","43.83","43.50","43.64","27400","43.64","false"
"DRR","2009-06-26","43.60","43.82","43.42","43.70","13800","43.70","false"
"DRR","2009-06-25","44.62","44.70","44.20","44.23","9200","44.23","false"
"DRR","2009-06-24","43.80","44.76","42.12","44.56","33800","44.56","false"
"DRR","2009-06-23","44.08","44.19","42.93","43.30","45400","43.30","false"
"DRR","2009-06-22","45.06","45.25","44.77","44.97","38600","44.97","false"
"DRR","2009-06-19","44.75","44.77","44.09","44.47","26100","44.47","false"
"DRR","2009-06-18","44.39","44.87","44.19","44.87","12900","44.87","false"
"DRR","2009-06-17","44.92","45.19","44.25","44.43","23500","44.43","false"
"DRR","2009-06-16","44.97","45.25","44.64","45.19","22900","45.19","false"
"DRR","2009-06-15","45.00","45.72","45.00","45.45","42100","45.45","false"
"DRR","2009-06-12","44.14","44.51","43.97","44.22","41600","44.22","false"
"DRR","2009-06-11","44.02","44.05","43.15","43.44","53900","43.44","false"
"DRR","2009-06-10","43.68","44.68","43.48","44.26","42800","44.26","false"
"DRR","2009-06-09","44.98","44.98","43.65","43.72","34100","43.72","false"
"DRR","2009-06-08","45.01","45.37","44.71","44.80","60000","44.80","false"
"DRR","2009-06-05","43.91","44.62","43.91","44.51","50100","44.51","false"
"DRR","2009-06-04","43.82","43.82","42.96","43.20","100100","43.20","false"
"DRR","2009-06-03","43.40","44.99","43.03","43.36","132300","43.36","false"
"DRR","2009-06-02","42.99","42.99","42.30","42.36","41100","42.36","false"
"DRR","2009-06-01","43.11","43.44","42.91","43.41","43100","43.41","false"
"DRR","2009-05-29","43.77","43.87","43.30","43.49","66800","43.49","false"
"DRR","2009-05-28","44.75","44.96","44.00","44.79","23800","44.79","false"
"DRR","2009-05-27","44.50","45.17","44.28","45.03","102000","45.03","false"
"DRR","2009-05-26","45.00","45.04","44.37","44.41","33300","44.41","false"
"DRR","2009-05-22","44.44","44.55","44.17","44.38","22400","44.38","false"
"DRR","2009-05-21","46.29","46.29","44.86","45.00","27400","45.00","false"
"DRR","2009-05-20","46.47","46.47","45.56","45.93","18000","45.93","false"
"DRR","2009-05-19","47.11","47.29","46.75","46.75","33700","46.75","false"
"DRR","2009-05-18","47.93","50.20","47.50","47.50","12700","47.50","false"
"DRR","2009-05-15","47.31","48.01","47.10","47.94","10500","47.94","false"
"DRR","2009-05-14","47.18","47.27","46.74","46.84","5900","46.84","false"
"DRR","2009-05-13","47.10","47.28","46.99","47.28","6400","47.28","false"
"DRR","2009-05-12","46.95","47.16","46.71","46.85","9600","46.85","false"
"DRR","2009-05-11","47.21","47.30","46.70","47.20","55300","47.20","false"
"DRR","2009-05-08","47.94","48.17","46.91","46.91","19800","46.91","false"
"DRR","2009-05-07","48.44","48.84","48.23","48.68","11400","48.68","false"
"DRR","2009-05-06","48.86","49.50","48.86","49.08","7000","49.08","false"
"DRR","2009-05-05","48.55","49.11","48.46","49.08","12200","49.08","false"
"DRR","2009-05-04","49.53","49.56","47.40","48.60","42000","48.60","false"
"DRR","2009-05-01","49.60","49.70","49.53","49.63","8500","49.63","false"
"DRR","2009-04-30","49.97","49.97","49.58","49.80","36400","49.80","false"
"DRR","2009-04-29","49.96","49.96","48.25","49.74","27500","49.74","false"
"DRR","2009-04-28","51.44","51.44","50.58","50.62","12000","50.62","false"
"DRR","2009-04-27","50.76","51.63","50.70","51.45","24200","51.45","false"
"DRR","2009-04-24","49.59","49.97","49.51","49.84","23500","49.84","false"
"DRR","2009-04-23","51.71","51.81","50.65","50.68","29900","50.68","false"
"DRR","2009-04-22","52.02","52.02","51.58","51.87","5900","51.87","false"
"DRR","2009-04-21","52.41","52.44","51.89","52.32","12000","52.32","false"
"DRR","2009-04-20","52.07","52.70","52.07","52.52","22500","52.52","false"
"DRR","2009-04-17","51.43","51.79","51.43","51.77","9600","51.77","false"
"DRR","2009-04-16","50.20","50.82","50.20","50.52","6700","50.52","false"
"DRR","2009-04-15","50.62","50.71","50.18","50.24","11500","50.24","false"
"DRR","2009-04-14","49.95","50.02","49.57","49.73","6600","49.73","false"
"DRR","2009-04-13","49.82","49.88","48.88","48.88","10100","48.88","false"
"DRR","2009-04-09","50.01","50.78","49.77","50.61","17500","50.61","false"
"DRR","2009-04-08","50.05","50.50","49.64","50.10","15500","50.10","false"
"DRR","2009-04-07","49.78","50.08","49.74","49.95","60400","49.95","false"
"DRR","2009-04-06","48.44","49.18","48.44","48.94","11100","48.94","false"
"DRR","2009-04-03","48.75","48.84","48.16","48.16","11000","48.16","false"
"DRR","2009-04-02","48.72","49.01","48.08","48.68","29300","48.68","false"
"DRR","2009-04-01","50.21","50.57","50.03","50.23","8700","50.23","false"
"DRR","2009-03-31","49.71","50.30","49.60","49.79","68200","49.79","false"
"DRR","2009-03-30","50.88","51.18","50.63","50.69","43500","50.69","false"
"DRR","2009-03-27","49.00","50.22","48.48","49.96","62700","49.96","false"
"DRR","2009-03-26","47.70","48.36","47.70","48.36","18500","48.36","false"
"DRR","2009-03-25","48.70","48.70","47.40","47.71","73200","47.71","false"
"DRR","2009-03-24","48.18","48.89","47.79","48.87","24600","48.87","false"
"DRR","2009-03-23","48.08","48.35","47.39","47.41","60800","47.41","false"
"DRR","2009-03-20","47.71","48.08","47.25","47.76","23300","47.76","false"
"DRR","2009-03-19","47.17","47.54","46.79","47.12","123000","47.12","false"
"DRR","2009-03-18","51.62","51.73","47.09","48.47","116100","48.47","false"
"DRR","2009-03-17","52.55","53.01","51.18","52.46","59800","52.46","false"
"DRR","2009-03-16","52.22","52.95","52.20","52.90","48000","52.90","false"
"DRR","2009-03-13","53.26","53.62","53.15","53.27","26500","53.27","false"
"DRR","2009-03-12","54.19","54.72","53.19","53.19","17400","53.19","false"
"DRR","2009-03-11","54.43","54.80","53.72","53.98","28800","53.98","false"
"DRR","2009-03-10","54.49","55.86","52.50","55.33","54300","55.33","false"
"DRR","2009-03-09","56.27","56.27","55.58","56.21","40700","56.21","false"
"DRR","2009-03-06","55.04","56.02","54.69","55.77","29300","55.77","false"
"DRR","2009-03-05","57.00","57.00","56.35","56.57","31600","56.57","false"
"DRR","2009-03-04","56.40","56.57","55.58","55.69","29700","55.69","false"
"DRR","2009-03-03","55.91","56.79","55.80","56.28","37900","56.28","false"
"DRR","2009-03-02","56.04","56.38","55.95","56.37","58200","56.37","false"
"DRR","2009-02-27","55.72","55.81","54.92","55.43","21900","55.43","false"
"DRR","2009-02-26","54.56","54.80","54.46","54.80","12800","54.80","false"
"DRR","2009-02-25","54.40","55.19","54.30","55.03","23100","55.03","false"
"DRR","2009-02-24","54.93","55.05","53.70","53.88","26000","53.88","false"
"DRR","2009-02-23","54.54","55.20","54.29","55.16","50000","55.16","false"
"DRR","2009-02-20","56.47","56.47","53.68","53.93","48300","53.93","false"
"DRR","2009-02-19","54.91","55.64","54.62","55.64","31500","55.64","false"
"DRR","2009-02-18","56.08","56.88","56.08","56.59","40100","56.59","false"
"DRR","2009-02-17","55.99","56.41","55.59","56.05","102000","56.05","false"
"DRR","2009-02-13","54.18","54.18","53.48","53.87","12600","53.87","false"
"DRR","2009-02-12","54.68","55.10","53.97","54.11","29300","54.11","false"
"DRR","2009-02-11","53.20","54.03","53.11","53.65","9700","53.65","false"
"DRR","2009-02-10","52.80","53.98","52.63","53.77","11700","53.77","false"
"DRR","2009-02-09","52.13","52.78","52.00","52.72","19200","52.72","false"
"DRR","2009-02-06","54.03","54.28","53.09","53.45","14300","53.45","false"
"DRR","2009-02-05","54.45","54.74","54.00","54.67","16200","54.67","false"
"DRR","2009-02-04","53.84","54.35","53.49","53.98","20900","53.98","false"
"DRR","2009-02-03","53.57","53.61","52.50","52.69","31300","52.69","false"
"DRR","2009-02-02","54.93","54.93","53.89","54.18","45400","54.18","false"
"DRR","2009-01-30","53.96","54.89","53.90","54.66","39500","54.66","false"
"DRR","2009-01-29","51.91","53.50","51.91","53.45","43800","53.45","false"
"DRR","2009-01-28","50.91","52.15","50.71","51.93","14200","51.93","false"
"DRR","2009-01-27","51.41","52.05","51.27","51.58","24700","51.58","false"
"DRR","2009-01-26","52.12","52.37","51.45","51.68","29800","51.68","false"
"DRR","2009-01-23","54.11","54.75","52.86","53.18","26000","53.18","false"
"DRR","2009-01-22","53.72","53.72","52.89","53.00","14000","53.00","false"
"DRR","2009-01-21","53.53","54.49","52.20","52.80","95900","52.80","false"
"DRR","2009-01-20","53.84","54.20","53.50","53.91","51600","53.91","false"
"DRR","2009-01-16","50.60","51.55","50.56","50.99","16600","50.99","false"
"DRR","2009-01-15","52.09","52.91","51.73","52.11","27400","52.11","false"
"DRR","2009-01-14","52.46","52.46","51.71","52.08","30000","52.08","false"
"DRR","2009-01-13","51.63","53.30","51.39","51.88","81900","51.88","false"
"DRR","2009-01-12","50.24","50.99","50.00","50.44","35000","50.44","false"
"DRR","2009-01-09","49.12","50.14","49.12","50.07","38900","50.07","false"
"DRR","2009-01-08","47.61","48.35","47.60","48.01","27700","48.01","false"
"DRR","2009-01-07","48.49","48.84","48.00","48.62","48400","48.62","false"
"DRR","2009-01-06","50.36","50.56","49.36","49.52","51500","49.52","false"
"DRR","2009-01-05","49.16","49.31","48.60","49.23","40700","49.23","false"
"DRR","2009-01-02","47.08","48.99","46.36","47.43","79000","47.43","false"
"DRR","2010-12-31","45.50","45.75","45.15","45.64","34400","45.64","false"
"DRR","2010-12-30","46.07","46.28","45.92","46.05","30200","46.05","false"
"DRR","2010-12-29","47.26","47.28","46.37","46.53","50600","46.53","false"
"DRR","2010-12-28","46.53","47.47","46.53","47.36","16500","47.36","false"
"DRR","2010-12-27","47.14","47.25","47.01","47.07","8300","47.07","false"
"DRR","2010-12-23","47.90","47.90","47.19","47.27","27800","47.27","false"
"DRR","2010-12-22","47.48","47.65","47.47","47.56","27100","47.56","false"
"DRR","2010-12-21","46.97","47.67","46.97","47.55","39800","47.55","false"
"DRR","2010-12-20","47.10","47.53","47.00","47.31","19300","47.31","false"
"DRR","2010-12-17","46.65","47.20","46.53","46.97","58800","46.97","false"
"DRR","2010-12-16","46.58","46.86","46.39","46.47","32500","46.47","false"
"DRR","2010-12-15","45.74","46.66","45.60","46.60","72300","46.60","false"
"DRR","2010-12-14","45.47","45.57","45.03","45.52","61000","45.52","false"
"DRR","2010-12-13","46.12","46.12","45.15","45.50","110500","45.50","false"
"DRR","2010-12-10","46.76","46.78","46.30","46.61","159200","46.61","false"
"DRR","2010-12-09","46.64","47.03","46.46","46.52","34700","46.52","false"
"DRR","2010-12-08","46.64","46.84","46.32","46.41","63600","46.41","false"
"DRR","2010-12-07","45.40","46.32","45.40","46.30","45100","46.30","false"
"DRR","2010-12-06","46.25","46.31","45.82","45.94","45700","45.94","false"
"DRR","2010-12-03","45.76","45.88","45.23","45.25","70200","45.25","false"
"DRR","2010-12-02","47.51","47.51","46.46","46.69","55900","46.69","false"
"DRR","2010-12-01","47.60","47.96","46.91","47.26","314400","47.26","false"
"DRR","2010-11-30","48.59","48.70","48.00","48.50","145300","48.50","false"
"DRR","2010-11-29","47.52","47.85","47.43","47.50","93100","47.50","false"
"DRR","2010-11-26","46.63","46.73","46.43","46.66","45200","46.66","false"
"DRR","2010-11-24","45.63","46.10","45.37","46.01","49900","46.01","false"
"DRR","2010-11-23","44.95","45.70","44.95","45.64","59400","45.64","false"
"DRR","2010-11-22","43.83","44.31","43.75","44.07","27600","44.07","false"
"DRR","2010-11-19","43.77","43.95","43.55","43.55","27800","43.55","false"
"DRR","2010-11-18","44.13","44.24","43.90","43.95","51500","43.95","false"
"DRR","2010-11-17","44.80","44.80","44.48","44.69","41000","44.69","false"
"DRR","2010-11-16","44.25","45.17","44.10","44.96","73500","44.96","false"
"DRR","2010-11-15","43.91","44.46","43.70","44.46","41100","44.46","false"
"DRR","2010-11-12","43.20","43.82","43.14","43.58","39000","43.58","false"
"DRR","2010-11-11","43.55","44.01","43.40","43.86","44100","43.86","false"
"DRR","2010-11-10","43.11","43.76","42.99","43.13","63400","43.13","false"
"DRR","2010-11-09","42.16","43.12","42.00","43.10","38700","43.10","false"
"DRR","2010-11-08","42.20","42.40","41.98","42.23","40800","42.23","false"
"DRR","2010-11-05","41.29","41.58","40.99","41.49","22400","41.49","false"
"DRR","2010-11-04","40.29","40.60","40.03","40.47","79200","40.47","false"
"DRR","2010-11-03","41.57","41.80","40.24","41.05","85500","41.05","false"
"DRR","2010-11-02","41.70","41.76","41.51","41.67","32500","41.67","false"
"DRR","2010-11-01","42.29","42.64","42.18","42.55","25400","42.55","false"
"DRR","2010-10-29","42.54","42.56","42.25","42.25","30200","42.25","false"
"DRR","2010-10-28","42.53","42.61","42.18","42.18","31000","42.18","false"
"DRR","2010-10-27","42.99","43.45","42.93","43.32","69600","43.32","false"
"DRR","2010-10-26","42.65","42.92","42.53","42.76","34700","42.76","false"
"DRR","2010-10-25","41.62","42.05","41.58","42.00","20000","42.00","false"
"DRR","2010-10-22","42.15","42.46","42.15","42.20","3100","42.20","false"
"DRR","2010-10-21","41.86","42.40","41.68","42.35","15800","42.35","false"
"DRR","2010-10-20","42.96","43.00","41.94","42.20","50500","42.20","false"
"DRR","2010-10-19","43.05","43.78","42.96","43.55","70100","43.55","false"
"DRR","2010-10-18","42.44","42.44","41.88","41.90","34000","41.90","false"
"DRR","2010-10-15","41.48","42.29","41.33","42.09","21100","42.09","false"
"DRR","2010-10-14","41.66","41.71","41.34","41.45","54000","41.45","false"
"DRR","2010-10-13","42.30","42.47","42.01","42.16","37400","42.16","false"
"DRR","2010-10-12","42.98","43.22","42.42","42.46","40200","42.46","false"
"DRR","2010-10-11","42.25","42.79","42.25","42.70","10300","42.70","false"
"DRR","2010-10-08","42.50","42.67","42.25","42.30","82900","42.30","false"
"DRR","2010-10-07","42.07","42.80","41.99","42.57","76500","42.57","false"
"DRR","2010-10-06","42.98","42.98","42.18","42.36","44200","42.36","false"
"DRR","2010-10-05","43.31","43.31","42.79","43.06","86400","43.06","false"
"DRR","2010-10-04","43.86","44.06","43.82","44.01","106300","44.01","false"
"DRR","2010-10-01","43.61","43.68","43.32","43.32","52800","43.32","false"
"DRR","2010-09-30","44.14","44.69","44.13","44.35","45300","44.35","false"
"DRR","2010-09-29","44.65","44.72","44.28","44.33","56400","44.33","false"
"DRR","2010-09-28","45.34","45.66","44.60","44.65","52500","44.65","false"
"DRR","2010-09-27","45.29","45.55","45.27","45.37","30800","45.37","false"
"DRR","2010-09-24","45.65","45.65","45.22","45.23","87100","45.23","false"
"DRR","2010-09-23","45.86","46.46","45.86","46.42","57000","46.42","false"
"DRR","2010-09-22","45.83","46.24","45.67","46.00","49100","46.00","false"
"DRR","2010-09-21","47.94","48.15","46.67","47.08","49500","47.08","false"
"DRR","2010-09-20","48.52","48.58","48.23","48.49","6700","48.49","false"
"DRR","2010-09-17","48.28","48.60","48.20","48.59","8300","48.59","false"
"DRR","2010-09-16","48.20","48.45","48.02","48.28","79200","48.28","false"
"DRR","2010-09-15","48.96","49.10","48.71","48.84","13300","48.84","false"
"DRR","2010-09-14","49.97","49.97","48.62","48.77","63400","48.77","false"
"DRR","2010-09-13","50.33","51.32","49.78","49.92","32200","49.92","false"
"DRR","2010-09-10","51.22","51.44","51.02","51.29","3900","51.29","false"
"DRR","2010-09-09","50.85","51.44","50.85","51.31","6900","51.31","false"
"DRR","2010-09-08","51.25","51.25","50.85","51.21","25400","51.21","false"
"DRR","2010-09-07","50.94","51.41","50.77","51.40","24600","51.40","false"
"DRR","2010-09-03","50.06","50.29","49.76","49.78","17900","49.78","false"
"DRR","2010-09-02","50.30","50.51","50.29","50.38","69200","50.38","false"
"DRR","2010-09-01","50.35","50.62","50.17","50.52","9800","50.52","false"
"DRR","2010-08-31","51.11","51.62","51.11","51.62","2600","51.62","false"
"DRR","2010-08-30","51.45","51.70","51.30","51.66","3300","51.66","false"
"DRR","2010-08-27","51.32","51.66","50.78","51.13","36000","51.13","false"
"DRR","2010-08-26","51.29","51.48","50.86","51.17","45800","51.17","false"
"DRR","2010-08-25","51.75","52.00","51.19","51.83","49400","51.83","false"
"DRR","2010-08-24","51.96","52.12","51.28","51.56","45900","51.56","false"
"DRR","2010-08-23","51.86","51.95","51.27","51.74","33000","51.74","false"
"DRR","2010-08-20","51.46","51.70","51.31","51.35","61900","51.35","false"
"DRR","2010-08-19","50.04","50.69","49.95","50.47","21800","50.47","false"
"DRR","2010-08-18","49.78","50.19","49.78","50.08","14500","50.08","false"
"DRR","2010-08-17","49.81","50.21","49.81","49.93","19300","49.93","false"
"DRR","2010-08-16","50.50","50.61","50.09","50.50","22300","50.50","false"
"DRR","2010-08-13","50.48","51.00","50.40","50.99","26800","50.99","false"
"DRR","2010-08-12","50.46","50.48","50.13","50.44","20600","50.44","false"
"DRR","2010-08-11","49.51","50.25","49.30","50.03","96000","50.03","false"
"DRR","2010-08-10","48.27","48.54","47.52","47.85","26300","47.85","false"
"DRR","2010-08-09","47.08","47.60","47.08","47.53","17200","47.53","false"
"DRR","2010-08-06","47.18","47.27","46.73","47.00","39900","47.00","false"
"DRR","2010-08-05","47.89","48.16","47.81","47.87","10000","47.87","false"
"DRR","2010-08-04","47.61","48.21","47.61","48.03","49400","48.03","false"
"DRR","2010-08-03","47.63","47.84","47.45","47.52","32000","47.52","false"
"DRR","2010-08-02","48.40","48.40","47.73","48.00","54500","48.00","false"
"DRR","2010-07-30","49.13","49.24","48.66","48.89","25300","48.89","false"
"DRR","2010-07-29","48.54","48.74","48.41","48.56","46900","48.56","false"
"DRR","2010-07-28","49.30","49.39","48.97","49.39","5200","49.39","false"
"DRR","2010-07-27","49.24","49.56","48.96","49.19","64900","49.19","false"
"DRR","2010-07-26","49.65","49.76","49.18","49.24","30400","49.24","false"
"DRR","2010-07-23","50.60","50.79","49.80","49.86","51500","49.86","false"
"DRR","2010-07-22","50.55","50.55","49.44","50.11","31000","50.11","false"
"DRR","2010-07-21","50.74","51.31","50.55","51.13","53000","51.13","false"
"DRR","2010-07-20","50.24","50.31","49.87","50.17","40700","50.17","false"
"DRR","2010-07-19","49.56","49.93","49.31","49.74","63800","49.74","false"
"DRR","2010-07-16","49.48","50.00","49.41","49.92","58800","49.92","false"
"DRR","2010-07-15","50.36","50.42","49.74","49.79","67700","49.79","false"
"DRR","2010-07-14","51.63","51.66","50.77","51.37","24400","51.37","false"
"DRR","2010-07-13","52.49","52.49","51.40","51.60","52900","51.60","false"
"DRR","2010-07-12","52.75","52.95","52.53","52.61","27500","52.61","false"
"DRR","2010-07-09","52.24","52.34","52.10","52.22","23500","52.22","false"
"DRR","2010-07-08","52.07","52.14","51.48","51.72","51900","51.72","false"
"DRR","2010-07-07","52.42","52.58","51.98","52.16","55700","52.16","false"
"DRR","2010-07-06","52.40","52.80","51.89","52.29","95800","52.29","false"
"DRR","2010-07-02","52.54","53.01","52.39","52.84","67600","52.84","false"
"DRR","2010-07-01","54.71","54.71","53.12","53.24","120100","53.24","false"
"DRR","2010-06-30","56.11","56.11","55.23","55.83","26100","55.83","false"
"DRR","2010-06-29","56.15","56.68","55.99","56.12","34000","56.12","false"
"DRR","2010-06-28","54.87","55.50","54.87","55.44","29600","55.44","false"
"DRR","2010-06-25","55.50","55.79","54.68","54.74","34100","54.74","false"
"DRR","2010-06-24","55.86","55.86","54.70","55.05","16500","55.05","false"
"DRR","2010-06-23","55.74","58.01","55.00","55.49","81500","55.49","false"
"DRR","2010-06-22","55.36","55.81","55.21","55.64","75400","55.64","false"
"DRR","2010-06-21","54.49","55.39","54.15","55.33","69800","55.33","false"
"DRR","2010-06-18","54.56","54.80","54.40","54.70","22000","54.70","false"
"DRR","2010-06-17","54.72","54.97","54.25","54.45","37300","54.45","false"
"DRR","2010-06-16","54.90","55.46","54.57","55.22","59500","55.22","false"
"DRR","2010-06-15","55.36","55.78","54.54","54.66","355400","54.66","false"
"DRR","2010-06-14","55.97","56.19","55.27","56.03","142300","56.03","false"
"DRR","2010-06-11","57.23","57.79","56.60","57.46","126200","57.46","false"
"DRR","2010-06-10","57.64","57.64","56.66","56.88","111900","56.88","false"
"DRR","2010-06-09","57.99","58.63","57.50","58.59","135600","58.59","false"
"DRR","2010-06-08","59.30","59.30","58.01","58.83","74200","58.83","false"
"DRR","2010-06-07","59.00","59.24","58.55","59.20","86200","59.20","false"
"DRR","2010-06-04","57.01","58.70","57.01","58.57","122200","58.57","false"
"DRR","2010-06-03","55.82","56.97","55.82","56.86","43000","56.86","false"
"DRR","2010-06-02","56.52","56.56","55.82","55.96","22500","55.96","false"
"DRR","2010-06-01","56.71","56.73","55.00","56.22","109500","56.22","false"
"DRR","2010-05-28","54.95","55.75","54.79","55.65","49400","55.65","false"
"DRR","2010-05-27","56.48","56.65","54.51","54.89","82700","54.89","false"
"DRR","2010-05-26","55.72","56.80","55.62","56.79","121100","56.79","false"
"DRR","2010-05-25","55.68","56.50","55.25","55.25","161800","55.25","false"
"DRR","2010-05-24","54.60","55.00","54.40","54.79","150200","54.79","false"
"DRR","2010-05-21","53.47","53.67","52.90","53.08","380200","53.08","false"
"DRR","2010-05-20","55.02","55.73","53.00","53.95","250500","53.95","false"
"DRR","2010-05-19","56.00","56.50","54.70","54.97","248500","54.97","false"
"DRR","2010-05-18","54.48","56.91","54.48","56.61","159700","56.61","false"
"DRR","2010-05-17","55.42","55.98","54.70","55.07","309900","55.07","false"
"DRR","2010-05-14","54.11","55.23","53.97","55.10","334900","55.10","false"
"DRR","2010-05-13","53.58","53.82","53.24","53.61","157100","53.61","false"
"DRR","2010-05-12","52.71","53.07","52.25","52.99","118500","52.99","false"
"DRR","2010-05-11","52.17","52.55","51.96","52.53","143600","52.53","false"
"DRR","2010-05-10","50.35","51.91","50.00","51.69","238400","51.69","false"
"DRR","2010-05-07","52.33","53.14","51.61","51.94","243000","51.94","false"
"DRR","2010-05-06","52.47","58.50","51.76","52.83","255700","52.83","false"
"DRR","2010-05-05","51.50","51.61","50.82","51.48","484400","51.48","false"
"DRR","2010-05-04","49.61","50.10","49.47","50.06","96100","50.06","false"
"DRR","2010-05-03","48.23","48.80","48.23","48.66","37700","48.66","false"
"DRR","2010-04-30","47.79","47.99","47.49","47.73","17300","47.73","false"
"DRR","2010-04-29","48.50","48.52","48.01","48.23","78400","48.23","false"
"DRR","2010-04-28","48.58","49.24","48.36","48.54","78500","48.54","false"
"DRR","2010-04-27","47.86","48.88","47.58","48.83","63500","48.83","false"
"DRR","2010-04-26","47.80","47.85","47.31","47.38","23700","47.38","false"
"DRR","2010-04-23","48.14","48.14","47.13","47.23","39000","47.23","false"
"DRR","2010-04-22","47.72","48.15","47.63","47.67","54300","47.67","false"
"DRR","2010-04-21","47.20","47.37","47.02","47.10","8600","47.10","false"
"DRR","2010-04-20","46.56","46.95","46.54","46.80","8200","46.80","false"
"DRR","2010-04-19","47.02","47.19","46.53","46.64","11600","46.64","false"
"DRR","2010-04-16","46.55","46.60","46.31","46.36","16700","46.36","false"
"DRR","2010-04-15","45.95","46.17","45.89","46.00","23300","46.00","false"
"DRR","2010-04-14","45.51","45.72","45.10","45.30","32300","45.30","false"
"DRR","2010-04-13","45.62","46.12","45.62","45.90","14600","45.90","false"
"DRR","2010-04-12","46.22","46.22","45.61","46.03","49400","46.03","false"
"DRR","2010-04-09","47.52","47.52","46.55","46.62","34300","46.62","false"
"DRR","2010-04-08","47.77","47.99","47.51","47.70","27100","47.70","false"
"DRR","2010-04-07","47.67","47.72","47.32","47.62","18500","47.62","false"
"DRR","2010-04-06","47.51","47.60","47.10","47.11","26900","47.11","false"
"DRR","2010-04-05","46.54","46.73","46.29","46.63","28100","46.63","false"
"DRR","2010-04-01","46.52","46.69","45.91","46.00","38100","46.00","false"
"DRR","2010-03-31","46.54","46.57","46.18","46.54","45000","46.54","false"
"DRR","2010-03-30","46.66","47.25","46.59","47.15","31300","47.15","false"
"DRR","2010-03-29","46.80","46.98","46.63","46.70","35500","46.70","false"
"DRR","2010-03-26","49.13","49.13","47.08","47.20","38900","47.20","false"
"DRR","2010-03-25","47.77","48.20","47.30","48.14","69200","48.14","false"
"DRR","2010-03-24","47.73","47.87","47.45","47.83","111200","47.83","false"
"DRR","2010-03-23","46.59","46.74","46.30","46.68","30400","46.68","false"
"DRR","2010-03-22","46.83","46.83","46.19","46.33","12800","46.33","false"
"DRR","2010-03-19","46.16","46.60","46.16","46.43","192200","46.43","false"
"DRR","2010-03-18","45.39","45.97","45.33","45.81","24500","45.81","false"
"DRR","2010-03-17","44.84","45.00","44.69","44.92","189400","44.92","false"
"DRR","2010-03-16","44.96","45.10","44.68","44.68","46200","44.68","false"
"DRR","2010-03-15","45.14","45.71","44.77","45.40","20700","45.40","false"
"DRR","2010-03-12","44.90","45.12","44.62","44.91","95700","44.91","false"
"DRR","2010-03-11","45.56","45.67","45.38","45.40","44000","45.40","false"
"DRR","2010-03-10","45.85","45.86","45.49","45.57","31400","45.57","false"
"DRR","2010-03-09","45.92","46.20","45.86","45.89","5800","45.89","false"
"DRR","2010-03-08","45.40","45.96","45.30","45.80","17300","45.80","false"
"DRR","2010-03-05","47.26","47.26","45.75","45.81","64600","45.81","false"
"DRR","2010-03-04","45.78","46.80","45.27","46.05","23400","46.05","false"
"DRR","2010-03-03","46.17","46.17","45.08","45.28","77500","45.28","false"
"DRR","2010-03-02","46.36","46.71","45.82","45.92","62700","45.92","false"
"DRR","2010-03-01","46.62","47.32","46.27","46.37","74000","46.37","false"
"DRR","2010-02-26","46.37","46.74","45.37","46.00","76800","46.00","false"
"DRR","2010-02-25","47.08","47.19","46.27","46.35","59600","46.35","false"
"DRR","2010-02-24","46.50","46.69","45.88","46.64","24300","46.64","false"
"DRR","2010-02-23","46.53","46.82","46.24","46.68","26000","46.68","false"
"DRR","2010-02-22","46.34","46.42","45.80","46.21","31300","46.21","false"
"DRR","2010-02-19","46.78","47.33","45.93","46.23","34800","46.23","false"
"DRR","2010-02-18","46.34","46.42","45.67","46.07","87600","46.07","false"
"DRR","2010-02-17","45.03","46.29","45.03","45.99","37800","45.99","false"
"DRR","2010-02-16","45.97","45.98","44.86","44.91","80000","44.91","false"
"DRR","2010-02-12","46.33","46.69","45.82","46.05","52800","46.05","false"
"DRR","2010-02-11","45.68","46.24","45.41","45.47","110800","45.47","false"
"DRR","2010-02-10","45.20","45.79","45.13","45.32","47300","45.32","false"
"DRR","2010-02-09","45.05","45.51","44.43","44.81","141500","44.81","false"
"DRR","2010-02-08","47.03","47.03","45.45","45.86","192400","45.86","false"
"DRR","2010-02-05","45.63","47.34","45.36","45.62","137800","45.62","false"
"DRR","2010-02-04","44.92","45.86","44.67","45.35","284500","45.35","false"
"DRR","2010-02-03","43.92","44.29","43.80","44.29","107900","44.29","false"
"DRR","2010-02-02","44.00","44.00","43.33","43.74","40100","43.74","false"
"DRR","2010-02-01","45.15","45.15","43.89","43.89","57700","43.89","false"
"DRR","2010-01-29","43.85","44.80","43.85","44.59","21000","44.59","false"
"DRR","2010-01-28","43.80","44.97","43.61","43.85","64700","43.85","false"
"DRR","2010-01-27","43.29","43.80","43.14","43.70","77700","43.70","false"
"DRR","2010-01-26","42.97","43.21","42.82","43.07","44700","43.07","false"
"DRR","2010-01-25","42.70","42.70","42.41","42.50","15100","42.50","false"
"DRR","2010-01-22","42.90","42.91","42.39","42.65","33200","42.65","false"
"DRR","2010-01-21","43.03","43.30","42.50","42.86","34300","42.86","false"
"DRR","2010-01-20","42.80","42.99","42.71","42.96","39500","42.96","false"
"DRR","2010-01-19","41.73","42.00","41.61","41.80","68800","41.80","false"
"DRR","2010-01-15","41.32","41.49","41.22","41.38","33600","41.38","false"
"DRR","2010-01-14","40.70","40.87","40.52","40.58","10000","40.58","false"
"DRR","2010-01-13","40.41","40.80","40.21","40.58","9700","40.58","false"
"DRR","2010-01-12","40.77","40.77","40.41","40.65","9700","40.65","false"
"DRR","2010-01-11","40.50","40.68","40.31","40.45","24400","40.45","false"
"DRR","2010-01-08","41.39","41.82","41.02","41.19","43900","41.19","false"
"DRR","2010-01-07","41.61","41.85","41.52","41.75","53400","41.75","false"
"DRR","2010-01-06","41.56","41.59","40.92","41.13","10300","41.13","false"
"DRR","2010-01-05","41.20","41.53","41.03","41.48","5700","41.48","false"
"DRR","2010-01-04","41.06","41.22","40.90","41.07","51300","41.07","false"
"DRR","2011-06-24","39.34","40.00","38.78","39.26","17900","39.26","false"
"DRR","2011-06-23","39.40","39.47","38.68","38.74","32300","38.74","false"
"DRR","2011-06-22","38.22","38.35","37.80","38.26","23500","38.26","false"
"DRR","2011-06-21","38.28","38.49","37.97","38.01","48400","38.01","false"
"DRR","2011-06-20","38.69","38.69","38.46","38.62","26400","38.62","false"
"DRR","2011-06-17","38.64","38.77","38.03","38.62","31900","38.62","false"
"DRR","2011-06-16","39.53","39.68","39.19","39.22","49300","39.22","false"
"DRR","2011-06-15","38.82","39.58","38.68","39.39","258600","39.39","false"
"DRR","2011-06-14","38.38","38.38","37.50","37.91","13100","37.91","false"
"DRR","2011-06-13","38.33","38.46","38.02","38.11","24400","38.11","false"
"DRR","2011-06-10","38.75","38.82","37.85","38.55","63000","38.55","false"
"DRR","2011-06-09","37.67","38.25","37.41","37.62","43600","37.62","false"
"DRR","2011-06-08","37.00","37.32","36.71","37.26","59900","37.26","false"
"DRR","2011-06-07","36.88","36.88","36.61","36.68","23400","36.68","false"
"DRR","2011-06-06","37.07","37.35","37.02","37.25","12700","37.25","false"
"DRR","2011-06-03","37.41","37.55","36.87","36.95","49800","36.95","false"
"DRR","2011-06-02","38.03","38.53","37.61","37.75","25600","37.75","false"
"DRR","2011-06-01","38.15","38.66","37.89","38.50","34900","38.50","false"
"DRR","2011-05-31","38.28","38.48","38.15","38.31","34500","38.31","false"
"DRR","2011-05-27","39.07","39.31","38.83","38.93","35500","38.93","false"
"DRR","2011-05-26","39.55","40.08","39.40","39.80","13600","39.80","false"
"DRR","2011-05-25","40.38","40.48","39.90","40.12","86700","40.12","false"
"DRR","2011-05-24","40.05","40.08","39.81","39.96","41300","39.96","false"
"DRR","2011-05-23","40.50","40.64","40.22","40.28","90500","40.28","false"
"DRR","2011-05-20","39.10","39.71","39.10","39.59","30400","39.59","false"
"DRR","2011-05-19","39.13","39.21","38.73","38.86","13900","38.86","false"
"DRR","2011-05-18","39.24","39.43","39.01","39.23","17500","39.23","false"
"DRR","2011-05-17","39.81","39.85","39.27","39.27","28500","39.27","false"
"DRR","2011-05-16","39.75","39.78","39.18","39.64","38300","39.64","false"
"DRR","2011-05-13","38.00","40.28","38.00","40.04","70100","40.04","false"
"DRR","2011-05-12","39.43","39.63","39.08","39.33","28000","39.33","false"
"DRR","2011-05-11","38.45","39.80","38.12","39.48","61400","39.48","false"
"DRR","2011-05-10","38.84","38.84","38.36","38.39","11500","38.39","false"
"DRR","2011-05-09","38.92","39.22","38.69","38.74","59000","38.74","false"
"DRR","2011-05-06","37.75","38.88","37.71","38.66","86300","38.66","false"
"DRR","2011-05-05","36.69","37.85","36.69","37.81","55900","37.81","false"
"DRR","2011-05-04","35.90","36.25","35.64","36.23","33000","36.23","false"
"DRR","2011-05-03","36.28","36.36","35.96","36.20","19000","36.20","false"
"DRR","2011-05-02","36.12","36.19","35.83","36.19","11000","36.19","false"
"DRR","2011-04-29","36.18","36.25","36.07","36.15","24000","36.15","false"
"DRR","2011-04-28","36.31","36.43","36.08","36.24","21000","36.24","false"
"DRR","2011-04-27","37.06","37.26","36.42","36.49","51000","36.49","false"
"DRR","2011-04-26","37.34","37.39","37.15","37.16","21600","37.16","false"
"DRR","2011-04-25","39.00","40.11","37.40","37.48","24700","37.48","false"
"DRR","2011-04-21","37.57","37.72","37.46","37.65","20000","37.65","false"
"DRR","2011-04-20","37.83","38.14","37.76","37.99","28100","37.99","false"
"DRR","2011-04-19","39.27","39.27","38.87","38.88","14600","38.88","false"
"DRR","2011-04-18","39.08","40.00","39.00","39.77","26300","39.77","false"
"DRR","2011-04-15","38.50","38.59","38.32","38.47","5600","38.47","false"
"DRR","2011-04-14","38.51","38.51","38.08","38.11","8800","38.11","false"
"DRR","2011-04-13","38.14","38.54","38.14","38.39","20000","38.39","false"
"DRR","2011-04-12","38.02","38.35","37.94","38.23","15300","38.23","false"
"DRR","2011-04-11","38.37","38.51","38.27","38.41","21900","38.41","false"
"DRR","2011-04-08","38.46","38.53","38.31","38.31","45400","38.31","false"
"DRR","2011-04-07","39.30","39.40","39.12","39.16","42900","39.16","false"
"DRR","2011-04-06","39.17","39.25","38.88","38.95","40000","38.95","false"
"DRR","2011-04-05","39.90","39.97","39.48","39.57","7700","39.57","false"
"DRR","2011-04-04","39.47","39.74","39.44","39.65","16900","39.65","false"
"DRR","2011-04-01","40.12","40.51","39.45","39.60","95000","39.60","false"
"DRR","2011-03-31","39.93","39.93","39.69","39.74","39700","39.74","false"
"DRR","2011-03-30","40.46","40.57","40.05","40.15","37900","40.15","false"
"DRR","2011-03-29","40.54","40.58","40.29","40.32","37700","40.32","false"
"DRR","2011-03-28","40.52","40.53","40.27","40.36","19000","40.36","false"
"DRR","2011-03-25","40.19","40.55","40.00","40.49","26400","40.49","false"
"DRR","2011-03-24","40.24","41.36","39.58","39.88","34700","39.88","false"
"DRR","2011-03-23","40.28","40.32","40.00","40.31","37700","40.31","false"
"DRR","2011-03-22","39.54","39.88","39.54","39.70","20000","39.70","false"
"DRR","2011-03-21","39.76","40.05","39.54","39.66","59200","39.66","false"
"DRR","2011-03-18","40.09","40.22","39.90","39.98","28300","39.98","false"
"DRR","2011-03-17","40.87","41.05","40.75","40.82","17300","40.82","false"
"DRR","2011-03-16","41.43","41.76","41.30","41.55","36500","41.55","false"
"DRR","2011-03-15","41.46","41.60","40.90","40.94","71700","40.94","false"
"DRR","2011-03-14","41.20","41.23","40.94","40.95","41800","40.95","false"
"DRR","2011-03-11","42.40","42.40","41.61","41.64","32400","41.64","false"
"DRR","2011-03-10","42.18","42.36","42.07","42.30","50500","42.30","false"
"DRR","2011-03-09","41.60","41.70","41.48","41.58","10100","41.58","false"
"DRR","2011-03-08","41.76","41.80","41.50","41.62","15400","41.62","false"
"DRR","2011-03-07","40.97","41.30","40.90","41.12","56100","41.12","false"
"DRR","2011-03-04","41.14","41.20","40.90","41.04","47700","41.04","false"
"DRR","2011-03-03","41.42","41.48","41.19","41.21","63900","41.21","false"
"DRR","2011-03-02","41.99","41.99","41.74","41.89","19000","41.89","false"
"DRR","2011-03-01","42.04","42.49","41.95","42.49","20000","42.49","false"
"DRR","2011-02-28","42.02","42.36","41.97","42.22","18900","42.22","false"
"DRR","2011-02-25","42.58","42.75","42.51","42.63","13800","42.63","false"
"DRR","2011-02-24","42.28","42.45","42.21","42.24","17500","42.24","false"
"DRR","2011-02-23","42.85","42.85","42.41","42.58","86100","42.58","false"
"DRR","2011-02-22","42.96","43.36","42.91","43.20","22900","43.20","false"
"DRR","2011-02-18","43.50","43.54","42.95","42.98","17100","42.98","false"
"DRR","2011-02-17","43.65","43.70","43.52","43.52","8300","43.52","false"
"DRR","2011-02-16","44.45","44.45","43.71","43.84","20500","43.84","false"
"DRR","2011-02-15","44.09","44.40","44.04","44.40","79600","44.40","false"
"DRR","2011-02-14","44.52","44.54","44.33","44.37","9300","44.37","false"
"DRR","2011-02-11","44.07","44.29","43.90","43.91","9000","43.91","false"
"DRR","2011-02-10","43.49","43.75","43.37","43.64","10300","43.64","false"
"DRR","2011-02-09","43.10","43.18","42.80","42.83","19300","42.83","false"
"DRR","2011-02-08","43.52","43.52","43.08","43.38","8200","43.38","false"
"DRR","2011-02-07","44.00","44.19","43.64","43.64","22200","43.64","false"
"DRR","2011-02-04","43.83","43.98","43.65","43.66","50600","43.66","false"
"DRR","2011-02-03","43.17","43.50","43.17","43.35","15100","43.35","false"
"DRR","2011-02-02","42.51","42.52","42.21","42.36","13300","42.36","false"
"DRR","2011-02-01","42.63","42.80","42.12","42.21","123800","42.21","false"
"DRR","2011-01-31","43.12","43.30","42.81","43.14","20800","43.14","false"
"DRR","2011-01-28","43.05","43.81","42.89","43.71","70600","43.71","false"
"DRR","2011-01-27","42.80","43.17","42.75","42.85","23000","42.85","false"
"DRR","2011-01-26","43.14","43.38","43.03","43.10","17200","43.10","false"
"DRR","2011-01-25","43.65","43.73","43.12","43.18","37400","43.18","false"
"DRR","2011-01-24","43.80","43.80","43.12","43.35","128800","43.35","false"
"DRR","2011-01-21","44.04","44.13","43.58","43.69","136900","43.69","false"
"DRR","2011-01-20","44.72","45.09","44.48","44.55","70200","44.55","false"
"DRR","2011-01-19","44.34","44.72","44.31","44.60","58200","44.60","false"
"DRR","2011-01-18","45.03","45.38","44.62","45.28","136200","45.28","false"
"DRR","2011-01-14","45.52","45.70","45.18","45.40","84200","45.40","false"
"DRR","2011-01-13","45.78","45.85","45.30","45.51","49500","45.51","false"
"DRR","2011-01-12","47.83","47.95","47.01","47.11","55900","47.11","false"
"DRR","2011-01-11","48.51","48.75","48.18","48.26","37200","48.26","false"
"DRR","2011-01-10","48.63","48.80","48.39","48.47","72400","48.47","false"
"DRR","2011-01-07","48.36","48.83","48.01","48.72","723200","48.72","false"
"DRR","2011-01-06","47.26","48.20","47.22","48.14","119500","48.14","false"
"DRR","2011-01-05","47.14","47.22","46.77","46.95","116600","46.95","false"
"DRR","2011-01-04","45.21","46.05","45.16","45.94","110000","45.94","false"
"DRR","2011-01-03","45.80","45.89","45.32","45.57","21200","45.57","false"
