"FIW","2007-12-31","22.64","22.64","22.34","22.43","38500","21.86","false"
"FIW","2007-12-28","22.65","22.67","22.51","22.51","3600","21.93","false"
"FIW","2007-12-27","22.90","22.90","22.52","22.63","19100","22.05","false"
"FIW","2007-12-26","22.95","22.99","22.75","22.99","3500","22.40","false"
"FIW","2007-12-24","22.91","22.92","22.90","22.92","600","22.33","false"
"FIW","2007-12-21","22.63","22.77","22.49","22.77","6200","22.19","false"
"FIW","2007-12-20","21.89","22.14","21.89","22.14","800","21.53","false"
"FIW","2007-12-19","21.64","21.80","21.53","21.80","2400","21.20","false"
"FIW","2007-12-18","21.62","21.73","21.18","21.73","9000","21.13","false"
"FIW","2007-12-17","21.92","21.92","21.35","21.35","2800","20.76","false"
"FIW","2007-12-14","22.16","22.16","22.03","22.03","2000","21.42","false"
"FIW","2007-12-13","22.13","22.37","22.13","22.37","9600","21.75","false"
"FIW","2007-12-12","22.65","22.65","22.25","22.36","4000","21.74","false"
"FIW","2007-12-11","23.01","23.01","22.41","22.41","4700","21.79","false"
"FIW","2007-12-10","22.66","22.89","22.66","22.86","3900","22.23","false"
"FIW","2007-12-07","22.78","22.81","22.76","22.76","2200","22.13","false"
"FIW","2007-12-06","22.40","22.73","22.40","22.73","9500","22.10","false"
"FIW","2007-12-05","22.07","22.21","22.06","22.15","30100","21.54","false"
"FIW","2007-12-04","21.88","21.97","21.84","21.86","4100","21.26","false"
"FIW","2007-12-03","22.26","22.26","22.07","22.14","51500","21.53","false"
"FIW","2007-11-30","22.50","22.50","22.21","22.21","1500","21.60","false"
"FIW","2007-11-29","22.40","22.40","22.20","22.23","4400","21.62","false"
"FIW","2007-11-28","22.00","22.20","21.89","22.16","6600","21.55","false"
"FIW","2007-11-27","21.48","21.61","21.46","21.61","3800","21.01","false"
"FIW","2007-11-26","21.51","21.95","21.36","21.36","7400","20.77","false"
"FIW","2007-11-23","21.46","21.73","21.45","21.73","500","21.13","false"
"FIW","2007-11-21","21.65","21.67","21.33","21.51","5900","20.92","false"
"FIW","2007-11-20","21.50","21.80","21.50","21.62","2500","21.02","false"
"FIW","2007-11-19","21.85","21.85","21.33","21.56","13400","20.97","false"
"FIW","2007-11-16","22.50","22.50","21.84","22.07","7200","21.46","false"
"FIW","2007-11-15","22.29","22.29","21.86","22.03","6200","21.42","false"
"FIW","2007-11-14","22.41","22.45","22.32","22.43","1900","21.81","false"
"FIW","2007-11-13","21.81","22.14","21.81","22.14","1400","21.53","false"
"FIW","2007-11-12","22.12","22.25","21.49","21.49","9500","20.90","false"
"FIW","2007-11-09","22.03","22.23","21.97","22.23","3300","21.62","false"
"FIW","2007-11-08","22.37","22.37","21.89","22.36","4300","21.74","false"
"FIW","2007-11-07","22.64","22.64","22.34","22.47","6800","21.85","false"
"FIW","2007-11-06","22.29","22.91","22.29","22.91","3000","22.28","false"
"FIW","2007-11-05","22.00","22.33","22.00","22.28","7600","21.67","false"
"FIW","2007-11-02","22.75","22.75","22.24","22.49","24100","21.87","false"
"FIW","2007-11-01","23.00","23.00","22.58","22.69","2400","22.07","false"
"FIW","2007-10-31","23.05","23.25","23.05","23.25","3800","22.61","false"
"FIW","2007-10-30","23.33","23.37","23.20","23.20","800","22.56","false"
"FIW","2007-10-29","23.53","23.53","23.17","23.23","7400","22.59","false"
"FIW","2007-10-26","22.99","23.09","22.90","23.03","1700","22.40","false"
"FIW","2007-10-25","22.88","23.05","22.76","22.85","2800","22.22","false"
"FIW","2007-10-24","22.94","22.95","22.55","22.87","7600","22.24","false"
"FIW","2007-10-23","22.87","22.87","22.58","22.83","7300","22.20","false"
"FIW","2007-10-22","22.45","22.63","22.26","22.63","19100","22.01","false"
"FIW","2007-10-19","23.16","23.16","22.49","22.55","7400","21.93","false"
"FIW","2007-10-18","23.04","23.22","23.04","23.15","5600","22.51","false"
"FIW","2007-10-17","23.28","23.29","23.04","23.04","900","22.41","false"
"FIW","2007-10-16","23.02","23.15","23.02","23.08","11400","22.44","false"
"FIW","2007-10-15","23.55","23.55","23.06","23.11","8900","22.47","false"
"FIW","2007-10-12","23.39","23.56","23.21","23.54","4400","22.89","false"
"FIW","2007-10-11","23.65","23.77","23.29","23.35","3500","22.71","false"
"FIW","2007-10-10","23.40","23.59","23.38","23.56","11600","22.91","false"
"FIW","2007-10-09","23.39","23.58","23.35","23.58","5000","22.93","false"
"FIW","2007-10-08","23.38","23.38","23.25","23.26","2600","22.62","false"
"FIW","2007-10-05","23.09","23.40","23.09","23.38","7400","22.74","false"
"FIW","2007-10-04","23.00","23.00","22.84","22.84","700","22.21","false"
"FIW","2007-10-03","22.94","22.96","22.83","22.84","3400","22.21","false"
"FIW","2007-10-02","22.94","23.00","22.89","22.99","4300","22.36","false"
"FIW","2007-10-01","22.49","22.96","22.49","22.96","5200","22.33","false"
"FIW","2007-09-28","22.79","22.79","22.61","22.73","13000","22.10","false"
"FIW","2007-09-27","22.87","22.87","22.68","22.69","8100","22.07","false"
"FIW","2007-09-26","22.71","22.74","22.63","22.66","2600","22.04","false"
"FIW","2007-09-25","22.41","22.58","22.40","22.52","6000","21.90","false"
"FIW","2007-09-24","22.67","22.75","22.50","22.60","4700","21.98","false"
"FIW","2007-09-21","22.71","22.71","22.62","22.62","28400","22.00","false"
"FIW","2007-09-20","22.70","22.77","22.58","22.58","9600","21.96","false"
"FIW","2007-09-19","22.72","22.83","22.69","22.73","8900","22.10","false"
"FIW","2007-09-18","21.92","22.41","21.92","22.41","800","21.79","false"
"FIW","2007-09-17","21.74","21.80","21.72","21.74","12800","21.14","false"
"FIW","2007-09-14","21.65","21.76","21.65","21.76","1400","21.16","false"
"FIW","2007-09-13","21.89","21.95","21.80","21.80","8000","21.20","false"
"FIW","2007-09-12","21.73","21.90","21.73","21.83","12900","21.23","false"
"FIW","2007-09-11","21.75","21.75","21.75","21.75","700","21.15","false"
"FIW","2007-09-10","21.75","21.75","21.21","21.48","12200","20.89","false"
"FIW","2007-09-07","21.82","21.82","21.51","21.51","10600","20.92","false"
"FIW","2007-09-06","20.55","21.90","20.52","21.90","9300","21.30","false"
"FIW","2007-09-05","22.00","22.00","21.78","21.87","3400","21.27","false"
"FIW","2007-09-04","21.99","22.19","21.96","22.12","7000","21.51","false"
"FIW","2007-08-31","22.00","22.06","21.96","21.99","14600","21.38","false"
"FIW","2007-08-30","21.40","21.85","21.40","21.71","14000","21.11","false"
"FIW","2007-08-29","21.14","21.66","21.14","21.66","6400","21.06","false"
"FIW","2007-08-28","21.48","21.52","21.00","21.00","3600","20.42","false"
"FIW","2007-08-27","21.60","21.60","21.45","21.50","7500","20.91","false"
"FIW","2007-08-24","21.22","21.47","21.22","21.47","2600","20.88","false"
"FIW","2007-08-23","21.63","21.63","21.19","21.29","17400","20.70","false"
"FIW","2007-08-22","21.30","21.49","21.28","21.41","11700","20.82","false"
"FIW","2007-08-21","21.14","21.14","21.09","21.09","1200","20.51","false"
"FIW","2007-08-20","21.14","21.15","20.87","21.01","5300","20.43","false"
"FIW","2007-08-17","20.80","21.16","20.57","21.01","161900","20.43","false"
"FIW","2007-08-16","20.26","20.74","19.99","20.73","22200","20.16","false"
"FIW","2007-08-15","21.01","21.10","20.52","20.52","4700","19.95","false"
"FIW","2007-08-14","21.72","21.72","21.09","21.09","2200","20.51","false"
"FIW","2007-08-13","21.80","22.03","21.64","21.70","19300","21.10","false"
"FIW","2007-08-10","22.17","22.17","21.68","21.99","22800","21.38","false"
"FIW","2007-08-09","22.40","22.43","22.12","22.19","17700","21.58","false"
"FIW","2007-08-08","22.33","22.69","22.33","22.59","66200","21.97","false"
"FIW","2007-08-07","21.71","22.05","21.61","22.05","6000","21.44","false"
"FIW","2007-08-06","21.17","21.72","21.05","21.72","6900","21.12","false"
"FIW","2007-08-03","21.75","21.75","21.31","21.34","14200","20.75","false"
"FIW","2007-08-02","21.59","21.81","21.54","21.81","2100","21.21","false"
"FIW","2007-08-01","21.20","21.40","21.03","21.16","12900","20.58","false"
"FIW","2007-07-31","21.65","21.65","21.04","21.04","20300","20.46","false"
"FIW","2007-07-30","21.23","21.47","21.16","21.47","3000","20.88","false"
"FIW","2007-07-27","21.46","21.46","20.94","20.94","13000","20.36","false"
"FIW","2007-07-26","21.61","21.73","21.13","21.32","22400","20.73","false"
"FIW","2007-07-25","22.05","22.11","21.72","21.76","4100","21.16","false"
"FIW","2007-07-24","22.46","22.46","21.82","21.82","23200","21.22","false"
"FIW","2007-07-23","22.32","22.40","22.25","22.36","31700","21.74","false"
"FIW","2007-07-20","22.55","22.55","22.06","22.23","34200","21.62","false"
"FIW","2007-07-19","22.56","22.71","22.54","22.70","20400","22.07","false"
"FIW","2007-07-18","22.46","22.46","22.25","22.29","4500","21.68","false"
"FIW","2007-07-17","22.40","22.52","22.40","22.41","6900","21.79","false"
"FIW","2007-07-16","22.60","22.60","22.33","22.33","9600","21.72","false"
"FIW","2007-07-13","22.63","22.66","22.50","22.60","22500","21.98","false"
"FIW","2007-07-12","22.18","22.59","22.18","22.59","19200","21.97","false"
"FIW","2007-07-11","22.05","22.16","22.05","22.12","17900","21.51","false"
"FIW","2007-07-10","22.24","22.26","22.05","22.09","24900","21.48","false"
"FIW","2007-07-09","22.22","22.31","22.22","22.29","26400","21.68","false"
"FIW","2007-07-06","22.26","22.27","22.22","22.23","17600","21.62","false"
"FIW","2007-07-05","22.12","22.19","22.04","22.12","21900","21.51","false"
"FIW","2007-07-03","22.06","22.12","22.06","22.12","15100","21.51","false"
"FIW","2007-07-02","22.11","22.11","21.91","22.02","16700","21.41","false"
"FIW","2007-06-29","21.83","21.99","21.73","21.73","14500","21.13","false"
"FIW","2007-06-28","21.77","21.90","21.77","21.80","55700","21.20","false"
"FIW","2007-06-27","21.18","21.53","21.18","21.53","8700","20.94","false"
"FIW","2007-06-26","21.43","21.43","21.25","21.26","2500","20.67","false"
"FIW","2007-06-25","21.45","21.56","21.34","21.34","54500","20.75","false"
"FIW","2007-06-22","21.50","21.53","21.44","21.46","7800","20.87","false"
"FIW","2007-06-21","21.46","21.54","21.39","21.51","10400","20.92","false"
"FIW","2007-06-20","21.66","21.68","21.49","21.49","6800","20.90","false"
"FIW","2007-06-19","21.45","22.23","21.41","21.63","9300","21.03","false"
"FIW","2007-06-18","21.55","21.58","21.50","21.54","23500","20.95","false"
"FIW","2007-06-15","21.44","21.60","21.43","21.50","16600","20.91","false"
"FIW","2007-06-14","21.18","21.30","21.16","21.19","11900","20.61","false"
"FIW","2007-06-13","20.71","20.92","20.67","20.88","14300","20.31","false"
"FIW","2007-06-12","20.83","20.83","20.61","20.61","8100","20.04","false"
"FIW","2007-06-11","20.73","20.94","20.72","20.81","37900","20.24","false"
"FIW","2007-06-08","20.50","20.57","20.46","20.48","5900","19.92","false"
"FIW","2007-06-07","20.77","20.83","20.47","20.48","2300","19.92","false"
"FIW","2007-06-06","21.18","21.18","20.82","20.83","10700","20.26","false"
"FIW","2007-06-05","21.18","21.26","21.09","21.17","24800","20.59","false"
"FIW","2007-06-04","21.13","21.20","21.10","21.20","14300","20.62","false"
"FIW","2007-06-01","21.19","21.21","21.15","21.18","16800","20.60","false"
"FIW","2007-05-31","21.04","21.05","20.98","21.02","34500","20.44","false"
"FIW","2007-05-30","20.76","20.81","20.62","20.81","14800","20.24","false"
"FIW","2007-05-29","20.74","20.81","20.69","20.76","30400","20.19","false"
"FIW","2007-05-25","20.43","20.66","20.43","20.60","31200","20.03","false"
"FIW","2007-05-24","21.04","21.04","20.36","20.36","3400","19.80","false"
"FIW","2007-05-23","20.84","20.88","20.66","20.66","4800","20.09","false"
"FIW","2007-05-22","20.58","20.75","20.58","20.71","2400","20.14","false"
"FIW","2007-05-21","20.35","20.50","20.35","20.48","26300","19.92","false"
"FIW","2007-05-18","20.12","20.32","20.11","20.32","4000","19.76","false"
"FIW","2007-05-17","20.15","20.15","20.01","20.04","12900","19.49","false"
"FIW","2007-05-16","20.10","20.10","20.03","20.07","900","19.52","false"
"FIW","2007-05-15","20.15","20.29","19.98","20.02","9300","19.47","false"
"FIW","2007-05-14","20.12","20.12","20.12","20.12","3200","19.57","false"
"FIW","2007-05-11","20.17","20.18","20.15","20.18","3800","19.62","false"
"FIW","2008-12-31","15.24","15.78","15.24","15.73","12600","15.35","false"
"FIW","2008-12-30","14.90","15.35","14.90","15.35","26900","14.98","false"
"FIW","2008-12-29","14.59","14.74","14.58","14.67","3300","14.31","false"
"FIW","2008-12-26","14.71","14.87","14.60","14.83","3400","14.47","false"
"FIW","2008-12-24","14.50","14.66","14.40","14.66","12500","14.30","false"
"FIW","2008-12-23","14.82","14.83","14.51","14.59","32600","14.24","false"
"FIW","2008-12-22","16.00","16.00","14.37","14.75","12700","14.39","false"
"FIW","2008-12-19","14.98","15.76","14.98","15.26","4600","14.89","false"
"FIW","2008-12-18","15.42","15.42","14.81","15.08","5700","14.71","false"
"FIW","2008-12-17","15.10","15.43","14.92","15.27","7400","14.90","false"
"FIW","2008-12-16","14.62","15.20","14.56","15.15","5500","14.78","false"
"FIW","2008-12-15","14.31","14.39","14.17","14.25","3700","13.90","false"
"FIW","2008-12-12","13.81","14.58","13.71","14.48","12900","14.13","false"
"FIW","2008-12-11","14.51","14.72","14.06","14.14","12400","13.80","false"
"FIW","2008-12-10","14.29","14.84","14.29","14.63","14500","14.27","false"
"FIW","2008-12-09","13.83","14.94","13.83","14.25","25000","13.90","false"
"FIW","2008-12-08","14.31","15.00","14.31","14.75","7700","14.39","false"
"FIW","2008-12-05","13.13","13.64","12.74","13.64","28700","13.31","false"
"FIW","2008-12-04","13.66","13.74","13.57","13.74","8100","13.41","false"
"FIW","2008-12-03","13.50","13.97","13.22","13.75","12000","13.42","false"
"FIW","2008-12-02","13.28","13.63","13.17","13.63","9800","13.30","false"
"FIW","2008-12-01","14.23","14.23","13.02","13.02","10700","12.70","false"
"FIW","2008-11-28","14.34","14.70","14.34","14.70","2600","14.34","false"
"FIW","2008-11-26","13.74","14.31","13.72","14.31","4400","13.96","false"
"FIW","2008-11-25","13.69","13.69","12.99","13.42","13300","13.09","false"
"FIW","2008-11-24","12.54","13.41","12.54","13.04","11400","12.72","false"
"FIW","2008-11-21","11.72","12.22","10.92","12.22","78200","11.92","false"
"FIW","2008-11-20","12.65","12.72","11.50","11.55","63900","11.27","false"
"FIW","2008-11-19","13.65","13.65","12.65","12.65","9600","12.34","false"
"FIW","2008-11-18","13.84","13.86","13.19","13.40","31600","13.07","false"
"FIW","2008-11-17","13.82","14.03","13.56","13.78","11800","13.45","false"
"FIW","2008-11-14","14.51","14.58","13.61","13.61","8000","13.28","false"
"FIW","2008-11-13","13.53","14.71","13.00","14.71","47200","14.35","false"
"FIW","2008-11-12","14.30","14.30","13.64","13.68","27500","13.35","false"
"FIW","2008-11-11","14.68","15.03","14.56","14.69","5700","14.33","false"
"FIW","2008-11-10","15.71","15.71","14.94","14.97","7000","14.61","false"
"FIW","2008-11-07","15.06","15.36","14.83","15.03","7600","14.67","false"
"FIW","2008-11-06","15.19","15.20","14.79","14.94","4900","14.58","false"
"FIW","2008-11-05","16.23","16.23","15.31","15.31","23100","14.94","false"
"FIW","2008-11-04","16.03","16.34","15.90","16.12","27800","15.73","false"
"FIW","2008-11-03","15.34","16.04","15.34","15.88","12600","15.49","false"
"FIW","2008-10-31","15.26","15.63","14.71","15.48","20400","15.10","false"
"FIW","2008-10-30","14.29","15.00","14.29","14.97","128600","14.61","false"
"FIW","2008-10-29","13.58","14.81","13.58","14.31","111100","13.96","false"
"FIW","2008-10-28","12.82","13.63","12.52","13.63","94500","13.30","false"
"FIW","2008-10-27","14.07","14.07","12.72","12.72","18300","12.41","false"
"FIW","2008-10-24","12.18","13.83","11.50","13.75","26700","13.42","false"
"FIW","2008-10-23","14.74","14.74","13.51","14.10","47700","13.76","false"
"FIW","2008-10-22","14.78","15.10","14.15","14.37","85100","14.02","false"
"FIW","2008-10-21","15.26","16.19","15.26","15.64","46000","15.26","false"
"FIW","2008-10-20","15.94","16.20","15.54","16.17","13200","15.78","false"
"FIW","2008-10-17","15.50","16.40","15.27","15.64","73000","15.26","false"
"FIW","2008-10-16","15.75","15.75","14.43","15.55","115100","15.17","false"
"FIW","2008-10-15","17.28","17.28","15.00","15.00","80800","14.64","false"
"FIW","2008-10-14","19.32","20.13","16.66","16.96","34400","16.55","false"
"FIW","2008-10-13","17.97","17.97","16.27","17.28","27200","16.86","false"
"FIW","2008-10-10","13.98","15.78","13.42","15.71","79200","15.33","false"
"FIW","2008-10-09","15.50","16.07","14.73","15.15","16500","14.78","false"
"FIW","2008-10-08","15.29","16.76","15.11","15.65","103700","15.27","false"
"FIW","2008-10-07","16.64","17.25","15.87","16.21","30600","15.82","false"
"FIW","2008-10-06","16.95","17.23","15.98","16.94","131800","16.53","false"
"FIW","2008-10-03","18.67","19.42","17.86","17.94","30700","17.50","false"
"FIW","2008-10-02","19.37","20.46","18.33","18.33","176300","17.88","false"
"FIW","2008-10-01","19.42","19.86","19.18","19.42","70200","18.95","false"
"FIW","2008-09-30","19.25","19.95","19.10","19.92","35300","19.44","false"
"FIW","2008-09-29","20.45","20.76","18.58","19.09","75500","18.63","false"
"FIW","2008-09-26","20.98","21.24","20.46","20.86","20800","20.35","false"
"FIW","2008-09-25","21.51","21.51","21.12","21.38","33800","20.86","false"
"FIW","2008-09-24","21.72","22.49","21.00","21.07","23100","20.56","false"
"FIW","2008-09-23","21.66","22.03","21.30","21.33","25200","20.81","false"
"FIW","2008-09-22","22.30","23.07","21.71","21.74","21700","21.21","false"
"FIW","2008-09-19","22.37","22.37","22.37","22.37","49800","21.83","false"
"FIW","2008-09-18","21.00","21.69","20.25","21.45","5700","20.93","false"
"FIW","2008-09-17","20.54","21.15","20.27","20.55","17600","20.05","false"
"FIW","2008-09-16","20.66","21.32","19.71","21.32","55400","20.80","false"
"FIW","2008-09-15","21.65","21.78","20.45","20.90","11600","20.39","false"
"FIW","2008-09-12","21.39","21.69","21.35","21.69","45800","21.16","false"
"FIW","2008-09-11","21.06","21.59","20.89","21.59","45600","21.07","false"
"FIW","2008-09-10","21.11","21.56","21.07","21.42","30800","20.90","false"
"FIW","2008-09-09","22.20","22.20","21.00","21.00","21400","20.49","false"
"FIW","2008-09-08","22.39","22.47","21.71","21.93","16400","21.40","false"
"FIW","2008-09-05","21.75","21.77","21.26","21.71","60700","21.18","false"
"FIW","2008-09-04","22.60","22.60","21.75","21.98","38500","21.45","false"
"FIW","2008-09-03","23.09","23.21","22.64","22.81","37400","22.26","false"
"FIW","2008-09-02","23.39","23.87","22.91","23.07","27900","22.51","false"
"FIW","2008-08-29","23.36","23.46","23.17","23.20","34400","22.64","false"
"FIW","2008-08-28","23.13","23.49","23.13","23.41","43900","22.84","false"
"FIW","2008-08-27","22.90","23.09","22.90","22.99","24200","22.43","false"
"FIW","2008-08-26","22.91","23.02","22.63","22.79","50800","22.24","false"
"FIW","2008-08-25","23.29","23.29","22.83","22.86","64700","22.30","false"
"FIW","2008-08-22","23.18","23.33","23.13","23.29","20500","22.72","false"
"FIW","2008-08-21","23.24","23.24","22.90","23.08","21800","22.52","false"
"FIW","2008-08-20","23.44","23.44","22.97","23.25","48400","22.69","false"
"FIW","2008-08-19","23.36","23.37","23.14","23.23","53200","22.67","false"
"FIW","2008-08-18","23.84","23.84","23.29","23.42","18200","22.85","false"
"FIW","2008-08-15","23.90","23.90","23.53","23.68","30700","23.10","false"
"FIW","2008-08-14","23.63","23.89","23.28","23.79","76800","23.21","false"
"FIW","2008-08-13","23.54","23.69","23.21","23.64","47200","23.07","false"
"FIW","2008-08-12","23.54","23.61","23.34","23.53","24900","22.96","false"
"FIW","2008-08-11","23.44","23.75","23.30","23.62","34100","23.05","false"
"FIW","2008-08-08","23.08","23.38","22.78","23.30","22200","22.73","false"
"FIW","2008-08-07","22.76","23.12","22.76","22.86","20600","22.30","false"
"FIW","2008-08-06","23.14","23.14","22.31","23.01","33400","22.45","false"
"FIW","2008-08-05","22.36","22.79","22.36","22.79","9400","22.24","false"
"FIW","2008-08-04","22.89","22.89","22.22","22.23","27000","21.69","false"
"FIW","2008-08-01","23.00","23.00","22.54","22.70","66800","22.15","false"
"FIW","2008-07-31","22.90","23.07","22.70","22.86","35500","22.30","false"
"FIW","2008-07-30","22.69","22.85","22.57","22.78","24600","22.23","false"
"FIW","2008-07-29","22.32","22.51","22.20","22.41","166500","21.87","false"
"FIW","2008-07-28","22.37","22.39","21.98","22.15","17300","21.61","false"
"FIW","2008-07-25","22.36","22.47","22.26","22.37","13700","21.83","false"
"FIW","2008-07-24","21.87","22.51","21.87","22.04","79100","21.50","false"
"FIW","2008-07-23","22.80","22.80","22.37","22.56","69800","22.01","false"
"FIW","2008-07-22","22.36","22.57","21.95","22.43","12900","21.89","false"
"FIW","2008-07-21","21.72","22.14","21.67","22.14","73200","21.60","false"
"FIW","2008-07-18","21.62","21.67","21.49","21.53","28900","21.01","false"
"FIW","2008-07-17","21.22","21.48","21.17","21.33","24300","20.81","false"
"FIW","2008-07-16","20.69","21.11","20.51","21.07","37000","20.56","false"
"FIW","2008-07-15","20.89","20.89","20.23","20.65","23800","20.15","false"
"FIW","2008-07-14","21.10","21.10","20.65","20.89","15100","20.38","false"
"FIW","2008-07-11","20.61","21.06","20.61","21.01","21800","20.50","false"
"FIW","2008-07-10","20.81","21.05","20.66","20.99","20900","20.48","false"
"FIW","2008-07-09","21.22","21.25","20.72","20.73","14000","20.23","false"
"FIW","2008-07-08","20.50","21.14","20.48","21.14","53900","20.63","false"
"FIW","2008-07-07","20.78","20.97","20.40","20.58","186500","20.08","false"
"FIW","2008-07-03","20.85","20.91","20.55","20.72","82000","20.22","false"
"FIW","2008-07-02","21.94","21.94","20.91","20.91","33600","20.40","false"
"FIW","2008-07-01","21.76","21.91","21.29","21.89","67700","21.36","false"
"FIW","2008-06-30","21.99","22.12","21.78","21.92","24900","21.39","false"
"FIW","2008-06-27","21.96","21.99","21.75","21.93","77800","21.40","false"
"FIW","2008-06-26","22.38","22.40","21.88","21.98","42100","21.45","false"
"FIW","2008-06-25","22.60","22.76","22.46","22.52","228100","21.97","false"
"FIW","2008-06-24","22.68","22.89","22.50","22.52","108900","21.97","false"
"FIW","2008-06-23","23.01","23.06","22.84","22.87","75500","22.31","false"
"FIW","2008-06-20","23.30","23.38","22.86","22.99","52400","22.40","false"
"FIW","2008-06-19","23.25","23.47","23.17","23.46","26200","22.86","false"
"FIW","2008-06-18","23.29","23.43","23.08","23.27","25400","22.68","false"
"FIW","2008-06-17","23.90","23.90","23.64","23.68","40800","23.07","false"
"FIW","2008-06-16","23.58","23.83","23.50","23.78","23100","23.17","false"
"FIW","2008-06-13","23.39","23.65","23.31","23.65","18900","23.05","false"
"FIW","2008-06-12","23.25","23.49","23.12","23.15","185200","22.56","false"
"FIW","2008-06-11","23.44","23.48","23.14","23.19","25900","22.60","false"
"FIW","2008-06-10","23.48","23.64","23.43","23.52","14900","22.92","false"
"FIW","2008-06-09","23.67","23.81","23.48","23.71","20500","23.10","false"
"FIW","2008-06-06","24.16","24.16","23.67","23.70","34500","23.09","false"
"FIW","2008-06-05","23.84","24.24","23.78","24.24","39700","23.62","false"
"FIW","2008-06-04","23.41","23.88","23.41","23.71","229300","23.10","false"
"FIW","2008-06-03","23.74","23.81","23.41","23.56","108600","22.96","false"
"FIW","2008-06-02","23.98","23.98","23.55","23.73","33200","23.12","false"
"FIW","2008-05-30","23.82","23.90","23.75","23.82","44200","23.21","false"
"FIW","2008-05-29","23.66","23.98","23.60","23.80","221800","23.19","false"
"FIW","2008-05-28","23.44","23.65","23.39","23.64","8900","23.04","false"
"FIW","2008-05-27","22.91","23.22","22.86","23.22","12900","22.63","false"
"FIW","2008-05-23","23.05","23.05","22.65","22.90","23500","22.31","false"
"FIW","2008-05-22","23.11","23.20","23.03","23.08","30400","22.49","false"
"FIW","2008-05-21","23.34","23.49","22.94","22.98","27000","22.39","false"
"FIW","2008-05-20","23.31","23.31","23.08","23.26","58600","22.67","false"
"FIW","2008-05-19","23.43","23.68","23.26","23.31","12800","22.71","false"
"FIW","2008-05-16","23.57","23.57","23.13","23.40","14600","22.80","false"
"FIW","2008-05-15","23.25","23.45","23.16","23.44","71200","22.84","false"
"FIW","2008-05-14","23.29","23.49","23.29","23.30","17400","22.70","false"
"FIW","2008-05-13","23.35","23.55","23.01","23.20","20600","22.61","false"
"FIW","2008-05-12","22.82","23.16","22.66","23.14","23300","22.55","false"
"FIW","2008-05-09","22.61","22.77","22.55","22.74","19100","22.16","false"
"FIW","2008-05-08","22.63","22.79","22.55","22.62","21800","22.04","false"
"FIW","2008-05-07","22.83","22.93","22.55","22.58","17600","22.00","false"
"FIW","2008-05-06","22.92","22.92","22.55","22.80","28300","22.22","false"
"FIW","2008-05-05","22.80","22.85","22.74","22.81","21000","22.23","false"
"FIW","2008-05-02","22.89","23.04","22.80","22.80","34200","22.22","false"
"FIW","2008-05-01","22.50","22.85","22.41","22.75","12100","22.17","false"
"FIW","2008-04-30","22.49","22.76","22.20","22.32","23100","21.75","false"
"FIW","2008-04-29","22.52","22.55","22.39","22.47","47000","21.90","false"
"FIW","2008-04-28","22.79","22.79","22.43","22.47","18400","21.90","false"
"FIW","2008-04-25","22.35","22.45","22.02","22.40","13300","21.83","false"
"FIW","2008-04-24","21.99","22.74","21.69","22.12","19400","21.55","false"
"FIW","2008-04-23","22.11","22.11","21.83","21.91","18700","21.35","false"
"FIW","2008-04-22","22.19","22.24","21.79","21.98","29400","21.42","false"
"FIW","2008-04-21","22.08","22.46","22.03","22.46","13800","21.89","false"
"FIW","2008-04-18","22.24","22.30","22.06","22.23","24100","21.66","false"
"FIW","2008-04-17","21.99","21.99","21.74","21.86","14700","21.30","false"
"FIW","2008-04-16","21.64","22.19","21.62","22.19","11100","21.62","false"
"FIW","2008-04-15","21.25","21.34","21.17","21.34","5200","20.79","false"
"FIW","2008-04-14","21.13","21.30","21.08","21.09","18400","20.55","false"
"FIW","2008-04-11","21.75","22.01","21.12","21.15","10700","20.61","false"
"FIW","2008-04-10","21.38","21.73","21.33","21.68","42700","21.13","false"
"FIW","2008-04-09","21.87","21.90","21.44","21.52","44300","20.97","false"
"FIW","2008-04-08","21.64","21.87","21.64","21.83","16500","21.27","false"
"FIW","2008-04-07","22.00","22.03","21.78","21.81","12100","21.25","false"
"FIW","2008-04-04","21.69","21.91","21.59","21.79","10000","21.23","false"
"FIW","2008-04-03","21.50","21.72","21.46","21.62","10000","21.07","false"
"FIW","2008-04-02","21.69","21.71","21.46","21.58","6700","21.03","false"
"FIW","2008-04-01","21.33","21.42","20.94","21.42","19200","20.87","false"
"FIW","2008-03-31","20.91","20.91","20.64","20.78","11000","20.25","false"
"FIW","2008-03-28","21.14","21.14","20.91","21.00","14300","20.46","false"
"FIW","2008-03-27","21.64","21.64","21.00","21.28","15400","20.74","false"
"FIW","2008-03-26","21.40","21.42","21.24","21.30","23600","20.76","false"
"FIW","2008-03-25","21.19","21.48","21.18","21.43","30000","20.88","false"
"FIW","2008-03-24","20.43","21.29","20.43","21.20","10200","20.66","false"
"FIW","2008-03-20","20.43","20.65","20.43","20.54","10900","20.02","false"
"FIW","2008-03-19","21.00","21.00","20.30","20.30","4100","19.78","false"
"FIW","2008-03-18","20.40","20.64","19.75","20.64","5400","20.11","false"
"FIW","2008-03-17","19.53","20.05","19.53","19.85","17600","19.34","false"
"FIW","2008-03-14","20.13","20.28","20.05","20.20","1900","19.68","false"
"FIW","2008-03-13","20.55","20.69","20.12","20.63","3500","20.10","false"
"FIW","2008-03-12","20.67","20.70","20.36","20.38","7700","19.86","false"
"FIW","2008-03-11","19.74","20.31","19.31","20.31","13000","19.79","false"
"FIW","2008-03-10","20.62","20.62","19.55","19.58","20000","19.08","false"
"FIW","2008-03-07","20.21","20.43","20.06","20.17","15600","19.65","false"
"FIW","2008-03-06","20.89","20.89","20.47","20.47","12400","19.95","false"
"FIW","2008-03-05","20.78","20.99","20.75","20.91","5100","20.38","false"
"FIW","2008-03-04","20.71","20.89","20.52","20.78","9600","20.25","false"
"FIW","2008-03-03","20.91","21.01","20.66","20.85","17500","20.32","false"
"FIW","2008-02-29","21.28","21.28","21.00","21.00","28000","20.46","false"
"FIW","2008-02-28","21.37","21.57","21.18","21.49","28500","20.94","false"
"FIW","2008-02-27","21.36","21.59","21.31","21.42","26800","20.87","false"
"FIW","2008-02-26","21.28","21.63","21.26","21.51","19900","20.96","false"
"FIW","2008-02-25","20.92","21.32","20.81","21.32","22000","20.78","false"
"FIW","2008-02-22","20.80","20.88","20.53","20.88","22200","20.35","false"
"FIW","2008-02-21","20.95","21.10","20.66","20.66","21900","20.13","false"
"FIW","2008-02-20","20.44","20.73","20.38","20.73","19100","20.20","false"
"FIW","2008-02-19","20.55","20.95","20.55","20.57","7000","20.04","false"
"FIW","2008-02-15","20.54","20.54","20.26","20.52","8900","20.00","false"
"FIW","2008-02-14","21.06","21.06","20.70","20.70","21700","20.17","false"
"FIW","2008-02-13","20.76","21.05","20.76","21.01","15500","20.47","false"
"FIW","2008-02-12","20.48","20.69","20.40","20.51","25200","19.99","false"
"FIW","2008-02-11","20.26","20.37","20.07","20.37","8900","19.85","false"
"FIW","2008-02-08","20.14","20.34","20.07","20.16","20700","19.64","false"
"FIW","2008-02-07","20.05","20.29","19.90","20.17","12900","19.65","false"
"FIW","2008-02-06","20.36","20.58","20.22","20.23","2600","19.71","false"
"FIW","2008-02-05","20.64","20.64","20.26","20.28","3400","19.76","false"
"FIW","2008-02-04","20.80","20.97","20.80","20.94","13600","20.40","false"
"FIW","2008-02-01","20.43","21.00","20.43","21.00","7700","20.46","false"
"FIW","2008-01-31","19.73","20.47","19.73","20.31","9100","19.79","false"
"FIW","2008-01-30","20.22","20.38","18.93","19.98","4000","19.47","false"
"FIW","2008-01-29","19.77","20.12","19.77","20.07","7100","19.56","false"
"FIW","2008-01-28","19.83","19.88","19.43","19.88","20000","19.37","false"
"FIW","2008-01-25","20.03","20.13","19.65","19.65","5000","19.15","false"
"FIW","2008-01-24","20.01","20.01","19.62","19.66","24500","19.16","false"
"FIW","2008-01-23","18.85","19.80","18.56","19.07","11900","18.58","false"
"FIW","2008-01-22","18.51","19.41","17.96","19.37","10600","18.87","false"
"FIW","2008-01-18","19.69","20.07","19.46","19.54","13600","19.04","false"
"FIW","2008-01-17","20.55","20.55","19.67","19.67","5800","19.17","false"
"FIW","2008-01-16","20.45","20.85","20.11","20.53","6600","20.01","false"
"FIW","2008-01-15","20.85","20.85","20.54","20.74","7000","20.21","false"
"FIW","2008-01-14","20.86","21.05","20.86","20.93","25800","20.40","false"
"FIW","2008-01-11","21.01","21.15","20.94","20.94","3700","20.40","false"
"FIW","2008-01-10","20.98","21.49","20.92","21.38","11100","20.83","false"
"FIW","2008-01-09","20.89","21.04","20.57","21.04","3800","20.50","false"
"FIW","2008-01-08","21.67","21.67","20.94","20.94","4900","20.40","false"
"FIW","2008-01-07","21.59","21.69","21.31","21.44","9700","20.89","false"
"FIW","2008-01-04","22.04","22.04","21.50","21.54","5300","20.99","false"
"FIW","2008-01-03","22.20","22.38","22.20","22.34","1400","21.77","false"
"FIW","2008-01-02","22.48","22.56","22.00","22.00","1400","21.44","false"
"FIW","2009-12-31","18.87","18.89","18.63","18.63","12800","18.39","false"
"FIW","2009-12-30","18.88","18.94","18.77","18.77","7500","18.53","false"
"FIW","2009-12-29","18.94","18.94","18.87","18.90","8600","18.66","false"
"FIW","2009-12-28","19.07","19.07","18.83","18.91","24200","18.67","false"
"FIW","2009-12-24","18.88","18.90","18.87","18.90","4900","18.66","false"
"FIW","2009-12-23","18.75","18.85","18.70","18.82","37900","18.58","false"
"FIW","2009-12-22","18.65","18.73","18.65","18.70","11700","18.46","false"
"FIW","2009-12-21","18.76","18.82","18.68","18.70","8300","18.39","false"
"FIW","2009-12-18","18.63","18.63","18.39","18.50","32300","18.19","false"
"FIW","2009-12-17","18.52","18.59","18.50","18.54","10100","18.23","false"
"FIW","2009-12-16","18.76","18.85","18.67","18.75","7200","18.44","false"
"FIW","2009-12-15","18.67","18.75","18.65","18.65","1600","18.34","false"
"FIW","2009-12-14","18.48","18.62","18.47","18.61","15400","18.30","false"
"FIW","2009-12-11","18.40","18.45","18.28","18.44","10400","18.13","false"
"FIW","2009-12-10","18.26","18.36","18.22","18.23","5200","17.93","false"
"FIW","2009-12-09","18.00","18.14","17.90","18.14","21600","17.84","false"
"FIW","2009-12-08","17.94","18.18","17.94","18.09","3100","17.79","false"
"FIW","2009-12-07","18.25","18.31","18.21","18.26","3100","17.96","false"
"FIW","2009-12-04","18.22","18.31","18.01","18.18","23500","17.88","false"
"FIW","2009-12-03","18.10","18.15","17.88","17.88","16600","17.58","false"
"FIW","2009-12-02","17.98","18.16","17.98","18.06","9900","17.76","false"
"FIW","2009-12-01","18.00","18.07","17.91","18.00","34900","17.70","false"
"FIW","2009-11-30","17.62","17.70","17.56","17.64","25300","17.35","false"
"FIW","2009-11-27","17.96","17.98","17.86","17.86","5600","17.56","false"
"FIW","2009-11-25","18.17","18.24","18.12","18.13","5700","17.83","false"
"FIW","2009-11-24","18.11","18.14","17.95","18.11","10300","17.81","false"
"FIW","2009-11-23","18.09","18.30","18.09","18.13","31500","17.83","false"
"FIW","2009-11-20","17.83","17.89","17.73","17.86","18400","17.56","false"
"FIW","2009-11-19","18.13","18.13","17.78","17.88","15100","17.58","false"
"FIW","2009-11-18","18.47","18.47","18.25","18.30","16500","17.99","false"
"FIW","2009-11-17","18.39","18.44","18.30","18.43","12800","18.12","false"
"FIW","2009-11-16","18.34","18.56","18.33","18.45","6400","18.14","false"
"FIW","2009-11-13","17.86","18.11","17.76","17.95","52100","17.65","false"
"FIW","2009-11-12","18.26","18.26","17.87","17.87","15000","17.57","false"
"FIW","2009-11-11","18.26","18.33","18.09","18.15","36900","17.85","false"
"FIW","2009-11-10","18.32","18.32","18.00","18.08","37600","17.78","false"
"FIW","2009-11-09","18.16","18.24","18.16","18.23","29300","17.93","false"
"FIW","2009-11-06","17.87","18.09","17.87","17.93","24000","17.63","false"
"FIW","2009-11-05","17.67","18.02","17.66","18.02","14800","17.72","false"
"FIW","2009-11-04","17.71","17.88","17.49","17.49","9600","17.20","false"
"FIW","2009-11-03","17.50","17.59","17.41","17.52","24700","17.23","false"
"FIW","2009-11-02","17.34","17.56","17.16","17.38","57400","17.09","false"
"FIW","2009-10-30","17.70","17.76","17.29","17.34","19600","17.05","false"
"FIW","2009-10-29","17.59","17.87","17.54","17.83","29700","17.53","false"
"FIW","2009-10-28","17.69","17.81","17.42","17.42","24100","17.13","false"
"FIW","2009-10-27","17.91","17.91","17.75","17.76","15700","17.46","false"
"FIW","2009-10-26","18.23","18.28","17.85","17.88","4600","17.58","false"
"FIW","2009-10-23","18.34","18.34","17.97","18.00","6200","17.70","false"
"FIW","2009-10-22","18.14","18.34","18.06","18.29","11400","17.98","false"
"FIW","2009-10-21","18.34","18.53","18.12","18.12","22900","17.82","false"
"FIW","2009-10-20","18.44","18.44","18.11","18.23","17500","17.93","false"
"FIW","2009-10-19","18.26","18.47","18.17","18.39","9800","18.08","false"
"FIW","2009-10-16","18.40","18.40","18.13","18.27","12800","17.97","false"
"FIW","2009-10-15","18.44","18.55","18.44","18.53","13300","18.22","false"
"FIW","2009-10-14","18.51","18.57","18.33","18.55","9300","18.24","false"
"FIW","2009-10-13","18.20","18.35","18.20","18.30","11200","17.99","false"
"FIW","2009-10-12","18.48","18.48","18.30","18.35","4200","18.04","false"
"FIW","2009-10-09","18.22","18.37","18.21","18.37","12400","18.06","false"
"FIW","2009-10-08","17.99","18.22","17.99","18.14","15000","17.84","false"
"FIW","2009-10-07","17.95","17.98","17.87","17.91","20600","17.61","false"
"FIW","2009-10-06","17.79","18.09","17.79","17.98","10400","17.68","false"
"FIW","2009-10-05","17.44","17.73","17.44","17.73","32300","17.43","false"
"FIW","2009-10-02","17.56","17.56","17.41","17.45","12600","17.16","false"
"FIW","2009-10-01","18.21","18.21","17.69","17.69","13200","17.40","false"
"FIW","2009-09-30","18.25","18.51","18.10","18.27","22000","17.97","false"
"FIW","2009-09-29","18.40","18.54","18.33","18.42","20300","18.11","false"
"FIW","2009-09-28","17.73","18.45","17.68","18.33","7300","18.02","false"
"FIW","2009-09-25","18.18","18.22","18.03","18.06","9800","17.76","false"
"FIW","2009-09-24","18.52","18.52","18.16","18.25","16400","17.95","false"
"FIW","2009-09-23","18.60","18.82","18.59","18.59","19600","18.28","false"
"FIW","2009-09-22","18.86","18.86","18.67","18.72","3800","18.41","false"
"FIW","2009-09-21","18.64","18.76","18.64","18.72","7300","18.41","false"
"FIW","2009-09-18","18.86","18.98","18.80","18.94","7100","18.62","false"
"FIW","2009-09-17","18.88","18.97","18.82","18.82","42000","18.51","false"
"FIW","2009-09-16","18.51","18.81","18.51","18.80","80500","18.49","false"
"FIW","2009-09-15","18.38","18.57","18.34","18.50","20800","18.19","false"
"FIW","2009-09-14","18.09","18.34","18.09","18.34","8800","18.03","false"
"FIW","2009-09-11","18.13","18.19","18.08","18.16","24300","17.86","false"
"FIW","2009-09-10","17.99","18.13","17.87","18.13","31200","17.83","false"
"FIW","2009-09-09","17.69","17.98","17.69","17.92","32500","17.62","false"
"FIW","2009-09-08","17.56","17.67","17.51","17.67","37800","17.38","false"
"FIW","2009-09-04","17.19","17.41","17.19","17.39","18700","17.10","false"
"FIW","2009-09-03","17.10","17.23","17.06","17.23","12000","16.94","false"
"FIW","2009-09-02","17.10","17.16","17.01","17.08","4600","16.80","false"
"FIW","2009-09-01","17.69","17.70","17.11","17.20","13700","16.91","false"
"FIW","2009-08-31","17.56","17.65","17.33","17.51","5300","17.22","false"
"FIW","2009-08-28","17.82","17.86","17.54","17.65","12000","17.36","false"
"FIW","2009-08-27","17.75","17.77","17.44","17.74","11000","17.44","false"
"FIW","2009-08-26","17.61","17.71","17.56","17.69","5800","17.40","false"
"FIW","2009-08-25","17.74","17.82","17.68","17.71","8100","17.41","false"
"FIW","2009-08-24","17.87","17.87","17.59","17.59","12100","17.30","false"
"FIW","2009-08-21","17.49","17.68","17.44","17.68","9100","17.39","false"
"FIW","2009-08-20","17.31","17.34","17.23","17.34","5100","17.05","false"
"FIW","2009-08-19","16.78","17.15","16.78","17.15","10100","16.86","false"
"FIW","2009-08-18","16.68","16.97","16.68","16.89","5200","16.61","false"
"FIW","2009-08-17","16.72","16.72","16.58","16.64","5900","16.36","false"
"FIW","2009-08-14","17.31","17.37","16.91","17.06","5300","16.78","false"
"FIW","2009-08-13","17.46","17.46","17.25","17.40","11500","17.11","false"
"FIW","2009-08-12","17.31","17.46","17.31","17.31","29700","17.02","false"
"FIW","2009-08-11","17.19","17.19","17.05","17.16","9600","16.87","false"
"FIW","2009-08-10","17.22","17.38","17.22","17.30","5300","17.01","false"
"FIW","2009-08-07","17.18","17.46","17.18","17.37","5800","17.08","false"
"FIW","2009-08-06","17.30","17.30","17.02","17.05","4300","16.77","false"
"FIW","2009-08-05","17.52","17.52","17.12","17.28","6100","16.99","false"
"FIW","2009-08-04","17.31","17.52","17.27","17.38","6400","17.09","false"
"FIW","2009-08-03","17.27","17.35","17.17","17.33","3300","17.04","false"
"FIW","2009-07-31","17.20","17.26","17.15","17.15","9900","16.86","false"
"FIW","2009-07-30","17.20","17.33","17.02","17.11","10500","16.82","false"
"FIW","2009-07-29","16.96","17.01","16.86","16.86","3900","16.58","false"
"FIW","2009-07-28","16.92","17.16","16.88","17.15","6000","16.86","false"
"FIW","2009-07-27","17.07","17.14","16.97","17.12","10400","16.83","false"
"FIW","2009-07-24","16.73","17.10","16.73","17.10","11300","16.81","false"
"FIW","2009-07-23","16.61","16.94","16.61","16.90","8100","16.62","false"
"FIW","2009-07-22","16.38","16.50","16.37","16.46","9900","16.19","false"
"FIW","2009-07-21","16.51","16.64","16.25","16.37","6900","16.10","false"
"FIW","2009-07-20","16.29","16.45","16.29","16.45","15000","16.18","false"
"FIW","2009-07-17","16.18","16.27","16.18","16.20","2900","15.93","false"
"FIW","2009-07-16","15.93","16.30","15.93","16.30","2900","16.03","false"
"FIW","2009-07-15","15.84","16.09","15.84","16.05","9500","15.78","false"
"FIW","2009-07-14","15.51","15.53","15.37","15.53","4400","15.27","false"
"FIW","2009-07-13","15.00","15.40","14.94","15.40","2600","15.14","false"
"FIW","2009-07-10","15.11","15.17","14.97","15.17","6000","14.92","false"
"FIW","2009-07-09","14.99","15.17","14.99","15.05","4100","14.80","false"
"FIW","2009-07-08","15.19","15.19","14.85","14.99","17200","14.74","false"
"FIW","2009-07-07","15.28","15.32","15.15","15.15","3900","14.90","false"
"FIW","2009-07-06","15.59","15.59","15.34","15.50","18100","15.24","false"
"FIW","2009-07-02","15.80","15.82","15.74","15.75","6800","15.49","false"
"FIW","2009-07-01","16.34","16.44","16.27","16.27","6400","16.00","false"
"FIW","2009-06-30","16.19","16.21","15.97","16.07","8400","15.80","false"
"FIW","2009-06-29","16.07","16.20","16.02","16.20","9300","15.93","false"
"FIW","2009-06-26","15.80","15.95","15.80","15.91","4200","15.64","false"
"FIW","2009-06-25","15.29","15.76","15.29","15.76","6500","15.50","false"
"FIW","2009-06-24","15.45","15.53","15.30","15.32","5700","15.06","false"
"FIW","2009-06-23","15.38","15.40","15.17","15.17","10600","14.92","false"
"FIW","2009-06-22","15.79","15.79","15.51","15.51","12900","15.13","false"
"FIW","2009-06-19","16.14","16.14","15.91","16.00","3900","15.61","false"
"FIW","2009-06-18","15.93","16.07","15.90","16.01","35200","15.62","false"
"FIW","2009-06-17","15.85","16.07","15.72","15.93","17400","15.54","false"
"FIW","2009-06-16","16.35","16.35","15.90","15.90","7100","15.51","false"
"FIW","2009-06-15","16.38","16.38","16.02","16.15","22700","15.76","false"
"FIW","2009-06-12","16.58","16.72","16.48","16.72","10300","16.31","false"
"FIW","2009-06-11","16.68","16.93","16.68","16.77","14600","16.36","false"
"FIW","2009-06-10","16.73","16.73","16.30","16.55","11500","16.15","false"
"FIW","2009-06-09","16.65","16.75","16.52","16.66","10400","16.26","false"
"FIW","2009-06-08","16.46","16.59","16.28","16.51","4000","16.11","false"
"FIW","2009-06-05","16.68","16.68","16.44","16.56","17600","16.16","false"
"FIW","2009-06-04","16.27","16.54","16.19","16.54","18800","16.14","false"
"FIW","2009-06-03","16.26","16.33","16.02","16.17","40200","15.78","false"
"FIW","2009-06-02","16.24","16.56","16.24","16.48","22400","16.08","false"
"FIW","2009-06-01","16.02","16.34","16.02","16.27","10600","15.87","false"
"FIW","2009-05-29","15.49","15.70","15.47","15.70","9000","15.32","false"
"FIW","2009-05-28","15.54","15.61","15.25","15.51","6600","15.13","false"
"FIW","2009-05-27","15.67","15.85","15.48","15.48","7700","15.10","false"
"FIW","2009-05-26","15.30","15.79","15.06","15.79","43300","15.41","false"
"FIW","2009-05-22","15.29","15.37","15.17","15.17","17300","14.80","false"
"FIW","2009-05-21","15.38","15.42","15.10","15.24","10500","14.87","false"
"FIW","2009-05-20","15.93","16.10","15.63","15.63","20800","15.25","false"
"FIW","2009-05-19","15.71","15.85","15.68","15.75","16300","15.37","false"
"FIW","2009-05-18","15.32","15.64","15.29","15.64","4700","15.26","false"
"FIW","2009-05-15","15.13","15.31","15.00","15.09","5600","14.72","false"
"FIW","2009-05-14","14.99","15.18","14.94","15.14","16000","14.77","false"
"FIW","2009-05-13","15.35","15.39","14.90","15.00","67900","14.64","false"
"FIW","2009-05-12","15.92","15.92","15.47","15.66","15300","15.28","false"
"FIW","2009-05-11","16.01","16.01","15.79","15.79","18500","15.41","false"
"FIW","2009-05-08","16.19","16.28","15.99","16.27","24200","15.87","false"
"FIW","2009-05-07","15.98","16.20","15.41","15.70","20400","15.32","false"
"FIW","2009-05-06","16.20","16.23","15.84","16.02","60900","15.63","false"
"FIW","2009-05-05","16.13","16.16","15.75","15.93","29400","15.54","false"
"FIW","2009-05-04","15.78","16.14","15.77","16.13","36900","15.74","false"
"FIW","2009-05-01","15.67","15.90","15.56","15.76","38200","15.38","false"
"FIW","2009-04-30","15.92","16.18","15.67","15.73","67000","15.35","false"
"FIW","2009-04-29","15.40","15.91","15.37","15.74","100000","15.36","false"
"FIW","2009-04-28","14.98","15.34","14.97","15.23","38000","14.86","false"
"FIW","2009-04-27","15.15","15.36","15.05","15.18","8200","14.81","false"
"FIW","2009-04-24","15.01","15.51","14.99","15.34","65600","14.97","false"
"FIW","2009-04-23","14.94","14.96","14.68","14.90","38600","14.54","false"
"FIW","2009-04-22","14.78","15.29","14.78","14.93","22100","14.57","false"
"FIW","2009-04-21","14.25","14.80","14.25","14.75","20500","14.39","false"
"FIW","2009-04-20","14.82","14.82","14.27","14.30","8300","13.95","false"
"FIW","2009-04-17","15.00","15.25","15.00","15.16","12000","14.79","false"
"FIW","2009-04-16","14.66","15.06","14.33","14.97","17400","14.61","false"
"FIW","2009-04-15","14.47","14.60","14.34","14.55","33400","14.20","false"
"FIW","2009-04-14","14.32","14.56","14.28","14.40","30800","14.05","false"
"FIW","2009-04-13","14.62","14.72","14.31","14.64","11200","14.28","false"
"FIW","2009-04-09","14.51","14.78","14.46","14.78","11300","14.42","false"
"FIW","2009-04-08","14.10","14.11","13.87","14.07","34400","13.73","false"
"FIW","2009-04-07","14.12","14.21","13.89","13.91","45600","13.57","false"
"FIW","2009-04-06","14.47","14.47","14.12","14.37","37000","14.02","false"
"FIW","2009-04-03","14.44","14.52","14.25","14.51","9800","14.16","false"
"FIW","2009-04-02","14.12","14.56","14.06","14.37","51600","14.02","false"
"FIW","2009-04-01","13.37","13.85","13.37","13.79","52300","13.46","false"
"FIW","2009-03-31","13.51","13.89","12.99","13.68","10000","13.35","false"
"FIW","2009-03-30","13.58","13.58","13.32","13.51","4000","13.18","false"
"FIW","2009-03-27","14.00","14.14","13.95","13.95","20600","13.61","false"
"FIW","2009-03-26","13.99","14.28","13.85","14.25","30400","13.90","false"
"FIW","2009-03-25","13.80","14.00","13.35","13.74","7000","13.41","false"
"FIW","2009-03-24","13.95","13.96","13.70","13.70","13400","13.37","false"
"FIW","2009-03-23","13.42","14.05","13.42","14.05","12300","13.71","false"
"FIW","2009-03-20","13.50","13.53","13.04","13.10","5700","12.78","false"
"FIW","2009-03-19","13.60","13.63","13.49","13.52","5200","13.19","false"
"FIW","2009-03-18","13.21","13.64","12.96","13.50","18800","13.17","false"
"FIW","2009-03-17","12.70","13.24","12.70","13.24","10000","12.92","false"
"FIW","2009-03-16","12.90","13.08","12.71","12.71","8500","12.40","false"
"FIW","2009-03-13","12.77","12.87","12.63","12.81","12900","12.50","false"
"FIW","2009-03-12","11.91","12.71","11.80","12.63","26300","12.32","false"
"FIW","2009-03-11","12.19","12.50","12.11","12.29","10700","11.99","false"
"FIW","2009-03-10","11.56","12.07","11.56","12.03","12000","11.74","false"
"FIW","2009-03-09","11.61","11.68","11.28","11.37","33800","11.09","false"
"FIW","2009-03-06","11.66","11.76","11.39","11.58","11800","11.30","false"
"FIW","2009-03-05","11.96","11.96","11.59","11.70","6900","11.42","false"
"FIW","2009-03-04","11.86","12.50","11.86","12.30","10900","12.00","false"
"FIW","2009-03-03","12.05","12.08","11.91","11.92","9300","11.63","false"
"FIW","2009-03-02","12.38","12.40","11.98","12.00","50900","11.71","false"
"FIW","2009-02-27","12.61","12.94","12.28","12.75","222200","12.44","false"
"FIW","2009-02-26","13.00","13.04","12.65","12.66","115700","12.35","false"
"FIW","2009-02-25","13.13","13.13","12.83","12.90","23100","12.59","false"
"FIW","2009-02-24","12.81","13.10","12.80","13.10","6300","12.78","false"
"FIW","2009-02-23","13.36","13.36","12.64","12.65","9700","12.34","false"
"FIW","2009-02-20","13.21","13.38","13.00","13.26","24200","12.94","false"
"FIW","2009-02-19","13.65","13.68","13.44","13.46","22500","13.13","false"
"FIW","2009-02-18","13.88","13.88","13.61","13.68","5200","13.35","false"
"FIW","2009-02-17","14.01","14.03","13.81","13.88","13500","13.54","false"
"FIW","2009-02-13","14.43","14.70","14.43","14.54","9800","14.19","false"
"FIW","2009-02-12","14.17","14.41","13.95","14.41","7300","14.06","false"
"FIW","2009-02-11","14.57","14.58","14.25","14.37","7400","14.02","false"
"FIW","2009-02-10","15.05","15.05","14.42","14.45","4400","14.10","false"
"FIW","2009-02-09","14.92","15.14","14.89","14.95","5500","14.59","false"
"FIW","2009-02-06","14.53","15.06","14.53","14.97","3500","14.61","false"
"FIW","2009-02-05","14.36","14.65","14.20","14.49","3700","14.14","false"
"FIW","2009-02-04","14.81","14.83","14.42","14.42","18400","14.07","false"
"FIW","2009-02-03","14.27","14.42","14.19","14.36","3400","14.01","false"
"FIW","2009-02-02","13.93","14.24","13.93","14.20","6200","13.86","false"
"FIW","2009-01-30","14.45","14.45","14.17","14.20","11900","13.86","false"
"FIW","2009-01-29","15.02","15.02","14.65","14.68","3700","14.32","false"
"FIW","2009-01-28","15.04","15.26","15.01","15.14","12400","14.77","false"
"FIW","2009-01-27","14.70","14.86","14.62","14.73","14100","14.37","false"
"FIW","2009-01-26","14.54","14.67","14.28","14.48","5000","14.13","false"
"FIW","2009-01-23","13.95","14.48","13.95","14.28","4700","13.93","false"
"FIW","2009-01-22","14.21","14.52","13.94","14.22","9700","13.87","false"
"FIW","2009-01-21","13.95","14.55","13.95","14.55","2700","14.20","false"
"FIW","2009-01-20","14.27","14.29","13.89","13.89","4900","13.55","false"
"FIW","2009-01-16","14.88","14.97","14.50","14.93","24500","14.57","false"
"FIW","2009-01-15","14.51","14.75","13.95","14.52","13700","14.17","false"
"FIW","2009-01-14","14.75","14.80","14.36","14.44","7500","14.09","false"
"FIW","2009-01-13","14.96","15.02","14.78","15.02","4100","14.66","false"
"FIW","2009-01-12","15.37","15.37","14.81","14.89","5200","14.53","false"
"FIW","2009-01-09","15.82","15.82","15.34","15.35","3300","14.98","false"
"FIW","2009-01-08","15.51","15.81","15.51","15.81","7900","15.43","false"
"FIW","2009-01-07","15.82","15.90","15.74","15.74","3300","15.36","false"
"FIW","2009-01-06","16.25","16.42","16.10","16.30","81400","15.90","false"
"FIW","2009-01-05","16.84","16.84","15.89","16.12","6900","15.73","false"
"FIW","2009-01-02","15.69","16.13","15.59","16.00","7500","15.61","false"
"FIW","2010-12-31","22.25","22.30","22.17","22.17","7600","22.04","false"
"FIW","2010-12-30","22.40","22.40","22.30","22.30","13700","22.17","false"
"FIW","2010-12-29","22.29","22.36","22.28","22.31","8800","22.18","false"
"FIW","2010-12-28","22.40","22.40","22.16","22.26","11800","22.13","false"
"FIW","2010-12-27","22.45","22.45","22.13","22.31","11000","22.18","false"
"FIW","2010-12-23","22.33","22.36","22.29","22.36","6200","22.23","false"
"FIW","2010-12-22","22.44","22.44","22.24","22.24","17600","22.11","false"
"FIW","2010-12-21","22.49","22.49","22.31","22.35","13600","22.22","false"
"FIW","2010-12-20","22.40","22.48","22.27","22.43","2800","22.26","false"
"FIW","2010-12-17","22.27","22.30","22.09","22.25","17600","22.08","false"
"FIW","2010-12-16","22.09","22.23","22.04","22.23","37700","22.06","false"
"FIW","2010-12-15","22.18","22.35","22.12","22.18","10700","22.01","false"
"FIW","2010-12-14","22.26","22.28","22.14","22.15","9300","21.98","false"
"FIW","2010-12-13","22.16","22.26","22.14","22.15","23200","21.98","false"
"FIW","2010-12-10","21.91","22.01","21.68","21.98","15500","21.81","false"
"FIW","2010-12-09","21.83","21.83","21.66","21.69","14500","21.52","false"
"FIW","2010-12-08","21.81","21.81","21.58","21.64","11700","21.47","false"
"FIW","2010-12-07","21.66","21.76","21.61","21.61","17800","21.44","false"
"FIW","2010-12-06","21.34","21.53","21.25","21.50","192400","21.33","false"
"FIW","2010-12-03","21.02","21.35","21.02","21.35","28300","21.18","false"
"FIW","2010-12-02","20.91","21.16","20.88","21.15","4900","20.99","false"
"FIW","2010-12-01","21.02","21.02","20.87","20.89","7500","20.73","false"
"FIW","2010-11-30","20.39","20.58","20.38","20.47","8500","20.31","false"
"FIW","2010-11-29","20.85","20.85","20.36","20.71","13300","20.55","false"
"FIW","2010-11-26","20.90","20.90","20.85","20.88","3200","20.72","false"
"FIW","2010-11-24","20.66","20.98","20.66","20.96","3800","20.80","false"
"FIW","2010-11-23","20.52","20.52","20.38","20.43","5200","20.27","false"
"FIW","2010-11-22","20.65","20.79","20.49","20.76","8100","20.60","false"
"FIW","2010-11-19","20.68","20.77","20.51","20.77","4600","20.61","false"
"FIW","2010-11-18","20.55","20.76","20.55","20.64","2400","20.48","false"
"FIW","2010-11-17","20.45","20.45","20.29","20.34","8500","20.18","false"
"FIW","2010-11-16","20.46","20.46","20.16","20.25","10800","20.09","false"
"FIW","2010-11-15","20.67","20.85","20.64","20.70","6400","20.54","false"
"FIW","2010-11-12","20.91","20.91","20.58","20.58","20100","20.42","false"
"FIW","2010-11-11","20.91","21.06","20.85","21.02","5400","20.86","false"
"FIW","2010-11-10","20.79","21.06","20.61","21.06","7700","20.90","false"
"FIW","2010-11-09","21.10","21.10","20.71","20.78","46200","20.62","false"
"FIW","2010-11-08","20.88","21.07","20.85","21.01","10000","20.85","false"
"FIW","2010-11-05","20.88","21.03","20.80","21.03","9900","20.87","false"
"FIW","2010-11-04","20.60","20.91","20.60","20.91","15500","20.75","false"
"FIW","2010-11-03","20.25","20.31","20.09","20.30","5700","20.14","false"
"FIW","2010-11-02","20.01","20.19","20.01","20.19","5000","20.03","false"
"FIW","2010-11-01","20.24","20.27","19.73","19.88","9200","19.73","false"
"FIW","2010-10-29","19.97","20.11","19.95","20.11","10700","19.95","false"
"FIW","2010-10-28","20.44","20.44","19.94","19.98","8700","19.83","false"
"FIW","2010-10-27","20.11","20.11","19.88","20.10","24100","19.94","false"
"FIW","2010-10-26","20.43","20.43","20.09","20.20","3600","20.04","false"
"FIW","2010-10-25","20.42","20.59","20.32","20.35","4900","20.19","false"
"FIW","2010-10-22","20.33","20.33","20.18","20.27","24600","20.11","false"
"FIW","2010-10-21","20.34","20.54","20.05","20.21","26100","20.05","false"
"FIW","2010-10-20","19.98","20.34","19.98","20.29","18200","20.13","false"
"FIW","2010-10-19","19.92","20.14","19.67","19.67","8200","19.52","false"
"FIW","2010-10-18","20.09","20.30","20.09","20.30","5900","20.14","false"
"FIW","2010-10-15","20.21","20.21","19.97","20.15","5300","19.99","false"
"FIW","2010-10-14","20.17","20.24","20.00","20.09","10200","19.93","false"
"FIW","2010-10-13","20.00","20.33","19.95","20.31","7700","20.15","false"
"FIW","2010-10-12","19.76","19.84","19.71","19.83","10500","19.68","false"
"FIW","2010-10-11","19.81","19.93","19.74","19.84","7900","19.69","false"
"FIW","2010-10-08","19.55","19.87","19.49","19.87","8100","19.72","false"
"FIW","2010-10-07","19.52","19.65","19.39","19.49","22500","19.34","false"
"FIW","2010-10-06","19.38","19.53","19.38","19.47","9800","19.32","false"
"FIW","2010-10-05","19.16","19.45","19.16","19.43","5200","19.28","false"
"FIW","2010-10-04","19.15","19.15","18.92","18.95","2600","18.80","false"
"FIW","2010-10-01","19.29","19.29","19.13","19.28","3700","19.13","false"
"FIW","2010-09-30","19.25","19.25","18.93","19.12","17000","18.97","false"
"FIW","2010-09-29","18.99","19.16","18.99","19.10","9500","18.95","false"
"FIW","2010-09-28","19.00","19.01","18.71","19.01","5400","18.86","false"
"FIW","2010-09-27","18.99","19.05","18.88","18.96","12500","18.81","false"
"FIW","2010-09-24","18.66","18.97","18.66","18.97","18600","18.82","false"
"FIW","2010-09-23","18.49","18.70","18.38","18.38","8000","18.24","false"
"FIW","2010-09-22","18.63","18.77","18.52","18.65","16500","18.51","false"
"FIW","2010-09-21","18.83","18.91","18.75","18.75","18600","18.60","false"
"FIW","2010-09-20","18.53","18.86","18.49","18.86","8000","18.71","false"
"FIW","2010-09-17","18.37","18.53","18.28","18.53","8500","18.39","false"
"FIW","2010-09-16","18.45","18.46","18.27","18.34","7300","18.20","false"
"FIW","2010-09-15","18.32","18.53","18.31","18.50","8900","18.36","false"
"FIW","2010-09-14","18.52","18.55","18.44","18.49","3700","18.35","false"
"FIW","2010-09-13","18.34","18.55","18.34","18.55","9300","18.41","false"
"FIW","2010-09-10","18.14","18.26","18.14","18.19","4200","18.05","false"
"FIW","2010-09-09","18.25","18.25","18.00","18.11","2900","17.97","false"
"FIW","2010-09-08","17.94","18.19","17.94","18.02","12700","17.88","false"
"FIW","2010-09-07","18.03","18.06","17.93","17.93","7800","17.79","false"
"FIW","2010-09-03","18.14","18.24","17.97","18.23","11700","18.09","false"
"FIW","2010-09-02","17.79","17.95","17.79","17.95","6400","17.81","false"
"FIW","2010-09-01","17.40","17.77","17.40","17.77","13900","17.63","false"
"FIW","2010-08-31","17.11","17.28","17.04","17.16","8700","17.03","false"
"FIW","2010-08-30","17.52","17.54","17.26","17.26","1900","17.13","false"
"FIW","2010-08-27","17.37","17.62","17.17","17.58","5500","17.44","false"
"FIW","2010-08-26","17.43","17.52","17.26","17.30","9300","17.17","false"
"FIW","2010-08-25","17.00","17.30","16.90","17.23","31000","17.10","false"
"FIW","2010-08-24","17.23","17.32","17.15","17.27","13000","17.14","false"
"FIW","2010-08-23","17.76","17.76","17.45","17.45","6600","17.31","false"
"FIW","2010-08-20","17.50","17.55","17.40","17.55","2900","17.41","false"
"FIW","2010-08-19","17.97","17.97","17.53","17.56","18700","17.42","false"
"FIW","2010-08-18","17.92","18.16","17.90","18.01","8800","17.87","false"
"FIW","2010-08-17","17.90","18.23","17.90","18.09","10300","17.95","false"
"FIW","2010-08-16","17.58","17.79","17.52","17.76","6100","17.62","false"
"FIW","2010-08-13","17.73","17.81","17.68","17.74","36400","17.60","false"
"FIW","2010-08-12","17.62","17.81","17.45","17.74","12800","17.60","false"
"FIW","2010-08-11","18.05","18.05","17.80","17.84","8600","17.70","false"
"FIW","2010-08-10","18.66","18.66","18.35","18.42","19900","18.28","false"
"FIW","2010-08-09","18.76","18.85","18.65","18.84","15400","18.69","false"
"FIW","2010-08-06","18.74","18.78","18.50","18.70","9300","18.56","false"
"FIW","2010-08-05","19.03","19.03","18.67","18.91","9400","18.76","false"
"FIW","2010-08-04","18.90","18.95","18.88","18.95","21900","18.80","false"
"FIW","2010-08-03","18.94","19.00","18.68","18.96","5300","18.81","false"
"FIW","2010-08-02","18.97","19.07","18.93","18.99","4600","18.84","false"
"FIW","2010-07-30","18.51","18.68","18.46","18.58","3700","18.44","false"
"FIW","2010-07-29","18.91","18.91","18.53","18.70","13900","18.56","false"
"FIW","2010-07-28","18.79","18.90","18.53","18.61","8700","18.47","false"
"FIW","2010-07-27","19.06","19.07","18.87","18.89","7600","18.74","false"
"FIW","2010-07-26","18.83","18.94","18.79","18.94","11800","18.79","false"
"FIW","2010-07-23","18.24","18.62","18.20","18.62","5600","18.48","false"
"FIW","2010-07-22","18.01","18.28","18.01","18.27","10100","18.13","false"
"FIW","2010-07-21","18.10","18.16","17.75","17.81","13100","17.67","false"
"FIW","2010-07-20","17.60","18.02","17.53","18.02","10800","17.88","false"
"FIW","2010-07-19","17.64","17.66","17.50","17.61","10100","17.47","false"
"FIW","2010-07-16","17.78","17.78","17.54","17.54","4100","17.40","false"
"FIW","2010-07-15","18.39","18.39","17.94","18.02","6400","17.88","false"
"FIW","2010-07-14","18.17","18.35","18.12","18.20","6700","18.06","false"
"FIW","2010-07-13","18.07","18.35","18.00","18.32","27700","18.18","false"
"FIW","2010-07-12","17.97","18.12","17.76","17.78","7700","17.64","false"
"FIW","2010-07-09","18.15","18.17","17.99","18.08","6900","17.94","false"
"FIW","2010-07-08","18.02","18.05","17.81","18.05","2800","17.91","false"
"FIW","2010-07-07","17.24","17.70","17.24","17.70","8800","17.56","false"
"FIW","2010-07-06","17.80","17.80","17.12","17.16","9200","17.03","false"
"FIW","2010-07-02","17.48","17.48","17.27","17.47","4700","17.33","false"
"FIW","2010-07-01","17.45","17.45","17.06","17.42","23300","17.28","false"
"FIW","2010-06-30","17.60","17.89","17.48","17.49","17700","17.35","false"
"FIW","2010-06-29","18.01","18.02","17.53","17.53","20500","17.39","false"
"FIW","2010-06-28","18.32","18.48","18.22","18.42","2800","18.28","false"
"FIW","2010-06-25","18.23","18.23","17.90","18.15","5900","18.01","false"
"FIW","2010-06-24","18.15","18.32","18.05","18.05","4600","17.91","false"
"FIW","2010-06-23","18.45","18.45","18.14","18.33","7300","18.19","false"
"FIW","2010-06-22","18.65","18.80","18.28","18.28","7800","18.14","false"
"FIW","2010-06-21","19.26","19.26","18.79","18.79","6100","18.55","false"
"FIW","2010-06-18","19.03","19.07","18.93","19.04","3800","18.80","false"
"FIW","2010-06-17","18.93","18.95","18.70","18.95","6600","18.71","false"
"FIW","2010-06-16","18.84","18.99","18.84","18.90","18100","18.66","false"
"FIW","2010-06-15","18.67","18.98","18.64","18.98","6800","18.74","false"
"FIW","2010-06-14","18.52","18.66","18.41","18.41","6600","18.17","false"
"FIW","2010-06-11","18.17","18.31","18.13","18.29","3500","18.06","false"
"FIW","2010-06-10","17.95","18.15","17.92","18.15","9600","17.92","false"
"FIW","2010-06-09","17.76","17.97","17.58","17.63","15600","17.40","false"
"FIW","2010-06-08","17.42","17.60","17.35","17.60","15600","17.38","false"
"FIW","2010-06-07","17.75","17.85","17.46","17.46","9500","17.24","false"
"FIW","2010-06-04","18.34","18.36","17.87","17.88","14400","17.65","false"
"FIW","2010-06-03","18.50","18.75","18.50","18.69","24600","18.45","false"
"FIW","2010-06-02","18.20","18.46","18.12","18.46","7000","18.22","false"
"FIW","2010-06-01","18.50","18.62","18.13","18.13","16700","17.90","false"
"FIW","2010-05-28","18.90","18.90","18.55","18.65","12500","18.41","false"
"FIW","2010-05-27","18.68","18.86","18.60","18.86","6400","18.62","false"
"FIW","2010-05-26","18.40","18.55","18.26","18.30","12600","18.07","false"
"FIW","2010-05-25","17.86","18.22","17.64","18.19","81500","17.96","false"
"FIW","2010-05-24","18.39","18.59","18.35","18.44","28700","18.20","false"
"FIW","2010-05-21","17.94","18.54","17.90","18.46","156000","18.22","false"
"FIW","2010-05-20","18.59","18.67","18.25","18.25","19800","18.02","false"
"FIW","2010-05-19","19.25","19.25","18.90","19.07","15500","18.83","false"
"FIW","2010-05-18","19.96","19.96","19.35","19.37","15300","19.12","false"
"FIW","2010-05-17","19.93","19.93","19.41","19.73","11500","19.48","false"
"FIW","2010-05-14","19.80","19.82","19.66","19.71","6300","19.46","false"
"FIW","2010-05-13","20.31","20.45","20.23","20.27","8800","20.01","false"
"FIW","2010-05-12","20.05","20.33","20.02","20.30","14500","20.04","false"
"FIW","2010-05-11","19.63","20.10","19.63","19.94","16600","19.69","false"
"FIW","2010-05-10","19.78","19.78","19.58","19.78","23500","19.53","false"
"FIW","2010-05-07","19.20","19.33","18.79","18.82","20500","18.58","false"
"FIW","2010-05-06","19.90","20.95","18.45","19.40","23100","19.15","false"
"FIW","2010-05-05","20.13","20.22","19.96","20.04","14300","19.78","false"
"FIW","2010-05-04","20.55","20.56","20.21","20.30","16700","20.04","false"
"FIW","2010-05-03","20.61","20.91","20.61","20.85","11700","20.58","false"
"FIW","2010-04-30","20.96","20.96","20.50","20.50","27900","20.24","false"
"FIW","2010-04-29","20.64","20.95","20.55","20.95","12100","20.68","false"
"FIW","2010-04-28","20.55","20.60","20.52","20.60","2000","20.34","false"
"FIW","2010-04-27","20.83","20.94","20.45","20.49","12200","20.23","false"
"FIW","2010-04-26","21.21","21.21","21.00","21.02","75500","20.75","false"
"FIW","2010-04-23","21.00","21.17","20.89","21.17","10000","20.90","false"
"FIW","2010-04-22","20.64","20.96","20.56","20.93","26500","20.66","false"
"FIW","2010-04-21","20.68","20.77","20.63","20.76","7200","20.49","false"
"FIW","2010-04-20","20.55","20.65","20.51","20.65","12800","20.39","false"
"FIW","2010-04-19","20.50","20.50","20.15","20.40","28200","20.14","false"
"FIW","2010-04-16","20.69","20.69","20.38","20.56","14500","20.30","false"
"FIW","2010-04-15","20.71","20.78","20.67","20.76","15500","20.49","false"
"FIW","2010-04-14","20.57","20.72","20.50","20.72","21700","20.46","false"
"FIW","2010-04-13","20.42","20.48","20.38","20.48","10500","20.22","false"
"FIW","2010-04-12","20.56","20.56","20.41","20.48","26200","20.22","false"
"FIW","2010-04-09","20.31","20.51","20.31","20.51","16600","20.25","false"
"FIW","2010-04-08","20.29","20.40","20.20","20.34","11400","20.08","false"
"FIW","2010-04-07","20.44","20.44","20.24","20.33","241500","20.07","false"
"FIW","2010-04-06","20.30","20.48","20.29","20.42","5300","20.16","false"
"FIW","2010-04-05","20.23","20.39","20.15","20.39","24800","20.13","false"
"FIW","2010-04-01","20.13","20.18","20.03","20.16","14400","19.90","false"
"FIW","2010-03-31","19.90","20.08","19.87","19.91","18200","19.66","false"
"FIW","2010-03-30","19.95","20.00","19.86","19.95","8400","19.70","false"
"FIW","2010-03-29","19.87","19.90","19.79","19.90","29200","19.65","false"
"FIW","2010-03-26","19.68","19.79","19.59","19.66","12900","19.41","false"
"FIW","2010-03-25","19.86","19.95","19.63","19.63","19000","19.38","false"
"FIW","2010-03-24","19.86","19.86","19.73","19.73","24200","19.48","false"
"FIW","2010-03-23","19.73","19.93","19.67","19.92","20500","19.67","false"
"FIW","2010-03-22","19.40","19.68","19.34","19.66","24500","19.41","false"
"FIW","2010-03-19","19.64","19.65","19.45","19.49","15600","19.24","false"
"FIW","2010-03-18","19.67","19.72","19.62","19.65","7200","19.40","false"
"FIW","2010-03-17","19.60","19.70","19.60","19.64","8200","19.39","false"
"FIW","2010-03-16","19.56","19.56","19.42","19.46","15400","19.21","false"
"FIW","2010-03-15","19.44","19.47","19.36","19.45","10200","19.20","false"
"FIW","2010-03-12","19.58","19.58","19.44","19.48","7800","19.23","false"
"FIW","2010-03-11","19.44","19.53","19.31","19.50","11600","19.25","false"
"FIW","2010-03-10","19.43","19.55","19.39","19.49","15400","19.24","false"
"FIW","2010-03-09","19.37","19.51","19.37","19.43","30400","19.18","false"
"FIW","2010-03-08","19.51","19.53","19.41","19.44","11300","19.19","false"
"FIW","2010-03-05","19.39","19.51","19.36","19.51","16800","19.26","false"
"FIW","2010-03-04","19.27","19.38","19.23","19.31","8700","19.06","false"
"FIW","2010-03-03","19.11","19.37","19.11","19.24","12700","18.99","false"
"FIW","2010-03-02","18.94","19.05","18.91","19.00","7600","18.76","false"
"FIW","2010-03-01","18.63","18.90","18.63","18.83","11800","18.59","false"
"FIW","2010-02-26","18.50","18.54","18.38","18.52","7200","18.28","false"
"FIW","2010-02-25","18.21","18.47","18.13","18.46","15600","18.22","false"
"FIW","2010-02-24","18.41","18.51","18.36","18.44","14300","18.20","false"
"FIW","2010-02-23","18.56","18.59","18.31","18.31","9500","18.08","false"
"FIW","2010-02-22","18.39","18.67","18.37","18.60","16400","18.36","false"
"FIW","2010-02-19","18.35","18.54","18.30","18.46","11800","18.22","false"
"FIW","2010-02-18","18.15","18.36","18.15","18.35","20900","18.12","false"
"FIW","2010-02-17","18.08","18.13","18.02","18.13","7600","17.90","false"
"FIW","2010-02-16","17.95","18.03","17.93","18.03","7900","17.80","false"
"FIW","2010-02-12","17.53","17.80","17.53","17.80","8100","17.57","false"
"FIW","2010-02-11","17.28","17.66","17.28","17.66","4600","17.43","false"
"FIW","2010-02-10","17.43","17.44","17.19","17.38","36700","17.16","false"
"FIW","2010-02-09","17.35","17.48","17.30","17.40","20800","17.18","false"
"FIW","2010-02-08","17.28","17.38","17.21","17.21","8900","16.99","false"
"FIW","2010-02-05","17.37","17.37","17.00","17.36","53000","17.14","false"
"FIW","2010-02-04","17.79","17.80","17.43","17.46","27200","17.24","false"
"FIW","2010-02-03","17.93","18.05","17.87","17.93","10200","17.70","false"
"FIW","2010-02-02","17.87","18.03","17.82","18.02","36700","17.79","false"
"FIW","2010-02-01","17.64","17.84","17.64","17.82","15900","17.59","false"
"FIW","2010-01-29","17.78","17.84","17.59","17.59","19200","17.37","false"
"FIW","2010-01-28","17.96","17.96","17.62","17.69","10700","17.46","false"
"FIW","2010-01-27","18.04","18.06","17.85","18.06","12700","17.83","false"
"FIW","2010-01-26","18.20","18.24","18.09","18.13","9100","17.90","false"
"FIW","2010-01-25","18.25","18.30","18.17","18.19","14200","17.96","false"
"FIW","2010-01-22","18.49","18.49","18.16","18.17","13000","17.94","false"
"FIW","2010-01-21","18.93","18.93","18.48","18.49","17200","18.25","false"
"FIW","2010-01-20","19.04","19.04","18.74","18.91","10300","18.67","false"
"FIW","2010-01-19","19.01","19.21","18.93","19.19","29100","18.94","false"
"FIW","2010-01-15","19.25","19.25","18.92","19.05","5600","18.81","false"
"FIW","2010-01-14","19.18","19.29","19.13","19.29","10500","19.04","false"
"FIW","2010-01-13","19.18","19.26","19.06","19.26","21700","19.01","false"
"FIW","2010-01-12","19.22","19.25","19.07","19.16","9000","18.92","false"
"FIW","2010-01-11","19.39","19.40","19.28","19.36","13600","19.11","false"
"FIW","2010-01-08","19.09","19.33","19.09","19.33","7000","19.08","false"
"FIW","2010-01-07","18.99","19.16","18.89","19.15","5100","18.91","false"
"FIW","2010-01-06","18.91","19.04","18.91","19.02","25300","18.78","false"
"FIW","2010-01-05","19.05","19.05","18.85","18.95","12200","18.71","false"
"FIW","2010-01-04","18.86","19.06","18.86","18.99","38100","18.75","false"
"FIW","2011-06-24","22.17","22.29","21.98","21.99","8900","21.99","false"
"FIW","2011-06-23","22.25","22.25","21.64","22.17","15900","22.17","false"
"FIW","2011-06-22","22.37","22.55","22.37","22.38","14700","22.38","false"
"FIW","2011-06-21","22.16","22.51","22.16","22.51","7700","22.51","false"
"FIW","2011-06-20","21.92","22.19","21.92","22.05","3900","21.92","false"
"FIW","2011-06-17","22.17","22.21","21.95","22.03","6700","21.91","false"
"FIW","2011-06-16","21.93","22.11","21.73","21.90","8900","21.78","false"
"FIW","2011-06-15","22.09","22.13","21.82","21.87","31700","21.75","false"
"FIW","2011-06-14","22.04","22.35","22.04","22.25","14400","22.12","false"
"FIW","2011-06-13","21.83","21.88","21.75","21.86","5700","21.74","false"
"FIW","2011-06-10","21.97","21.97","21.72","21.75","14200","21.63","false"
"FIW","2011-06-09","21.92","22.15","21.92","22.02","9000","21.90","false"
"FIW","2011-06-08","22.01","22.11","21.88","21.89","33900","21.77","false"
"FIW","2011-06-07","22.22","22.32","22.12","22.12","21200","21.99","false"
"FIW","2011-06-06","22.29","22.34","22.08","22.12","18700","21.99","false"
"FIW","2011-06-03","22.50","22.54","22.34","22.36","25100","22.23","false"
"FIW","2011-06-02","22.76","22.86","22.61","22.68","10500","22.55","false"
"FIW","2011-06-01","23.43","23.43","22.73","22.73","37500","22.60","false"
"FIW","2011-05-31","23.31","23.49","23.12","23.47","33100","23.34","false"
"FIW","2011-05-27","22.96","23.15","22.95","23.02","60900","22.89","false"
"FIW","2011-05-26","22.69","22.90","22.60","22.90","7200","22.77","false"
"FIW","2011-05-25","22.48","22.79","22.48","22.78","5100","22.65","false"
"FIW","2011-05-24","22.56","22.58","22.38","22.44","6700","22.31","false"
"FIW","2011-05-23","22.57","22.66","22.48","22.62","19700","22.49","false"
"FIW","2011-05-20","23.07","23.12","22.90","23.03","30200","22.90","false"
"FIW","2011-05-19","23.18","23.29","23.04","23.17","18100","23.04","false"
"FIW","2011-05-18","22.65","23.05","22.65","23.05","29500","22.92","false"
"FIW","2011-05-17","22.65","22.78","22.60","22.64","5400","22.51","false"
"FIW","2011-05-16","22.90","23.09","22.81","22.81","4900","22.68","false"
"FIW","2011-05-13","23.26","23.36","22.96","22.96","43200","22.83","false"
"FIW","2011-05-12","23.06","23.44","22.97","23.37","9400","23.24","false"
"FIW","2011-05-11","23.51","23.52","23.14","23.23","11900","23.10","false"
"FIW","2011-05-10","23.29","23.58","23.29","23.58","21200","23.45","false"
"FIW","2011-05-09","23.03","23.21","23.02","23.20","64000","23.07","false"
"FIW","2011-05-06","23.17","23.28","22.96","22.99","17700","22.86","false"
"FIW","2011-05-05","23.00","23.11","22.80","22.91","51200","22.78","false"
"FIW","2011-05-04","23.44","23.44","23.00","23.16","12000","23.03","false"
"FIW","2011-05-03","23.52","23.61","23.29","23.43","35000","23.30","false"
"FIW","2011-05-02","23.89","24.40","23.66","23.67","19000","23.54","false"
"FIW","2011-04-29","23.92","23.93","23.81","23.83","29000","23.69","false"
"FIW","2011-04-28","23.71","23.85","23.71","23.84","17500","23.70","false"
"FIW","2011-04-27","24.05","24.05","23.57","23.81","13800","23.68","false"
"FIW","2011-04-26","23.61","23.87","23.47","23.77","46700","23.64","false"
"FIW","2011-04-25","23.34","23.51","23.15","23.24","7200","23.11","false"
"FIW","2011-04-21","23.35","23.36","23.24","23.35","41900","23.22","false"
"FIW","2011-04-20","23.18","23.18","23.03","23.14","11600","23.01","false"
"FIW","2011-04-19","22.83","22.84","22.68","22.77","6400","22.64","false"
"FIW","2011-04-18","22.66","22.69","22.45","22.65","34000","22.52","false"
"FIW","2011-04-15","22.98","23.13","22.85","23.06","16000","22.93","false"
"FIW","2011-04-14","22.72","22.92","22.64","22.85","36800","22.72","false"
"FIW","2011-04-13","23.15","23.15","22.74","22.86","20200","22.73","false"
"FIW","2011-04-12","23.23","23.23","22.81","22.94","32600","22.81","false"
"FIW","2011-04-11","23.50","23.50","23.09","23.21","24000","23.08","false"
"FIW","2011-04-08","23.77","23.77","23.29","23.34","15400","23.21","false"
"FIW","2011-04-07","23.99","23.99","23.60","23.60","17000","23.47","false"
"FIW","2011-04-06","24.18","24.18","23.82","23.85","36100","23.71","false"
"FIW","2011-04-05","23.80","23.96","23.72","23.82","17400","23.68","false"
"FIW","2011-04-04","23.71","23.89","23.71","23.84","11100","23.70","false"
"FIW","2011-04-01","23.79","23.79","23.66","23.70","14700","23.57","false"
"FIW","2011-03-31","23.64","23.64","23.43","23.59","18200","23.46","false"
"FIW","2011-03-30","23.61","23.61","23.39","23.48","12900","23.35","false"
"FIW","2011-03-29","23.06","23.35","23.00","23.34","13900","23.21","false"
"FIW","2011-03-28","23.15","23.20","22.96","22.96","12300","22.83","false"
"FIW","2011-03-25","23.07","23.32","23.07","23.11","12200","22.98","false"
"FIW","2011-03-24","22.89","23.06","22.80","23.00","69200","22.87","false"
"FIW","2011-03-23","22.77","22.88","22.61","22.81","37200","22.68","false"
"FIW","2011-03-22","22.87","22.89","22.77","22.87","26300","22.74","false"
"FIW","2011-03-21","22.79","22.86","22.71","22.78","25000","22.65","false"
"FIW","2011-03-18","22.37","22.44","22.24","22.35","30700","22.22","false"
"FIW","2011-03-17","22.50","22.50","22.07","22.14","76600","22.01","false"
"FIW","2011-03-16","22.26","22.26","21.80","21.96","10700","21.84","false"
"FIW","2011-03-15","22.00","22.29","21.58","22.18","67300","22.05","false"
"FIW","2011-03-14","22.29","22.43","22.20","22.43","32200","22.30","false"
"FIW","2011-03-11","22.21","22.37","22.10","22.35","22100","22.22","false"
"FIW","2011-03-10","22.63","22.63","22.14","22.20","19300","22.07","false"
"FIW","2011-03-09","22.73","22.77","22.62","22.70","9700","22.57","false"
"FIW","2011-03-08","22.48","22.81","22.42","22.76","14300","22.63","false"
"FIW","2011-03-07","22.89","22.98","22.18","22.42","38300","22.29","false"
"FIW","2011-03-04","23.02","23.02","22.52","22.69","6700","22.56","false"
"FIW","2011-03-03","22.54","22.90","22.48","22.90","32900","22.77","false"
"FIW","2011-03-02","22.17","22.39","22.17","22.33","32900","22.20","false"
"FIW","2011-03-01","22.77","22.77","22.21","22.27","16400","22.14","false"
"FIW","2011-02-28","22.69","22.80","22.55","22.67","21600","22.54","false"
"FIW","2011-02-25","22.32","22.60","22.32","22.60","19400","22.47","false"
"FIW","2011-02-24","22.28","22.38","22.08","22.25","13900","22.12","false"
"FIW","2011-02-23","22.65","22.65","22.10","22.23","35700","22.10","false"
"FIW","2011-02-22","23.19","23.19","22.56","22.63","27400","22.50","false"
"FIW","2011-02-18","23.36","23.36","23.18","23.29","87900","23.16","false"
"FIW","2011-02-17","23.21","23.21","22.97","23.13","19500","23.00","false"
"FIW","2011-02-16","23.20","23.20","22.92","23.09","45700","22.96","false"
"FIW","2011-02-15","23.19","23.19","22.91","22.94","46300","22.81","false"
"FIW","2011-02-14","23.17","23.17","22.91","23.06","41400","22.93","false"
"FIW","2011-02-11","22.73","22.97","22.65","22.91","16800","22.78","false"
"FIW","2011-02-10","22.61","22.79","22.61","22.73","13500","22.60","false"
"FIW","2011-02-09","22.86","22.86","22.58","22.62","19200","22.49","false"
"FIW","2011-02-08","22.84","22.84","22.74","22.83","7200","22.70","false"
"FIW","2011-02-07","22.82","22.88","22.58","22.75","22000","22.62","false"
"FIW","2011-02-04","22.39","22.63","22.35","22.61","39900","22.48","false"
"FIW","2011-02-03","22.33","22.45","22.22","22.41","34300","22.28","false"
"FIW","2011-02-02","22.67","22.67","22.38","22.41","19400","22.28","false"
"FIW","2011-02-01","22.48","22.85","22.28","22.75","17000","22.62","false"
"FIW","2011-01-31","21.98","22.28","21.98","22.24","24100","22.11","false"
"FIW","2011-01-28","22.49","22.50","21.95","21.98","22000","21.86","false"
"FIW","2011-01-27","22.50","22.56","22.35","22.56","23400","22.43","false"
"FIW","2011-01-26","22.37","22.67","22.29","22.54","40300","22.41","false"
"FIW","2011-01-25","22.03","22.21","21.97","22.21","16000","22.08","false"
"FIW","2011-01-24","21.81","22.19","21.78","22.09","31400","21.96","false"
"FIW","2011-01-21","22.17","22.17","21.85","21.88","22900","21.76","false"
"FIW","2011-01-20","22.22","22.22","21.95","21.96","36100","21.84","false"
"FIW","2011-01-19","22.60","22.66","22.23","22.23","24800","22.10","false"
"FIW","2011-01-18","22.79","22.79","22.53","22.61","8300","22.48","false"
"FIW","2011-01-14","22.69","22.77","22.55","22.72","15000","22.59","false"
"FIW","2011-01-13","22.70","22.70","22.50","22.56","14200","22.43","false"
"FIW","2011-01-12","22.59","22.74","22.59","22.64","14600","22.51","false"
"FIW","2011-01-11","22.37","22.38","22.20","22.33","6500","22.20","false"
"FIW","2011-01-10","22.24","22.24","21.78","22.14","15900","22.01","false"
"FIW","2011-01-07","22.07","22.17","21.88","21.99","15000","21.87","false"
"FIW","2011-01-06","22.39","22.39","21.99","21.99","22700","21.87","false"
"FIW","2011-01-05","22.30","22.34","22.03","22.27","38200","22.14","false"
"FIW","2011-01-04","22.46","22.46","22.00","22.18","16200","22.05","false"
"FIW","2011-01-03","22.73","22.73","22.39","22.40","32300","22.27","false"
