"GCC","2008-12-31","21.40","22.01","21.39","21.92","2600","21.92","false"
"GCC","2008-12-30","21.19","21.46","21.00","21.32","5000","21.32","false"
"GCC","2008-12-29","21.37","21.37","21.08","21.08","800","21.08","false"
"GCC","2008-12-26","20.87","22.20","20.87","21.47","11000","21.47","false"
"GCC","2008-12-24","20.84","20.90","20.77","20.89","8500","20.89","false"
"GCC","2008-12-23","20.89","21.03","20.74","21.03","18300","21.03","false"
"GCC","2008-12-22","21.19","21.19","20.94","21.02","1800","21.02","false"
"GCC","2008-12-19","23.50","23.50","20.92","20.92","16500","20.92","false"
"GCC","2008-12-18","21.47","21.47","21.13","21.29","12400","21.29","false"
"GCC","2008-12-17","23.95","23.95","21.45","21.46","10900","21.46","false"
"GCC","2008-12-16","21.40","21.48","21.21","21.40","2500","21.40","false"
"GCC","2008-12-15","21.27","21.55","20.91","21.18","13300","21.18","false"
"GCC","2008-12-12","20.48","21.01","20.48","20.92","3200","20.92","false"
"GCC","2008-12-11","20.96","21.10","20.81","20.98","21500","20.98","false"
"GCC","2008-12-10","20.88","20.91","20.48","20.55","25300","20.55","false"
"GCC","2008-12-09","20.67","21.00","20.28","20.32","8500","20.32","false"
"GCC","2008-12-08","20.25","20.79","20.25","20.66","14100","20.66","false"
"GCC","2008-12-05","20.08","20.15","19.51","19.75","55400","19.75","false"
"GCC","2008-12-04","20.88","21.66","20.16","20.16","51100","20.16","false"
"GCC","2008-12-03","23.26","23.26","20.83","20.98","6300","20.98","false"
"GCC","2008-12-02","21.28","21.80","20.94","21.05","29900","21.05","false"
"GCC","2008-12-01","21.49","21.49","21.06","21.13","3800","21.13","false"
"GCC","2008-11-28","21.95","21.95","21.78","21.78","600","21.78","false"
"GCC","2008-11-26","21.55","22.08","21.55","22.08","7000","22.08","false"
"GCC","2008-11-25","23.63","23.63","21.50","21.60","38100","21.60","false"
"GCC","2008-11-24","21.63","22.03","21.51","21.88","8700","21.88","false"
"GCC","2008-11-21","18.94","21.14","18.94","20.97","9700","20.97","false"
"GCC","2008-11-20","21.23","21.23","20.37","20.37","6900","20.37","false"
"GCC","2008-11-19","21.39","21.69","21.39","21.40","2900","21.40","false"
"GCC","2008-11-18","21.51","21.69","21.50","21.63","10300","21.63","false"
"GCC","2008-11-17","21.31","21.79","21.31","21.69","15500","21.69","false"
"GCC","2008-11-14","21.85","21.96","21.69","21.83","10000","21.83","false"
"GCC","2008-11-13","21.04","21.76","21.04","21.69","8100","21.69","false"
"GCC","2008-11-12","21.76","21.78","21.43","21.57","4800","21.57","false"
"GCC","2008-11-11","22.02","22.11","21.74","22.02","24800","22.02","false"
"GCC","2008-11-10","22.74","24.30","22.35","22.55","6800","22.55","false"
"GCC","2008-11-07","22.37","22.42","22.23","22.30","2700","22.30","false"
"GCC","2008-11-06","22.70","22.79","22.10","22.26","9200","22.26","false"
"GCC","2008-11-05","23.46","23.46","22.85","22.85","5700","22.85","false"
"GCC","2008-11-04","23.22","23.66","23.22","23.47","29400","23.47","false"
"GCC","2008-11-03","22.78","22.80","22.50","22.66","5200","22.66","false"
"GCC","2008-10-31","22.56","22.80","22.48","22.70","10000","22.70","false"
"GCC","2008-10-30","23.31","23.35","22.64","22.76","16100","22.76","false"
"GCC","2008-10-29","22.52","23.32","22.50","23.18","9000","23.18","false"
"GCC","2008-10-28","22.46","22.48","22.00","22.15","8000","22.15","false"
"GCC","2008-10-27","22.00","22.08","22.00","22.04","2300","22.04","false"
"GCC","2008-10-24","21.40","22.06","21.40","21.86","6900","21.86","false"
"GCC","2008-10-23","22.17","22.73","22.00","22.31","8900","22.31","false"
"GCC","2008-10-22","22.05","22.90","22.05","22.63","6600","22.63","false"
"GCC","2008-10-21","23.29","23.55","23.17","23.47","2800","23.47","false"
"GCC","2008-10-20","23.75","23.86","23.60","23.73","5500","23.73","false"
"GCC","2008-10-17","23.23","23.57","23.23","23.51","7900","23.51","false"
"GCC","2008-10-16","23.58","24.00","22.60","23.08","6800","23.08","false"
"GCC","2008-10-15","24.01","24.19","23.70","23.76","5200","23.76","false"
"GCC","2008-10-14","24.90","25.18","24.63","24.71","11400","24.71","false"
"GCC","2008-10-13","24.03","24.68","24.03","24.63","9600","24.63","false"
"GCC","2008-10-10","24.37","24.56","22.88","23.88","18500","23.88","false"
"GCC","2008-10-09","25.49","25.69","25.32","25.32","7100","25.32","false"
"GCC","2008-10-08","24.98","25.58","24.98","25.48","23000","25.48","false"
"GCC","2008-10-07","25.35","25.65","18.71","25.41","36200","25.41","false"
"GCC","2008-10-06","25.17","25.69","24.94","25.00","26000","25.00","false"
"GCC","2008-10-03","25.18","26.60","25.18","26.18","13200","26.18","false"
"GCC","2008-10-02","27.12","27.14","26.15","26.43","11600","26.43","false"
"GCC","2008-10-01","27.67","27.90","27.52","27.73","10700","27.73","false"
"GCC","2008-09-30","27.46","27.83","26.54","27.62","14700","27.62","false"
"GCC","2008-09-29","28.21","28.54","27.64","27.87","12400","27.87","false"
"GCC","2008-09-26","29.38","29.44","29.13","29.34","48200","29.34","false"
"GCC","2008-09-25","29.53","29.74","29.44","29.60","4300","29.60","false"
"GCC","2008-09-24","29.61","29.91","29.50","29.50","9000","29.50","false"
"GCC","2008-09-23","30.12","30.12","29.43","29.71","14200","29.71","false"
"GCC","2008-09-22","29.64","29.96","29.37","29.95","16500","29.95","false"
"GCC","2008-09-19","29.06","29.06","28.50","28.89","18100","28.89","false"
"GCC","2008-09-18","28.16","29.04","28.16","28.42","13700","28.42","false"
"GCC","2008-09-17","26.89","28.59","26.04","27.05","10000","27.05","false"
"GCC","2008-09-16","27.71","28.00","27.22","27.71","24200","27.71","false"
"GCC","2008-09-15","28.56","28.76","27.97","28.63","4300","28.63","false"
"GCC","2008-09-12","28.73","28.96","28.73","28.84","18200","28.84","false"
"GCC","2008-09-11","28.68","28.68","27.90","28.33","15000","28.33","false"
"GCC","2008-09-10","28.75","29.03","28.53","28.69","59500","28.69","false"
"GCC","2008-09-09","29.44","29.44","28.89","28.89","10100","28.89","false"
"GCC","2008-09-08","30.84","30.84","29.66","29.78","8900","29.78","false"
"GCC","2008-09-05","30.17","30.41","29.86","29.92","19900","29.92","false"
"GCC","2008-09-04","30.35","30.60","30.33","30.51","24000","30.51","false"
"GCC","2008-09-03","30.45","30.63","30.39","30.46","10400","30.46","false"
"GCC","2008-09-02","30.77","30.78","30.39","30.69","13800","30.69","false"
"GCC","2008-08-29","32.24","32.24","31.67","31.71","27500","31.71","false"
"GCC","2008-08-28","32.30","32.32","31.64","31.74","16100","31.74","false"
"GCC","2008-08-27","32.72","32.79","32.07","32.20","26700","32.20","false"
"GCC","2008-08-26","32.05","32.23","31.65","32.15","34900","32.15","false"
"GCC","2008-08-25","32.08","32.08","31.76","31.91","1500","31.91","false"
"GCC","2008-08-22","32.35","32.49","31.96","31.96","4500","31.96","false"
"GCC","2008-08-21","32.04","32.54","32.04","32.54","30300","32.54","false"
"GCC","2008-08-20","32.03","32.03","31.12","31.47","2200","31.47","false"
"GCC","2008-08-19","31.13","31.46","31.11","31.11","9600","31.11","false"
"GCC","2008-08-18","31.51","31.51","30.05","31.07","34500","31.07","false"
"GCC","2008-08-15","31.28","31.28","30.51","30.61","20700","30.61","false"
"GCC","2008-08-14","32.17","32.17","31.35","31.59","5300","31.59","false"
"GCC","2008-08-13","31.45","31.98","31.03","31.82","21200","31.82","false"
"GCC","2008-08-12","30.96","31.19","30.45","31.07","22000","31.07","false"
"GCC","2008-08-11","30.86","31.97","28.50","31.13","46100","31.13","false"
"GCC","2008-08-08","31.73","31.73","30.00","30.00","11000","30.00","false"
"GCC","2008-08-07","33.00","33.00","32.10","32.21","3000","32.21","false"
"GCC","2008-08-06","31.95","32.35","31.94","32.04","8100","32.04","false"
"GCC","2008-08-05","32.02","32.40","32.00","32.07","7900","32.07","false"
"GCC","2008-08-04","33.32","33.32","31.77","32.27","21500","32.27","false"
"GCC","2008-08-01","33.33","33.90","33.33","33.44","17500","33.44","false"
"GCC","2008-07-31","33.80","33.80","33.67","33.75","2800","33.75","false"
"GCC","2008-07-30","33.42","33.68","33.16","33.63","2700","33.63","false"
"GCC","2008-07-29","33.78","33.78","33.02","33.44","7200","33.44","false"
"GCC","2008-07-28","33.44","33.51","33.35","33.51","3300","33.51","false"
"GCC","2008-07-25","33.01","33.50","33.01","33.50","4600","33.50","false"
"GCC","2008-07-24","33.36","33.53","30.26","32.77","30000","32.77","false"
"GCC","2008-07-23","33.95","33.95","33.43","33.50","7700","33.50","false"
"GCC","2008-07-22","34.24","34.53","33.85","34.10","10400","34.10","false"
"GCC","2008-07-21","33.71","34.62","33.25","34.60","11400","34.60","false"
"GCC","2008-07-18","35.19","35.19","34.00","34.61","11700","34.61","false"
"GCC","2008-07-17","35.75","35.93","34.90","35.00","26400","35.00","false"
"GCC","2008-07-16","35.46","35.93","35.42","35.83","9800","35.83","false"
"GCC","2008-07-15","36.17","36.48","35.67","35.89","11600","35.89","false"
"GCC","2008-07-14","37.04","37.04","36.30","36.38","25000","36.38","false"
"GCC","2008-07-11","37.99","37.99","36.40","36.54","44000","36.54","false"
"GCC","2008-07-10","36.48","36.48","35.99","36.46","5800","36.46","false"
"GCC","2008-07-09","35.58","36.02","35.58","36.01","3200","36.01","false"
"GCC","2008-07-08","35.50","35.94","35.50","35.68","13000","35.68","false"
"GCC","2008-07-07","37.15","37.15","33.25","35.82","28400","35.82","false"
"GCC","2008-07-03","37.74","37.74","37.41","37.43","23700","37.43","false"
"GCC","2008-07-02","37.21","37.77","37.18","37.73","32200","37.73","false"
"GCC","2008-07-01","36.83","37.37","36.83","37.37","35000","37.37","false"
"GCC","2008-06-30","37.52","37.52","36.16","36.88","61000","36.88","false"
"GCC","2008-06-27","37.08","37.15","36.92","36.97","4600","36.97","false"
"GCC","2008-06-26","36.33","37.00","36.33","36.99","31000","36.99","false"
"GCC","2008-06-25","36.47","36.47","35.77","36.23","17800","36.23","false"
"GCC","2008-06-24","36.13","36.37","36.12","36.14","8100","36.14","false"
"GCC","2008-06-23","36.39","36.39","35.96","36.28","5900","36.28","false"
"GCC","2008-06-20","36.54","36.54","36.20","36.37","12000","36.37","false"
"GCC","2008-06-19","36.80","36.80","35.93","35.93","11800","35.93","false"
"GCC","2008-06-18","36.41","36.69","36.22","36.69","16300","36.69","false"
"GCC","2008-06-17","34.96","36.18","34.96","36.18","15200","36.18","false"
"GCC","2008-06-16","36.52","36.52","35.87","35.98","22800","35.98","false"
"GCC","2008-06-13","35.64","35.70","35.25","35.57","12800","35.57","false"
"GCC","2008-06-12","35.04","35.45","35.04","35.43","9900","35.43","false"
"GCC","2008-06-11","34.70","35.50","34.70","35.38","36600","35.38","false"
"GCC","2008-06-10","34.58","34.82","34.44","34.57","10400","34.57","false"
"GCC","2008-06-09","34.60","35.02","34.53","34.61","11000","34.61","false"
"GCC","2008-06-06","34.52","35.04","34.45","35.01","11500","35.01","false"
"GCC","2008-06-05","33.65","34.13","33.65","34.13","12800","34.13","false"
"GCC","2008-06-04","33.55","33.62","33.43","33.55","16900","33.55","false"
"GCC","2008-06-03","33.33","33.89","33.33","33.57","5300","33.57","false"
"GCC","2008-06-02","34.16","34.23","33.77","34.02","24000","34.02","false"
"GCC","2008-05-30","33.25","33.74","33.25","33.74","11000","33.74","false"
"GCC","2008-05-29","33.32","33.72","33.12","33.12","7400","33.12","false"
"GCC","2008-05-28","33.84","34.07","33.79","34.04","4100","34.04","false"
"GCC","2008-05-27","34.72","34.72","33.87","33.87","18900","33.87","false"
"GCC","2008-05-23","34.46","34.50","34.31","34.50","14700","34.50","false"
"GCC","2008-05-22","34.62","34.62","34.17","34.18","6200","34.18","false"
"GCC","2008-05-21","33.99","34.74","33.99","34.70","9900","34.70","false"
"GCC","2008-05-20","33.95","34.23","33.95","34.22","21800","34.22","false"
"GCC","2008-05-19","33.92","34.18","33.52","33.87","17500","33.87","false"
"GCC","2008-05-16","33.85","34.21","33.85","34.13","15400","34.13","false"
"GCC","2008-05-15","33.63","34.10","33.63","33.85","5100","33.85","false"
"GCC","2008-05-14","34.05","34.05","33.83","33.83","8700","33.83","false"
"GCC","2008-05-13","34.14","34.19","33.90","34.05","21800","34.05","false"
"GCC","2008-05-12","34.82","34.82","34.29","34.47","5300","34.47","false"
"GCC","2008-05-09","34.52","34.66","34.23","34.66","37700","34.66","false"
"GCC","2008-05-08","33.84","34.24","33.84","34.14","7100","34.14","false"
"GCC","2008-05-07","33.95","33.95","32.97","33.91","2500","33.91","false"
"GCC","2008-05-06","33.35","34.07","33.35","33.84","3900","33.84","false"
"GCC","2008-05-05","33.50","33.55","33.39","33.42","7800","33.42","false"
"GCC","2008-05-02","32.36","33.19","32.36","33.10","17300","33.10","false"
"GCC","2008-05-01","33.22","33.27","28.00","32.47","32600","32.47","false"
"GCC","2008-04-30","33.30","33.63","33.30","33.53","38400","33.53","false"
"GCC","2008-04-29","33.76","33.98","33.40","33.42","21500","33.42","false"
"GCC","2008-04-28","34.29","34.29","33.93","34.07","4800","34.07","false"
"GCC","2008-04-25","33.60","34.10","33.60","33.89","21500","33.89","false"
"GCC","2008-04-24","34.04","34.38","33.57","33.80","10900","33.80","false"
"GCC","2008-04-23","35.34","35.34","34.02","34.38","24100","34.38","false"
"GCC","2008-04-22","33.33","34.45","33.33","34.35","10800","34.35","false"
"GCC","2008-04-21","34.65","34.65","33.61","33.95","16300","33.95","false"
"GCC","2008-04-18","34.93","34.93","34.09","34.22","21600","34.22","false"
"GCC","2008-04-17","35.78","35.78","34.53","34.77","48400","34.77","false"
"GCC","2008-04-16","35.55","35.55","34.26","34.53","84400","34.53","false"
"GCC","2008-04-15","34.46","34.46","34.01","34.43","6200","34.43","false"
"GCC","2008-04-14","33.60","33.99","33.60","33.99","7300","33.99","false"
"GCC","2008-04-11","33.01","34.08","33.01","33.40","6900","33.40","false"
"GCC","2008-04-10","34.75","34.75","33.90","33.98","8700","33.98","false"
"GCC","2008-04-09","33.67","34.10","33.66","34.03","58700","34.03","false"
"GCC","2008-04-08","33.88","33.88","33.35","33.40","8100","33.40","false"
"GCC","2008-04-07","33.50","33.69","33.50","33.58","13700","33.58","false"
"GCC","2008-04-04","33.57","33.84","32.84","33.14","10100","33.14","false"
"GCC","2008-04-03","33.30","33.30","32.29","32.29","9700","32.29","false"
"GCC","2008-04-02","32.04","32.68","32.04","32.63","12300","32.63","false"
"GCC","2008-04-01","32.40","32.40","31.67","32.25","56200","32.25","false"
"GCC","2008-03-31","32.65","33.00","32.12","32.34","19100","32.34","false"
"GCC","2008-03-28","34.25","34.25","32.50","32.95","24400","32.95","false"
"GCC","2008-03-27","33.62","33.62","33.25","33.45","28000","33.45","false"
"GCC","2008-03-26","34.25","34.25","33.28","33.54","35400","33.54","false"
"GCC","2008-03-25","33.00","33.37","32.75","33.22","12800","33.22","false"
"GCC","2008-03-24","31.11","32.54","31.11","32.29","12500","32.29","false"
"GCC","2008-03-20","31.99","32.00","30.55","31.49","76900","31.49","false"
"GCC","2008-03-19","34.25","34.25","32.30","32.30","39000","32.30","false"
"GCC","2008-03-18","33.48","34.24","33.00","34.04","33700","34.04","false"
"GCC","2008-03-17","33.66","34.82","33.50","33.62","66500","33.62","false"
"GCC","2008-03-14","36.05","36.05","35.08","35.36","29200","35.36","false"
"GCC","2008-03-13","33.88","35.98","33.85","35.82","16600","35.82","false"
"GCC","2008-03-12","35.49","35.68","35.25","35.59","33000","35.59","false"
"GCC","2008-03-11","35.03","35.47","35.00","35.35","51200","35.35","false"
"GCC","2008-03-10","35.90","37.00","33.90","34.77","56700","34.77","false"
"GCC","2008-03-07","34.83","35.32","33.90","35.30","50500","35.30","false"
"GCC","2008-03-06","36.30","36.30","35.28","35.47","29800","35.47","false"
"GCC","2008-03-05","35.90","36.54","35.46","36.10","88500","36.10","false"
"GCC","2008-03-04","36.36","36.38","35.20","35.43","67500","35.43","false"
"GCC","2008-03-03","35.99","36.07","35.77","35.91","64400","35.91","false"
"GCC","2008-02-29","35.85","35.85","35.28","35.35","35400","35.35","false"
"GCC","2008-02-28","35.11","35.53","35.00","35.52","83900","35.52","false"
"GCC","2008-02-27","34.94","35.19","34.61","35.03","48000","35.03","false"
"GCC","2008-02-26","34.60","35.31","34.34","35.25","61800","35.25","false"
"GCC","2008-02-25","34.70","34.95","34.34","34.61","54100","34.61","false"
"GCC","2008-02-22","34.60","34.60","34.00","34.41","47800","34.41","false"
"GCC","2008-02-21","34.15","34.16","33.95","34.06","33000","34.06","false"
"GCC","2008-02-20","33.76","33.85","33.48","33.83","24500","33.83","false"
"GCC","2008-02-19","33.70","33.79","33.39","33.77","28200","33.77","false"
"GCC","2008-02-15","33.44","33.46","32.81","33.12","28000","33.12","false"
"GCC","2008-02-14","32.85","33.11","32.37","33.11","19800","33.11","false"
"GCC","2008-02-13","32.25","32.56","32.25","32.50","14300","32.50","false"
"GCC","2008-02-12","32.91","32.91","32.32","32.32","21600","32.32","false"
"GCC","2008-02-11","33.20","33.20","32.60","33.02","65400","33.02","false"
"GCC","2008-02-08","32.28","34.01","32.25","34.01","53500","34.01","false"
"GCC","2008-02-07","31.89","32.14","31.80","32.10","35700","32.10","false"
"GCC","2008-02-06","32.08","32.14","31.87","31.90","27800","31.90","false"
"GCC","2008-02-05","31.85","31.85","31.58","31.69","13200","31.69","false"
"GCC","2008-02-04","31.97","31.97","31.50","31.86","64300","31.86","false"
"GCC","2008-02-01","31.94","32.37","31.50","31.72","222600","31.72","false"
"GCC","2008-01-31","31.56","31.75","31.30","31.70","11600","31.70","false"
"GCC","2008-01-30","31.52","31.90","31.39","31.73","53100","31.73","false"
"GCC","2008-01-29","31.44","31.55","31.37","31.40","15700","31.40","false"
"GCC","2008-01-28","30.95","31.37","30.90","31.37","9900","31.37","false"
"GCC","2008-01-25","30.99","31.11","30.86","31.09","21100","31.09","false"
"GCC","2008-01-24","30.45","30.70","30.45","30.70","8700","30.70","false"
"GCC","2009-12-31","26.53","26.53","26.29","26.32","79500","26.32","false"
"GCC","2009-12-30","26.45","26.45","26.22","26.38","70400","26.38","false"
"GCC","2009-12-29","26.53","26.53","26.37","26.37","89400","26.37","false"
"GCC","2009-12-28","26.50","26.54","26.34","26.49","57000","26.49","false"
"GCC","2009-12-24","26.20","26.58","26.12","26.16","30800","26.16","false"
"GCC","2009-12-23","25.86","26.10","25.80","26.10","73200","26.10","false"
"GCC","2009-12-22","25.82","25.84","25.51","25.77","59700","25.77","false"
"GCC","2009-12-21","26.07","26.10","25.79","25.86","61700","25.86","false"
"GCC","2009-12-18","26.12","26.14","25.79","26.00","41900","26.00","false"
"GCC","2009-12-17","26.15","26.18","25.88","25.97","45400","25.97","false"
"GCC","2009-12-16","26.24","26.39","26.18","26.36","26000","26.36","false"
"GCC","2009-12-15","26.07","26.15","26.02","26.09","92200","26.09","false"
"GCC","2009-12-14","25.90","26.13","25.86","26.11","72500","26.11","false"
"GCC","2009-12-11","25.73","25.74","25.47","25.73","80100","25.73","false"
"GCC","2009-12-10","25.50","25.68","25.36","25.66","93000","25.66","false"
"GCC","2009-12-09","25.77","25.83","25.33","25.48","47500","25.48","false"
"GCC","2009-12-08","25.92","25.92","25.64","25.69","39800","25.69","false"
"GCC","2009-12-07","25.71","26.07","25.70","25.98","82500","25.98","false"
"GCC","2009-12-04","26.23","26.23","25.80","25.87","123000","25.87","false"
"GCC","2009-12-03","26.17","26.27","26.12","26.17","43200","26.17","false"
"GCC","2009-12-02","26.31","26.39","26.09","26.14","152100","26.14","false"
"GCC","2009-12-01","26.31","26.40","26.17","26.26","56600","26.26","false"
"GCC","2009-11-30","25.96","26.11","25.80","26.11","45200","26.11","false"
"GCC","2009-11-27","25.44","25.97","25.33","25.97","118300","25.97","false"
"GCC","2009-11-25","25.69","26.15","25.69","26.13","77900","26.13","false"
"GCC","2009-11-24","25.73","25.73","25.46","25.60","163600","25.60","false"
"GCC","2009-11-23","26.20","26.20","25.72","25.77","64100","25.77","false"
"GCC","2009-11-20","25.54","25.72","25.46","25.72","98000","25.72","false"
"GCC","2009-11-19","25.70","25.74","25.43","25.67","94900","25.67","false"
"GCC","2009-11-18","25.97","26.05","25.74","25.82","55200","25.82","false"
"GCC","2009-11-17","25.68","25.87","25.49","25.87","77600","25.87","false"
"GCC","2009-11-16","25.36","25.84","25.36","25.80","99800","25.80","false"
"GCC","2009-11-13","25.01","25.19","24.98","25.19","101200","25.19","false"
"GCC","2009-11-12","25.67","25.67","24.89","25.00","96600","25.00","false"
"GCC","2009-11-11","25.36","25.51","25.25","25.34","100500","25.34","false"
"GCC","2009-11-10","25.26","25.30","25.01","25.21","104700","25.21","false"
"GCC","2009-11-09","25.28","25.36","25.15","25.35","82100","25.35","false"
"GCC","2009-11-06","25.29","25.37","24.98","25.03","109500","25.03","false"
"GCC","2009-11-05","25.63","25.63","25.33","25.41","52500","25.41","false"
"GCC","2009-11-04","25.68","25.97","25.52","25.63","128300","25.63","false"
"GCC","2009-11-03","25.12","25.56","25.08","25.56","107100","25.56","false"
"GCC","2009-11-02","25.05","25.26","24.95","25.26","2123900","25.26","false"
"GCC","2009-10-30","25.17","25.23","24.84","25.01","64200","25.01","false"
"GCC","2009-10-29","24.96","25.39","24.96","25.37","49800","25.37","false"
"GCC","2009-10-28","25.05","25.10","24.76","24.86","70900","24.86","false"
"GCC","2009-10-27","25.40","25.40","25.12","25.25","139400","25.25","false"
"GCC","2009-10-26","25.81","25.94","25.26","25.37","78300","25.37","false"
"GCC","2009-10-23","26.20","26.20","25.65","25.74","91600","25.74","false"
"GCC","2009-10-22","25.90","26.03","25.80","26.00","65900","26.00","false"
"GCC","2009-10-21","25.68","26.14","25.67","26.05","82000","26.05","false"
"GCC","2009-10-20","25.95","25.96","25.43","25.71","135500","25.71","false"
"GCC","2009-10-19","25.54","25.84","25.51","25.76","73200","25.76","false"
"GCC","2009-10-16","25.27","25.50","25.18","25.45","75400","25.45","false"
"GCC","2009-10-15","25.15","25.32","25.10","25.31","53800","25.31","false"
"GCC","2009-10-14","25.15","25.21","25.08","25.21","91500","25.21","false"
"GCC","2009-10-13","24.92","25.04","24.83","25.01","74100","25.01","false"
"GCC","2009-10-12","24.71","24.98","24.67","24.94","55700","24.94","false"
"GCC","2009-10-09","24.63","24.75","24.40","24.54","96400","24.54","false"
"GCC","2009-10-08","24.23","24.60","24.18","24.53","132900","24.53","false"
"GCC","2009-10-07","24.11","24.18","23.99","24.16","58200","24.16","false"
"GCC","2009-10-06","23.86","24.22","23.86","24.06","49000","24.06","false"
"GCC","2009-10-05","23.44","23.75","23.39","23.71","25100","23.71","false"
"GCC","2009-10-02","23.36","23.57","23.30","23.42","79600","23.42","false"
"GCC","2009-10-01","23.93","23.93","23.52","23.63","87500","23.63","false"
"GCC","2009-09-30","23.59","24.03","23.44","23.97","66300","23.97","false"
"GCC","2009-09-29","23.51","23.58","23.41","23.50","64500","23.50","false"
"GCC","2009-09-28","23.45","23.63","23.31","23.53","152200","23.53","false"
"GCC","2009-09-25","23.62","23.62","23.28","23.39","74200","23.39","false"
"GCC","2009-09-24","23.78","23.98","23.42","23.56","60800","23.56","false"
"GCC","2009-09-23","23.89","24.00","23.75","23.89","65700","23.89","false"
"GCC","2009-09-22","23.94","24.01","23.86","24.00","71800","24.00","false"
"GCC","2009-09-21","23.76","24.07","23.53","23.62","58000","23.62","false"
"GCC","2009-09-18","24.19","24.19","23.90","24.05","2185100","24.05","false"
"GCC","2009-09-17","24.09","24.28","24.06","24.15","41900","24.15","false"
"GCC","2009-09-16","24.00","24.28","23.90","24.20","89600","24.20","false"
"GCC","2009-09-15","23.49","23.98","23.37","23.87","45400","23.87","false"
"GCC","2009-09-14","23.26","23.45","23.12","23.35","53600","23.35","false"
"GCC","2009-09-11","23.72","23.73","23.24","23.36","50600","23.36","false"
"GCC","2009-09-10","23.25","23.66","23.10","23.66","55500","23.66","false"
"GCC","2009-09-09","23.28","23.44","23.10","23.20","63700","23.20","false"
"GCC","2009-09-08","23.33","23.35","23.12","23.23","87000","23.23","false"
"GCC","2009-09-04","22.95","22.97","22.73","22.90","254700","22.90","false"
"GCC","2009-09-03","23.09","23.13","22.94","23.11","50100","23.11","false"
"GCC","2009-09-02","22.85","23.09","22.81","23.09","22300","23.09","false"
"GCC","2009-09-01","23.10","23.30","22.87","22.96","68000","22.96","false"
"GCC","2009-08-31","23.20","23.25","22.90","23.08","85000","23.08","false"
"GCC","2009-08-28","23.45","23.51","23.23","23.42","53000","23.42","false"
"GCC","2009-08-27","23.26","23.30","23.03","23.29","138300","23.29","false"
"GCC","2009-08-26","23.20","23.32","23.14","23.25","92400","23.25","false"
"GCC","2009-08-25","23.50","23.56","23.20","23.30","61300","23.30","false"
"GCC","2009-08-24","23.56","23.61","23.40","23.44","77600","23.44","false"
"GCC","2009-08-21","23.50","23.55","23.33","23.41","95500","23.41","false"
"GCC","2009-08-20","23.32","23.33","23.14","23.22","57600","23.22","false"
"GCC","2009-08-19","22.96","23.35","22.93","23.33","58900","23.33","false"
"GCC","2009-08-18","23.01","23.25","22.87","23.22","66700","23.22","false"
"GCC","2009-08-17","23.26","23.26","22.80","23.12","93500","23.12","false"
"GCC","2009-08-14","24.09","24.09","23.57","23.64","80500","23.64","false"
"GCC","2009-08-13","24.27","24.41","24.08","24.19","83300","24.19","false"
"GCC","2009-08-12","23.87","24.15","23.81","24.13","49500","24.13","false"
"GCC","2009-08-11","23.91","24.03","23.82","23.95","72400","23.95","false"
"GCC","2009-08-10","24.02","24.09","23.93","24.03","43100","24.03","false"
"GCC","2009-08-07","24.05","24.09","23.86","23.92","59900","23.92","false"
"GCC","2009-08-06","24.28","24.28","23.86","23.94","88000","23.94","false"
"GCC","2009-08-05","24.25","24.31","24.04","24.30","121000","24.30","false"
"GCC","2009-08-04","24.11","24.30","23.90","24.23","106400","24.23","false"
"GCC","2009-08-03","23.95","24.22","23.86","24.12","46000","24.12","false"
"GCC","2009-07-31","23.13","23.55","23.13","23.52","43100","23.52","false"
"GCC","2009-07-30","22.78","23.22","22.78","23.18","45700","23.18","false"
"GCC","2009-07-29","22.87","22.87","22.50","22.67","50100","22.67","false"
"GCC","2009-07-28","23.13","23.22","22.95","23.07","55800","23.07","false"
"GCC","2009-07-27","23.15","23.32","23.10","23.32","40700","23.32","false"
"GCC","2009-07-24","23.28","23.32","23.13","23.23","44000","23.23","false"
"GCC","2009-07-23","23.05","23.33","23.02","23.28","151200","23.28","false"
"GCC","2009-07-22","22.89","23.08","22.74","23.07","52400","23.07","false"
"GCC","2009-07-21","23.40","23.40","22.96","23.00","167200","23.00","false"
"GCC","2009-07-20","23.18","23.37","23.08","23.36","69400","23.36","false"
"GCC","2009-07-17","22.83","23.19","22.82","23.10","355100","23.10","false"
"GCC","2009-07-16","22.59","22.79","22.47","22.72","39200","22.72","false"
"GCC","2009-07-15","22.57","22.80","22.57","22.77","80700","22.77","false"
"GCC","2009-07-14","22.35","22.47","22.13","22.41","43200","22.41","false"
"GCC","2009-07-13","22.00","22.17","21.69","22.10","65100","22.10","false"
"GCC","2009-07-10","21.81","22.12","21.81","22.01","65000","22.01","false"
"GCC","2009-07-09","21.77","22.11","21.77","21.98","181600","21.98","false"
"GCC","2009-07-08","21.86","22.02","21.31","21.63","1040900","21.63","false"
"GCC","2009-07-07","22.32","22.37","21.81","21.89","377400","21.89","false"
"GCC","2009-07-06","22.96","22.96","22.00","22.39","102600","22.39","false"
"GCC","2009-07-02","22.76","22.76","22.55","22.57","47400","22.57","false"
"GCC","2009-07-01","23.00","23.03","22.85","22.96","52800","22.96","false"
"GCC","2009-06-30","23.87","23.87","22.39","22.88","105400","22.88","false"
"GCC","2009-06-29","23.01","23.10","22.99","23.09","41300","23.09","false"
"GCC","2009-06-26","23.16","23.16","22.89","23.02","88300","23.02","false"
"GCC","2009-06-25","22.92","23.14","22.92","23.11","73600","23.11","false"
"GCC","2009-06-24","22.91","23.01","22.67","22.87","75400","22.87","false"
"GCC","2009-06-23","22.67","22.85","22.52","22.83","118200","22.83","false"
"GCC","2009-06-22","22.93","22.93","22.55","22.60","288200","22.60","false"
"GCC","2009-06-19","23.39","23.48","23.10","23.20","52500","23.20","false"
"GCC","2009-06-18","23.32","23.49","23.25","23.33","59000","23.33","false"
"GCC","2009-06-17","23.39","23.52","23.12","23.34","71800","23.34","false"
"GCC","2009-06-16","23.50","23.68","23.30","23.47","90700","23.47","false"
"GCC","2009-06-15","24.01","24.01","23.40","23.49","152500","23.49","false"
"GCC","2009-06-12","24.33","24.38","24.15","24.25","108300","24.25","false"
"GCC","2009-06-11","24.42","24.70","24.22","24.61","158700","24.61","false"
"GCC","2009-06-10","24.59","24.59","24.10","24.22","179200","24.22","false"
"GCC","2009-06-09","25.79","25.79","24.28","24.42","100800","24.42","false"
"GCC","2009-06-08","24.33","24.33","24.00","24.19","62000","24.19","false"
"GCC","2009-06-05","24.53","24.59","24.28","24.28","114600","24.28","false"
"GCC","2009-06-04","25.43","25.43","24.28","24.73","160400","24.73","false"
"GCC","2009-06-03","24.71","24.71","24.02","24.21","175700","24.21","false"
"GCC","2009-06-02","24.80","24.95","24.62","24.90","222500","24.90","false"
"GCC","2009-06-01","24.85","25.78","24.45","24.91","302600","24.91","false"
"GCC","2009-05-29","24.36","24.50","24.21","24.34","160100","24.34","false"
"GCC","2009-05-28","23.78","24.14","23.72","24.04","287200","24.04","false"
"GCC","2009-05-27","23.49","23.80","23.49","23.69","68000","23.69","false"
"GCC","2009-05-26","23.25","23.60","23.25","23.50","121400","23.50","false"
"GCC","2009-05-22","23.34","23.69","23.34","23.60","96700","23.60","false"
"GCC","2009-05-21","23.28","23.44","23.09","23.42","48400","23.42","false"
"GCC","2009-05-20","23.22","23.55","23.22","23.48","68300","23.48","false"
"GCC","2009-05-19","23.22","23.39","23.06","23.27","164600","23.27","false"
"GCC","2009-05-18","22.90","24.00","22.84","23.29","193900","23.29","false"
"GCC","2009-05-15","23.27","23.32","22.88","22.95","117200","22.95","false"
"GCC","2009-05-14","23.24","23.40","23.04","23.34","120900","23.34","false"
"GCC","2009-05-13","23.69","23.77","23.18","23.48","81400","23.48","false"
"GCC","2009-05-12","23.89","23.91","23.57","23.78","87800","23.78","false"
"GCC","2009-05-11","23.50","23.60","23.39","23.56","45200","23.56","false"
"GCC","2009-05-08","23.52","23.70","23.31","23.70","129000","23.70","false"
"GCC","2009-05-07","23.41","23.43","23.13","23.23","108700","23.23","false"
"GCC","2009-05-06","22.80","23.13","22.78","23.12","127900","23.12","false"
"GCC","2009-05-05","22.80","22.80","22.50","22.59","34500","22.59","false"
"GCC","2009-05-04","22.59","22.78","22.46","22.77","272600","22.77","false"
"GCC","2009-05-01","21.99","22.38","21.92","22.36","37900","22.36","false"
"GCC","2009-04-30","21.82","21.82","21.58","21.79","39000","21.79","false"
"GCC","2009-04-29","21.64","21.82","21.54","21.80","48400","21.80","false"
"GCC","2009-04-28","21.45","21.55","21.37","21.55","48600","21.55","false"
"GCC","2009-04-27","21.60","21.79","21.29","21.71","31700","21.71","false"
"GCC","2009-04-24","22.08","22.18","21.99","22.08","42100","22.08","false"
"GCC","2009-04-23","21.80","21.98","21.76","21.93","38000","21.93","false"
"GCC","2009-04-22","21.80","21.87","21.56","21.71","188000","21.71","false"
"GCC","2009-04-21","21.63","21.83","21.00","21.83","194400","21.83","false"
"GCC","2009-04-20","22.05","23.25","21.53","21.60","78900","21.60","false"
"GCC","2009-04-17","23.99","23.99","22.24","22.67","124800","22.67","false"
"GCC","2009-04-16","22.41","22.41","22.15","22.20","120200","22.20","false"
"GCC","2009-04-15","22.52","22.52","22.10","22.49","151100","22.49","false"
"GCC","2009-04-14","22.64","22.67","22.34","22.37","76100","22.37","false"
"GCC","2009-04-13","23.73","23.73","22.24","22.71","62600","22.71","false"
"GCC","2009-04-09","22.48","22.51","22.24","22.41","90200","22.41","false"
"GCC","2009-04-08","22.01","22.27","21.94","22.17","73900","22.17","false"
"GCC","2009-04-07","22.06","22.16","21.94","22.03","78500","22.03","false"
"GCC","2009-04-06","22.23","22.23","21.91","22.06","45400","22.06","false"
"GCC","2009-04-03","22.24","22.45","22.13","22.44","161100","22.44","false"
"GCC","2009-04-02","22.09","22.30","22.08","22.27","137400","22.27","false"
"GCC","2009-04-01","21.83","21.87","21.70","21.79","76900","21.79","false"
"GCC","2009-03-31","21.85","22.10","21.51","21.95","84200","21.95","false"
"GCC","2009-03-30","21.70","21.74","21.59","21.59","56000","21.59","false"
"GCC","2009-03-27","21.98","22.37","21.87","22.01","240900","22.01","false"
"GCC","2009-03-26","22.30","22.39","22.14","22.26","337000","22.26","false"
"GCC","2009-03-25","22.18","22.21","21.97","22.07","327300","22.07","false"
"GCC","2009-03-24","22.50","22.50","22.09","22.22","524300","22.22","false"
"GCC","2009-03-23","22.44","23.60","22.27","22.82","800600","22.82","false"
"GCC","2009-03-20","22.06","22.64","21.88","22.64","54000","22.64","false"
"GCC","2009-03-19","22.00","22.06","21.80","22.04","59300","22.04","false"
"GCC","2009-03-18","21.07","21.26","20.84","21.26","19100","21.26","false"
"GCC","2009-03-17","20.98","21.15","20.94","21.06","25600","21.06","false"
"GCC","2009-03-16","21.74","21.74","20.77","21.02","18200","21.02","false"
"GCC","2009-03-13","21.07","21.07","20.78","20.78","9400","20.78","false"
"GCC","2009-03-12","20.41","21.01","20.41","21.01","16500","21.01","false"
"GCC","2009-03-11","20.56","20.56","20.32","20.38","5400","20.38","false"
"GCC","2009-03-10","20.75","20.78","20.55","20.57","7500","20.57","false"
"GCC","2009-03-09","20.51","20.77","20.49","20.49","8400","20.49","false"
"GCC","2009-03-06","20.85","20.85","20.64","20.79","14900","20.79","false"
"GCC","2009-03-05","20.75","20.75","20.48","20.59","2000","20.59","false"
"GCC","2009-03-04","20.74","20.87","20.52","20.67","6200","20.67","false"
"GCC","2009-03-03","20.18","20.40","20.15","20.39","17800","20.39","false"
"GCC","2009-03-02","20.43","20.45","19.01","20.05","28700","20.05","false"
"GCC","2009-02-27","20.70","20.84","20.67","20.82","2800","20.82","false"
"GCC","2009-02-26","20.81","20.94","20.77","20.80","13500","20.80","false"
"GCC","2009-02-25","20.47","20.91","20.47","20.75","7700","20.75","false"
"GCC","2009-02-24","20.50","20.68","20.49","20.67","8400","20.67","false"
"GCC","2009-02-23","20.78","20.78","20.52","20.52","10100","20.52","false"
"GCC","2009-02-20","20.63","20.63","20.42","20.61","8700","20.61","false"
"GCC","2009-02-19","20.81","20.83","20.73","20.73","32700","20.73","false"
"GCC","2009-02-18","20.76","20.81","20.69","20.75","21600","20.75","false"
"GCC","2009-02-17","21.54","21.54","20.93","20.93","13600","20.93","false"
"GCC","2009-02-13","22.81","22.81","21.52","21.60","10500","21.60","false"
"GCC","2009-02-12","21.74","22.78","21.52","22.78","4800","22.78","false"
"GCC","2009-02-11","21.90","21.92","21.67","21.70","4700","21.70","false"
"GCC","2009-02-10","22.35","22.35","21.70","21.78","13400","21.78","false"
"GCC","2009-02-09","22.18","22.39","22.06","22.08","20700","22.08","false"
"GCC","2009-02-06","22.00","22.15","21.78","22.13","32200","22.13","false"
"GCC","2009-02-05","21.94","21.94","21.61","21.85","3900","21.85","false"
"GCC","2009-02-04","21.64","21.69","21.50","21.61","12900","21.61","false"
"GCC","2009-02-03","21.52","21.61","21.44","21.48","3500","21.48","false"
"GCC","2009-02-02","21.55","21.66","21.51","21.56","28700","21.56","false"
"GCC","2009-01-30","21.89","21.89","21.73","21.81","3300","21.81","false"
"GCC","2009-01-29","21.57","21.73","21.57","21.66","3600","21.66","false"
"GCC","2009-01-28","21.71","21.87","21.69","21.87","3800","21.87","false"
"GCC","2009-01-27","21.95","21.95","21.58","21.58","20100","21.58","false"
"GCC","2009-01-26","22.11","22.33","22.01","22.06","47200","22.06","false"
"GCC","2009-01-23","21.36","21.95","21.36","21.84","14000","21.84","false"
"GCC","2009-01-22","21.40","21.55","21.33","21.43","46000","21.43","false"
"GCC","2009-01-21","21.34","21.51","21.28","21.49","45000","21.49","false"
"GCC","2009-01-20","21.78","21.78","21.14","21.27","30600","21.27","false"
"GCC","2009-01-16","21.36","21.73","21.36","21.57","4800","21.57","false"
"GCC","2009-01-15","21.02","21.30","20.95","21.30","3100","21.30","false"
"GCC","2009-01-14","21.25","21.52","20.79","21.17","31000","21.17","false"
"GCC","2009-01-13","21.45","21.63","21.45","21.48","18000","21.48","false"
"GCC","2009-01-12","22.10","22.10","21.41","21.50","8800","21.50","false"
"GCC","2009-01-09","22.27","22.57","22.27","22.57","14900","22.57","false"
"GCC","2009-01-08","22.38","22.38","22.11","22.18","1900","22.18","false"
"GCC","2009-01-07","22.95","22.95","22.14","22.26","10400","22.26","false"
"GCC","2009-01-06","22.68","22.99","22.58","22.86","11500","22.86","false"
"GCC","2009-01-05","22.15","22.39","21.84","22.39","2500","22.39","false"
"GCC","2009-01-02","22.12","22.22","22.12","22.15","2300","22.15","false"
"GCC","2010-12-31","32.63","33.00","32.58","32.95","140400","32.95","false"
"GCC","2010-12-30","32.61","32.68","32.21","32.44","119300","32.44","false"
"GCC","2010-12-29","32.73","32.77","32.63","32.67","84300","32.67","false"
"GCC","2010-12-28","32.07","32.75","32.07","32.68","115700","32.68","false"
"GCC","2010-12-27","32.47","33.51","32.11","32.46","216000","32.46","false"
"GCC","2010-12-23","32.20","32.34","32.15","32.29","83500","32.29","false"
"GCC","2010-12-22","32.48","32.48","31.87","32.20","117600","32.20","false"
"GCC","2010-12-21","32.70","32.70","32.00","32.09","161500","32.09","false"
"GCC","2010-12-20","31.58","31.99","31.57","31.92","166600","31.92","false"
"GCC","2010-12-17","31.30","31.67","31.26","31.67","174500","31.67","false"
"GCC","2010-12-16","31.37","31.38","31.20","31.27","80800","31.27","false"
"GCC","2010-12-15","31.36","31.55","31.31","31.34","105300","31.34","false"
"GCC","2010-12-14","31.65","31.65","31.42","31.46","86700","31.46","false"
"GCC","2010-12-13","31.47","31.68","31.47","31.63","118200","31.63","false"
"GCC","2010-12-10","31.16","31.16","30.89","31.08","122800","31.08","false"
"GCC","2010-12-09","31.28","31.28","31.08","31.13","84900","31.13","false"
"GCC","2010-12-08","31.02","31.28","30.81","31.28","100800","31.28","false"
"GCC","2010-12-07","31.66","31.66","31.02","31.03","259700","31.03","false"
"GCC","2010-12-06","31.24","31.40","31.19","31.38","315600","31.38","false"
"GCC","2010-12-03","30.97","31.20","30.89","31.20","228100","31.20","false"
"GCC","2010-12-02","30.47","30.73","30.41","30.60","430600","30.60","false"
"GCC","2010-12-01","29.99","30.38","29.98","30.34","195000","30.34","false"
"GCC","2010-11-30","29.66","29.82","29.60","29.69","87700","29.69","false"
"GCC","2010-11-29","29.74","29.88","29.58","29.72","139600","29.72","false"
"GCC","2010-11-26","29.58","29.67","29.57","29.63","37400","29.63","false"
"GCC","2010-11-24","29.78","29.91","29.68","29.84","180500","29.84","false"
"GCC","2010-11-23","29.29","29.57","29.19","29.54","132000","29.54","false"
"GCC","2010-11-22","29.52","29.64","29.32","29.64","101400","29.64","false"
"GCC","2010-11-19","30.00","30.17","29.49","29.59","204600","29.59","false"
"GCC","2010-11-18","29.74","29.96","29.67","29.94","135800","29.94","false"
"GCC","2010-11-17","29.12","29.31","29.02","29.12","87600","29.12","false"
"GCC","2010-11-16","29.70","29.70","29.05","29.09","195000","29.09","false"
"GCC","2010-11-15","29.78","30.08","29.77","29.97","110100","29.97","false"
"GCC","2010-11-12","30.35","30.43","29.70","29.81","242000","29.81","false"
"GCC","2010-11-11","31.24","31.28","30.90","30.96","156300","30.96","false"
"GCC","2010-11-10","31.59","31.59","31.05","31.25","127900","31.25","false"
"GCC","2010-11-09","32.47","33.53","31.27","31.33","454900","31.33","false"
"GCC","2010-11-08","30.90","31.21","30.81","31.21","227600","31.21","false"
"GCC","2010-11-05","30.72","30.90","30.67","30.90","262900","30.90","false"
"GCC","2010-11-04","30.92","30.98","30.55","30.82","273400","30.82","false"
"GCC","2010-11-03","30.15","30.49","29.77","30.07","995600","30.07","false"
"GCC","2010-11-02","30.04","30.09","29.96","30.08","82800","30.08","false"
"GCC","2010-11-01","30.04","30.04","29.73","29.76","80400","29.76","false"
"GCC","2010-10-29","29.63","30.01","29.59","29.79","76000","29.79","false"
"GCC","2010-10-28","29.65","29.65","29.53","29.61","45900","29.61","false"
"GCC","2010-10-27","29.44","29.51","29.30","29.50","120500","29.50","false"
"GCC","2010-10-26","29.46","29.86","29.46","29.64","88200","29.64","false"
"GCC","2010-10-25","29.59","29.60","29.36","29.51","90900","29.51","false"
"GCC","2010-10-22","29.13","29.19","29.08","29.19","112400","29.19","false"
"GCC","2010-10-21","29.35","29.43","29.00","29.06","133100","29.06","false"
"GCC","2010-10-20","28.96","29.32","28.94","29.28","61400","29.28","false"
"GCC","2010-10-19","28.80","29.01","28.72","28.76","90600","28.76","false"
"GCC","2010-10-18","29.08","29.27","29.03","29.18","78000","29.18","false"
"GCC","2010-10-15","29.37","29.37","29.02","29.02","98500","29.02","false"
"GCC","2010-10-14","29.34","29.44","29.29","29.36","144400","29.36","false"
"GCC","2010-10-13","29.35","29.46","29.26","29.32","173700","29.32","false"
"GCC","2010-10-12","29.11","29.27","28.97","29.18","185800","29.18","false"
"GCC","2010-10-11","29.00","29.54","29.00","29.01","216000","29.01","false"
"GCC","2010-10-08","28.40","29.79","28.32","28.93","156900","28.93","false"
"GCC","2010-10-07","28.34","28.34","28.00","28.07","82700","28.07","false"
"GCC","2010-10-06","28.09","28.20","28.07","28.14","879200","28.14","false"
"GCC","2010-10-05","27.90","28.17","27.82","28.09","134300","28.09","false"
"GCC","2010-10-04","27.69","28.06","27.56","27.61","139900","27.61","false"
"GCC","2010-10-01","28.23","28.23","27.82","27.83","68300","27.83","false"
"GCC","2010-09-30","28.19","28.23","27.75","28.16","62100","28.16","false"
"GCC","2010-09-29","28.04","28.23","27.91","28.21","132700","28.21","false"
"GCC","2010-09-28","28.23","28.37","28.16","28.29","187300","28.29","false"
"GCC","2010-09-27","28.36","28.36","28.11","28.22","220300","28.22","false"
"GCC","2010-09-24","28.55","28.55","28.03","28.23","123000","28.23","false"
"GCC","2010-09-23","27.86","27.99","27.78","27.87","55400","27.87","false"
"GCC","2010-09-22","28.18","28.18","27.89","27.97","96600","27.97","false"
"GCC","2010-09-21","27.91","28.03","27.84","27.91","47700","27.91","false"
"GCC","2010-09-20","28.01","28.01","27.82","27.82","79500","27.82","false"
"GCC","2010-09-17","27.88","27.92","27.73","27.90","35400","27.90","false"
"GCC","2010-09-16","27.78","27.83","27.57","27.71","32100","27.71","false"
"GCC","2010-09-15","27.55","27.65","27.55","27.63","28700","27.63","false"
"GCC","2010-09-14","27.47","27.66","27.42","27.64","62600","27.64","false"
"GCC","2010-09-13","27.30","27.40","27.28","27.35","47700","27.35","false"
"GCC","2010-09-10","27.11","27.28","27.07","27.11","85700","27.11","false"
"GCC","2010-09-09","26.98","27.13","26.95","27.11","71200","27.11","false"
"GCC","2010-09-08","27.02","27.08","26.94","27.00","55000","27.00","false"
"GCC","2010-09-07","26.82","27.03","26.80","26.95","45500","26.95","false"
"GCC","2010-09-03","26.72","26.93","26.67","26.89","58900","26.89","false"
"GCC","2010-09-02","26.60","26.72","26.55","26.70","186700","26.70","false"
"GCC","2010-09-01","26.45","26.49","26.40","26.47","895300","26.47","false"
"GCC","2010-08-31","26.27","26.42","26.16","26.20","131600","26.20","false"
"GCC","2010-08-30","26.28","26.37","26.28","26.34","21700","26.34","false"
"GCC","2010-08-27","26.07","26.28","26.05","26.25","60800","26.25","false"
"GCC","2010-08-26","25.96","26.06","25.96","26.04","83300","26.04","false"
"GCC","2010-08-25","25.77","25.87","25.74","25.87","54000","25.87","false"
"GCC","2010-08-24","25.70","25.90","25.68","25.89","59300","25.89","false"
"GCC","2010-08-23","26.16","26.16","26.01","26.10","62000","26.10","false"
"GCC","2010-08-20","26.08","26.12","26.00","26.11","59000","26.11","false"
"GCC","2010-08-19","26.42","26.42","26.12","26.20","53200","26.20","false"
"GCC","2010-08-18","26.20","26.29","26.09","26.26","38500","26.26","false"
"GCC","2010-08-17","26.26","26.33","26.16","26.32","33200","26.32","false"
"GCC","2010-08-16","26.28","26.31","26.08","26.09","44200","26.09","false"
"GCC","2010-08-13","26.28","26.30","26.16","26.26","32900","26.26","false"
"GCC","2010-08-12","26.07","26.30","26.06","26.18","108500","26.18","false"
"GCC","2010-08-11","26.04","26.07","25.86","25.94","28200","25.94","false"
"GCC","2010-08-10","26.17","26.58","26.06","26.23","42000","26.23","false"
"GCC","2010-08-09","26.74","26.97","26.35","26.43","140600","26.43","false"
"GCC","2010-08-06","26.74","26.79","26.41","26.51","88000","26.51","false"
"GCC","2010-08-05","26.98","27.13","26.77","26.80","67900","26.80","false"
"GCC","2010-08-04","26.67","26.86","26.67","26.86","963200","26.86","false"
"GCC","2010-08-03","26.51","26.59","26.45","26.52","105700","26.52","false"
"GCC","2010-08-02","26.73","26.82","26.57","26.61","89000","26.61","false"
"GCC","2010-07-30","26.02","26.43","26.00","26.41","52000","26.41","false"
"GCC","2010-07-29","25.88","26.07","25.88","25.99","66000","25.99","false"
"GCC","2010-07-28","25.57","25.77","25.57","25.71","50900","25.71","false"
"GCC","2010-07-27","25.75","25.75","25.45","25.49","80900","25.49","false"
"GCC","2010-07-26","25.66","25.70","25.56","25.66","200500","25.66","false"
"GCC","2010-07-23","25.64","25.74","25.62","25.64","260000","25.64","false"
"GCC","2010-07-22","25.54","25.65","25.51","25.61","76200","25.61","false"
"GCC","2010-07-21","25.35","25.35","24.84","25.24","40100","25.24","false"
"GCC","2010-07-20","25.10","25.24","25.10","25.23","80500","25.23","false"
"GCC","2010-07-19","25.48","25.48","25.13","25.28","84400","25.28","false"
"GCC","2010-07-16","25.45","25.45","25.29","25.40","71300","25.40","false"
"GCC","2010-07-15","25.41","25.59","25.28","25.59","33400","25.59","false"
"GCC","2010-07-14","25.29","25.40","25.22","25.30","24300","25.30","false"
"GCC","2010-07-13","25.19","25.31","25.17","25.28","48600","25.28","false"
"GCC","2010-07-12","25.05","25.09","24.91","24.94","47700","24.94","false"
"GCC","2010-07-09","25.14","25.19","25.02","25.06","38100","25.06","false"
"GCC","2010-07-08","25.05","25.14","24.93","25.11","18300","25.11","false"
"GCC","2010-07-07","24.72","25.10","24.72","25.06","23400","25.06","false"
"GCC","2010-07-06","24.98","25.00","24.61","24.63","33500","24.63","false"
"GCC","2010-07-02","24.85","24.85","24.72","24.81","52500","24.81","false"
"GCC","2010-07-01","24.81","24.90","24.56","24.79","164300","24.79","false"
"GCC","2010-06-30","24.56","24.97","24.56","24.93","78100","24.93","false"
"GCC","2010-06-29","24.89","24.89","24.56","24.61","136400","24.61","false"
"GCC","2010-06-28","25.34","25.34","25.10","25.16","13600","25.16","false"
"GCC","2010-06-25","25.27","25.43","25.19","25.42","68300","25.42","false"
"GCC","2010-06-24","25.07","25.22","25.06","25.20","28700","25.20","false"
"GCC","2010-06-23","25.11","25.16","24.96","25.01","172200","25.01","false"
"GCC","2010-06-22","25.25","25.33","25.17","25.18","27200","25.18","false"
"GCC","2010-06-21","25.49","25.57","25.13","25.19","42000","25.19","false"
"GCC","2010-06-18","25.19","25.31","25.08","25.16","33800","25.16","false"
"GCC","2010-06-17","25.30","25.31","25.11","25.19","44900","25.19","false"
"GCC","2010-06-16","25.13","25.27","25.13","25.26","34100","25.26","false"
"GCC","2010-06-15","25.01","25.25","24.94","25.25","98900","25.25","false"
"GCC","2010-06-14","24.83","24.98","24.78","24.91","190600","24.91","false"
"GCC","2010-06-11","24.49","24.69","24.49","24.63","27800","24.63","false"
"GCC","2010-06-10","24.44","24.52","24.38","24.43","29100","24.43","false"
"GCC","2010-06-09","24.33","24.35","24.20","24.24","20000","24.24","false"
"GCC","2010-06-08","24.08","24.17","24.03","24.11","33100","24.11","false"
"GCC","2010-06-07","23.86","24.01","23.83","23.94","40600","23.94","false"
"GCC","2010-06-04","24.15","24.27","23.91","23.94","69000","23.94","false"
"GCC","2010-06-03","24.44","24.46","24.35","24.45","57500","24.45","false"
"GCC","2010-06-02","24.34","24.46","24.29","24.41","41400","24.41","false"
"GCC","2010-06-01","24.39","24.57","24.34","24.36","121500","24.36","false"
"GCC","2010-05-28","24.62","24.70","24.45","24.54","41400","24.54","false"
"GCC","2010-05-27","24.49","24.79","24.49","24.79","26600","24.79","false"
"GCC","2010-05-26","24.35","24.50","24.32","24.34","33700","24.34","false"
"GCC","2010-05-25","23.93","24.14","23.88","24.13","74400","24.13","false"
"GCC","2010-05-24","24.34","24.41","24.24","24.29","105300","24.29","false"
"GCC","2010-05-21","24.09","24.42","24.02","24.26","254000","24.26","false"
"GCC","2010-05-20","24.13","24.22","23.90","24.13","125400","24.13","false"
"GCC","2010-05-19","24.52","24.53","24.23","24.51","94400","24.51","false"
"GCC","2010-05-18","24.81","24.82","24.64","24.70","94100","24.70","false"
"GCC","2010-05-17","24.94","24.94","24.45","24.51","61300","24.51","false"
"GCC","2010-05-14","25.20","25.20","24.88","24.97","66500","24.97","false"
"GCC","2010-05-13","25.42","25.54","25.35","25.35","56700","25.35","false"
"GCC","2010-05-12","25.41","25.59","25.38","25.43","73200","25.43","false"
"GCC","2010-05-11","25.10","25.32","25.10","25.26","45300","25.26","false"
"GCC","2010-05-10","25.33","25.34","25.14","25.17","33300","25.17","false"
"GCC","2010-05-07","24.89","25.00","24.60","24.91","77500","24.91","false"
"GCC","2010-05-06","25.06","25.25","24.50","24.86","108000","24.86","false"
"GCC","2010-05-05","25.02","25.25","24.86","25.16","106600","25.16","false"
"GCC","2010-05-04","25.59","25.59","25.33","25.46","74500","25.46","false"
"GCC","2010-05-03","25.83","25.86","25.72","25.82","25500","25.82","false"
"GCC","2010-04-30","25.74","25.83","25.65","25.79","53400","25.79","false"
"GCC","2010-04-29","25.57","25.69","25.57","25.62","40900","25.62","false"
"GCC","2010-04-28","25.54","25.62","25.46","25.51","63100","25.51","false"
"GCC","2010-04-27","25.66","25.75","25.46","25.47","79200","25.47","false"
"GCC","2010-04-26","25.96","25.96","25.73","25.81","74300","25.81","false"
"GCC","2010-04-23","25.76","25.90","25.70","25.85","48400","25.85","false"
"GCC","2010-04-22","25.59","25.80","25.52","25.80","49200","25.80","false"
"GCC","2010-04-21","25.56","25.80","25.56","25.70","85300","25.70","false"
"GCC","2010-04-20","25.42","25.58","25.42","25.57","50700","25.57","false"
"GCC","2010-04-19","25.31","25.41","25.23","25.34","53200","25.34","false"
"GCC","2010-04-16","25.52","25.63","25.36","25.45","52900","25.45","false"
"GCC","2010-04-15","25.53","25.68","25.53","25.64","59600","25.64","false"
"GCC","2010-04-14","25.61","25.89","25.58","25.66","50700","25.66","false"
"GCC","2010-04-13","25.38","25.56","25.25","25.54","83000","25.54","false"
"GCC","2010-04-12","25.55","25.64","25.35","25.35","42600","25.35","false"
"GCC","2010-04-09","25.35","25.48","25.34","25.42","50500","25.42","false"
"GCC","2010-04-08","25.42","25.42","25.25","25.30","45300","25.30","false"
"GCC","2010-04-07","25.57","25.59","25.37","25.52","78700","25.52","false"
"GCC","2010-04-06","25.64","25.72","25.44","25.53","44100","25.53","false"
"GCC","2010-04-05","25.43","25.66","25.40","25.65","66100","25.65","false"
"GCC","2010-04-01","25.22","25.37","25.15","25.35","210900","25.35","false"
"GCC","2010-03-31","25.21","25.32","24.98","25.08","76200","25.08","false"
"GCC","2010-03-30","25.20","25.29","25.14","25.28","52400","25.28","false"
"GCC","2010-03-29","24.94","25.17","24.94","25.10","47100","25.10","false"
"GCC","2010-03-26","24.90","24.90","24.68","24.75","77300","24.75","false"
"GCC","2010-03-25","24.98","24.98","24.75","24.77","42200","24.77","false"
"GCC","2010-03-24","24.91","24.99","24.75","24.96","60100","24.96","false"
"GCC","2010-03-23","25.21","25.26","25.07","25.13","69500","25.13","false"
"GCC","2010-03-22","25.05","25.33","25.00","25.25","42100","25.25","false"
"GCC","2010-03-19","25.49","25.49","25.19","25.33","42100","25.33","false"
"GCC","2010-03-18","25.49","25.55","25.41","25.50","36300","25.50","false"
"GCC","2010-03-17","25.48","25.57","25.43","25.50","525800","25.50","false"
"GCC","2010-03-16","25.31","25.45","25.31","25.40","48600","25.40","false"
"GCC","2010-03-15","25.26","25.28","25.12","25.24","53600","25.24","false"
"GCC","2010-03-12","25.47","25.47","25.30","25.42","83100","25.42","false"
"GCC","2010-03-11","25.36","25.36","25.26","25.35","140400","25.35","false"
"GCC","2010-03-10","25.32","25.59","25.30","25.40","52800","25.40","false"
"GCC","2010-03-09","25.48","25.56","25.41","25.45","96700","25.45","false"
"GCC","2010-03-08","25.81","25.81","25.58","25.72","63600","25.72","false"
"GCC","2010-03-05","25.80","25.85","25.69","25.79","74200","25.79","false"
"GCC","2010-03-04","25.77","25.79","25.56","25.68","63600","25.68","false"
"GCC","2010-03-03","25.84","25.94","25.80","25.90","83800","25.90","false"
"GCC","2010-03-02","25.61","25.78","25.50","25.71","83300","25.71","false"
"GCC","2010-03-01","25.79","25.81","25.52","25.56","83000","25.56","false"
"GCC","2010-02-26","25.51","25.73","25.43","25.72","50800","25.72","false"
"GCC","2010-02-25","25.30","25.43","25.20","25.40","38800","25.40","false"
"GCC","2010-02-24","25.39","25.56","25.39","25.56","41400","25.56","false"
"GCC","2010-02-23","25.59","25.64","25.35","25.40","103200","25.40","false"
"GCC","2010-02-22","25.82","25.82","25.60","25.74","41500","25.74","false"
"GCC","2010-02-19","25.72","25.88","25.62","25.87","71700","25.87","false"
"GCC","2010-02-18","25.71","25.79","25.63","25.79","56600","25.79","false"
"GCC","2010-02-17","25.81","25.81","25.60","25.69","70000","25.69","false"
"GCC","2010-02-16","25.74","25.87","25.46","25.80","51100","25.80","false"
"GCC","2010-02-12","25.19","25.32","25.06","25.30","55200","25.30","false"
"GCC","2010-02-11","25.16","25.48","25.08","25.39","45600","25.39","false"
"GCC","2010-02-10","25.03","25.20","24.84","25.19","43400","25.19","false"
"GCC","2010-02-09","25.00","25.10","24.84","25.00","94800","25.00","false"
"GCC","2010-02-08","24.70","24.89","24.67","24.81","102800","24.81","false"
"GCC","2010-02-05","24.93","24.93","24.27","24.43","219800","24.43","false"
"GCC","2010-02-04","25.26","25.26","24.75","24.83","109200","24.83","false"
"GCC","2010-02-03","25.63","25.66","25.38","25.41","51400","25.41","false"
"GCC","2010-02-02","25.47","25.72","25.36","25.71","70000","25.71","false"
"GCC","2010-02-01","25.21","25.33","25.16","25.31","66500","25.31","false"
"GCC","2010-01-29","25.38","25.40","25.05","25.06","80900","25.06","false"
"GCC","2010-01-28","25.43","25.51","25.20","25.34","197000","25.34","false"
"GCC","2010-01-27","25.70","25.70","25.13","25.31","422100","25.31","false"
"GCC","2010-01-26","25.71","25.90","25.66","25.79","97900","25.79","false"
"GCC","2010-01-25","26.06","26.17","26.00","26.03","54200","26.03","false"
"GCC","2010-01-22","26.03","26.10","25.85","25.99","144500","25.99","false"
"GCC","2010-01-21","26.39","26.41","26.04","26.16","88900","26.16","false"
"GCC","2010-01-20","26.32","26.32","26.07","26.27","86700","26.27","false"
"GCC","2010-01-19","26.36","26.62","26.36","26.58","79800","26.58","false"
"GCC","2010-01-15","26.61","26.61","26.30","26.39","93900","26.39","false"
"GCC","2010-01-14","26.79","26.80","26.58","26.65","80200","26.65","false"
"GCC","2010-01-13","26.62","26.83","26.39","26.72","91800","26.72","false"
"GCC","2010-01-12","26.89","27.20","26.41","26.56","128900","26.56","false"
"GCC","2010-01-11","27.18","27.27","26.90","27.00","139300","27.00","false"
"GCC","2010-01-08","27.12","27.22","27.01","27.22","92900","27.22","false"
"GCC","2010-01-07","27.17","27.24","27.01","27.08","77300","27.08","false"
"GCC","2010-01-06","27.16","27.30","27.02","27.25","87800","27.25","false"
"GCC","2010-01-05","26.91","26.99","26.85","26.98","924900","26.98","false"
"GCC","2010-01-04","26.93","26.93","26.76","26.85","91200","26.85","false"
"GCC","2011-06-24","33.41","33.45","33.20","33.27","69000","33.27","false"
"GCC","2011-06-23","33.48","33.53","32.90","33.52","258400","33.52","false"
"GCC","2011-06-22","34.11","34.21","33.84","33.93","105100","33.93","false"
"GCC","2011-06-21","34.04","34.30","34.03","34.22","118900","34.22","false"
"GCC","2011-06-20","33.38","34.01","33.34","33.92","144400","33.92","false"
"GCC","2011-06-17","33.89","33.95","33.70","33.86","64000","33.86","false"
"GCC","2011-06-16","33.96","33.99","33.76","33.82","98100","33.82","false"
"GCC","2011-06-15","34.52","34.65","34.01","34.16","146300","34.16","false"
"GCC","2011-06-14","34.55","34.66","34.43","34.66","65400","34.66","false"
"GCC","2011-06-13","34.80","34.85","34.42","34.55","82500","34.55","false"
"GCC","2011-06-10","34.83","34.92","34.66","34.87","152000","34.87","false"
"GCC","2011-06-09","34.98","35.18","34.89","35.04","139700","35.04","false"
"GCC","2011-06-08","34.54","34.83","34.51","34.80","83800","34.80","false"
"GCC","2011-06-07","34.61","34.65","34.41","34.58","123800","34.58","false"
"GCC","2011-06-06","34.75","34.82","34.35","34.38","154100","34.38","false"
"GCC","2011-06-03","34.59","34.90","34.55","34.78","112600","34.78","false"
"GCC","2011-06-02","34.61","34.78","34.46","34.76","299500","34.76","false"
"GCC","2011-06-01","34.80","34.80","34.40","34.46","146900","34.46","false"
"GCC","2011-05-31","34.93","35.03","34.81","34.90","194400","34.90","false"
"GCC","2011-05-27","34.61","34.69","34.53","34.65","74100","34.65","false"
"GCC","2011-05-26","34.55","34.55","34.28","34.42","92500","34.42","false"
"GCC","2011-05-25","34.11","34.52","34.06","34.48","101600","34.48","false"
"GCC","2011-05-24","33.92","34.09","33.73","33.92","358000","33.92","false"
"GCC","2011-05-23","34.21","34.21","33.55","33.73","109700","33.73","false"
"GCC","2011-05-20","33.87","34.18","33.59","34.10","104700","34.10","false"
"GCC","2011-05-19","34.23","34.23","33.88","33.93","86100","33.93","false"
"GCC","2011-05-18","33.89","34.33","33.86","34.23","250000","34.23","false"
"GCC","2011-05-17","33.40","33.67","33.24","33.65","294200","33.65","false"
"GCC","2011-05-16","33.64","33.79","33.44","33.46","1213500","33.46","false"
"GCC","2011-05-13","33.76","33.85","33.37","33.57","200700","33.57","false"
"GCC","2011-05-12","33.31","33.82","33.10","33.59","297000","33.59","false"
"GCC","2011-05-11","34.80","34.80","33.58","33.66","277400","33.66","false"
"GCC","2011-05-10","34.29","34.54","34.19","34.51","364900","34.51","false"
"GCC","2011-05-09","33.92","34.24","33.69","34.20","474200","34.20","false"
"GCC","2011-05-06","33.77","34.21","33.40","33.58","450700","33.58","false"
"GCC","2011-05-05","34.49","34.51","33.45","33.54","711900","33.54","false"
"GCC","2011-05-04","35.64","35.69","34.95","34.98","266000","34.98","false"
"GCC","2011-05-03","35.94","35.98","35.51","35.69","159000","35.69","false"
"GCC","2011-05-02","36.45","36.46","35.96","35.99","228000","35.99","false"
"GCC","2011-04-29","36.00","36.47","35.88","36.40","184000","36.40","false"
"GCC","2011-04-28","36.08","36.15","35.77","35.96","319900","35.96","false"
"GCC","2011-04-27","35.82","36.05","35.63","36.01","169400","36.01","false"
"GCC","2011-04-26","36.20","36.20","35.88","35.92","218900","35.92","false"
"GCC","2011-04-25","36.38","36.51","36.00","36.16","200700","36.16","false"
"GCC","2011-04-21","36.06","36.38","35.98","36.21","165400","36.21","false"
"GCC","2011-04-20","36.05","36.20","35.88","35.98","158900","35.98","false"
"GCC","2011-04-19","35.52","35.72","35.44","35.67","180900","35.67","false"
"GCC","2011-04-18","35.47","35.53","35.23","35.53","180500","35.53","false"
"GCC","2011-04-15","35.52","35.67","35.42","35.57","256100","35.57","false"
"GCC","2011-04-14","35.22","35.56","35.16","35.55","112500","35.55","false"
"GCC","2011-04-13","35.67","35.67","35.17","35.36","123900","35.36","false"
"GCC","2011-04-12","35.75","35.75","35.03","35.28","121200","35.28","false"
"GCC","2011-04-11","36.00","36.03","35.70","35.74","272800","35.74","false"
"GCC","2011-04-08","35.78","35.96","35.68","35.95","220400","35.95","false"
"GCC","2011-04-07","35.32","35.84","35.32","35.60","187500","35.60","false"
"GCC","2011-04-06","35.81","35.86","35.56","35.60","186900","35.60","false"
"GCC","2011-04-05","35.37","35.71","35.30","35.60","124100","35.60","false"
"GCC","2011-04-04","35.41","35.52","35.37","35.52","212100","35.52","false"
"GCC","2011-04-01","35.15","35.29","35.04","35.29","151100","35.29","false"
"GCC","2011-03-31","35.03","35.35","35.00","35.23","190800","35.23","false"
"GCC","2011-03-30","34.76","34.78","34.45","34.71","206200","34.71","false"
"GCC","2011-03-29","34.76","34.85","34.62","34.73","235600","34.73","false"
"GCC","2011-03-28","34.96","35.05","34.76","34.81","248100","34.81","false"
"GCC","2011-03-25","35.29","35.39","35.04","35.24","474600","35.24","false"
"GCC","2011-03-24","35.04","35.17","34.85","35.11","479400","35.11","false"
"GCC","2011-03-23","34.88","34.94","34.77","34.94","439900","34.94","false"
"GCC","2011-03-22","34.57","35.09","34.42","34.93","451800","34.93","false"
"GCC","2011-03-21","34.99","34.99","34.57","34.71","457200","34.71","false"
"GCC","2011-03-18","35.09","35.09","34.47","34.73","1162700","34.73","false"
"GCC","2011-03-17","33.80","34.32","33.67","34.31","401200","34.31","false"
"GCC","2011-03-16","33.68","33.91","33.00","33.29","232200","33.29","false"
"GCC","2011-03-15","33.49","34.37","32.82","33.31","555100","33.31","false"
"GCC","2011-03-14","34.54","34.62","34.43","34.56","135900","34.56","false"
"GCC","2011-03-11","34.43","34.77","34.31","34.69","133800","34.69","false"
"GCC","2011-03-10","35.02","35.19","34.57","34.81","196300","34.81","false"
"GCC","2011-03-09","35.80","35.85","35.34","35.50","162700","35.50","false"
"GCC","2011-03-08","35.72","35.78","35.59","35.68","176000","35.68","false"
"GCC","2011-03-07","36.08","36.19","35.72","35.78","200700","35.78","false"
"GCC","2011-03-04","35.88","35.95","35.63","35.86","184800","35.86","false"
"GCC","2011-03-03","35.70","35.75","35.53","35.73","160300","35.73","false"
"GCC","2011-03-02","35.48","35.59","35.41","35.59","257600","35.59","false"
"GCC","2011-03-01","35.57","35.57","35.18","35.32","286400","35.32","false"
"GCC","2011-02-28","35.45","35.81","35.15","35.33","336700","35.33","false"
"GCC","2011-02-25","34.42","35.05","34.35","35.04","153600","35.04","false"
"GCC","2011-02-24","34.47","34.54","34.23","34.25","154600","34.25","false"
"GCC","2011-02-23","34.58","34.64","34.19","34.64","220700","34.64","false"
"GCC","2011-02-22","34.77","34.88","34.30","34.37","202100","34.37","false"
"GCC","2011-02-18","35.17","35.17","34.58","34.69","195400","34.69","false"
"GCC","2011-02-17","34.70","35.03","34.62","35.03","182400","35.03","false"
"GCC","2011-02-16","34.60","34.68","34.44","34.59","114300","34.59","false"
"GCC","2011-02-15","34.80","34.80","34.18","34.38","213300","34.38","false"
"GCC","2011-02-14","34.62","34.68","34.50","34.57","140600","34.57","false"
"GCC","2011-02-11","34.54","34.54","34.30","34.41","273000","34.41","false"
"GCC","2011-02-10","34.57","34.73","34.50","34.60","247400","34.60","false"
"GCC","2011-02-09","34.47","34.63","34.25","34.56","179200","34.56","false"
"GCC","2011-02-08","34.15","34.33","34.05","34.28","166300","34.28","false"
"GCC","2011-02-07","34.37","36.00","34.11","34.17","211400","34.17","false"
"GCC","2011-02-04","34.33","34.47","34.05","34.27","208900","34.27","false"
"GCC","2011-02-03","34.70","34.70","34.26","34.34","185000","34.34","false"
"GCC","2011-02-02","34.43","34.60","34.32","34.59","239700","34.59","false"
"GCC","2011-02-01","34.08","34.60","33.98","34.29","356700","34.29","false"
"GCC","2011-01-31","33.80","34.23","33.69","34.03","219600","34.03","false"
"GCC","2011-01-28","33.53","33.67","33.43","33.62","132400","33.62","false"
"GCC","2011-01-27","33.69","33.69","33.35","33.48","402700","33.48","false"
"GCC","2011-01-26","33.49","33.75","33.17","33.61","207500","33.61","false"
"GCC","2011-01-25","34.25","34.25","32.90","33.12","469600","33.12","false"
"GCC","2011-01-24","33.97","33.97","33.38","33.40","221600","33.40","false"
"GCC","2011-01-21","33.46","33.71","33.07","33.46","135700","33.46","false"
"GCC","2011-01-20","33.11","33.30","32.75","33.24","163100","33.24","false"
"GCC","2011-01-19","33.49","33.53","33.19","33.24","137800","33.24","false"
"GCC","2011-01-18","33.20","33.33","33.11","33.23","174200","33.23","false"
"GCC","2011-01-14","32.84","33.53","32.77","33.10","291200","33.10","false"
"GCC","2011-01-13","33.43","33.43","33.03","33.05","149700","33.05","false"
"GCC","2011-01-12","33.39","33.48","33.08","33.26","438500","33.26","false"
"GCC","2011-01-11","32.82","32.92","32.69","32.87","132400","32.87","false"
"GCC","2011-01-10","32.42","32.52","32.31","32.50","134800","32.50","false"
"GCC","2011-01-07","32.48","32.48","32.11","32.24","201500","32.24","false"
"GCC","2011-01-06","32.95","32.95","32.21","32.22","170500","32.22","false"
"GCC","2011-01-05","32.40","32.66","32.08","32.59","275500","32.59","false"
"GCC","2011-01-04","33.05","33.05","32.32","32.50","391100","32.50","false"
"GCC","2011-01-03","33.49","33.49","32.99","33.07","269400","33.07","false"
