"GII","2007-12-31","61.95","62.43","60.48","60.53","11400","54.54","false"
"GII","2007-12-28","60.88","61.01","60.85","60.90","15400","54.88","false"
"GII","2007-12-27","60.64","60.85","60.25","60.25","16500","54.29","false"
"GII","2007-12-26","60.95","60.95","60.70","60.80","4700","54.79","false"
"GII","2007-12-24","60.09","61.83","60.04","60.86","2900","54.84","false"
"GII","2007-12-21","60.53","60.71","60.48","60.68","17100","54.68","false"
"GII","2007-12-20","62.74","62.74","60.95","61.25","6300","54.17","false"
"GII","2007-12-19","61.47","61.62","61.15","61.44","10100","54.33","false"
"GII","2007-12-18","59.74","61.77","59.74","61.53","8900","54.41","false"
"GII","2007-12-17","60.40","61.42","60.40","60.74","13400","53.71","false"
"GII","2007-12-14","62.00","62.20","61.75","61.86","7000","54.70","false"
"GII","2007-12-13","62.40","62.50","62.00","62.50","7000","55.27","false"
"GII","2007-12-12","62.31","63.59","62.31","62.87","12700","55.60","false"
"GII","2007-12-11","64.35","64.42","62.26","62.26","37000","55.06","false"
"GII","2007-12-10","63.55","63.70","63.54","63.65","42500","56.29","false"
"GII","2007-12-07","63.64","63.74","63.40","63.64","14500","56.28","false"
"GII","2007-12-06","63.50","63.97","63.18","63.97","29400","56.57","false"
"GII","2007-12-05","64.01","64.01","63.04","63.49","18400","56.15","false"
"GII","2007-12-04","62.60","62.92","62.57","62.81","27000","55.55","false"
"GII","2007-12-03","62.40","62.46","62.32","62.45","16900","55.23","false"
"GII","2007-11-30","62.60","62.60","61.94","62.02","3800","54.85","false"
"GII","2007-11-29","63.05","63.05","61.82","62.02","7600","54.85","false"
"GII","2007-11-28","61.55","62.42","61.32","62.42","11400","55.20","false"
"GII","2007-11-27","61.20","61.42","61.01","61.42","13000","54.32","false"
"GII","2007-11-26","61.50","61.87","60.86","60.87","7000","53.83","false"
"GII","2007-11-23","61.15","61.37","61.01","61.37","3300","54.27","false"
"GII","2007-11-21","61.10","61.15","60.95","61.03","3300","53.97","false"
"GII","2007-11-20","61.33","61.33","60.90","61.32","1700","54.23","false"
"GII","2007-11-19","62.89","62.89","60.49","60.65","7400","53.63","false"
"GII","2007-11-16","60.80","61.26","60.57","61.26","3200","54.17","false"
"GII","2007-11-15","62.21","62.21","60.00","60.15","5600","53.19","false"
"GII","2007-11-14","60.76","60.95","60.37","60.47","3200","53.48","false"
"GII","2007-11-13","62.17","62.17","59.93","60.83","3700","53.79","false"
"GII","2007-11-12","60.75","60.77","60.35","60.36","6800","53.38","false"
"GII","2007-11-09","61.45","61.64","61.25","61.25","3000","54.17","false"
"GII","2007-11-08","61.36","61.76","61.20","61.76","10100","54.62","false"
"GII","2007-11-07","62.03","62.07","61.14","61.14","9000","54.07","false"
"GII","2007-11-06","61.85","62.08","61.42","62.08","13200","54.90","false"
"GII","2007-11-05","61.00","61.56","60.95","61.46","15600","54.35","false"
"GII","2007-11-02","61.20","61.22","60.77","61.16","90500","54.09","false"
"GII","2007-11-01","61.02","61.02","60.50","60.51","18500","53.51","false"
"GII","2007-10-31","61.09","61.65","61.00","61.58","11400","54.46","false"
"GII","2007-10-30","61.00","61.17","60.82","60.96","8700","53.91","false"
"GII","2007-10-29","60.85","61.09","60.77","61.04","35900","53.98","false"
"GII","2007-10-26","60.30","60.67","60.28","60.67","14200","53.65","false"
"GII","2007-10-25","59.48","59.98","59.48","59.94","11800","53.01","false"
"GII","2007-10-24","58.98","59.16","58.52","59.13","2400","52.29","false"
"GII","2007-10-23","59.26","59.26","58.79","59.08","9900","52.25","false"
"GII","2007-10-22","57.80","58.46","57.80","58.46","13100","51.70","false"
"GII","2007-10-19","59.35","59.35","58.31","58.32","10200","51.57","false"
"GII","2007-10-18","59.45","59.54","59.22","59.54","3900","52.65","false"
"GII","2007-10-17","57.78","59.50","57.78","58.98","6100","52.16","false"
"GII","2007-10-16","58.90","58.90","58.55","58.67","12800","51.88","false"
"GII","2007-10-15","59.45","59.45","58.48","58.71","4000","51.92","false"
"GII","2007-10-12","59.08","59.19","59.07","59.19","1700","52.34","false"
"GII","2007-10-11","59.03","59.40","58.79","59.08","25000","52.25","false"
"GII","2007-10-10","58.87","58.92","58.64","58.64","5400","51.86","false"
"GII","2007-10-09","58.70","58.87","58.59","58.82","2700","52.02","false"
"GII","2007-10-08","58.65","58.65","58.13","58.20","6600","51.47","false"
"GII","2007-10-05","58.34","58.83","58.34","58.70","4500","51.91","false"
"GII","2007-10-04","58.00","58.19","57.97","58.13","2000","51.41","false"
"GII","2007-10-03","58.00","58.00","57.62","57.62","6200","50.96","false"
"GII","2007-10-02","58.35","58.35","57.83","58.09","3000","51.37","false"
"GII","2007-10-01","58.00","58.63","58.00","58.57","5400","51.80","false"
"GII","2007-09-28","57.82","58.05","57.82","57.84","1400","51.15","false"
"GII","2007-09-27","57.95","58.04","57.87","57.91","2300","51.21","false"
"GII","2007-09-26","57.84","57.89","55.10","57.79","1400","51.11","false"
"GII","2007-09-25","57.01","57.40","57.01","57.16","1100","50.55","false"
"GII","2007-09-24","57.13","57.31","57.13","57.26","3800","50.64","false"
"GII","2007-09-21","56.77","57.15","56.77","57.13","1700","50.52","false"
"GII","2007-09-20","57.14","57.14","56.70","56.70","6400","50.14","false"
"GII","2007-09-19","56.94","57.13","56.80","57.01","5900","50.42","false"
"GII","2007-09-18","55.49","56.86","55.49","56.86","9100","50.28","false"
"GII","2007-09-17","55.70","55.70","55.24","55.24","1300","48.85","false"
"GII","2007-09-14","55.50","55.73","55.41","55.61","6100","49.18","false"
"GII","2007-09-13","55.60","55.78","55.59","55.61","1600","49.18","false"
"GII","2007-09-12","55.20","55.54","55.20","55.34","1200","48.94","false"
"GII","2007-09-11","55.00","55.24","54.98","55.20","1300","48.82","false"
"GII","2007-09-10","54.75","54.75","54.21","54.21","1100","47.94","false"
"GII","2007-09-07","54.70","54.70","54.18","54.18","12500","47.91","false"
"GII","2007-09-06","54.70","54.98","54.50","54.79","6600","48.45","false"
"GII","2007-09-05","54.70","54.70","54.39","54.67","600","48.35","false"
"GII","2007-09-04","55.11","55.35","55.11","55.35","5200","48.95","false"
"GII","2007-08-31","55.09","55.46","54.95","55.34","5700","48.94","false"
"GII","2007-08-30","54.35","54.60","54.35","54.38","1700","48.09","false"
"GII","2007-08-29","54.11","54.84","54.11","54.84","5200","48.50","false"
"GII","2007-08-28","54.29","54.29","54.25","54.25","2300","47.98","false"
"GII","2007-08-27","54.65","54.65","54.35","54.43","10900","48.13","false"
"GII","2007-08-24","54.46","55.21","54.46","55.21","1700","48.82","false"
"GII","2007-08-23","54.80","54.80","54.20","54.47","6300","48.17","false"
"GII","2007-08-22","54.14","54.31","53.94","54.31","2000","48.03","false"
"GII","2007-08-21","53.48","53.48","53.39","53.39","700","47.21","false"
"GII","2007-08-20","53.00","53.46","52.87","53.20","4400","47.05","false"
"GII","2007-08-17","49.78","53.60","49.78","53.60","1900","47.40","false"
"GII","2007-08-16","52.00","52.29","50.95","52.29","20700","46.24","false"
"GII","2007-08-15","53.10","53.72","52.82","52.82","25700","46.71","false"
"GII","2007-08-14","54.50","54.50","53.51","53.56","52000","47.36","false"
"GII","2007-08-13","54.75","54.79","54.36","54.50","9500","48.20","false"
"GII","2007-08-10","54.20","54.83","53.90","54.55","2500","48.24","false"
"GII","2007-08-09","55.00","55.06","54.50","54.67","20800","48.35","false"
"GII","2007-08-08","55.20","55.95","55.20","55.39","29500","48.98","false"
"GII","2007-08-07","54.03","55.12","54.03","55.12","5900","48.74","false"
"GII","2007-08-06","54.00","54.65","53.70","54.65","8500","48.33","false"
"GII","2007-08-03","54.85","54.99","53.88","53.88","4500","47.65","false"
"GII","2007-08-02","54.89","55.22","54.89","55.13","2700","48.75","false"
"GII","2007-08-01","53.69","54.01","53.63","53.70","7200","47.49","false"
"GII","2007-07-31","54.30","54.47","53.74","53.74","3500","47.52","false"
"GII","2007-07-30","53.30","54.00","53.30","54.00","4200","47.75","false"
"GII","2007-07-27","54.39","54.95","53.55","53.62","4400","47.42","false"
"GII","2007-07-26","54.99","55.42","53.70","54.39","13000","48.10","false"
"GII","2007-07-25","56.12","56.12","55.55","55.78","7100","49.33","false"
"GII","2007-07-24","56.78","56.94","55.78","55.84","7400","49.38","false"
"GII","2007-07-23","57.00","57.62","57.00","57.35","56900","50.72","false"
"GII","2007-07-20","57.60","57.60","57.00","57.12","2100","50.51","false"
"GII","2007-07-19","57.30","57.83","57.22","57.83","2400","51.14","false"
"GII","2007-07-18","56.72","57.22","56.72","57.19","4100","50.58","false"
"GII","2007-07-17","57.40","57.40","57.13","57.25","3500","50.63","false"
"GII","2007-07-16","57.17","57.60","57.14","57.14","5500","50.53","false"
"GII","2007-07-13","57.28","57.66","57.28","57.65","6500","50.98","false"
"GII","2007-07-12","56.67","57.32","56.67","57.32","4600","50.69","false"
"GII","2007-07-11","55.95","56.32","55.95","56.30","11300","49.79","false"
"GII","2007-07-10","56.45","56.52","55.95","55.95","4900","49.48","false"
"GII","2007-07-09","56.57","56.97","56.52","56.60","16200","50.05","false"
"GII","2007-07-06","56.47","56.67","56.47","56.67","6600","50.12","false"
"GII","2007-07-05","56.70","56.70","56.24","56.55","8700","50.01","false"
"GII","2007-07-03","56.93","57.01","56.92","56.96","1500","50.37","false"
"GII","2007-07-02","56.00","56.69","56.00","56.69","2000","50.13","false"
"GII","2007-06-29","56.20","56.25","55.67","55.98","2300","49.51","false"
"GII","2007-06-28","55.75","56.21","55.68","55.77","6200","49.32","false"
"GII","2007-06-27","55.00","55.51","54.75","55.46","25000","49.05","false"
"GII","2007-06-26","55.34","55.61","55.04","55.15","84900","48.77","false"
"GII","2007-06-25","54.90","55.57","54.82","55.10","5000","48.73","false"
"GII","2007-06-22","56.00","56.00","54.94","55.11","8200","48.74","false"
"GII","2007-06-21","55.45","57.67","55.18","55.66","6700","49.22","false"
"GII","2007-06-20","56.13","56.14","55.55","55.55","2600","49.12","false"
"GII","2007-06-19","55.90","56.23","55.90","56.23","1600","49.73","false"
"GII","2007-06-18","56.42","56.42","56.10","56.16","4700","49.66","false"
"GII","2007-06-15","56.31","56.51","56.31","56.42","21600","49.89","false"
"GII","2007-06-14","55.59","55.74","55.54","55.73","11900","49.28","false"
"GII","2007-06-13","54.89","55.33","54.76","55.33","2000","48.93","false"
"GII","2007-06-12","55.00","55.09","54.56","54.58","2800","48.27","false"
"GII","2007-06-11","55.09","55.51","55.09","55.48","1400","49.06","false"
"GII","2007-06-08","54.58","55.14","54.44","55.14","3800","48.76","false"
"GII","2007-06-07","55.61","55.64","54.69","54.69","2600","48.36","false"
"GII","2007-06-06","56.33","56.33","55.76","56.02","22200","49.54","false"
"GII","2007-06-05","57.24","57.45","57.00","57.12","19500","50.51","false"
"GII","2007-06-04","57.71","57.76","57.51","57.70","11200","51.03","false"
"GII","2007-06-01","57.65","58.04","57.65","57.91","3900","51.21","false"
"GII","2007-05-31","57.84","57.84","57.57","57.64","9900","50.97","false"
"GII","2007-05-30","56.40","57.13","56.40","57.13","2700","50.52","false"
"GII","2007-05-29","56.70","56.80","56.68","56.68","4600","50.12","false"
"GII","2007-05-25","56.56","56.67","56.36","56.55","11700","50.01","false"
"GII","2007-05-24","57.28","57.28","56.35","56.40","11400","49.88","false"
"GII","2007-05-23","57.69","57.79","57.36","57.45","13700","50.80","false"
"GII","2007-05-22","57.50","57.50","57.26","57.28","5500","50.65","false"
"GII","2007-05-21","57.35","57.54","57.33","57.49","11100","50.84","false"
"GII","2007-05-18","57.20","57.53","57.15","57.53","10400","50.88","false"
"GII","2007-05-17","56.97","57.20","56.97","57.09","6700","50.49","false"
"GII","2007-05-16","57.19","57.37","57.15","57.37","2500","50.73","false"
"GII","2007-05-15","57.10","57.31","56.93","56.93","3400","50.35","false"
"GII","2007-05-14","56.95","56.96","56.75","56.79","104700","50.22","false"
"GII","2007-05-11","56.20","56.64","56.20","56.61","5800","50.06","false"
"GII","2007-05-10","56.55","56.71","55.84","55.84","11100","49.38","false"
"GII","2007-05-09","56.87","57.01","56.81","56.98","18600","50.39","false"
"GII","2007-05-08","56.95","56.95","56.72","56.87","2600","50.29","false"
"GII","2007-05-07","57.04","57.15","57.04","57.15","4300","50.54","false"
"GII","2007-05-04","56.84","56.84","56.70","56.77","5300","50.20","false"
"GII","2007-05-03","56.60","56.70","56.54","56.67","8800","50.12","false"
"GII","2007-05-02","56.40","56.66","56.40","56.66","500","50.11","false"
"GII","2007-05-01","56.18","56.18","55.90","56.17","5700","49.67","false"
"GII","2007-04-30","56.50","56.50","56.21","56.21","500","49.71","false"
"GII","2007-04-27","56.27","56.27","56.05","56.21","700","49.71","false"
"GII","2007-04-26","56.71","56.71","56.46","56.46","4700","49.93","false"
"GII","2007-04-25","56.67","56.83","56.67","56.83","600","50.26","false"
"GII","2007-04-24","56.16","56.31","56.10","56.31","1600","49.80","false"
"GII","2007-04-23","56.17","56.72","55.95","56.11","6700","49.62","false"
"GII","2007-04-20","56.00","56.22","56.00","56.17","2100","49.67","false"
"GII","2007-04-19","55.45","55.86","55.45","55.86","5100","49.40","false"
"GII","2007-04-18","56.00","56.07","56.00","56.06","1900","49.58","false"
"GII","2007-04-17","56.26","56.26","55.97","56.00","26600","49.52","false"
"GII","2007-04-16","55.70","56.06","55.70","56.06","700","49.58","false"
"GII","2007-04-13","55.52","55.70","55.52","55.70","900","49.26","false"
"GII","2007-04-12","55.35","55.55","55.35","55.55","4500","49.12","false"
"GII","2007-04-11","55.64","55.64","55.40","55.40","3900","48.99","false"
"GII","2007-04-10","55.36","55.63","55.36","55.56","800","49.13","false"
"GII","2007-04-09","55.27","55.38","55.27","55.36","3500","48.96","false"
"GII","2007-04-05","55.00","55.29","55.00","55.18","6400","48.80","false"
"GII","2007-04-04","55.23","55.27","55.05","55.05","4100","48.68","false"
"GII","2007-04-03","55.32","55.32","55.20","55.23","2100","48.84","false"
"GII","2007-04-02","54.10","54.56","54.10","54.49","1400","48.19","false"
"GII","2007-03-30","54.10","54.20","54.05","54.05","1300","47.80","false"
"GII","2007-03-29","54.24","54.24","54.00","54.00","1100","47.75","false"
"GII","2007-03-28","54.17","54.17","53.88","53.88","2200","47.65","false"
"GII","2007-03-27","54.00","54.11","54.00","54.11","2200","47.85","false"
"GII","2007-03-26","54.00","54.19","53.91","54.19","6000","47.92","false"
"GII","2007-03-23","54.01","54.08","54.01","54.04","2600","47.79","false"
"GII","2007-03-22","54.06","54.06","53.85","53.92","9600","47.68","false"
"GII","2007-03-21","53.07","54.06","53.02","54.06","2300","47.81","false"
"GII","2007-03-20","52.58","52.99","52.58","52.99","2100","46.86","false"
"GII","2007-03-19","52.61","52.61","52.58","52.58","1000","46.50","false"
"GII","2007-03-16","52.25","52.25","52.25","52.25","100","46.21","false"
"GII","2007-03-15","51.60","51.77","51.60","51.77","200","45.78","false"
"GII","2007-03-14","51.42","51.42","51.42","51.42","100","45.47","false"
"GII","2007-03-13","52.10","52.18","51.35","51.35","1700","45.41","false"
"GII","2007-03-12","51.90","52.30","51.90","52.30","2300","46.25","false"
"GII","2007-03-09","52.09","52.09","52.09","52.09","0","46.06","false"
"GII","2007-03-08","51.95","52.09","51.95","52.09","1300","46.06","false"
"GII","2007-03-07","51.30","51.79","51.30","51.57","1700","45.61","false"
"GII","2007-03-06","50.64","51.30","50.64","51.30","1300","45.37","false"
"GII","2007-03-05","50.65","50.94","50.56","50.64","3200","44.78","false"
"GII","2007-03-02","51.40","51.64","51.20","51.20","3400","45.28","false"
"GII","2007-03-01","51.45","51.74","51.29","51.65","3800","45.68","false"
"GII","2007-02-28","52.20","52.30","51.98","52.05","14600","46.03","false"
"GII","2007-02-27","53.57","53.57","51.81","51.89","8000","45.89","false"
"GII","2007-02-26","53.69","54.00","53.69","53.75","3700","47.53","false"
"GII","2007-02-23","52.80","52.95","52.80","52.95","4800","46.83","false"
"GII","2007-02-22","52.65","52.79","52.65","52.66","3800","46.57","false"
"GII","2007-02-21","52.80","52.85","52.70","52.85","18800","46.74","false"
"GII","2007-02-20","53.00","53.18","52.95","53.18","1800","47.03","false"
"GII","2007-02-16","53.00","53.00","52.87","52.97","1700","46.84","false"
"GII","2007-02-15","53.29","53.30","52.96","52.99","24500","46.86","false"
"GII","2007-02-14","52.95","53.20","52.95","53.14","1700","46.99","false"
"GII","2007-02-13","52.70","52.78","52.66","52.78","15300","46.68","false"
"GII","2007-02-12","52.60","52.60","52.48","52.48","1500","46.41","false"
"GII","2007-02-09","52.68","52.94","52.47","52.62","1900","46.53","false"
"GII","2007-02-08","52.54","52.74","52.54","52.74","1500","46.64","false"
"GII","2007-02-07","53.05","53.05","52.89","52.89","10400","46.77","false"
"GII","2007-02-06","52.52","52.70","52.52","52.70","3800","46.60","false"
"GII","2007-02-05","51.88","52.10","51.81","51.82","3900","45.83","false"
"GII","2007-02-02","51.80","52.02","51.80","52.02","2300","46.00","false"
"GII","2007-02-01","51.50","51.69","51.50","51.69","10600","45.71","false"
"GII","2007-01-31","50.68","50.95","50.68","50.82","6100","44.94","false"
"GII","2008-12-31","39.94","41.03","39.94","40.99","18700","36.94","false"
"GII","2008-12-30","39.43","40.06","39.43","39.81","16600","35.87","false"
"GII","2008-12-29","39.20","39.45","38.80","38.88","21600","35.04","false"
"GII","2008-12-26","39.01","39.12","38.50","38.92","15100","35.07","false"
"GII","2008-12-24","38.93","38.97","38.49","38.94","19300","35.09","false"
"GII","2008-12-23","39.34","39.34","38.27","38.54","17500","34.73","false"
"GII","2008-12-22","39.00","40.69","38.13","38.41","9900","34.61","false"
"GII","2008-12-19","38.97","39.57","38.97","39.06","14600","35.20","false"
"GII","2008-12-18","41.55","41.71","40.66","40.89","14400","36.85","false"
"GII","2008-12-17","41.38","41.44","40.81","41.39","10500","37.30","false"
"GII","2008-12-16","41.30","41.41","39.79","41.30","10800","37.22","false"
"GII","2008-12-15","39.57","39.86","39.04","39.71","9000","35.78","false"
"GII","2008-12-12","38.90","39.88","38.90","39.81","7900","35.87","false"
"GII","2008-12-11","39.76","40.40","39.00","39.44","26600","35.54","false"
"GII","2008-12-10","38.79","39.47","38.79","39.30","32000","35.41","false"
"GII","2008-12-09","38.31","39.46","38.00","38.40","25500","34.60","false"
"GII","2008-12-08","38.21","39.18","38.21","38.70","26000","34.87","false"
"GII","2008-12-05","37.05","37.93","36.05","37.76","42300","34.03","false"
"GII","2008-12-04","40.01","40.01","36.63","36.85","26300","33.21","false"
"GII","2008-12-03","37.68","38.86","37.68","38.82","4800","34.98","false"
"GII","2008-12-02","41.40","41.40","37.07","38.35","24500","34.56","false"
"GII","2008-12-01","38.93","40.58","36.58","36.58","16500","32.96","false"
"GII","2008-11-28","39.33","39.74","39.02","39.74","12200","35.81","false"
"GII","2008-11-26","38.35","40.09","38.35","40.02","5200","36.06","false"
"GII","2008-11-25","43.83","43.83","38.12","39.52","21000","35.61","false"
"GII","2008-11-24","37.88","39.95","37.88","39.07","17300","35.21","false"
"GII","2008-11-21","36.05","37.69","35.89","37.67","12300","33.95","false"
"GII","2008-11-20","37.36","37.52","35.90","36.03","15600","32.47","false"
"GII","2008-11-19","39.09","39.41","37.00","37.00","5000","33.34","false"
"GII","2008-11-18","38.99","39.89","38.50","38.98","2900","35.13","false"
"GII","2008-11-17","39.04","39.72","38.69","39.69","7900","35.77","false"
"GII","2008-11-14","37.93","41.01","37.93","39.99","1900","36.04","false"
"GII","2008-11-13","38.51","40.45","37.35","40.45","4100","36.45","false"
"GII","2008-11-12","38.96","38.96","38.00","38.23","2700","34.45","false"
"GII","2008-11-11","40.37","40.37","39.01","39.78","3800","35.85","false"
"GII","2008-11-10","41.75","41.75","39.83","39.83","5800","35.89","false"
"GII","2008-11-07","40.74","40.98","40.40","40.96","9200","36.91","false"
"GII","2008-11-06","40.68","40.68","39.13","39.13","8900","35.26","false"
"GII","2008-11-05","42.68","42.88","41.30","41.30","6100","37.22","false"
"GII","2008-11-04","40.34","43.15","40.34","42.57","28300","38.36","false"
"GII","2008-11-03","40.68","41.40","40.68","41.31","9700","37.23","false"
"GII","2008-10-31","40.17","41.18","39.57","40.68","5700","36.66","false"
"GII","2008-10-30","40.64","41.04","39.43","40.86","7000","36.82","false"
"GII","2008-10-29","37.54","40.49","37.54","40.40","6800","36.41","false"
"GII","2008-10-28","35.92","38.00","35.92","38.00","12500","34.24","false"
"GII","2008-10-27","36.50","36.59","35.82","36.05","30100","32.49","false"
"GII","2008-10-24","36.50","38.06","36.49","37.40","10100","33.70","false"
"GII","2008-10-23","37.90","39.40","37.30","38.26","19700","34.48","false"
"GII","2008-10-22","38.13","39.65","37.38","37.38","5000","33.68","false"
"GII","2008-10-21","40.31","42.24","38.72","39.74","14500","35.81","false"
"GII","2008-10-20","40.80","42.52","40.60","42.52","15500","38.32","false"
"GII","2008-10-17","38.45","41.05","38.39","39.75","10100","35.82","false"
"GII","2008-10-16","35.79","38.17","35.79","38.17","17000","34.40","false"
"GII","2008-10-15","39.62","40.13","36.79","36.79","20400","33.15","false"
"GII","2008-10-14","42.36","43.00","39.69","41.70","10800","37.58","false"
"GII","2008-10-13","37.26","41.60","36.16","40.00","12700","36.04","false"
"GII","2008-10-10","34.59","36.20","17.54","34.50","51500","31.09","false"
"GII","2008-10-09","40.18","40.61","36.70","36.88","20700","33.23","false"
"GII","2008-10-08","41.79","41.95","40.15","41.18","14000","37.11","false"
"GII","2008-10-07","44.98","44.98","41.80","41.80","40200","37.67","false"
"GII","2008-10-06","44.28","44.45","41.63","43.05","24500","38.79","false"
"GII","2008-10-03","46.41","46.65","45.58","45.58","4900","41.07","false"
"GII","2008-10-02","46.62","46.62","45.84","45.88","8400","41.34","false"
"GII","2008-10-01","47.22","47.72","46.85","47.58","5000","42.88","false"
"GII","2008-09-30","45.22","47.70","44.14","47.69","11300","42.97","false"
"GII","2008-09-29","48.25","48.35","45.52","46.37","11500","41.78","false"
"GII","2008-09-26","47.87","49.40","47.87","49.18","3400","44.32","false"
"GII","2008-09-25","48.90","49.64","48.90","49.19","10700","44.33","false"
"GII","2008-09-24","48.15","48.85","48.10","48.23","13500","43.46","false"
"GII","2008-09-23","47.20","49.00","47.06","48.39","68500","43.61","false"
"GII","2008-09-22","49.00","49.08","48.44","48.87","6300","44.04","false"
"GII","2008-09-19","50.49","50.49","48.32","49.87","5100","44.94","false"
"GII","2008-09-18","48.68","48.68","46.14","47.58","5400","42.88","false"
"GII","2008-09-17","48.70","48.70","46.53","46.58","5700","41.97","false"
"GII","2008-09-16","48.95","48.95","47.19","48.03","15200","43.28","false"
"GII","2008-09-15","48.12","48.87","41.98","48.35","14300","43.57","false"
"GII","2008-09-12","50.24","50.24","48.70","49.60","4200","44.70","false"
"GII","2008-09-11","48.15","48.87","47.54","48.87","7300","44.04","false"
"GII","2008-09-10","48.90","49.09","48.51","48.51","36600","43.71","false"
"GII","2008-09-09","51.52","51.52","48.60","48.60","6500","43.79","false"
"GII","2008-09-08","50.26","50.86","49.97","50.37","6300","45.39","false"
"GII","2008-09-05","50.01","50.70","49.62","50.20","5200","45.24","false"
"GII","2008-09-04","51.70","51.87","50.33","50.33","20000","45.35","false"
"GII","2008-09-03","52.62","52.62","51.94","52.19","4300","47.03","false"
"GII","2008-09-02","54.68","54.68","52.49","52.52","2300","47.33","false"
"GII","2008-08-29","54.05","54.05","53.34","53.34","3600","48.07","false"
"GII","2008-08-28","54.68","54.68","53.64","54.21","10000","48.85","false"
"GII","2008-08-27","53.50","53.91","53.40","53.80","25000","48.48","false"
"GII","2008-08-26","52.21","53.51","52.21","53.09","4000","47.84","false"
"GII","2008-08-25","53.56","53.56","52.76","52.90","3600","47.67","false"
"GII","2008-08-22","53.40","53.55","53.23","53.55","13900","48.26","false"
"GII","2008-08-21","52.32","53.46","52.32","53.25","3800","47.98","false"
"GII","2008-08-20","52.80","53.03","52.65","53.03","1800","47.79","false"
"GII","2008-08-19","52.33","52.56","52.24","52.55","6000","47.35","false"
"GII","2008-08-18","53.44","53.44","51.32","52.16","9300","47.00","false"
"GII","2008-08-15","52.35","52.56","52.14","52.21","48800","47.05","false"
"GII","2008-08-14","52.84","52.97","52.74","52.83","4200","47.61","false"
"GII","2008-08-13","52.51","53.27","51.33","53.11","10700","47.86","false"
"GII","2008-08-12","54.61","54.61","52.83","52.97","4400","47.73","false"
"GII","2008-08-11","55.00","55.00","53.27","53.53","11000","48.24","false"
"GII","2008-08-08","52.99","53.85","52.79","53.85","3300","48.53","false"
"GII","2008-08-07","53.01","55.80","53.01","53.87","7600","48.54","false"
"GII","2008-08-06","55.75","55.75","53.85","54.13","5700","48.78","false"
"GII","2008-08-05","53.41","54.43","53.41","54.43","24700","49.05","false"
"GII","2008-08-04","54.63","54.63","54.05","54.05","15400","48.71","false"
"GII","2008-08-01","55.90","55.90","54.26","54.45","6200","49.07","false"
"GII","2008-07-31","55.55","55.63","55.24","55.48","5600","49.99","false"
"GII","2008-07-30","55.89","55.89","53.77","55.24","4300","49.78","false"
"GII","2008-07-29","53.77","54.66","53.77","54.66","1600","49.26","false"
"GII","2008-07-28","54.80","54.96","54.50","54.50","2700","49.11","false"
"GII","2008-07-25","53.41","55.18","53.41","54.81","14400","49.39","false"
"GII","2008-07-24","55.00","55.07","54.28","54.30","7800","48.93","false"
"GII","2008-07-23","56.64","56.64","55.22","55.35","7700","49.88","false"
"GII","2008-07-22","56.00","56.02","55.52","55.72","4900","50.21","false"
"GII","2008-07-21","56.47","56.47","55.57","55.88","8200","50.35","false"
"GII","2008-07-18","56.14","56.14","53.26","55.20","9600","49.74","false"
"GII","2008-07-17","55.00","56.84","54.05","54.84","13400","49.42","false"
"GII","2008-07-16","54.24","55.57","53.37","55.24","17000","49.78","false"
"GII","2008-07-15","55.75","55.75","54.95","54.95","4200","49.52","false"
"GII","2008-07-14","56.16","56.28","55.68","55.93","12800","50.40","false"
"GII","2008-07-11","56.50","56.50","55.76","56.11","93200","50.56","false"
"GII","2008-07-10","56.70","56.73","56.35","56.53","5700","50.94","false"
"GII","2008-07-09","57.00","57.30","56.92","56.92","3200","51.29","false"
"GII","2008-07-08","57.32","57.32","56.36","57.16","8900","51.51","false"
"GII","2008-07-07","57.43","57.44","56.84","56.84","3800","51.22","false"
"GII","2008-07-03","57.46","57.46","56.97","57.05","2000","51.41","false"
"GII","2008-07-02","58.06","58.21","57.22","57.37","9400","51.70","false"
"GII","2008-07-01","57.25","57.55","57.09","57.55","2500","51.86","false"
"GII","2008-06-30","57.43","57.93","57.36","57.93","13600","52.20","false"
"GII","2008-06-27","57.22","57.25","56.66","56.92","23000","51.29","false"
"GII","2008-06-26","57.50","57.50","56.18","56.24","6900","50.68","false"
"GII","2008-06-25","57.60","57.80","57.20","57.80","6500","52.08","false"
"GII","2008-06-24","57.01","57.30","56.90","57.25","4400","51.59","false"
"GII","2008-06-23","57.40","57.80","57.40","57.68","4500","51.98","false"
"GII","2008-06-20","59.00","59.49","57.23","57.33","23700","51.66","false"
"GII","2008-06-19","57.01","58.46","57.01","58.29","5400","52.53","false"
"GII","2008-06-18","58.40","58.40","57.99","57.99","6900","52.26","false"
"GII","2008-06-17","58.25","58.45","58.12","58.18","8800","52.43","false"
"GII","2008-06-16","58.44","58.44","57.40","58.11","18600","52.36","false"
"GII","2008-06-13","57.58","58.19","57.58","58.00","5200","52.26","false"
"GII","2008-06-12","58.20","58.20","57.68","57.68","10200","51.98","false"
"GII","2008-06-11","59.00","59.05","58.33","58.33","10200","52.56","false"
"GII","2008-06-10","60.90","60.90","59.05","59.24","3700","53.38","false"
"GII","2008-06-09","59.70","60.14","59.66","59.87","8300","53.95","false"
"GII","2008-06-06","62.00","62.57","58.79","59.17","5700","53.32","false"
"GII","2008-06-05","59.65","60.35","59.65","60.32","8400","54.36","false"
"GII","2008-06-04","59.40","59.69","59.20","59.69","7900","53.79","false"
"GII","2008-06-03","60.63","60.63","59.30","59.74","12400","53.83","false"
"GII","2008-06-02","60.30","60.30","59.20","59.23","20000","53.37","false"
"GII","2008-05-30","61.68","62.18","59.99","60.35","4800","54.38","false"
"GII","2008-05-29","58.89","60.12","58.89","59.94","5700","54.01","false"
"GII","2008-05-28","60.58","60.58","59.31","59.59","4800","53.70","false"
"GII","2008-05-27","59.31","59.68","59.11","59.68","4000","53.78","false"
"GII","2008-05-23","59.80","59.99","59.00","59.13","5400","53.28","false"
"GII","2008-05-22","58.98","60.13","58.98","60.10","5800","54.16","false"
"GII","2008-05-21","60.10","60.12","59.27","59.61","8700","53.72","false"
"GII","2008-05-20","60.24","60.24","59.33","59.44","8300","53.56","false"
"GII","2008-05-19","59.59","59.70","59.28","59.47","15200","53.59","false"
"GII","2008-05-16","58.81","58.95","58.54","58.95","8100","53.12","false"
"GII","2008-05-15","58.35","58.54","58.15","58.45","6800","52.67","false"
"GII","2008-05-14","58.30","58.41","58.07","58.24","10600","52.48","false"
"GII","2008-05-13","58.15","58.15","57.75","57.82","12700","52.10","false"
"GII","2008-05-12","57.69","58.25","57.62","58.25","5600","52.49","false"
"GII","2008-05-09","57.41","57.63","57.21","57.55","26000","51.86","false"
"GII","2008-05-08","59.56","59.56","57.00","57.74","10800","52.03","false"
"GII","2008-05-07","57.86","58.50","57.75","57.88","25800","52.16","false"
"GII","2008-05-06","57.29","58.55","57.29","58.49","4700","52.71","false"
"GII","2008-05-05","57.53","58.45","57.53","58.16","8200","52.41","false"
"GII","2008-05-02","59.49","59.49","57.99","58.16","14400","52.41","false"
"GII","2008-05-01","57.21","58.63","57.21","58.62","7400","52.82","false"
"GII","2008-04-30","59.24","59.24","57.84","57.84","8100","52.12","false"
"GII","2008-04-29","58.23","58.23","57.82","57.94","1700","52.21","false"
"GII","2008-04-28","58.50","58.58","58.03","58.03","5400","52.29","false"
"GII","2008-04-25","58.65","58.65","58.39","58.44","3600","52.66","false"
"GII","2008-04-24","58.01","58.69","57.90","58.48","7700","52.70","false"
"GII","2008-04-23","58.20","58.54","58.01","58.54","10500","52.75","false"
"GII","2008-04-22","57.58","58.60","57.58","58.03","3100","52.29","false"
"GII","2008-04-21","58.72","58.72","58.05","58.46","3500","52.68","false"
"GII","2008-04-18","58.29","58.64","58.29","58.41","12400","52.63","false"
"GII","2008-04-17","58.24","58.41","58.13","58.30","18600","52.54","false"
"GII","2008-04-16","57.89","58.65","57.89","58.65","16600","52.85","false"
"GII","2008-04-15","59.56","59.56","56.94","57.45","10000","51.77","false"
"GII","2008-04-14","59.10","59.10","56.95","57.17","4100","51.52","false"
"GII","2008-04-11","58.25","58.25","56.84","56.95","5100","51.32","false"
"GII","2008-04-10","58.55","58.55","57.20","57.49","6700","51.81","false"
"GII","2008-04-09","57.51","57.67","57.24","57.38","3500","51.71","false"
"GII","2008-04-08","59.74","59.74","57.25","57.60","8400","51.90","false"
"GII","2008-04-07","57.90","57.90","57.52","57.57","6600","51.88","false"
"GII","2008-04-04","58.01","58.16","57.67","57.87","5600","52.15","false"
"GII","2008-04-03","57.40","57.57","57.26","57.40","4000","51.72","false"
"GII","2008-04-02","57.14","57.14","56.78","56.99","14100","51.35","false"
"GII","2008-04-01","55.51","57.25","55.51","57.25","31300","51.59","false"
"GII","2008-03-31","56.87","56.87","55.66","55.70","3400","50.19","false"
"GII","2008-03-28","56.09","56.15","55.64","55.72","6800","50.21","false"
"GII","2008-03-27","55.15","56.53","55.15","56.15","6300","50.60","false"
"GII","2008-03-26","56.66","56.66","55.22","55.78","9600","50.26","false"
"GII","2008-03-25","55.71","55.71","55.08","55.57","9700","50.08","false"
"GII","2008-03-24","54.98","55.65","54.98","55.35","15900","49.88","false"
"GII","2008-03-20","54.70","54.96","54.00","54.96","24700","49.53","false"
"GII","2008-03-19","57.20","57.20","54.89","54.89","3700","49.46","false"
"GII","2008-03-18","55.45","57.08","55.45","57.08","6500","51.44","false"
"GII","2008-03-17","55.70","56.06","55.27","55.96","6900","50.43","false"
"GII","2008-03-14","56.87","56.87","55.70","56.14","14100","50.59","false"
"GII","2008-03-13","58.60","58.90","55.14","56.86","26600","51.24","false"
"GII","2008-03-12","58.28","58.28","56.38","56.46","10600","50.88","false"
"GII","2008-03-11","55.65","57.43","55.65","57.43","7600","51.75","false"
"GII","2008-03-10","55.01","56.14","55.01","55.41","3900","49.93","false"
"GII","2008-03-07","55.62","55.62","55.00","55.60","3400","50.10","false"
"GII","2008-03-06","56.30","56.30","55.88","55.88","10400","50.35","false"
"GII","2008-03-05","55.88","56.14","55.50","55.92","2900","50.39","false"
"GII","2008-03-04","56.53","56.53","55.00","55.91","7300","50.38","false"
"GII","2008-03-03","55.12","56.10","55.12","55.65","7800","50.15","false"
"GII","2008-02-29","56.24","56.30","55.90","56.06","8700","50.52","false"
"GII","2008-02-28","57.00","57.19","56.86","57.01","8800","51.37","false"
"GII","2008-02-27","57.50","57.67","57.16","57.37","5600","51.70","false"
"GII","2008-02-26","58.03","58.03","56.54","57.25","10300","51.59","false"
"GII","2008-02-25","57.68","57.68","56.37","57.14","7900","51.49","false"
"GII","2008-02-22","56.50","56.50","55.83","56.02","2700","50.48","false"
"GII","2008-02-21","56.80","57.10","56.30","56.30","24900","50.73","false"
"GII","2008-02-20","56.30","57.14","56.30","57.14","4100","51.49","false"
"GII","2008-02-19","57.79","57.79","56.99","57.26","13700","51.60","false"
"GII","2008-02-15","56.69","56.94","56.51","56.93","40300","51.30","false"
"GII","2008-02-14","57.63","57.63","57.11","57.17","5600","51.52","false"
"GII","2008-02-13","57.35","57.48","57.13","57.43","4400","51.75","false"
"GII","2008-02-12","57.00","57.30","56.69","56.90","12700","51.27","false"
"GII","2008-02-11","54.55","56.05","54.55","56.05","6700","50.51","false"
"GII","2008-02-08","54.02","55.72","53.95","55.43","3500","49.95","false"
"GII","2008-02-07","56.48","56.48","55.10","55.63","22300","50.13","false"
"GII","2008-02-06","56.68","56.68","55.58","55.58","5200","50.08","false"
"GII","2008-02-05","56.90","57.00","54.80","55.55","26400","50.06","false"
"GII","2008-02-04","57.47","57.78","57.39","57.58","47100","51.89","false"
"GII","2008-02-01","57.10","57.40","56.80","57.40","10300","51.72","false"
"GII","2008-01-31","55.55","56.95","55.32","56.75","18300","51.14","false"
"GII","2008-01-30","57.71","57.71","55.68","55.89","9700","50.36","false"
"GII","2008-01-29","56.00","56.10","55.80","56.09","7900","50.54","false"
"GII","2008-01-28","55.20","55.72","55.05","55.70","6300","50.19","false"
"GII","2008-01-25","56.42","56.50","54.95","55.60","5500","50.10","false"
"GII","2008-01-24","55.94","55.94","54.29","55.50","9100","50.01","false"
"GII","2008-01-23","53.08","54.37","52.29","54.37","22900","48.99","false"
"GII","2008-01-22","55.50","64.35","48.60","54.66","36300","49.26","false"
"GII","2008-01-18","58.90","58.90","57.58","57.81","15500","52.09","false"
"GII","2008-01-17","59.11","59.47","57.76","57.80","12100","52.08","false"
"GII","2008-01-16","61.18","61.18","59.04","59.11","24100","53.27","false"
"GII","2008-01-15","61.10","61.10","59.84","59.85","6700","53.93","false"
"GII","2008-01-14","62.24","62.24","60.60","60.95","8100","54.92","false"
"GII","2008-01-11","63.33","63.33","60.37","60.63","9700","54.63","false"
"GII","2008-01-10","61.90","62.14","61.46","62.12","8200","55.98","false"
"GII","2008-01-09","61.20","61.79","61.09","61.79","10100","55.68","false"
"GII","2008-01-08","61.20","61.80","60.71","60.80","12800","54.79","false"
"GII","2008-01-07","61.25","61.49","61.00","61.49","8100","55.41","false"
"GII","2008-01-04","61.67","61.67","60.36","60.36","6700","54.39","false"
"GII","2008-01-03","60.80","61.68","60.64","60.91","10100","54.89","false"
"GII","2008-01-02","61.41","61.41","59.96","60.15","11100","54.20","false"
"GII","2009-12-31","43.43","43.43","42.46","42.52","5100","39.94","false"
"GII","2009-12-30","43.18","43.18","42.31","42.83","4100","40.23","false"
"GII","2009-12-29","42.77","43.00","42.67","42.68","3700","40.09","false"
"GII","2009-12-28","42.50","43.00","42.35","42.48","19900","39.90","false"
"GII","2009-12-24","41.97","42.50","41.97","42.45","3000","39.87","false"
"GII","2009-12-23","42.00","42.45","42.00","42.00","6700","39.45","false"
"GII","2009-12-22","42.01","42.46","42.00","42.05","4200","39.49","false"
"GII","2009-12-21","42.00","42.49","42.00","42.12","3900","39.56","false"
"GII","2009-12-18","42.04","42.23","41.95","42.20","5900","39.63","false"
"GII","2009-12-17","42.53","43.22","42.37","42.96","4600","39.65","false"
"GII","2009-12-16","43.01","43.85","43.01","43.14","8300","39.82","false"
"GII","2009-12-15","42.93","43.22","42.80","42.92","3800","39.62","false"
"GII","2009-12-14","43.62","43.62","42.94","43.13","2500","39.81","false"
"GII","2009-12-11","42.42","43.27","42.42","42.86","8000","39.56","false"
"GII","2009-12-10","42.62","43.25","42.33","42.42","3800","39.16","false"
"GII","2009-12-09","42.00","42.53","42.00","42.35","2100","39.09","false"
"GII","2009-12-08","42.67","42.71","42.15","42.16","2000","38.92","false"
"GII","2009-12-07","42.40","42.85","42.40","42.76","6900","39.47","false"
"GII","2009-12-04","43.27","43.27","42.13","42.41","7100","39.15","false"
"GII","2009-12-03","42.72","43.27","42.52","42.52","6000","39.25","false"
"GII","2009-12-02","42.23","42.88","42.23","42.69","3500","39.41","false"
"GII","2009-12-01","42.34","42.90","42.34","42.84","2500","39.54","false"
"GII","2009-11-30","41.38","42.05","41.38","41.79","4200","38.57","false"
"GII","2009-11-27","41.75","42.18","41.56","41.56","1400","38.36","false"
"GII","2009-11-25","42.00","42.25","42.00","42.25","4200","39.00","false"
"GII","2009-11-24","41.58","41.97","41.46","41.97","3800","38.74","false"
"GII","2009-11-23","41.58","42.00","41.50","41.51","6700","38.32","false"
"GII","2009-11-20","40.75","41.30","40.75","41.27","3500","38.09","false"
"GII","2009-11-19","41.54","41.67","41.06","41.56","6700","38.36","false"
"GII","2009-11-18","41.97","42.12","41.59","41.95","8500","38.72","false"
"GII","2009-11-17","42.14","42.14","41.34","41.70","13300","38.49","false"
"GII","2009-11-16","41.23","42.16","41.23","41.77","11900","38.56","false"
"GII","2009-11-13","40.94","41.65","40.94","41.23","4300","38.06","false"
"GII","2009-11-12","41.24","41.24","40.99","41.11","6300","37.95","false"
"GII","2009-11-11","41.05","41.95","41.05","41.41","5700","38.22","false"
"GII","2009-11-10","41.76","41.76","41.35","41.43","3200","38.24","false"
"GII","2009-11-09","40.60","41.60","40.60","41.48","6600","38.29","false"
"GII","2009-11-06","40.25","40.74","40.25","40.62","13500","37.49","false"
"GII","2009-11-05","40.50","40.68","40.26","40.43","2500","37.32","false"
"GII","2009-11-04","39.92","40.51","39.92","40.34","2800","37.24","false"
"GII","2009-11-03","39.23","39.82","39.02","39.82","9700","36.76","false"
"GII","2009-11-02","40.25","40.55","39.05","39.90","16600","36.83","false"
"GII","2009-10-30","40.81","40.81","39.09","39.82","14700","36.76","false"
"GII","2009-10-29","41.02","41.06","40.26","40.65","42600","37.52","false"
"GII","2009-10-28","41.09","41.75","40.08","41.75","10200","38.54","false"
"GII","2009-10-27","40.24","41.43","40.08","41.43","1800","38.24","false"
"GII","2009-10-26","41.40","41.89","40.51","41.14","35700","37.97","false"
"GII","2009-10-23","41.79","42.00","41.19","41.82","10000","38.60","false"
"GII","2009-10-22","41.92","42.86","40.84","41.12","3200","37.96","false"
"GII","2009-10-21","41.57","42.85","41.57","41.92","7300","38.69","false"
"GII","2009-10-20","42.00","42.33","41.86","41.99","6900","38.76","false"
"GII","2009-10-19","41.84","42.59","41.84","42.30","4200","39.05","false"
"GII","2009-10-16","41.52","42.11","41.45","41.95","5500","38.72","false"
"GII","2009-10-15","41.93","42.80","41.84","41.97","4200","38.74","false"
"GII","2009-10-14","41.99","42.04","41.76","42.03","8600","38.80","false"
"GII","2009-10-13","41.95","41.95","41.64","41.87","3700","38.65","false"
"GII","2009-10-12","42.06","42.90","41.94","42.02","6100","38.79","false"
"GII","2009-10-09","42.00","42.76","41.06","42.63","4200","39.35","false"
"GII","2009-10-08","42.31","42.88","41.86","41.89","14300","38.67","false"
"GII","2009-10-07","41.88","41.88","41.68","41.68","1700","38.47","false"
"GII","2009-10-06","41.27","41.99","40.98","41.66","7300","38.45","false"
"GII","2009-10-05","40.90","41.64","39.61","41.62","1900","38.42","false"
"GII","2009-10-02","41.25","41.25","40.84","40.92","2200","37.77","false"
"GII","2009-10-01","41.54","41.92","40.74","41.24","25200","38.07","false"
"GII","2009-09-30","41.59","42.05","41.58","42.05","25000","38.81","false"
"GII","2009-09-29","41.96","42.10","41.77","42.02","9500","38.79","false"
"GII","2009-09-28","42.49","42.59","42.29","42.32","5600","39.06","false"
"GII","2009-09-25","41.06","41.86","41.06","41.51","6800","38.32","false"
"GII","2009-09-24","42.01","42.91","41.27","41.52","6300","38.33","false"
"GII","2009-09-23","43.20","43.20","42.04","42.04","2200","38.81","false"
"GII","2009-09-22","42.95","42.95","42.23","42.39","5400","39.13","false"
"GII","2009-09-21","41.94","43.24","40.83","42.24","12300","38.99","false"
"GII","2009-09-18","42.35","42.48","42.27","42.32","3300","39.06","false"
"GII","2009-09-17","42.68","42.76","42.03","42.27","7500","39.02","false"
"GII","2009-09-16","41.72","43.82","41.72","43.47","3700","40.13","false"
"GII","2009-09-15","41.90","42.22","41.50","42.22","3800","38.97","false"
"GII","2009-09-14","40.97","41.65","40.97","41.49","6500","38.30","false"
"GII","2009-09-11","41.22","41.34","41.13","41.13","2000","37.97","false"
"GII","2009-09-10","40.86","41.36","40.86","41.09","6300","37.93","false"
"GII","2009-09-09","40.76","41.05","40.73","40.97","900","37.82","false"
"GII","2009-09-08","40.57","40.77","40.43","40.67","4800","37.54","false"
"GII","2009-09-04","40.04","40.47","40.00","40.46","1900","37.35","false"
"GII","2009-09-03","39.86","39.97","39.62","39.97","104800","36.89","false"
"GII","2009-09-02","39.24","40.07","39.24","40.07","3800","36.99","false"
"GII","2009-09-01","40.28","40.69","39.57","39.75","4200","36.69","false"
"GII","2009-08-31","40.50","40.56","40.30","40.43","7200","37.32","false"
"GII","2009-08-28","40.82","40.94","40.58","40.94","6300","37.79","false"
"GII","2009-08-27","40.11","41.22","40.11","40.94","7700","37.79","false"
"GII","2009-08-26","40.49","40.58","40.29","40.38","4700","37.27","false"
"GII","2009-08-25","40.96","41.00","40.60","40.77","7300","37.63","false"
"GII","2009-08-24","40.62","41.54","40.59","41.00","8800","37.85","false"
"GII","2009-08-21","40.51","40.73","40.42","40.60","2200","37.48","false"
"GII","2009-08-20","39.58","39.89","39.50","39.71","2900","36.65","false"
"GII","2009-08-19","39.34","39.57","39.10","39.54","3200","36.50","false"
"GII","2009-08-18","38.32","39.08","38.14","38.94","5400","35.94","false"
"GII","2009-08-17","38.85","38.85","36.87","38.39","6800","35.44","false"
"GII","2009-08-14","39.79","39.79","39.18","39.51","19800","36.47","false"
"GII","2009-08-13","40.00","40.00","39.50","39.79","8200","36.73","false"
"GII","2009-08-12","38.99","39.79","38.99","39.60","6700","36.55","false"
"GII","2009-08-11","39.06","39.06","38.70","38.82","4400","35.83","false"
"GII","2009-08-10","38.91","39.11","38.81","39.11","800","36.10","false"
"GII","2009-08-07","39.06","39.38","39.06","39.25","3800","36.23","false"
"GII","2009-08-06","38.93","39.25","38.84","39.06","3800","36.05","false"
"GII","2009-08-05","39.55","39.55","39.06","39.46","4200","36.42","false"
"GII","2009-08-04","39.84","39.84","39.50","39.68","5100","36.63","false"
"GII","2009-08-03","39.91","40.96","39.51","39.81","3600","36.75","false"
"GII","2009-07-31","38.98","39.46","38.98","39.29","2500","36.27","false"
"GII","2009-07-30","39.15","39.48","39.08","39.09","8400","36.08","false"
"GII","2009-07-29","38.71","38.98","38.31","38.58","11600","35.61","false"
"GII","2009-07-28","39.10","39.10","38.56","39.00","10000","36.00","false"
"GII","2009-07-27","39.09","39.19","38.54","39.19","2200","36.17","false"
"GII","2009-07-24","38.78","39.24","38.64","39.24","3100","36.22","false"
"GII","2009-07-23","38.40","39.10","38.40","39.07","2200","36.06","false"
"GII","2009-07-22","38.09","38.53","38.09","38.23","9300","35.29","false"
"GII","2009-07-21","38.32","38.47","38.24","38.29","1500","35.34","false"
"GII","2009-07-20","37.90","38.13","37.79","38.13","4200","35.20","false"
"GII","2009-07-17","37.56","37.89","37.41","37.84","2700","34.93","false"
"GII","2009-07-16","37.72","37.76","37.29","37.60","5000","34.71","false"
"GII","2009-07-15","37.28","37.75","37.27","37.61","3600","34.72","false"
"GII","2009-07-14","36.47","36.85","36.43","36.79","2700","33.96","false"
"GII","2009-07-13","36.07","36.87","35.92","36.80","2000","33.97","false"
"GII","2009-07-10","36.15","36.25","35.67","36.14","10200","33.36","false"
"GII","2009-07-09","36.15","36.50","36.03","36.17","3900","33.39","false"
"GII","2009-07-08","36.03","36.44","35.62","35.91","11900","33.15","false"
"GII","2009-07-07","36.86","36.86","35.84","35.84","2000","33.08","false"
"GII","2009-07-06","36.32","36.85","36.26","36.70","2800","33.88","false"
"GII","2009-07-02","37.56","37.56","36.72","36.73","3700","33.90","false"
"GII","2009-07-01","37.50","38.10","37.50","38.02","1900","35.09","false"
"GII","2009-06-30","37.90","37.90","36.98","37.23","2900","34.37","false"
"GII","2009-06-29","37.29","37.86","37.29","37.52","7500","34.63","false"
"GII","2009-06-26","37.09","37.61","37.09","37.21","7900","34.35","false"
"GII","2009-06-25","36.97","37.70","36.75","37.63","2600","34.73","false"
"GII","2009-06-24","37.72","37.72","36.58","36.60","7100","33.78","false"
"GII","2009-06-23","36.67","37.03","36.15","36.93","9500","34.09","false"
"GII","2009-06-22","37.44","37.44","36.42","36.67","6200","33.85","false"
"GII","2009-06-19","37.33","37.33","37.22","37.22","7200","34.36","false"
"GII","2009-06-18","37.67","37.84","37.67","37.71","5900","33.98","false"
"GII","2009-06-17","37.52","37.58","36.87","37.58","2400","33.86","false"
"GII","2009-06-16","37.53","38.20","37.27","37.42","10800","33.72","false"
"GII","2009-06-15","38.13","38.13","37.22","37.55","1600","33.84","false"
"GII","2009-06-12","38.09","38.74","38.09","38.74","5600","34.91","false"
"GII","2009-06-11","38.20","38.96","38.20","38.58","14100","34.77","false"
"GII","2009-06-10","38.32","38.32","36.54","37.94","4900","34.19","false"
"GII","2009-06-09","37.82","37.82","37.56","37.82","14200","34.08","false"
"GII","2009-06-08","37.28","37.83","37.13","37.83","1100","34.09","false"
"GII","2009-06-05","38.43","38.43","37.75","37.98","3200","34.22","false"
"GII","2009-06-04","38.15","38.45","38.15","38.45","2300","34.65","false"
"GII","2009-06-03","38.36","38.46","37.52","37.61","10500","33.89","false"
"GII","2009-06-02","38.93","39.41","38.93","39.02","20700","35.16","false"
"GII","2009-06-01","38.19","39.34","38.19","39.14","22500","35.27","false"
"GII","2009-05-29","38.02","38.28","37.80","38.00","3200","34.24","false"
"GII","2009-05-28","37.67","38.12","37.29","38.12","2500","34.35","false"
"GII","2009-05-27","38.25","38.26","37.33","37.38","5700","33.68","false"
"GII","2009-05-26","37.25","38.12","37.04","38.02","7300","34.26","false"
"GII","2009-05-22","37.31","37.49","37.31","37.49","3900","33.78","false"
"GII","2009-05-21","37.13","37.13","36.43","36.43","9800","32.83","false"
"GII","2009-05-20","37.43","37.49","37.05","37.26","2600","33.58","false"
"GII","2009-05-19","36.39","37.01","36.39","36.93","2600","33.28","false"
"GII","2009-05-18","36.44","36.47","36.03","36.35","2800","32.76","false"
"GII","2009-05-15","36.29","36.30","36.00","36.00","2200","32.44","false"
"GII","2009-05-14","36.60","36.83","36.00","36.43","7300","32.83","false"
"GII","2009-05-13","37.01","37.01","36.01","36.04","9900","32.48","false"
"GII","2009-05-12","37.20","37.20","36.77","36.93","1700","33.28","false"
"GII","2009-05-11","36.53","36.90","36.44","36.87","4800","33.22","false"
"GII","2009-05-08","36.71","37.47","36.71","37.00","6100","33.34","false"
"GII","2009-05-07","36.99","36.99","35.71","36.06","5300","32.49","false"
"GII","2009-05-06","36.47","36.48","36.00","36.42","8300","32.82","false"
"GII","2009-05-05","36.52","36.53","35.73","36.02","22100","32.46","false"
"GII","2009-05-04","36.04","36.66","36.02","36.32","3600","32.73","false"
"GII","2009-05-01","35.10","35.55","35.10","35.52","2500","32.01","false"
"GII","2009-04-30","37.26","37.26","34.69","34.69","4700","31.26","false"
"GII","2009-04-29","34.74","35.17","34.74","35.17","1600","31.69","false"
"GII","2009-04-28","34.20","34.53","33.98","34.16","40800","30.78","false"
"GII","2009-04-27","35.00","35.00","33.86","34.18","7000","30.80","false"
"GII","2009-04-24","34.16","34.47","34.09","34.47","11100","31.06","false"
"GII","2009-04-23","33.96","33.99","33.33","33.74","36400","30.40","false"
"GII","2009-04-22","33.03","33.91","33.03","33.59","3100","30.27","false"
"GII","2009-04-21","33.51","34.01","33.40","33.90","5300","30.55","false"
"GII","2009-04-20","33.60","33.61","31.10","33.07","9600","29.80","false"
"GII","2009-04-17","36.96","36.96","33.98","34.16","6700","30.78","false"
"GII","2009-04-16","34.25","34.65","34.25","34.27","1700","30.88","false"
"GII","2009-04-15","35.60","35.60","33.81","33.94","1500","30.58","false"
"GII","2009-04-14","35.22","35.22","33.76","33.80","2400","30.46","false"
"GII","2009-04-13","35.72","35.72","33.70","34.34","3300","30.94","false"
"GII","2009-04-09","37.65","37.65","33.81","34.34","2800","30.94","false"
"GII","2009-04-08","33.85","34.47","33.70","34.25","14500","30.86","false"
"GII","2009-04-07","34.12","34.14","33.58","33.58","2700","30.26","false"
"GII","2009-04-06","33.51","34.32","33.51","33.90","3900","30.55","false"
"GII","2009-04-03","35.00","35.00","33.65","34.20","11700","30.82","false"
"GII","2009-04-02","34.99","34.99","33.39","34.43","2000","31.03","false"
"GII","2009-04-01","34.96","34.96","33.07","33.50","2800","30.19","false"
"GII","2009-03-31","33.91","33.91","32.00","33.16","8000","29.88","false"
"GII","2009-03-30","32.46","32.96","32.46","32.89","5100","29.64","false"
"GII","2009-03-27","35.00","35.00","33.54","33.54","1800","30.22","false"
"GII","2009-03-26","34.49","34.67","34.00","34.67","4900","31.24","false"
"GII","2009-03-25","35.26","35.26","33.86","34.25","8500","30.86","false"
"GII","2009-03-24","32.70","34.99","32.70","34.33","3000","30.94","false"
"GII","2009-03-23","35.97","36.75","34.28","34.81","5300","31.37","false"
"GII","2009-03-20","33.79","33.79","32.97","32.97","6800","29.71","false"
"GII","2009-03-19","33.68","33.70","32.94","32.99","2400","29.73","false"
"GII","2009-03-18","32.57","33.85","31.90","33.22","5700","29.94","false"
"GII","2009-03-17","31.28","32.35","31.28","32.02","5900","28.85","false"
"GII","2009-03-16","31.61","32.31","31.50","31.62","7400","28.49","false"
"GII","2009-03-13","30.72","31.01","30.51","30.90","4200","27.84","false"
"GII","2009-03-12","30.23","31.04","29.90","30.64","21400","27.61","false"
"GII","2009-03-11","30.32","30.76","29.98","30.30","5100","27.30","false"
"GII","2009-03-10","28.81","30.86","28.81","30.67","6800","27.64","false"
"GII","2009-03-09","29.78","30.43","29.66","29.66","5800","26.73","false"
"GII","2009-03-06","30.65","31.26","30.01","30.08","19500","27.11","false"
"GII","2009-03-05","30.86","30.86","30.11","30.11","7300","27.13","false"
"GII","2009-03-04","30.36","31.64","30.36","31.07","15500","28.00","false"
"GII","2009-03-03","31.14","31.19","30.23","30.31","12100","27.31","false"
"GII","2009-03-02","32.00","32.10","30.87","31.09","55100","28.02","false"
"GII","2009-02-27","33.52","33.52","32.50","33.23","27900","29.94","false"
"GII","2009-02-26","34.20","34.20","33.13","33.19","5100","29.91","false"
"GII","2009-02-25","34.34","34.34","33.30","34.06","8100","30.69","false"
"GII","2009-02-24","33.91","34.90","33.63","34.59","10600","31.17","false"
"GII","2009-02-23","34.81","34.81","33.31","33.34","18000","30.04","false"
"GII","2009-02-20","34.73","34.78","33.97","34.34","16200","30.94","false"
"GII","2009-02-19","35.36","35.36","34.82","34.82","13100","31.38","false"
"GII","2009-02-18","35.38","35.38","34.55","34.89","15800","31.44","false"
"GII","2009-02-17","36.30","36.30","35.01","35.26","8800","31.77","false"
"GII","2009-02-13","36.66","36.84","36.31","36.68","7100","33.05","false"
"GII","2009-02-12","36.50","36.59","36.00","36.59","10200","32.97","false"
"GII","2009-02-11","37.34","37.34","36.58","36.66","3700","33.04","false"
"GII","2009-02-10","38.43","38.43","37.11","37.15","3500","33.48","false"
"GII","2009-02-09","38.60","38.60","37.94","38.44","5700","34.64","false"
"GII","2009-02-06","38.18","38.79","38.13","38.71","64700","34.88","false"
"GII","2009-02-05","37.82","38.68","37.82","38.52","11800","34.71","false"
"GII","2009-02-04","38.15","38.59","37.80","37.89","18800","34.14","false"
"GII","2009-02-03","37.57","38.50","37.57","38.47","3100","34.67","false"
"GII","2009-02-02","36.90","37.74","36.90","37.67","38100","33.95","false"
"GII","2009-01-30","38.57","38.57","37.34","37.63","4100","33.91","false"
"GII","2009-01-29","38.35","38.59","37.88","38.00","12800","34.24","false"
"GII","2009-01-28","38.65","38.96","38.42","38.87","3400","35.03","false"
"GII","2009-01-27","38.73","38.81","38.36","38.75","3100","34.92","false"
"GII","2009-01-26","38.61","38.61","38.02","38.36","3300","34.57","false"
"GII","2009-01-23","37.07","37.71","36.82","37.71","8900","33.98","false"
"GII","2009-01-22","37.01","37.45","36.76","37.45","11800","33.75","false"
"GII","2009-01-21","37.24","37.92","36.80","37.86","10100","34.12","false"
"GII","2009-01-20","38.13","38.13","36.95","36.95","3600","33.30","false"
"GII","2009-01-16","37.85","38.31","37.75","38.23","17900","34.45","false"
"GII","2009-01-15","37.35","38.09","36.69","37.73","5000","34.00","false"
"GII","2009-01-14","37.91","37.91","37.08","37.40","5200","33.70","false"
"GII","2009-01-13","38.72","38.72","38.02","38.41","6500","34.61","false"
"GII","2009-01-12","39.31","39.31","38.80","38.93","7400","35.08","false"
"GII","2009-01-09","40.94","40.94","39.39","39.56","11100","35.65","false"
"GII","2009-01-08","39.70","40.23","39.70","40.05","4900","36.09","false"
"GII","2009-01-07","40.29","40.30","39.49","39.69","14000","35.77","false"
"GII","2009-01-06","40.80","40.86","40.19","40.77","22700","36.74","false"
"GII","2009-01-05","41.02","41.26","40.81","41.11","16700","37.05","false"
"GII","2009-01-02","40.49","41.35","40.31","41.35","4200","37.26","false"
"GII","2010-12-31","41.34","41.42","41.08","41.32","1500","40.38","false"
"GII","2010-12-30","41.32","41.38","41.19","41.19","3000","40.25","false"
"GII","2010-12-29","41.14","41.31","41.14","41.28","20800","40.34","false"
"GII","2010-12-28","41.05","41.13","40.96","41.07","2900","40.13","false"
"GII","2010-12-27","41.00","41.11","40.98","41.10","1600","40.16","false"
"GII","2010-12-23","41.16","41.21","41.13","41.13","1000","40.19","false"
"GII","2010-12-22","41.27","41.27","41.18","41.18","2400","40.24","false"
"GII","2010-12-21","41.07","41.09","41.07","41.09","700","40.15","false"
"GII","2010-12-20","40.86","40.92","40.85","40.86","1100","39.93","false"
"GII","2010-12-17","40.43","40.66","40.40","40.53","2500","39.61","false"
"GII","2010-12-16","41.30","41.45","41.29","41.45","1400","39.83","false"
"GII","2010-12-15","41.38","41.38","41.17","41.18","1100","39.57","false"
"GII","2010-12-14","41.65","41.77","41.61","41.62","1200","39.99","false"
"GII","2010-12-13","41.46","41.74","41.45","41.64","5700","40.01","false"
"GII","2010-12-10","41.11","41.30","41.11","41.30","2100","39.68","false"
"GII","2010-12-09","41.34","41.34","40.98","41.15","2400","39.54","false"
"GII","2010-12-08","40.98","41.10","40.88","41.02","9000","39.41","false"
"GII","2010-12-07","41.48","41.51","41.08","41.08","7400","39.47","false"
"GII","2010-12-06","40.96","41.17","40.85","41.15","27000","39.54","false"
"GII","2010-12-03","41.10","41.26","41.10","41.26","3400","39.65","false"
"GII","2010-12-02","40.71","41.13","40.71","41.12","12000","39.51","false"
"GII","2010-12-01","40.85","40.87","40.51","40.87","2100","39.27","false"
"GII","2010-11-30","39.77","40.38","39.77","40.17","7400","38.60","false"
"GII","2010-11-29","40.38","40.45","40.10","40.45","4800","38.87","false"
"GII","2010-11-26","40.90","40.90","40.75","40.75","6800","39.16","false"
"GII","2010-11-24","41.05","41.27","41.05","41.22","1900","39.61","false"
"GII","2010-11-23","41.28","41.43","40.96","40.97","7400","39.37","false"
"GII","2010-11-22","41.52","41.86","41.50","41.86","3900","40.22","false"
"GII","2010-11-19","41.92","42.04","41.68","42.04","3700","40.39","false"
"GII","2010-11-18","41.99","42.07","41.99","42.00","1000","40.36","false"
"GII","2010-11-17","41.60","41.62","41.38","41.49","1500","39.87","false"
"GII","2010-11-16","41.77","41.77","41.20","41.30","3000","39.68","false"
"GII","2010-11-15","42.28","42.38","42.03","42.03","6100","40.39","false"
"GII","2010-11-12","42.14","42.14","41.87","41.87","900","40.23","false"
"GII","2010-11-11","41.89","42.26","41.89","42.26","3000","40.61","false"
"GII","2010-11-10","42.53","42.56","42.24","42.53","2500","40.87","false"
"GII","2010-11-09","42.77","42.79","42.46","42.46","4200","40.80","false"
"GII","2010-11-08","42.35","42.53","42.35","42.51","2600","40.85","false"
"GII","2010-11-05","42.77","43.09","42.77","42.90","4200","41.22","false"
"GII","2010-11-04","43.19","43.23","43.06","43.23","2100","41.54","false"
"GII","2010-11-03","42.55","42.74","42.35","42.68","4200","41.01","false"
"GII","2010-11-02","42.50","42.81","42.50","42.66","2900","40.99","false"
"GII","2010-11-01","42.55","42.66","41.92","41.92","3400","40.28","false"
"GII","2010-10-29","42.48","42.50","42.32","42.45","32400","40.79","false"
"GII","2010-10-28","42.05","42.22","41.97","42.22","1700","40.57","false"
"GII","2010-10-27","41.89","41.89","41.58","41.69","2300","40.06","false"
"GII","2010-10-26","42.11","42.11","41.98","42.04","1000","40.39","false"
"GII","2010-10-25","42.64","42.64","42.09","42.23","3400","40.58","false"
"GII","2010-10-22","42.48","42.48","42.10","42.10","4200","40.45","false"
"GII","2010-10-21","42.68","42.68","41.97","41.97","1400","40.33","false"
"GII","2010-10-20","42.19","42.49","42.19","42.25","3500","40.60","false"
"GII","2010-10-19","41.90","42.04","41.56","41.63","5200","40.00","false"
"GII","2010-10-18","41.97","42.45","41.97","42.39","5400","40.73","false"
"GII","2010-10-15","42.04","42.08","41.80","42.08","2200","40.43","false"
"GII","2010-10-14","42.00","42.00","41.75","41.81","5500","40.17","false"
"GII","2010-10-13","41.61","41.90","41.61","41.76","5000","40.13","false"
"GII","2010-10-12","41.17","41.44","41.17","41.32","2200","39.70","false"
"GII","2010-10-11","41.59","41.74","41.36","41.74","13000","40.11","false"
"GII","2010-10-08","41.71","41.71","41.41","41.68","1700","40.05","false"
"GII","2010-10-07","41.35","41.56","41.30","41.32","1300","39.70","false"
"GII","2010-10-06","41.34","41.34","41.17","41.23","5200","39.62","false"
"GII","2010-10-05","41.15","41.50","41.15","41.50","2500","39.88","false"
"GII","2010-10-04","40.67","40.80","40.45","40.56","1500","38.97","false"
"GII","2010-10-01","40.91","40.96","40.87","40.87","600","39.27","false"
"GII","2010-09-30","40.98","41.27","40.67","40.72","1800","39.13","false"
"GII","2010-09-29","40.78","40.95","40.78","40.95","1100","39.35","false"
"GII","2010-09-28","40.68","41.18","40.57","40.98","1700","39.38","false"
"GII","2010-09-27","41.00","41.12","40.74","41.12","1900","39.51","false"
"GII","2010-09-24","40.76","40.99","40.76","40.99","300","39.39","false"
"GII","2010-09-23","40.09","40.44","40.00","40.00","1600","38.43","false"
"GII","2010-09-22","40.72","40.72","40.39","40.60","4300","39.01","false"
"GII","2010-09-21","40.44","40.66","40.26","40.55","2800","38.96","false"
"GII","2010-09-20","40.20","40.35","39.92","40.25","1100","38.67","false"
"GII","2010-09-17","39.87","39.97","39.79","39.96","4700","38.40","false"
"GII","2010-09-16","40.60","40.60","40.14","40.14","600","38.57","false"
"GII","2010-09-15","40.60","40.63","40.45","40.63","800","39.04","false"
"GII","2010-09-14","40.92","40.92","40.70","40.78","1700","39.18","false"
"GII","2010-09-13","40.72","40.72","40.58","40.58","700","38.99","false"
"GII","2010-09-10","40.35","40.49","40.35","40.43","1000","38.85","false"
"GII","2010-09-09","40.59","40.77","40.46","40.61","1200","39.02","false"
"GII","2010-09-08","40.57","40.61","40.57","40.61","600","39.02","false"
"GII","2010-09-07","40.23","40.40","40.11","40.34","4600","38.76","false"
"GII","2010-09-03","40.67","40.67","40.15","40.36","8700","38.78","false"
"GII","2010-09-02","40.24","40.26","39.95","40.24","7300","38.67","false"
"GII","2010-09-01","40.22","40.22","39.88","40.00","5400","38.43","false"
"GII","2010-08-31","39.28","39.28","38.94","38.94","900","37.42","false"
"GII","2010-08-30","39.31","39.31","39.05","39.05","1300","37.52","false"
"GII","2010-08-27","38.91","39.51","38.91","39.51","1500","37.96","false"
"GII","2010-08-26","38.84","39.19","38.69","38.94","5100","37.42","false"
"GII","2010-08-25","38.46","38.88","38.37","38.88","1600","37.36","false"
"GII","2010-08-24","38.77","39.01","38.77","38.77","1100","37.25","false"
"GII","2010-08-23","39.17","39.17","39.02","39.16","900","37.63","false"
"GII","2010-08-20","38.66","39.02","38.53","39.02","10800","37.49","false"
"GII","2010-08-19","39.26","39.26","38.73","38.73","1100","37.21","false"
"GII","2010-08-18","39.99","39.99","39.60","39.72","800","38.17","false"
"GII","2010-08-17","39.77","39.89","39.77","39.81","1500","38.25","false"
"GII","2010-08-16","39.50","39.50","39.16","39.16","3600","37.63","false"
"GII","2010-08-13","39.28","39.28","39.28","39.28","500","37.74","false"
"GII","2010-08-12","38.94","39.40","38.93","39.26","900","37.72","false"
"GII","2010-08-11","39.60","39.81","39.24","39.35","10700","37.81","false"
"GII","2010-08-10","40.11","40.74","40.11","40.53","2300","38.94","false"
"GII","2010-08-09","40.56","40.61","40.53","40.60","900","39.01","false"
"GII","2010-08-06","40.39","40.39","40.10","40.14","3300","38.57","false"
"GII","2010-08-05","40.26","40.39","40.26","40.39","800","38.81","false"
"GII","2010-08-04","40.17","40.22","40.17","40.21","500","38.64","false"
"GII","2010-08-03","39.94","40.56","39.94","40.35","6900","38.77","false"
"GII","2010-08-02","39.80","40.18","39.80","40.18","2000","38.61","false"
"GII","2010-07-30","38.85","39.41","38.85","39.34","2300","37.80","false"
"GII","2010-07-29","39.74","39.74","39.24","39.38","1100","37.84","false"
"GII","2010-07-28","39.58","39.72","39.29","39.29","4100","37.75","false"
"GII","2010-07-27","39.69","39.70","39.40","39.55","21200","38.00","false"
"GII","2010-07-26","39.15","39.33","38.99","39.30","9800","37.76","false"
"GII","2010-07-23","39.21","39.21","39.03","39.08","600","37.55","false"
"GII","2010-07-22","38.86","39.04","38.79","39.04","1500","37.51","false"
"GII","2010-07-21","38.54","38.54","37.96","37.96","700","36.47","false"
"GII","2010-07-20","38.42","38.65","38.42","38.63","900","37.12","false"
"GII","2010-07-19","38.15","38.40","38.15","38.40","2000","36.90","false"
"GII","2010-07-16","38.10","38.10","37.97","37.97","800","36.48","false"
"GII","2010-07-15","38.52","38.73","38.52","38.73","500","37.21","false"
"GII","2010-07-14","38.54","38.78","38.34","38.70","23100","37.19","false"
"GII","2010-07-13","38.67","38.67","38.44","38.44","900","36.94","false"
"GII","2010-07-12","38.24","38.25","38.22","38.25","600","36.75","false"
"GII","2010-07-09","38.02","38.34","38.02","38.34","500","36.84","false"
"GII","2010-07-08","38.35","38.35","37.93","38.26","58800","36.76","false"
"GII","2010-07-07","37.81","38.37","37.70","38.37","1600","36.87","false"
"GII","2010-07-06","37.36","37.43","36.85","36.89","29600","35.45","false"
"GII","2010-07-02","36.54","36.88","36.40","36.64","5000","35.21","false"
"GII","2010-07-01","36.45","36.46","36.22","36.46","2700","35.03","false"
"GII","2010-06-30","36.16","36.62","35.94","36.08","5500","34.67","false"
"GII","2010-06-29","36.64","36.64","36.23","36.29","2400","34.87","false"
"GII","2010-06-28","37.08","37.28","37.08","37.17","2000","35.72","false"
"GII","2010-06-25","37.29","37.53","37.25","37.25","2600","35.79","false"
"GII","2010-06-24","37.19","37.46","37.19","37.46","1100","35.99","false"
"GII","2010-06-23","37.76","37.76","37.27","37.61","5200","36.14","false"
"GII","2010-06-22","38.00","38.18","37.58","37.58","9800","36.11","false"
"GII","2010-06-21","39.32","39.32","37.99","38.09","2000","36.60","false"
"GII","2010-06-18","38.39","38.49","38.39","38.43","6000","36.93","false"
"GII","2010-06-17","39.11","39.11","39.00","39.00","400","36.63","false"
"GII","2010-06-16","39.09","39.35","39.09","39.35","1000","36.96","false"
"GII","2010-06-15","38.29","39.34","38.29","39.31","6700","36.92","false"
"GII","2010-06-14","38.05","38.40","37.98","38.08","8100","35.77","false"
"GII","2010-06-11","37.69","37.84","37.51","37.84","9100","35.54","false"
"GII","2010-06-10","37.60","37.77","37.49","37.77","1300","35.47","false"
"GII","2010-06-09","37.07","37.07","37.03","37.03","1400","34.78","false"
"GII","2010-06-08","36.63","36.93","36.37","36.93","7100","34.68","false"
"GII","2010-06-07","36.96","36.96","36.36","36.36","8000","34.15","false"
"GII","2010-06-04","37.06","37.08","37.06","37.07","400","34.82","false"
"GII","2010-06-03","37.80","37.94","37.48","37.84","4500","35.54","false"
"GII","2010-06-02","37.20","37.57","37.20","37.57","2900","35.29","false"
"GII","2010-06-01","36.80","37.40","36.75","36.75","4800","34.52","false"
"GII","2010-05-28","37.28","37.59","37.08","37.41","4500","35.14","false"
"GII","2010-05-27","37.14","37.43","37.14","37.36","600","35.09","false"
"GII","2010-05-26","36.49","36.65","36.15","36.15","1400","33.95","false"
"GII","2010-05-25","35.63","36.66","35.60","36.65","6800","34.42","false"
"GII","2010-05-24","36.68","36.83","36.54","36.54","3200","34.32","false"
"GII","2010-05-21","36.48","37.11","36.15","36.92","10100","34.68","false"
"GII","2010-05-20","36.90","37.22","36.43","36.76","11500","34.53","false"
"GII","2010-05-19","37.70","37.93","37.57","37.93","3100","35.62","false"
"GII","2010-05-18","38.77","38.81","38.07","38.07","1600","35.76","false"
"GII","2010-05-17","38.41","38.47","37.70","38.46","3200","36.12","false"
"GII","2010-05-14","38.77","38.82","38.00","38.19","20700","35.87","false"
"GII","2010-05-13","39.13","39.40","39.02","39.02","2200","36.65","false"
"GII","2010-05-12","39.45","39.67","39.40","39.61","1600","37.20","false"
"GII","2010-05-11","39.11","39.54","38.97","39.37","6800","36.98","false"
"GII","2010-05-10","39.72","39.72","38.87","39.22","4400","36.84","false"
"GII","2010-05-07","37.34","38.50","36.09","37.53","12800","35.25","false"
"GII","2010-05-06","38.98","38.98","23.36","37.09","16400","34.84","false"
"GII","2010-05-05","39.06","39.66","39.02","39.18","7500","36.80","false"
"GII","2010-05-04","40.49","40.49","39.83","39.87","5600","37.45","false"
"GII","2010-05-03","40.40","40.95","40.40","40.89","4500","38.40","false"
"GII","2010-04-30","40.33","40.71","40.33","40.50","2500","38.04","false"
"GII","2010-04-29","40.37","40.68","40.37","40.59","10300","38.12","false"
"GII","2010-04-28","40.30","40.42","40.09","40.42","11600","37.96","false"
"GII","2010-04-27","40.68","41.20","40.30","40.30","6400","37.85","false"
"GII","2010-04-26","41.12","41.51","41.12","41.37","1600","38.86","false"
"GII","2010-04-23","41.31","41.52","41.23","41.52","4300","39.00","false"
"GII","2010-04-22","40.92","41.25","40.83","41.25","2400","38.74","false"
"GII","2010-04-21","41.58","41.59","41.24","41.58","4800","39.05","false"
"GII","2010-04-20","41.26","41.74","41.26","41.58","10900","39.05","false"
"GII","2010-04-19","41.34","41.44","41.01","41.19","1400","38.69","false"
"GII","2010-04-16","41.45","41.45","41.06","41.21","4000","38.70","false"
"GII","2010-04-15","41.89","42.06","41.78","42.03","3700","39.47","false"
"GII","2010-04-14","42.11","42.16","41.73","42.16","6200","39.60","false"
"GII","2010-04-13","42.14","42.14","41.69","41.97","2100","39.42","false"
"GII","2010-04-12","42.09","42.09","41.74","41.91","1500","39.36","false"
"GII","2010-04-09","41.37","41.89","41.37","41.89","2700","39.34","false"
"GII","2010-04-08","40.81","41.31","40.81","41.29","3200","38.78","false"
"GII","2010-04-07","41.27","41.33","41.10","41.23","3500","38.72","false"
"GII","2010-04-06","41.55","41.67","41.14","41.60","32900","39.07","false"
"GII","2010-04-05","41.23","41.63","40.31","41.32","12100","38.81","false"
"GII","2010-04-01","41.36","41.59","40.97","41.59","8200","39.06","false"
"GII","2010-03-31","40.82","41.16","40.80","40.90","4200","38.41","false"
"GII","2010-03-30","41.00","41.28","40.91","41.19","15400","38.69","false"
"GII","2010-03-29","40.89","40.89","40.62","40.83","16100","38.35","false"
"GII","2010-03-26","40.65","40.65","40.31","40.40","5400","37.94","false"
"GII","2010-03-25","40.75","40.75","40.33","40.33","5200","37.88","false"
"GII","2010-03-24","40.40","40.47","40.30","40.30","2600","37.85","false"
"GII","2010-03-23","40.70","41.09","40.70","40.99","4700","38.50","false"
"GII","2010-03-22","40.69","40.69","40.69","40.69","100","38.22","false"
"GII","2010-03-19","40.96","41.02","40.86","40.86","1000","38.38","false"
"GII","2010-03-18","41.40","41.42","41.09","41.22","23500","38.71","false"
"GII","2010-03-17","41.78","41.78","41.50","41.58","20100","39.05","false"
"GII","2010-03-16","41.12","41.59","41.12","41.46","2400","38.94","false"
"GII","2010-03-15","41.30","41.30","40.84","40.99","2700","38.50","false"
"GII","2010-03-12","41.62","41.62","41.05","41.25","67900","38.74","false"
"GII","2010-03-11","40.92","41.41","40.92","41.41","2100","38.89","false"
"GII","2010-03-10","41.11","41.30","40.90","41.28","7800","38.77","false"
"GII","2010-03-09","40.72","41.00","40.72","40.80","4100","38.32","false"
"GII","2010-03-08","40.90","41.17","40.85","40.89","1900","38.40","false"
"GII","2010-03-05","40.98","41.26","40.75","40.97","8000","38.48","false"
"GII","2010-03-04","40.38","40.51","40.33","40.47","21600","38.01","false"
"GII","2010-03-03","40.67","41.18","40.67","40.87","4200","38.39","false"
"GII","2010-03-02","40.87","40.87","40.44","40.65","5100","38.18","false"
"GII","2010-03-01","39.63","40.49","39.63","40.30","12900","37.85","false"
"GII","2010-02-26","39.89","39.89","39.47","39.60","3000","37.19","false"
"GII","2010-02-25","39.20","39.73","38.86","39.73","7000","37.31","false"
"GII","2010-02-24","39.86","40.05","39.84","40.05","1700","37.62","false"
"GII","2010-02-23","39.81","40.14","39.76","39.76","2300","37.34","false"
"GII","2010-02-22","40.39","40.72","40.19","40.19","6100","37.75","false"
"GII","2010-02-19","40.13","40.33","40.01","40.29","6300","37.84","false"
"GII","2010-02-18","39.99","40.10","39.99","40.07","1400","37.63","false"
"GII","2010-02-17","40.29","40.29","39.74","40.11","1300","37.67","false"
"GII","2010-02-16","40.16","40.16","39.82","39.89","6600","37.47","false"
"GII","2010-02-12","39.20","39.34","39.03","39.34","2300","36.95","false"
"GII","2010-02-11","39.32","39.79","38.85","39.36","3400","36.97","false"
"GII","2010-02-10","39.60","39.60","39.13","39.18","7000","36.80","false"
"GII","2010-02-09","39.08","39.72","39.01","39.30","16300","36.91","false"
"GII","2010-02-08","39.26","39.43","38.92","39.00","23700","36.63","false"
"GII","2010-02-05","39.26","39.51","38.34","39.13","14200","36.75","false"
"GII","2010-02-04","40.45","40.45","39.46","39.63","5200","37.22","false"
"GII","2010-02-03","41.36","41.36","40.71","40.71","1600","38.24","false"
"GII","2010-02-02","40.89","41.52","40.89","41.19","3700","38.69","false"
"GII","2010-02-01","40.70","41.23","40.55","40.79","5700","38.31","false"
"GII","2010-01-29","41.22","41.31","40.08","40.08","4400","37.64","false"
"GII","2010-01-28","41.72","41.72","40.60","40.87","3900","38.39","false"
"GII","2010-01-27","41.75","41.75","40.83","40.83","8100","38.35","false"
"GII","2010-01-26","41.73","42.12","41.38","41.61","4300","39.08","false"
"GII","2010-01-25","41.31","42.15","41.31","41.81","7900","39.27","false"
"GII","2010-01-22","42.05","42.05","41.20","41.20","7900","38.70","false"
"GII","2010-01-21","42.41","42.72","42.00","42.07","6000","39.51","false"
"GII","2010-01-20","42.59","42.59","42.08","42.11","5900","39.55","false"
"GII","2010-01-19","43.11","43.42","43.03","43.42","5000","40.78","false"
"GII","2010-01-15","43.42","43.42","42.31","42.45","1900","39.87","false"
"GII","2010-01-14","43.50","43.54","42.72","43.47","4100","40.83","false"
"GII","2010-01-13","42.64","43.64","42.64","42.89","1900","40.28","false"
"GII","2010-01-12","42.65","43.06","42.57","42.57","5800","39.98","false"
"GII","2010-01-11","42.89","43.47","42.89","43.40","3400","40.76","false"
"GII","2010-01-08","42.37","43.00","42.33","42.72","3500","40.12","false"
"GII","2010-01-07","43.17","43.17","42.10","42.27","11100","39.70","false"
"GII","2010-01-06","43.29","43.29","42.71","42.77","8000","40.17","false"
"GII","2010-01-05","43.51","43.51","42.47","42.47","1600","39.89","false"
"GII","2010-01-04","43.00","43.52","43.00","43.09","5300","40.47","false"
"GII","2011-06-24","41.00","41.28","40.98","41.28","600","41.28","false"
"GII","2011-06-23","40.64","41.01","40.64","41.01","500","41.01","false"
"GII","2011-06-22","41.62","41.62","41.62","41.62","200","41.62","false"
"GII","2011-06-21","41.94","41.99","41.82","41.99","3100","41.99","false"
"GII","2011-06-20","41.10","41.57","41.10","41.57","2600","41.57","false"
"GII","2011-06-17","41.27","41.32","41.18","41.18","4400","41.18","false"
"GII","2011-06-16","41.57","41.94","41.57","41.76","4200","40.81","false"
"GII","2011-06-15","42.34","42.34","41.59","41.67","1600","40.72","false"
"GII","2011-06-14","42.51","42.70","42.51","42.69","1900","41.72","false"
"GII","2011-06-13","41.91","41.91","41.73","41.73","3100","40.78","false"
"GII","2011-06-10","42.44","42.44","41.81","41.81","28400","40.86","false"
"GII","2011-06-09","42.58","42.74","42.55","42.71","25100","41.74","false"
"GII","2011-06-08","42.56","42.56","42.37","42.42","2200","41.45","false"
"GII","2011-06-07","42.60","42.91","42.58","42.58","2900","41.61","false"
"GII","2011-06-06","42.31","42.31","42.31","42.31","200","41.35","false"
"GII","2011-06-03","42.67","42.93","42.39","42.90","1600","41.92","false"
"GII","2011-06-02","43.09","43.12","42.75","43.03","1000","42.05","false"
"GII","2011-06-01","43.33","43.33","42.87","42.99","12200","42.01","false"
"GII","2011-05-31","43.62","43.62","43.62","43.62","100","42.63","false"
"GII","2011-05-27","43.20","43.27","43.20","43.27","900","42.28","false"
"GII","2011-05-26","42.71","43.05","42.71","43.05","500","42.07","false"
"GII","2011-05-25","42.66","42.87","42.66","42.87","600","41.89","false"
"GII","2011-05-24","42.62","42.92","42.62","42.85","900","41.87","false"
"GII","2011-05-23","42.50","42.70","42.50","42.70","2300","41.73","false"
"GII","2011-05-20","43.60","43.60","43.60","43.60","1600","42.61","false"
"GII","2011-05-19","43.80","43.80","43.59","43.59","1100","42.60","false"
"GII","2011-05-18","43.53","43.71","43.30","43.71","4500","42.71","false"
"GII","2011-05-17","43.29","43.29","43.12","43.12","1500","42.14","false"
"GII","2011-05-16","43.22","43.30","43.21","43.27","1600","42.28","false"
"GII","2011-05-13","43.80","43.80","43.22","43.39","16000","42.40","false"
"GII","2011-05-12","43.81","43.97","43.81","43.92","1700","42.92","false"
"GII","2011-05-11","44.10","44.10","43.70","43.93","1800","42.93","false"
"GII","2011-05-10","44.06","44.28","44.06","44.28","900","43.27","false"
"GII","2011-05-09","43.39","43.84","43.39","43.70","2900","42.70","false"
"GII","2011-05-06","44.08","44.13","43.60","43.60","2400","42.61","false"
"GII","2011-05-05","43.78","44.12","43.78","43.80","4800","42.80","false"
"GII","2011-05-04","44.51","44.54","44.20","44.41","3400","43.40","false"
"GII","2011-05-03","44.41","44.79","44.41","44.68","1800","43.66","false"
"GII","2011-05-02","44.95","45.15","44.88","44.88","3300","43.86","false"
"GII","2011-04-29","44.75","44.96","44.75","44.96","600","43.94","false"
"GII","2011-04-28","44.51","44.74","44.51","44.74","600","43.72","false"
"GII","2011-04-27","44.03","44.53","43.63","44.42","29100","43.41","false"
"GII","2011-04-26","43.61","43.95","43.61","43.87","2100","42.87","false"
"GII","2011-04-25","43.69","43.98","43.13","43.52","6000","42.53","false"
"GII","2011-04-21","43.29","43.40","43.29","43.40","1000","42.41","false"
"GII","2011-04-20","42.92","43.50","42.88","43.23","124600","42.25","false"
"GII","2011-04-19","42.31","42.47","42.29","42.47","2300","41.50","false"
"GII","2011-04-18","42.20","42.29","42.17","42.23","2800","41.27","false"
"GII","2011-04-15","43.01","43.09","42.85","43.01","1400","42.03","false"
"GII","2011-04-14","42.60","42.74","42.60","42.74","500","41.77","false"
"GII","2011-04-13","42.66","42.91","42.66","42.91","900","41.93","false"
"GII","2011-04-12","42.49","42.57","42.45","42.47","1900","41.50","false"
"GII","2011-04-11","43.07","43.16","42.68","42.68","1900","41.71","false"
"GII","2011-04-08","43.39","43.60","43.01","43.17","15000","42.19","false"
"GII","2011-04-07","42.56","42.95","42.56","42.93","2000","41.95","false"
"GII","2011-04-06","42.63","42.94","42.57","42.82","4600","41.84","false"
"GII","2011-04-05","42.51","42.80","42.51","42.67","1800","41.70","false"
"GII","2011-04-04","42.98","43.01","42.76","42.81","4800","41.84","false"
"GII","2011-04-01","42.74","42.85","42.66","42.75","2600","41.78","false"
"GII","2011-03-31","42.68","42.88","42.58","42.88","13100","41.90","false"
"GII","2011-03-30","42.34","43.01","42.34","43.01","3200","42.03","false"
"GII","2011-03-29","41.82","42.22","41.82","42.20","32100","41.24","false"
"GII","2011-03-28","42.02","42.20","42.02","42.04","11100","41.08","false"
"GII","2011-03-25","42.20","42.42","42.17","42.21","8600","41.25","false"
"GII","2011-03-24","42.14","42.43","42.14","42.39","3800","41.42","false"
"GII","2011-03-23","42.27","42.30","42.19","42.23","2100","41.27","false"
"GII","2011-03-22","42.20","42.32","42.20","42.27","6200","41.31","false"
"GII","2011-03-21","41.89","42.32","41.89","42.25","4000","41.29","false"
"GII","2011-03-18","41.63","41.73","41.49","41.50","1700","40.55","false"
"GII","2011-03-17","41.16","41.16","41.06","41.07","400","40.13","false"
"GII","2011-03-16","41.11","41.11","40.09","40.37","3300","39.45","false"
"GII","2011-03-15","40.69","41.38","40.00","41.38","6300","40.44","false"
"GII","2011-03-14","42.35","42.41","42.00","42.28","3600","41.32","false"
"GII","2011-03-11","43.15","43.21","42.98","43.21","1400","42.23","false"
"GII","2011-03-10","43.04","43.15","43.04","43.11","1100","42.13","false"
"GII","2011-03-09","43.33","43.63","43.33","43.56","3800","42.57","false"
"GII","2011-03-08","43.25","43.25","43.25","43.25","0","42.27","false"
"GII","2011-03-07","43.75","43.79","43.25","43.25","2000","42.27","false"
"GII","2011-03-04","43.41","43.41","43.16","43.29","1900","42.30","false"
"GII","2011-03-03","43.68","43.73","43.47","43.66","2000","42.67","false"
"GII","2011-03-02","43.18","43.23","43.13","43.21","1700","42.23","false"
"GII","2011-03-01","43.04","43.18","43.04","43.18","1700","42.20","false"
"GII","2011-02-28","43.76","43.88","43.71","43.71","2100","42.71","false"
"GII","2011-02-25","43.02","43.31","43.02","43.23","1200","42.25","false"
"GII","2011-02-24","43.00","43.12","43.00","43.00","700","42.02","false"
"GII","2011-02-23","43.26","43.26","43.00","43.09","1700","42.11","false"
"GII","2011-02-22","43.21","43.45","42.91","42.98","2800","42.00","false"
"GII","2011-02-18","43.49","43.60","43.46","43.54","1900","42.55","false"
"GII","2011-02-17","43.39","43.50","43.37","43.50","3700","42.51","false"
"GII","2011-02-16","43.23","43.23","43.02","43.11","18300","42.13","false"
"GII","2011-02-15","43.15","43.15","42.24","42.94","3400","41.96","false"
"GII","2011-02-14","43.22","43.22","42.97","43.13","2800","42.15","false"
"GII","2011-02-11","42.90","43.32","42.90","43.20","1900","42.22","false"
"GII","2011-02-10","42.76","43.37","42.76","43.04","4000","42.06","false"
"GII","2011-02-09","43.45","43.45","43.05","43.10","18000","42.12","false"
"GII","2011-02-08","43.48","43.48","43.04","43.05","17700","42.07","false"
"GII","2011-02-07","43.12","43.12","42.89","42.99","38600","42.01","false"
"GII","2011-02-04","43.14","43.14","42.79","42.92","1200","41.94","false"
"GII","2011-02-03","42.80","42.89","42.80","42.89","2100","41.91","false"
"GII","2011-02-02","43.09","43.09","43.00","43.00","3600","42.02","false"
"GII","2011-02-01","43.00","43.34","42.99","43.34","3800","42.35","false"
"GII","2011-01-31","42.68","42.73","41.40","42.57","1300","41.60","false"
"GII","2011-01-28","42.57","42.58","42.24","42.24","1400","41.28","false"
"GII","2011-01-27","42.66","42.98","42.61","42.91","3200","41.93","false"
"GII","2011-01-26","42.75","42.75","42.71","42.74","6000","41.77","false"
"GII","2011-01-25","42.77","42.85","42.77","42.79","1300","41.82","false"
"GII","2011-01-24","42.88","43.12","42.83","43.07","4500","42.09","false"
"GII","2011-01-21","42.79","42.90","42.79","42.85","2000","41.87","false"
"GII","2011-01-20","42.40","42.75","42.40","42.59","2100","41.62","false"
"GII","2011-01-19","42.50","42.56","42.13","42.21","1800","41.25","false"
"GII","2011-01-18","42.07","42.34","42.07","42.34","3100","41.38","false"
"GII","2011-01-14","41.79","42.01","41.79","41.96","29500","41.00","false"
"GII","2011-01-13","41.65","41.73","41.58","41.59","3000","40.64","false"
"GII","2011-01-12","41.20","41.29","41.20","41.29","1500","40.35","false"
"GII","2011-01-11","40.50","40.84","40.50","40.77","3800","39.84","false"
"GII","2011-01-10","40.46","40.74","40.40","40.74","5300","39.81","false"
"GII","2011-01-07","41.02","41.02","40.65","40.79","2000","39.86","false"
"GII","2011-01-06","41.35","41.35","40.77","40.89","5200","39.96","false"
"GII","2011-01-05","40.89","41.32","40.89","41.32","3700","40.38","false"
"GII","2011-01-04","41.44","41.56","41.33","41.45","4500","40.51","false"
"GII","2011-01-03","41.57","41.67","41.47","41.48","1900","40.54","false"
