"IEO","2006-12-29","48.07","48.07","47.66","47.75","24700","46.96","false"
"IEO","2006-12-28","48.48","48.48","48.04","48.27","11300","47.47","false"
"IEO","2006-12-27","48.05","48.42","47.70","48.32","105000","47.52","false"
"IEO","2006-12-26","48.25","48.33","47.66","47.90","97900","47.11","false"
"IEO","2006-12-22","48.70","48.70","48.22","48.24","4100","47.44","false"
"IEO","2006-12-21","48.89","48.89","48.35","48.60","36800","47.80","false"
"IEO","2006-12-20","49.31","49.74","48.88","48.92","5500","48.11","false"
"IEO","2006-12-19","48.30","49.81","48.30","49.63","9300","48.81","false"
"IEO","2006-12-18","50.45","50.45","48.79","48.82","17300","48.01","false"
"IEO","2006-12-15","51.40","51.40","50.61","50.83","10100","49.99","false"
"IEO","2006-12-14","50.90","51.53","50.90","51.31","12600","50.46","false"
"IEO","2006-12-13","50.48","50.84","50.30","50.64","5800","49.80","false"
"IEO","2006-12-12","50.80","50.92","50.13","50.37","16400","49.54","false"
"IEO","2006-12-11","50.70","50.86","50.53","50.83","4400","49.99","false"
"IEO","2006-12-08","51.45","51.45","50.89","50.89","30500","50.05","false"
"IEO","2006-12-07","51.65","51.71","51.20","51.41","32300","50.56","false"
"IEO","2006-12-06","51.80","52.37","51.68","51.75","16700","50.90","false"
"IEO","2006-12-05","51.40","51.94","51.33","51.83","8200","50.98","false"
"IEO","2006-12-04","51.75","51.75","50.91","51.34","9600","50.49","false"
"IEO","2006-12-01","51.50","51.88","51.28","51.88","6000","51.02","false"
"IEO","2006-11-30","51.74","51.97","51.25","51.74","27400","50.89","false"
"IEO","2006-11-29","49.98","51.64","49.98","51.60","17400","50.75","false"
"IEO","2006-11-28","49.22","49.88","49.22","49.78","12700","48.96","false"
"IEO","2006-11-27","49.60","49.60","48.82","48.82","44600","48.01","false"
"IEO","2006-11-24","49.46","49.64","49.30","49.31","2800","48.50","false"
"IEO","2006-11-22","49.58","49.69","48.77","49.31","11500","48.50","false"
"IEO","2006-11-21","49.25","49.59","49.16","49.58","9100","48.76","false"
"IEO","2006-11-20","48.40","48.99","48.32","48.59","10400","47.79","false"
"IEO","2006-11-17","47.70","48.90","47.70","48.87","11700","48.06","false"
"IEO","2006-11-16","49.80","49.80","48.21","48.21","17400","47.41","false"
"IEO","2006-11-15","48.91","49.70","48.91","49.39","12100","48.58","false"
"IEO","2006-11-14","48.95","48.95","48.28","48.58","4900","47.78","false"
"IEO","2006-11-13","48.54","48.76","48.04","48.45","8800","47.65","false"
"IEO","2006-11-10","48.91","48.91","48.43","48.72","28800","47.92","false"
"IEO","2006-11-09","49.23","49.85","49.16","49.27","56300","48.46","false"
"IEO","2006-11-08","48.72","48.92","48.72","48.79","3700","47.99","false"
"IEO","2006-11-07","48.70","48.70","47.82","48.14","3400","47.35","false"
"IEO","2006-11-06","48.30","48.76","47.98","48.70","23800","47.90","false"
"IEO","2006-11-03","48.04","48.55","48.03","48.34","6500","47.54","false"
"IEO","2006-11-02","46.87","47.44","46.60","47.30","48900","46.52","false"
"IEO","2006-11-01","47.50","47.83","47.16","47.19","77000","46.41","false"
"IEO","2006-10-31","47.30","47.78","46.68","47.78","120700","46.99","false"
"IEO","2006-10-30","47.98","47.98","47.37","47.50","15200","46.72","false"
"IEO","2006-10-27","48.81","49.12","48.22","48.24","6800","47.44","false"
"IEO","2006-10-26","49.70","49.70","48.47","48.77","22400","47.97","false"
"IEO","2006-10-25","48.07","49.24","48.07","49.18","20800","48.37","false"
"IEO","2006-10-24","47.11","48.34","47.11","48.34","47200","47.54","false"
"IEO","2006-10-23","46.60","47.25","46.60","47.11","4900","46.33","false"
"IEO","2006-10-20","48.00","48.00","47.17","47.36","10600","46.58","false"
"IEO","2006-10-19","47.07","48.04","47.07","48.03","5800","47.24","false"
"IEO","2006-10-18","47.12","47.64","46.75","46.97","7900","46.20","false"
"IEO","2006-10-17","47.68","47.68","46.64","46.92","13600","46.15","false"
"IEO","2006-10-16","46.56","47.72","46.56","47.70","87000","46.91","false"
"IEO","2006-10-13","45.95","46.61","45.95","46.33","5200","45.57","false"
"IEO","2006-10-12","44.78","45.64","44.78","45.57","109300","44.82","false"
"IEO","2006-10-11","45.04","45.13","44.50","44.57","54400","43.83","false"
"IEO","2006-10-10","45.14","45.37","44.92","45.14","3500","44.40","false"
"IEO","2006-10-09","45.27","45.30","44.22","44.22","1900","43.49","false"
"IEO","2006-10-06","44.45","44.61","43.99","44.61","2400","43.87","false"
"IEO","2006-10-05","44.48","44.81","44.00","44.54","51800","43.81","false"
"IEO","2006-10-04","43.01","43.74","42.16","43.74","48400","43.02","false"
"IEO","2006-10-03","43.98","43.98","43.00","43.00","19400","42.29","false"
"IEO","2006-10-02","45.40","45.71","44.79","44.79","186400","44.05","false"
"IEO","2006-09-29","45.27","45.71","44.89","45.56","11300","44.81","false"
"IEO","2006-09-28","45.46","45.91","45.22","45.27","19200","44.52","false"
"IEO","2006-09-27","45.15","45.54","44.40","45.54","86900","44.79","false"
"IEO","2006-09-26","43.80","44.56","43.80","44.49","9200","43.76","false"
"IEO","2006-09-25","42.85","43.65","42.37","43.64","13600","42.92","false"
"IEO","2006-09-22","44.22","44.28","43.45","43.55","10900","42.83","false"
"IEO","2006-09-21","43.75","44.64","43.75","44.22","22000","43.49","false"
"IEO","2006-09-20","44.60","44.60","43.62","43.62","42000","42.90","false"
"IEO","2006-09-19","45.95","45.95","44.41","44.68","11700","43.94","false"
"IEO","2006-09-18","45.08","45.92","44.81","45.69","76300","44.94","false"
"IEO","2006-09-15","44.60","44.93","44.37","44.67","146300","43.93","false"
"IEO","2006-09-14","46.18","46.30","44.58","44.61","24000","43.87","false"
"IEO","2006-09-13","45.30","46.26","45.30","46.04","3500","45.28","false"
"IEO","2006-09-12","45.45","45.81","44.99","45.18","36500","44.43","false"
"IEO","2006-09-11","46.00","46.00","45.00","45.23","57800","44.48","false"
"IEO","2006-09-08","48.20","48.20","46.68","46.68","11800","45.91","false"
"IEO","2006-09-07","48.08","48.44","47.64","48.26","6000","47.46","false"
"IEO","2006-09-06","49.21","49.27","48.34","48.35","8000","47.55","false"
"IEO","2006-09-05","49.98","50.15","49.83","50.11","4100","49.28","false"
"IEO","2006-09-01","49.08","49.57","49.08","49.47","7900","48.65","false"
"IEO","2006-08-31","49.02","49.16","48.57","48.86","9200","48.05","false"
"IEO","2006-08-30","49.64","49.67","48.46","49.07","13600","48.26","false"
"IEO","2006-08-29","49.48","49.59","49.28","49.50","9300","48.68","false"
"IEO","2006-08-28","50.12","50.46","49.87","50.00","13700","49.18","false"
"IEO","2006-08-25","50.75","51.22","50.65","50.78","28800","49.94","false"
"IEO","2006-08-24","49.43","50.07","49.40","50.07","9300","49.24","false"
"IEO","2006-08-23","50.22","50.22","49.20","49.34","7000","48.53","false"
"IEO","2006-08-22","49.73","50.20","49.73","50.18","5100","49.35","false"
"IEO","2006-08-21","49.90","49.94","49.50","49.77","4200","48.95","false"
"IEO","2006-08-18","49.00","49.32","48.42","49.31","5600","48.50","false"
"IEO","2006-08-17","49.01","49.08","48.53","48.82","12000","48.01","false"
"IEO","2006-08-16","49.77","50.30","49.28","49.47","12300","48.65","false"
"IEO","2006-08-15","49.60","49.75","49.32","49.74","9500","48.92","false"
"IEO","2006-08-14","50.15","50.15","49.13","49.35","13000","48.54","false"
"IEO","2006-08-11","50.85","50.85","50.43","50.55","3600","49.72","false"
"IEO","2006-08-10","51.10","51.11","50.64","50.72","7500","49.88","false"
"IEO","2006-08-09","51.59","52.29","51.43","51.61","19900","50.76","false"
"IEO","2006-08-08","51.16","51.74","51.00","51.07","11200","50.23","false"
"IEO","2006-08-07","51.15","51.69","50.86","51.19","11000","50.35","false"
"IEO","2006-08-04","51.56","51.56","50.42","50.86","9400","50.02","false"
"IEO","2006-08-03","51.25","51.90","50.81","51.40","17100","50.55","false"
"IEO","2006-08-02","52.47","52.93","51.37","51.75","33800","50.90","false"
"IEO","2006-08-01","51.57","51.80","51.02","51.79","10500","50.94","false"
"IEO","2006-07-31","51.10","51.94","51.08","51.70","22900","50.85","false"
"IEO","2006-07-28","50.25","50.67","50.00","50.54","8800","49.71","false"
"IEO","2006-07-27","51.30","51.33","49.91","50.14","22800","49.31","false"
"IEO","2006-07-26","49.40","51.14","49.30","50.76","21900","49.92","false"
"IEO","2006-07-25","48.63","49.55","48.63","49.40","20600","48.59","false"
"IEO","2006-07-24","47.41","48.50","47.38","48.43","6600","47.63","false"
"IEO","2006-07-21","47.69","47.69","46.73","46.89","10700","46.12","false"
"IEO","2006-07-20","48.70","48.70","47.61","47.61","5700","46.82","false"
"IEO","2006-07-19","48.30","48.64","47.87","48.53","14000","47.73","false"
"IEO","2006-07-18","48.50","48.53","47.35","48.09","13400","47.30","false"
"IEO","2006-07-17","48.95","48.95","47.50","47.84","21700","47.05","false"
"IEO","2006-07-14","49.29","49.30","48.41","49.30","42000","48.49","false"
"IEO","2006-07-13","49.61","49.65","48.89","48.99","29700","48.18","false"
"IEO","2006-07-12","50.14","50.14","49.45","49.53","25000","48.71","false"
"IEO","2006-07-11","49.90","49.93","49.35","49.93","15400","49.11","false"
"IEO","2006-07-10","49.33","49.79","49.14","49.42","10700","48.60","false"
"IEO","2006-07-07","50.60","50.73","49.43","49.44","4500","48.62","false"
"IEO","2006-07-06","50.50","50.56","50.01","50.23","11000","49.40","false"
"IEO","2006-07-05","50.30","50.53","49.63","50.52","8200","49.69","false"
"IEO","2006-07-03","50.35","50.75","50.35","50.66","13000","49.82","false"
"IEO","2006-06-30","49.80","50.05","49.37","50.05","210300","49.22","false"
"IEO","2006-06-29","48.93","49.43","48.73","49.43","51700","48.61","false"
"IEO","2006-06-28","47.60","48.20","47.55","48.06","5600","47.27","false"
"IEO","2006-06-27","47.65","47.94","47.32","47.38","19000","46.60","false"
"IEO","2006-06-26","46.85","47.37","46.34","47.33","13900","46.55","false"
"IEO","2006-06-23","46.51","47.16","46.51","46.89","23100","46.12","false"
"IEO","2006-06-22","44.30","44.79","44.30","44.79","2200","44.05","false"
"IEO","2006-06-21","44.02","44.78","43.68","44.39","33100","43.63","false"
"IEO","2006-06-20","43.95","44.20","43.26","43.32","32900","42.58","false"
"IEO","2006-06-19","45.30","45.30","43.39","43.49","15500","42.75","false"
"IEO","2006-06-16","45.25","45.50","44.32","45.45","11000","44.68","false"
"IEO","2006-06-15","43.53","45.45","43.53","45.28","15500","44.51","false"
"IEO","2006-06-14","42.50","43.53","42.50","43.43","65500","42.69","false"
"IEO","2006-06-13","43.30","43.30","41.92","42.05","31700","41.33","false"
"IEO","2006-06-12","44.50","44.50","43.75","43.75","5700","43.00","false"
"IEO","2006-06-09","45.28","45.74","44.74","44.74","7000","43.98","false"
"IEO","2006-06-08","44.40","45.27","43.30","45.25","9400","44.48","false"
"IEO","2006-06-07","46.30","46.35","45.00","45.00","5000","44.23","false"
"IEO","2006-06-06","47.02","47.07","46.51","46.79","6800","45.99","false"
"IEO","2006-06-05","48.95","48.95","46.67","46.67","4800","45.87","false"
"IEO","2006-06-02","48.20","48.33","47.85","48.33","4800","47.51","false"
"IEO","2006-06-01","46.85","48.00","46.85","47.59","8400","46.78","false"
"IEO","2006-05-31","46.75","47.48","46.42","47.47","2600","46.66","false"
"IEO","2006-05-30","47.50","47.50","46.15","46.15","2000","45.36","false"
"IEO","2006-05-26","46.67","47.13","46.58","46.87","27600","46.07","false"
"IEO","2006-05-25","45.90","46.68","45.55","46.42","12300","45.63","false"
"IEO","2006-05-24","45.20","46.00","44.18","45.00","36000","44.23","false"
"IEO","2006-05-23","46.80","47.22","45.62","45.62","59600","44.84","false"
"IEO","2006-05-22","45.25","45.31","44.43","45.28","5900","44.51","false"
"IEO","2006-05-19","45.70","46.35","45.11","46.28","57800","45.49","false"
"IEO","2006-05-18","47.00","47.00","46.00","46.00","93100","45.22","false"
"IEO","2006-05-17","48.05","48.13","46.70","46.90","4900","46.10","false"
"IEO","2006-05-16","48.30","48.33","47.81","48.14","75300","47.32","false"
"IEO","2006-05-15","48.28","48.36","47.50","48.05","32300","47.23","false"
"IEO","2006-05-12","50.90","50.90","49.42","49.45","38400","48.61","false"
"IEO","2006-05-11","52.45","52.63","51.35","51.46","20600","50.58","false"
"IEO","2006-05-10","51.20","52.01","51.00","51.88","8600","51.00","false"
"IEO","2006-05-09","51.05","51.60","51.05","51.37","37400","50.49","false"
"IEO","2006-05-08","50.61","51.19","50.47","51.19","9300","50.32","false"
"IEO","2006-05-05","51.28","51.28","51.16","51.19","1000","50.32","false"
"IEO","2007-12-31","67.42","67.42","66.50","66.50","33300","65.49","false"
"IEO","2007-12-28","67.30","67.35","66.98","67.17","20300","66.15","false"
"IEO","2007-12-27","67.48","67.48","66.67","66.76","49700","65.75","false"
"IEO","2007-12-26","66.98","67.55","66.98","67.38","43900","66.36","false"
"IEO","2007-12-24","66.72","67.15","66.72","67.01","10700","66.00","false"
"IEO","2007-12-21","65.87","66.76","65.87","66.71","25200","65.70","false"
"IEO","2007-12-20","65.00","65.42","64.66","65.42","44200","64.43","false"
"IEO","2007-12-19","63.77","64.97","63.77","64.55","37300","63.57","false"
"IEO","2007-12-18","63.84","64.24","63.00","63.87","40300","62.90","false"
"IEO","2007-12-17","64.04","64.27","62.95","62.97","67700","62.02","false"
"IEO","2007-12-14","64.47","64.67","64.07","64.09","12400","63.12","false"
"IEO","2007-12-13","64.96","64.96","64.12","64.93","18100","63.95","false"
"IEO","2007-12-12","64.61","65.43","64.59","65.18","48800","64.19","false"
"IEO","2007-12-11","65.00","65.18","63.12","63.19","77700","62.23","false"
"IEO","2007-12-10","64.11","64.70","64.11","64.61","49500","63.63","false"
"IEO","2007-12-07","64.31","64.31","63.75","64.11","43500","63.14","false"
"IEO","2007-12-06","62.01","64.34","62.01","64.23","237400","63.26","false"
"IEO","2007-12-05","61.84","62.55","61.84","62.43","27400","61.49","false"
"IEO","2007-12-04","61.15","61.43","61.11","61.18","142800","60.25","false"
"IEO","2007-12-03","61.47","61.86","61.25","61.67","27200","60.74","false"
"IEO","2007-11-30","61.44","61.84","60.92","61.47","73100","60.54","false"
"IEO","2007-11-29","61.10","61.94","60.99","61.31","49400","60.38","false"
"IEO","2007-11-28","60.95","61.01","59.90","60.94","122500","60.02","false"
"IEO","2007-11-27","61.36","61.36","59.42","60.36","87400","59.45","false"
"IEO","2007-11-26","62.90","63.54","61.56","61.57","43600","60.64","false"
"IEO","2007-11-23","61.70","63.09","61.70","62.70","20700","61.75","false"
"IEO","2007-11-21","62.97","62.97","61.77","61.86","155200","60.92","false"
"IEO","2007-11-20","62.70","63.50","62.27","62.96","117100","62.01","false"
"IEO","2007-11-19","63.01","63.21","62.21","62.44","37800","61.50","false"
"IEO","2007-11-16","62.03","63.22","62.03","63.12","49700","62.17","false"
"IEO","2007-11-15","63.43","63.51","61.54","62.23","166900","61.29","false"
"IEO","2007-11-14","64.19","64.72","63.56","63.56","704900","62.60","false"
"IEO","2007-11-13","61.78","63.42","61.35","63.33","111900","62.37","false"
"IEO","2007-11-12","64.11","64.11","61.81","61.81","103900","60.87","false"
"IEO","2007-11-09","65.80","65.80","64.44","64.66","66300","63.68","false"
"IEO","2007-11-08","65.27","66.82","64.76","65.80","145800","64.80","false"
"IEO","2007-11-07","66.85","67.49","65.60","65.60","165900","64.61","false"
"IEO","2007-11-06","66.55","67.25","66.22","67.25","53800","66.23","false"
"IEO","2007-11-05","64.95","65.82","64.90","65.60","103400","64.61","false"
"IEO","2007-11-02","65.47","65.81","64.84","65.70","195900","64.71","false"
"IEO","2007-11-01","65.44","66.40","64.67","64.75","362000","63.77","false"
"IEO","2007-10-31","64.82","66.36","64.60","66.14","53800","65.14","false"
"IEO","2007-10-30","65.26","65.28","64.13","64.15","203800","63.18","false"
"IEO","2007-10-29","65.92","66.10","65.40","65.67","86000","64.68","false"
"IEO","2007-10-26","65.18","65.55","65.02","65.52","67300","64.53","false"
"IEO","2007-10-25","62.95","63.94","62.87","63.68","89000","62.72","false"
"IEO","2007-10-24","61.43","62.84","61.30","62.69","206200","61.74","false"
"IEO","2007-10-23","62.05","62.34","61.00","61.74","80700","60.81","false"
"IEO","2007-10-22","61.24","61.73","60.70","61.70","50400","60.77","false"
"IEO","2007-10-19","64.32","64.32","62.31","62.36","45100","61.42","false"
"IEO","2007-10-18","63.90","64.80","63.90","64.71","41300","63.73","false"
"IEO","2007-10-17","64.70","65.01","63.66","64.24","84300","63.27","false"
"IEO","2007-10-16","64.36","64.91","64.33","64.59","41800","63.61","false"
"IEO","2007-10-15","64.70","64.85","64.07","64.35","51300","63.38","false"
"IEO","2007-10-12","63.40","64.12","63.32","63.85","36200","62.88","false"
"IEO","2007-10-11","63.77","64.57","62.73","63.35","226400","62.39","false"
"IEO","2007-10-10","61.97","63.52","61.80","63.52","369200","62.56","false"
"IEO","2007-10-09","61.40","62.52","61.32","62.52","318400","61.57","false"
"IEO","2007-10-08","61.27","61.60","60.79","60.96","39800","60.04","false"
"IEO","2007-10-05","61.20","61.61","60.85","61.54","196200","60.61","false"
"IEO","2007-10-04","59.97","61.02","59.28","61.01","27900","60.09","false"
"IEO","2007-10-03","60.12","60.37","59.59","59.94","40300","59.03","false"
"IEO","2007-10-02","60.16","60.49","59.73","60.49","14300","59.57","false"
"IEO","2007-10-01","59.27","60.28","59.27","60.26","24300","59.35","false"
"IEO","2007-09-28","59.80","60.10","59.12","59.25","21200","58.35","false"
"IEO","2007-09-27","59.75","59.76","59.19","59.65","45500","58.75","false"
"IEO","2007-09-26","59.59","59.66","58.43","59.08","55500","58.19","false"
"IEO","2007-09-25","58.92","59.11","58.59","59.08","57300","58.19","false"
"IEO","2007-09-24","60.33","60.33","59.45","60.06","108700","59.10","false"
"IEO","2007-09-21","60.13","60.56","60.01","60.20","82400","59.24","false"
"IEO","2007-09-20","59.87","59.99","59.40","59.76","280200","58.81","false"
"IEO","2007-09-19","60.20","60.46","59.33","59.64","39100","58.69","false"
"IEO","2007-09-18","57.90","59.61","57.56","59.44","18600","58.49","false"
"IEO","2007-09-17","58.09","58.47","57.65","57.65","20900","56.73","false"
"IEO","2007-09-14","57.60","58.30","57.50","57.98","14000","57.06","false"
"IEO","2007-09-13","57.75","58.19","57.73","57.98","75400","57.06","false"
"IEO","2007-09-12","56.65","57.83","56.65","57.50","68000","56.58","false"
"IEO","2007-09-11","56.07","56.73","55.37","56.62","147000","55.72","false"
"IEO","2007-09-10","56.10","56.16","54.68","55.77","25800","54.88","false"
"IEO","2007-09-07","56.00","56.16","55.49","56.09","70000","55.20","false"
"IEO","2007-09-06","56.70","57.12","56.60","56.85","56500","55.94","false"
"IEO","2007-09-05","56.00","56.40","55.87","56.32","44100","55.42","false"
"IEO","2007-09-04","54.50","56.46","54.35","55.96","69700","55.07","false"
"IEO","2007-08-31","54.60","54.82","54.41","54.44","29800","53.57","false"
"IEO","2007-08-30","53.65","54.42","53.65","53.66","34700","52.81","false"
"IEO","2007-08-29","53.30","54.05","52.90","53.87","47600","53.01","false"
"IEO","2007-08-28","53.60","53.71","52.70","52.74","22200","51.90","false"
"IEO","2007-08-27","54.45","54.45","53.86","54.02","44000","53.16","false"
"IEO","2007-08-24","53.90","55.05","53.90","55.05","46500","54.17","false"
"IEO","2007-08-23","54.00","54.06","53.23","53.81","309400","52.95","false"
"IEO","2007-08-22","53.60","53.87","53.13","53.55","75000","52.70","false"
"IEO","2007-08-21","53.35","53.93","52.61","53.07","139900","52.22","false"
"IEO","2007-08-20","53.90","54.17","52.88","53.64","623000","52.79","false"
"IEO","2007-08-17","54.12","54.72","53.10","54.15","36300","53.29","false"
"IEO","2007-08-16","52.61","52.94","50.43","52.58","1853600","51.74","false"
"IEO","2007-08-15","54.75","55.09","52.83","53.05","1323100","52.20","false"
"IEO","2007-08-14","55.95","55.95","54.61","54.66","19400","53.79","false"
"IEO","2007-08-13","56.35","56.52","55.45","55.54","15300","54.66","false"
"IEO","2007-08-10","54.20","55.84","54.06","55.67","27000","54.78","false"
"IEO","2007-08-09","55.25","56.62","54.80","55.13","81500","54.25","false"
"IEO","2007-08-08","55.45","57.02","55.43","56.10","149900","55.21","false"
"IEO","2007-08-07","53.90","55.39","53.82","55.10","80800","54.22","false"
"IEO","2007-08-06","53.30","54.18","52.55","54.03","206900","53.17","false"
"IEO","2007-08-03","56.00","56.28","54.12","54.12","83200","53.26","false"
"IEO","2007-08-02","56.00","56.25","55.00","56.00","26700","55.11","false"
"IEO","2007-08-01","55.60","56.29","54.25","55.82","89300","54.93","false"
"IEO","2007-07-31","57.00","57.13","55.63","55.63","120500","54.74","false"
"IEO","2007-07-30","55.20","56.30","54.86","55.96","25900","55.07","false"
"IEO","2007-07-27","55.60","56.31","54.44","55.30","45600","54.42","false"
"IEO","2007-07-26","56.55","56.97","54.76","55.95","60800","55.06","false"
"IEO","2007-07-25","57.41","57.61","55.98","57.43","48200","56.51","false"
"IEO","2007-07-24","58.82","58.82","56.82","57.06","68900","56.15","false"
"IEO","2007-07-23","60.10","60.38","59.17","59.35","30800","58.40","false"
"IEO","2007-07-20","61.30","61.30","59.94","60.38","47300","59.42","false"
"IEO","2007-07-19","61.30","61.35","60.94","61.31","12600","60.33","false"
"IEO","2007-07-18","59.66","61.05","59.65","61.05","29400","60.08","false"
"IEO","2007-07-17","60.45","60.69","59.59","59.65","31900","58.70","false"
"IEO","2007-07-16","61.04","61.04","59.51","59.94","169000","58.98","false"
"IEO","2007-07-13","60.60","61.32","60.60","61.06","81700","60.09","false"
"IEO","2007-07-12","60.50","60.62","59.94","60.38","70400","59.42","false"
"IEO","2007-07-11","60.00","60.14","59.67","59.90","22900","58.95","false"
"IEO","2007-07-10","60.30","60.61","59.77","60.03","12600","59.07","false"
"IEO","2007-07-09","60.01","60.62","59.95","60.42","34600","59.46","false"
"IEO","2007-07-06","59.68","60.11","59.65","59.78","59900","58.83","false"
"IEO","2007-07-05","59.94","60.07","59.05","59.55","29400","58.60","false"
"IEO","2007-07-03","59.30","59.65","59.30","59.60","18800","58.65","false"
"IEO","2007-07-02","58.80","59.03","58.54","59.03","21700","58.09","false"
"IEO","2007-06-29","58.30","59.17","58.30","58.52","23700","57.59","false"
"IEO","2007-06-28","59.00","59.04","58.09","58.09","76200","57.16","false"
"IEO","2007-06-27","57.10","58.48","56.68","58.48","234000","57.55","false"
"IEO","2007-06-26","59.60","59.64","57.75","57.91","127300","56.99","false"
"IEO","2007-06-25","59.74","60.13","59.25","59.48","30100","58.53","false"
"IEO","2007-06-22","61.15","61.25","60.15","60.66","123400","59.69","false"
"IEO","2007-06-21","60.75","61.30","60.39","61.25","86200","60.27","false"
"IEO","2007-06-20","62.10","62.40","60.11","60.14","722900","59.18","false"
"IEO","2007-06-19","62.04","62.20","61.52","61.91","41800","60.92","false"
"IEO","2007-06-18","62.15","62.40","61.78","62.25","66100","61.26","false"
"IEO","2007-06-15","61.75","61.87","61.39","61.71","47400","60.73","false"
"IEO","2007-06-14","60.39","61.12","60.39","61.04","29000","60.07","false"
"IEO","2007-06-13","59.05","60.07","58.89","60.07","30000","59.11","false"
"IEO","2007-06-12","58.65","59.47","58.25","58.72","104400","57.78","false"
"IEO","2007-06-11","58.70","59.30","58.57","59.00","31400","58.06","false"
"IEO","2007-06-08","58.00","58.63","57.40","58.42","24600","57.49","false"
"IEO","2007-06-07","59.47","59.75","58.11","58.13","20800","57.20","false"
"IEO","2007-06-06","60.30","60.30","59.27","59.53","36600","58.58","false"
"IEO","2007-06-05","60.70","60.71","60.17","60.55","26200","59.59","false"
"IEO","2007-06-04","59.55","60.82","59.55","60.62","126300","59.65","false"
"IEO","2007-06-01","59.20","59.52","58.99","59.15","170900","58.21","false"
"IEO","2007-05-31","58.88","59.20","58.43","58.48","101200","57.55","false"
"IEO","2007-05-30","57.22","58.75","57.22","58.72","21800","57.78","false"
"IEO","2007-05-29","57.65","57.82","57.20","57.53","28800","56.61","false"
"IEO","2007-05-25","57.67","57.80","57.41","57.78","65400","56.86","false"
"IEO","2007-05-24","58.10","58.50","56.76","56.87","30500","55.96","false"
"IEO","2007-05-23","58.63","58.85","57.93","57.93","71600","57.01","false"
"IEO","2007-05-22","58.69","59.00","58.13","58.13","51000","57.20","false"
"IEO","2007-05-21","58.19","58.95","58.11","58.51","86600","57.58","false"
"IEO","2007-05-18","57.37","57.82","57.24","57.74","54600","56.82","false"
"IEO","2007-05-17","56.15","57.26","55.68","56.86","64700","55.95","false"
"IEO","2007-05-16","55.95","56.02","55.17","55.91","93900","55.02","false"
"IEO","2007-05-15","56.29","56.40","55.76","55.76","45000","54.87","false"
"IEO","2007-05-14","56.15","56.48","55.99","56.14","22400","55.25","false"
"IEO","2007-05-11","55.40","56.01","55.37","55.97","6400","55.08","false"
"IEO","2007-05-10","55.96","55.98","54.67","54.76","29000","53.89","false"
"IEO","2007-05-09","55.74","55.84","55.19","55.71","33900","54.82","false"
"IEO","2007-05-08","55.85","56.05","55.24","55.99","23400","55.10","false"
"IEO","2007-05-07","56.10","56.19","55.94","56.13","10500","55.24","false"
"IEO","2007-05-04","56.55","56.82","56.07","56.35","50600","55.45","false"
"IEO","2007-05-03","55.80","56.49","55.69","56.22","32600","55.32","false"
"IEO","2007-05-02","55.45","56.12","55.45","55.97","10900","55.08","false"
"IEO","2007-05-01","55.10","55.10","54.47","54.99","32800","54.11","false"
"IEO","2007-04-30","55.65","55.90","54.61","54.65","26500","53.78","false"
"IEO","2007-04-27","55.35","55.71","55.20","55.45","67700","54.57","false"
"IEO","2007-04-26","55.70","55.75","55.24","55.58","8000","54.69","false"
"IEO","2007-04-25","55.20","56.09","54.95","55.64","42500","54.75","false"
"IEO","2007-04-24","54.80","54.84","54.50","54.56","16400","53.69","false"
"IEO","2007-04-23","53.95","54.73","53.95","54.54","42700","53.67","false"
"IEO","2007-04-20","53.95","54.09","53.53","54.09","144600","53.23","false"
"IEO","2007-04-19","53.58","53.62","53.26","53.28","32000","52.43","false"
"IEO","2007-04-18","54.00","54.22","53.81","53.97","51100","53.11","false"
"IEO","2007-04-17","55.20","55.24","54.16","54.37","51900","53.50","false"
"IEO","2007-04-16","55.20","55.23","54.50","55.08","32500","54.20","false"
"IEO","2007-04-13","55.12","55.22","54.70","55.22","30200","54.34","false"
"IEO","2007-04-12","54.45","55.14","54.17","55.00","15600","54.12","false"
"IEO","2007-04-11","54.36","54.51","53.94","53.96","14500","53.10","false"
"IEO","2007-04-10","53.75","54.34","53.75","54.30","25900","53.43","false"
"IEO","2007-04-09","53.50","53.96","53.30","53.49","36200","52.64","false"
"IEO","2007-04-05","53.08","53.42","53.08","53.30","17500","52.45","false"
"IEO","2007-04-04","52.40","53.09","52.14","52.93","33300","52.09","false"
"IEO","2007-04-03","52.27","52.72","51.89","52.38","21900","51.55","false"
"IEO","2007-04-02","52.10","52.50","51.99","52.26","30500","51.43","false"
"IEO","2007-03-30","52.35","52.43","51.75","51.75","27300","50.93","false"
"IEO","2007-03-29","52.44","52.44","51.91","52.39","31500","51.56","false"
"IEO","2007-03-28","52.10","52.39","51.75","52.00","48300","51.17","false"
"IEO","2007-03-27","51.50","51.88","51.50","51.79","10800","50.96","false"
"IEO","2007-03-26","51.72","51.85","51.10","51.79","65900","50.96","false"
"IEO","2007-03-23","51.50","51.54","51.00","51.35","25700","50.53","false"
"IEO","2007-03-22","50.90","51.36","50.88","51.09","19300","50.25","false"
"IEO","2007-03-21","49.95","50.59","49.85","50.28","21200","49.45","false"
"IEO","2007-03-20","49.08","49.75","49.04","49.60","70200","48.78","false"
"IEO","2007-03-19","48.90","49.24","48.64","49.07","165400","48.26","false"
"IEO","2007-03-16","48.75","48.90","48.18","48.18","7200","47.39","false"
"IEO","2007-03-15","48.85","48.91","48.71","48.72","3800","47.92","false"
"IEO","2007-03-14","48.40","48.79","47.92","48.78","5800","47.98","false"
"IEO","2007-03-13","49.00","49.46","48.14","48.29","18800","47.49","false"
"IEO","2007-03-12","48.70","48.91","48.33","48.76","12000","47.96","false"
"IEO","2007-03-09","49.15","49.24","48.73","48.89","14000","48.08","false"
"IEO","2007-03-08","49.45","49.45","48.75","48.84","16900","48.03","false"
"IEO","2007-03-07","48.00","49.63","48.00","49.02","43400","48.21","false"
"IEO","2007-03-06","48.00","48.21","47.64","48.02","15700","47.23","false"
"IEO","2007-03-05","47.20","47.80","47.05","47.05","243700","46.27","false"
"IEO","2007-03-02","48.90","48.90","47.99","48.00","50900","47.21","false"
"IEO","2007-03-01","47.80","49.34","47.80","48.95","10200","48.14","false"
"IEO","2007-02-28","48.99","49.24","48.52","48.93","74800","48.12","false"
"IEO","2007-02-27","49.50","49.96","48.43","48.84","38400","48.03","false"
"IEO","2007-02-26","50.49","50.77","50.22","50.39","19100","49.56","false"
"IEO","2007-02-23","50.35","50.40","49.87","50.02","46700","49.20","false"
"IEO","2007-02-22","49.45","50.01","49.31","49.93","335300","49.11","false"
"IEO","2007-02-21","48.75","49.39","48.50","49.38","34700","48.57","false"
"IEO","2007-02-20","48.60","48.73","48.44","48.62","134400","47.82","false"
"IEO","2007-02-16","49.05","49.11","48.78","49.03","34200","48.22","false"
"IEO","2007-02-15","49.10","49.10","48.46","48.71","336100","47.91","false"
"IEO","2007-02-14","49.05","49.57","48.92","49.13","78500","48.32","false"
"IEO","2007-02-13","48.70","48.96","48.56","48.90","60900","48.09","false"
"IEO","2007-02-12","48.75","48.79","48.06","48.27","51500","47.47","false"
"IEO","2007-02-09","49.45","49.45","48.89","49.09","26900","48.28","false"
"IEO","2007-02-08","48.85","49.29","48.50","49.13","15900","48.32","false"
"IEO","2007-02-07","48.97","49.26","48.58","48.86","20900","48.05","false"
"IEO","2007-02-06","49.55","49.62","48.75","49.02","40100","48.21","false"
"IEO","2007-02-05","50.00","50.01","49.25","49.31","17500","48.50","false"
"IEO","2007-02-02","49.80","49.80","49.14","49.56","19200","48.74","false"
"IEO","2007-02-01","49.67","49.94","49.20","49.69","32500","48.87","false"
"IEO","2007-01-31","48.83","49.65","48.83","49.33","18600","48.52","false"
"IEO","2007-01-30","48.18","49.17","48.11","49.09","16700","48.28","false"
"IEO","2007-01-29","47.95","48.49","47.59","47.82","81900","47.03","false"
"IEO","2007-01-26","48.10","48.10","47.61","47.80","10000","47.01","false"
"IEO","2007-01-25","48.55","48.55","47.39","47.57","33500","46.79","false"
"IEO","2007-01-24","48.15","48.63","47.63","48.60","22300","47.80","false"
"IEO","2007-01-23","47.50","48.50","47.50","48.22","34200","47.42","false"
"IEO","2007-01-22","47.50","47.50","46.73","46.88","17200","46.11","false"
"IEO","2007-01-19","46.00","47.07","46.00","47.01","23500","46.23","false"
"IEO","2007-01-18","46.30","46.30","45.50","45.75","25000","45.00","false"
"IEO","2007-01-17","45.94","46.27","45.71","46.02","12000","45.26","false"
"IEO","2007-01-16","45.95","46.25","45.42","45.59","136500","44.84","false"
"IEO","2007-01-12","44.95","46.07","44.95","45.99","19200","45.23","false"
"IEO","2007-01-11","44.85","45.85","44.58","44.60","568300","43.86","false"
"IEO","2007-01-10","45.15","45.20","44.65","44.76","20800","44.02","false"
"IEO","2007-01-09","45.35","45.82","44.90","45.47","38200","44.72","false"
"IEO","2007-01-08","46.40","46.63","45.66","46.01","10600","45.25","false"
"IEO","2007-01-05","45.49","45.86","45.09","45.84","19600","45.08","false"
"IEO","2007-01-04","45.20","45.87","45.20","45.34","85300","44.59","false"
"IEO","2007-01-03","46.95","46.97","45.81","46.03","164300","45.27","false"
"IEO","2008-12-31","37.75","38.93","37.47","38.47","332000","38.04","false"
"IEO","2008-12-30","37.21","37.82","36.15","37.77","244400","37.35","false"
"IEO","2008-12-29","36.46","37.13","36.12","36.93","186700","36.52","false"
"IEO","2008-12-26","35.60","36.03","35.09","36.01","93100","35.61","false"
"IEO","2008-12-24","34.89","35.37","34.65","35.23","110900","34.84","false"
"IEO","2008-12-23","35.56","36.22","34.84","35.56","405700","35.16","false"
"IEO","2008-12-22","37.81","38.09","34.95","35.78","359000","35.29","false"
"IEO","2008-12-19","36.74","38.45","36.74","37.76","578200","37.24","false"
"IEO","2008-12-18","38.63","38.66","36.25","36.74","751300","36.23","false"
"IEO","2008-12-17","39.00","40.14","38.51","38.83","643100","38.29","false"
"IEO","2008-12-16","37.70","39.19","37.63","39.09","547800","38.55","false"
"IEO","2008-12-15","38.70","39.63","36.52","37.44","395800","36.92","false"
"IEO","2008-12-12","36.84","38.26","36.35","37.85","392500","37.33","false"
"IEO","2008-12-11","39.58","41.41","38.03","38.69","1044300","38.16","false"
"IEO","2008-12-10","37.41","39.64","36.84","39.32","400700","38.78","false"
"IEO","2008-12-09","35.12","37.34","34.68","36.16","512500","35.66","false"
"IEO","2008-12-08","34.10","36.10","34.09","35.45","1203200","34.96","false"
"IEO","2008-12-05","32.24","32.89","29.81","32.86","793200","32.41","false"
"IEO","2008-12-04","35.51","36.82","32.18","32.97","391600","32.51","false"
"IEO","2008-12-03","35.91","37.11","35.24","37.00","702400","36.49","false"
"IEO","2008-12-02","36.53","37.46","35.20","36.78","638500","36.27","false"
"IEO","2008-12-01","38.82","38.82","35.62","35.69","525300","35.20","false"
"IEO","2008-11-28","41.24","41.24","39.08","40.54","109900","39.98","false"
"IEO","2008-11-26","37.70","41.67","37.58","41.58","782300","41.01","false"
"IEO","2008-11-25","38.54","38.87","36.92","38.43","392300","37.90","false"
"IEO","2008-11-24","35.67","39.04","35.30","37.92","452700","37.40","false"
"IEO","2008-11-21","31.58","34.90","31.04","34.76","1249600","34.28","false"
"IEO","2008-11-20","35.95","35.95","30.23","30.37","747800","29.95","false"
"IEO","2008-11-19","39.76","39.76","36.60","36.60","439500","36.09","false"
"IEO","2008-11-18","38.95","40.10","37.57","39.35","633800","38.81","false"
"IEO","2008-11-17","38.74","40.52","38.50","38.77","556500","38.23","false"
"IEO","2008-11-14","40.30","41.70","38.88","39.30","383800","38.76","false"
"IEO","2008-11-13","37.83","41.37","35.33","41.32","743400","40.75","false"
"IEO","2008-11-12","39.43","39.66","37.12","37.18","405600","36.67","false"
"IEO","2008-11-11","41.46","41.65","39.88","40.57","264900","40.01","false"
"IEO","2008-11-10","43.50","43.84","41.25","42.29","321500","41.71","false"
"IEO","2008-11-07","40.76","42.15","40.05","41.54","430400","40.97","false"
"IEO","2008-11-06","42.10","42.72","39.48","40.35","745000","39.79","false"
"IEO","2008-11-05","43.51","45.33","42.38","43.10","521200","42.50","false"
"IEO","2008-11-04","42.56","45.12","42.56","44.71","252700","44.09","false"
"IEO","2008-11-03","43.40","43.53","40.50","41.51","427000","40.94","false"
"IEO","2008-10-31","41.08","44.96","40.55","43.50","489000","42.90","false"
"IEO","2008-10-30","41.03","42.33","39.05","42.13","1053900","41.55","false"
"IEO","2008-10-29","37.91","41.15","37.65","39.05","1474100","38.51","false"
"IEO","2008-10-28","35.58","36.94","32.65","36.84","548300","36.33","false"
"IEO","2008-10-27","35.30","36.98","33.57","33.60","366100","33.14","false"
"IEO","2008-10-24","32.00","37.29","32.00","36.53","983900","36.03","false"
"IEO","2008-10-23","37.79","38.87","34.58","38.02","1942100","37.50","false"
"IEO","2008-10-22","40.34","40.34","35.50","36.95","1155800","36.44","false"
"IEO","2008-10-21","42.48","43.25","40.58","41.47","958200","40.90","false"
"IEO","2008-10-20","40.20","43.12","40.15","43.12","471700","42.52","false"
"IEO","2008-10-17","35.76","41.83","35.60","38.25","1398800","37.72","false"
"IEO","2008-10-16","35.10","37.20","32.49","37.20","1207200","36.69","false"
"IEO","2008-10-15","39.22","39.26","33.70","33.80","540200","33.33","false"
"IEO","2008-10-14","43.86","45.25","39.60","41.14","852800","40.57","false"
"IEO","2008-10-13","35.57","40.89","35.57","40.89","596600","40.33","false"
"IEO","2008-10-10","31.91","35.88","30.18","33.60","1142700","33.14","false"
"IEO","2008-10-09","41.90","42.63","36.12","36.38","732200","35.88","false"
"IEO","2008-10-08","39.03","42.79","37.44","40.74","3565800","40.18","false"
"IEO","2008-10-07","44.10","46.47","40.71","40.77","1030500","40.21","false"
"IEO","2008-10-06","46.05","46.05","40.05","44.72","1036200","44.10","false"
"IEO","2008-10-03","49.54","52.31","47.59","47.93","1008900","47.27","false"
"IEO","2008-10-02","55.44","55.44","48.39","48.61","931500","47.94","false"
"IEO","2008-10-01","55.46","55.49","52.76","54.34","630000","53.59","false"
"IEO","2008-09-30","53.60","56.38","53.54","55.85","673200","55.08","false"
"IEO","2008-09-29","59.48","59.48","50.95","53.26","1074700","52.52","false"
"IEO","2008-09-26","61.11","61.32","58.54","60.43","1028700","59.60","false"
"IEO","2008-09-25","62.25","63.13","61.06","62.70","628900","61.83","false"
"IEO","2008-09-24","63.25","64.64","61.33","61.50","535600","60.65","false"
"IEO","2008-09-23","63.00","65.02","61.43","62.21","646500","61.29","false"
"IEO","2008-09-22","63.30","65.92","63.05","63.26","713800","62.32","false"
"IEO","2008-09-19","63.00","67.27","60.50","63.65","549600","62.70","false"
"IEO","2008-09-18","57.80","60.33","56.35","59.25","1061900","58.37","false"
"IEO","2008-09-17","56.88","59.50","55.31","57.01","1031200","56.16","false"
"IEO","2008-09-16","53.75","57.71","52.35","57.71","3977600","56.85","false"
"IEO","2008-09-15","58.74","58.94","55.48","56.23","1224000","55.39","false"
"IEO","2008-09-12","58.88","61.67","58.88","61.34","1478500","60.43","false"
"IEO","2008-09-11","58.47","59.57","55.91","59.01","1135100","58.13","false"
"IEO","2008-09-10","55.80","58.74","55.55","58.07","1627300","57.21","false"
"IEO","2008-09-09","60.58","60.58","55.20","55.24","1119800","54.42","false"
"IEO","2008-09-08","64.52","65.13","60.41","60.97","1056200","60.06","false"
"IEO","2008-09-05","62.00","62.81","60.00","62.61","1358200","61.68","false"
"IEO","2008-09-04","62.67","63.78","60.45","61.91","1507700","60.99","false"
"IEO","2008-09-03","62.68","64.16","61.22","62.67","1321600","61.74","false"
"IEO","2008-09-02","66.02","66.02","62.85","63.07","896400","62.13","false"
"IEO","2008-08-29","68.68","68.77","67.24","67.57","691500","66.57","false"
"IEO","2008-08-28","70.15","70.60","66.60","68.07","1917200","67.06","false"
"IEO","2008-08-27","69.50","70.81","69.26","69.66","1244300","68.63","false"
"IEO","2008-08-26","67.10","69.11","67.10","68.38","896900","67.36","false"
"IEO","2008-08-25","66.62","67.48","65.41","66.23","979500","65.25","false"
"IEO","2008-08-22","68.41","68.41","65.40","66.45","917100","65.46","false"
"IEO","2008-08-21","68.60","69.30","67.76","68.56","1004000","67.54","false"
"IEO","2008-08-20","65.50","67.91","65.06","67.47","1068200","66.47","false"
"IEO","2008-08-19","61.88","64.65","61.88","64.45","921100","63.49","false"
"IEO","2008-08-18","63.92","64.40","61.80","62.06","748500","61.14","false"
"IEO","2008-08-15","65.14","65.14","62.23","63.45","1337700","62.51","false"
"IEO","2008-08-14","65.30","65.96","63.42","64.62","1877100","63.66","false"
"IEO","2008-08-13","62.20","66.00","62.20","65.57","844200","64.60","false"
"IEO","2008-08-12","62.00","63.40","62.00","62.49","777300","61.56","false"
"IEO","2008-08-11","62.46","62.81","60.29","61.93","618000","61.01","false"
"IEO","2008-08-08","63.09","63.09","61.15","62.06","1771900","61.14","false"
"IEO","2008-08-07","64.77","66.01","63.34","63.43","1228400","62.49","false"
"IEO","2008-08-06","61.88","64.74","61.88","64.64","846200","63.68","false"
"IEO","2008-08-05","61.86","62.87","60.51","62.08","1165800","61.16","false"
"IEO","2008-08-04","66.60","66.74","61.53","62.11","4540400","61.19","false"
"IEO","2008-08-01","66.74","68.63","66.13","66.87","1218200","65.88","false"
"IEO","2008-07-31","68.70","69.01","66.65","66.91","1133200","65.92","false"
"IEO","2008-07-30","65.08","69.49","64.31","69.09","965600","68.06","false"
"IEO","2008-07-29","66.51","66.51","64.00","65.08","754000","64.11","false"
"IEO","2008-07-28","66.12","68.49","66.12","66.72","818600","65.73","false"
"IEO","2008-07-25","65.61","68.03","65.61","66.59","908300","65.60","false"
"IEO","2008-07-24","67.00","67.46","63.16","65.92","2206800","64.94","false"
"IEO","2008-07-23","69.46","70.11","65.87","66.27","2508100","65.29","false"
"IEO","2008-07-22","74.00","74.00","69.74","70.19","1157400","69.15","false"
"IEO","2008-07-21","71.61","74.21","70.11","74.10","711300","73.00","false"
"IEO","2008-07-18","70.40","72.70","69.88","71.24","1435000","70.18","false"
"IEO","2008-07-17","73.69","74.87","68.52","70.61","2733300","69.56","false"
"IEO","2008-07-16","75.45","77.08","72.28","73.78","1329300","72.68","false"
"IEO","2008-07-15","79.44","80.39","75.77","75.98","981800","74.85","false"
"IEO","2008-07-14","79.70","80.41","78.32","79.44","371000","78.26","false"
"IEO","2008-07-11","78.36","80.48","77.30","79.23","508300","78.05","false"
"IEO","2008-07-10","75.08","78.39","74.48","78.39","436000","77.23","false"
"IEO","2008-07-09","78.15","78.86","74.74","74.92","855000","73.81","false"
"IEO","2008-07-08","77.62","77.62","73.54","77.45","552100","76.30","false"
"IEO","2008-07-07","80.60","81.99","77.58","78.87","625400","77.70","false"
"IEO","2008-07-03","84.19","85.83","80.23","81.73","288900","80.52","false"
"IEO","2008-07-02","88.65","89.68","83.91","84.14","732000","82.89","false"
"IEO","2008-07-01","86.73","87.38","85.56","87.38","285500","86.08","false"
"IEO","2008-06-30","86.64","86.75","85.24","86.17","527000","84.89","false"
"IEO","2008-06-27","82.21","84.73","82.21","84.49","215700","83.24","false"
"IEO","2008-06-26","83.37","84.49","81.50","83.00","424600","81.77","false"
"IEO","2008-06-25","85.00","85.49","81.58","83.34","502200","82.10","false"
"IEO","2008-06-24","87.75","87.75","84.93","85.06","142200","83.77","false"
"IEO","2008-06-23","84.62","87.90","84.62","87.90","271800","86.57","false"
"IEO","2008-06-20","85.29","86.35","84.00","84.62","297900","83.34","false"
"IEO","2008-06-19","88.37","88.65","84.85","85.08","327700","83.79","false"
"IEO","2008-06-18","86.70","87.74","85.90","87.61","172600","86.28","false"
"IEO","2008-06-17","84.59","87.57","84.59","87.28","257100","85.96","false"
"IEO","2008-06-16","83.85","85.27","83.85","84.63","242700","83.35","false"
"IEO","2008-06-13","82.66","84.32","82.66","83.83","277900","82.56","false"
"IEO","2008-06-12","84.23","85.01","82.87","83.43","212200","82.17","false"
"IEO","2008-06-11","83.81","85.51","83.60","85.38","555100","84.09","false"
"IEO","2008-06-10","86.69","86.69","82.40","83.76","135400","82.49","false"
"IEO","2008-06-09","85.27","86.79","84.76","86.25","126800","84.95","false"
"IEO","2008-06-06","86.47","87.12","84.22","84.24","351900","82.97","false"
"IEO","2008-06-05","80.61","84.49","80.61","84.49","197000","83.21","false"
"IEO","2008-06-04","82.53","82.53","80.38","80.63","177500","79.41","false"
"IEO","2008-06-03","83.98","84.67","82.23","82.50","454600","81.25","false"
"IEO","2008-06-02","80.50","84.18","80.50","83.38","315300","82.12","false"
"IEO","2008-05-30","79.96","81.75","79.96","81.34","189400","80.11","false"
"IEO","2008-05-29","81.92","81.92","79.57","79.72","204800","78.51","false"
"IEO","2008-05-28","80.37","82.15","79.71","82.10","200900","80.86","false"
"IEO","2008-05-27","81.44","81.49","80.41","81.49","117800","80.26","false"
"IEO","2008-05-23","84.13","84.13","80.58","81.65","196200","80.41","false"
"IEO","2008-05-22","84.40","85.30","82.72","83.31","110100","82.05","false"
"IEO","2008-05-21","85.86","86.53","83.90","84.00","285600","82.73","false"
"IEO","2008-05-20","84.03","85.84","83.73","85.66","350600","84.36","false"
"IEO","2008-05-19","83.36","84.70","83.00","83.50","489000","82.24","false"
"IEO","2008-05-16","81.19","82.84","81.19","82.84","98000","81.59","false"
"IEO","2008-05-15","80.71","81.23","79.00","80.55","320700","79.33","false"
"IEO","2008-05-14","81.39","81.50","79.90","79.97","515300","78.76","false"
"IEO","2008-05-13","80.23","81.14","78.98","81.06","454600","79.83","false"
"IEO","2008-05-12","79.71","79.71","78.51","79.42","87500","78.22","false"
"IEO","2008-05-09","80.49","80.57","78.71","79.71","266300","78.50","false"
"IEO","2008-05-08","79.63","80.40","78.97","80.26","161300","79.05","false"
"IEO","2008-05-07","80.72","80.97","79.22","79.34","632800","78.14","false"
"IEO","2008-05-06","77.68","80.17","77.68","79.99","259700","78.78","false"
"IEO","2008-05-05","75.16","77.20","75.16","76.92","116300","75.76","false"
"IEO","2008-05-02","73.91","75.38","73.91","75.06","411200","73.92","false"
"IEO","2008-05-01","74.69","74.89","71.55","73.75","792600","72.63","false"
"IEO","2008-04-30","75.29","76.13","74.41","75.06","212000","73.92","false"
"IEO","2008-04-29","77.50","77.50","74.88","75.29","254700","74.15","false"
"IEO","2008-04-28","78.80","78.98","77.75","77.89","78500","76.71","false"
"IEO","2008-04-25","76.32","78.32","76.32","78.24","116600","77.06","false"
"IEO","2008-04-24","77.52","77.60","75.00","75.52","80200","74.38","false"
"IEO","2008-04-23","78.85","79.69","77.22","77.61","185300","76.44","false"
"IEO","2008-04-22","78.71","79.97","78.52","78.85","129300","77.66","false"
"IEO","2008-04-21","77.98","78.83","77.71","78.71","49800","77.52","false"
"IEO","2008-04-18","77.39","77.94","76.38","77.87","72800","76.69","false"
"IEO","2008-04-17","77.36","78.16","76.30","76.80","93000","75.64","false"
"IEO","2008-04-16","75.22","77.43","75.19","77.43","86200","76.26","false"
"IEO","2008-04-15","74.82","75.11","73.76","74.83","97600","73.70","false"
"IEO","2008-04-14","72.95","74.37","72.95","73.98","81900","72.86","false"
"IEO","2008-04-11","73.28","73.56","72.46","72.46","45100","71.36","false"
"IEO","2008-04-10","73.54","73.95","72.98","73.76","41000","72.64","false"
"IEO","2008-04-09","73.65","74.54","73.24","73.49","67900","72.38","false"
"IEO","2008-04-08","71.99","73.52","71.99","73.10","83000","71.99","false"
"IEO","2008-04-07","72.25","73.35","71.83","72.24","65900","71.15","false"
"IEO","2008-04-04","71.06","72.30","71.06","71.72","50600","70.63","false"
"IEO","2008-04-03","70.25","71.42","70.11","70.55","77100","69.48","false"
"IEO","2008-04-02","70.04","71.20","69.32","70.55","73500","69.48","false"
"IEO","2008-04-01","67.46","69.68","67.46","69.68","50500","68.63","false"
"IEO","2008-03-31","68.54","69.45","67.83","68.95","28100","67.91","false"
"IEO","2008-03-28","68.55","69.68","68.13","68.46","19300","67.42","false"
"IEO","2008-03-27","69.83","70.05","68.45","68.54","37900","67.50","false"
"IEO","2008-03-26","67.90","69.62","67.90","69.37","35800","68.32","false"
"IEO","2008-03-25","66.18","67.84","66.18","67.54","50600","66.52","false"
"IEO","2008-03-24","64.40","66.97","64.40","65.99","71600","64.99","false"
"IEO","2008-03-20","64.30","64.74","62.34","64.74","51300","63.76","false"
"IEO","2008-03-19","69.00","69.00","64.79","64.91","120300","63.93","false"
"IEO","2008-03-18","67.11","68.90","67.11","68.90","49700","67.86","false"
"IEO","2008-03-17","69.22","69.22","64.89","66.13","365200","65.13","false"
"IEO","2008-03-14","72.12","72.12","68.49","69.53","73100","68.48","false"
"IEO","2008-03-13","69.10","71.04","67.99","70.74","51500","69.67","false"
"IEO","2008-03-12","70.25","70.37","68.80","69.01","21300","67.97","false"
"IEO","2008-03-11","67.59","70.39","67.59","70.22","38400","69.16","false"
"IEO","2008-03-10","68.50","68.68","66.95","67.29","38200","66.27","false"
"IEO","2008-03-07","67.78","69.26","67.27","68.10","41400","67.07","false"
"IEO","2008-03-06","70.45","70.77","69.00","69.03","21500","67.99","false"
"IEO","2008-03-05","69.98","70.99","69.91","70.99","158800","69.92","false"
"IEO","2008-03-04","71.20","71.21","68.42","69.71","439900","68.66","false"
"IEO","2008-03-03","70.32","71.73","69.90","71.01","48700","69.94","false"
"IEO","2008-02-29","72.50","72.50","69.73","70.18","419100","69.12","false"
"IEO","2008-02-28","71.38","72.45","71.15","72.25","64300","71.16","false"
"IEO","2008-02-27","70.57","71.50","70.06","70.28","244000","69.22","false"
"IEO","2008-02-26","70.60","71.50","69.40","71.32","146900","70.24","false"
"IEO","2008-02-25","69.13","70.37","68.11","70.11","524500","69.05","false"
"IEO","2008-02-22","67.13","67.80","66.14","67.72","126400","66.70","false"
"IEO","2008-02-21","69.11","69.11","66.92","66.95","380100","65.94","false"
"IEO","2008-02-20","67.44","68.98","66.61","68.83","47400","67.79","false"
"IEO","2008-02-19","66.61","67.76","66.61","67.25","46600","66.23","false"
"IEO","2008-02-15","65.35","65.58","64.18","65.13","25400","64.14","false"
"IEO","2008-02-14","66.00","66.60","65.74","65.76","69300","64.77","false"
"IEO","2008-02-13","64.51","65.86","64.51","65.84","53500","64.84","false"
"IEO","2008-02-12","65.86","65.86","63.91","64.39","69600","63.42","false"
"IEO","2008-02-11","62.97","64.89","62.65","64.89","51000","63.91","false"
"IEO","2008-02-08","61.70","62.95","61.65","62.77","122700","61.82","false"
"IEO","2008-02-07","59.68","61.27","59.34","60.83","113200","59.91","false"
"IEO","2008-02-06","61.22","61.49","59.90","59.94","40000","59.03","false"
"IEO","2008-02-05","61.89","62.43","60.79","60.79","97300","59.87","false"
"IEO","2008-02-04","62.54","63.43","62.06","63.07","68800","62.12","false"
"IEO","2008-02-01","61.61","62.70","61.46","62.66","312500","61.71","false"
"IEO","2008-01-31","60.10","61.84","59.57","61.78","52300","60.85","false"
"IEO","2008-01-30","60.81","62.39","60.55","60.81","70000","59.89","false"
"IEO","2008-01-29","60.05","60.95","60.05","60.76","47200","59.84","false"
"IEO","2008-01-28","58.37","59.72","57.97","59.68","88500","58.78","false"
"IEO","2008-01-25","59.85","60.55","58.28","58.63","92400","57.74","false"
"IEO","2008-01-24","57.54","59.32","57.47","59.21","80700","58.31","false"
"IEO","2008-01-23","55.81","57.44","53.89","57.37","180400","56.50","false"
"IEO","2008-01-22","55.33","58.61","55.33","58.37","169600","57.49","false"
"IEO","2008-01-18","59.49","60.36","58.19","59.67","84600","58.77","false"
"IEO","2008-01-17","62.07","62.90","59.10","59.23","178100","58.33","false"
"IEO","2008-01-16","63.54","63.54","61.09","61.72","313600","60.79","false"
"IEO","2008-01-15","65.77","65.77","63.85","63.91","67600","62.94","false"
"IEO","2008-01-14","64.91","66.64","64.91","66.50","108500","65.49","false"
"IEO","2008-01-11","64.68","65.37","64.41","64.60","36200","63.62","false"
"IEO","2008-01-10","65.06","65.30","64.10","65.13","23200","64.14","false"
"IEO","2008-01-09","64.44","65.49","64.13","65.49","28500","64.50","false"
"IEO","2008-01-08","65.89","66.39","64.45","64.47","35600","63.49","false"
"IEO","2008-01-07","66.15","66.36","64.75","65.51","72100","64.52","false"
"IEO","2008-01-04","67.23","67.36","66.00","66.14","97300","65.14","false"
"IEO","2008-01-03","67.73","68.47","67.73","67.93","57900","66.90","false"
"IEO","2008-01-02","66.96","67.87","66.96","67.73","101400","66.71","false"
"IEO","2009-12-31","54.80","54.91","53.83","53.99","181300","53.67","false"
"IEO","2009-12-30","54.73","54.77","54.28","54.55","112000","54.22","false"
"IEO","2009-12-29","55.54","55.61","54.75","54.81","195000","54.48","false"
"IEO","2009-12-28","55.82","55.91","55.00","55.33","138400","55.00","false"
"IEO","2009-12-24","55.13","55.58","55.09","55.36","73000","55.03","false"
"IEO","2009-12-23","54.52","55.09","54.26","55.03","121000","54.70","false"
"IEO","2009-12-22","54.09","54.39","53.82","54.30","284100","53.91","false"
"IEO","2009-12-21","53.48","54.03","53.31","53.88","181500","53.49","false"
"IEO","2009-12-18","52.89","53.38","52.77","53.09","293600","52.71","false"
"IEO","2009-12-17","52.40","52.81","51.87","52.43","278200","52.05","false"
"IEO","2009-12-16","52.20","52.96","52.20","52.65","244300","52.27","false"
"IEO","2009-12-15","51.44","52.14","51.35","52.04","221600","51.66","false"
"IEO","2009-12-14","51.03","51.77","51.00","51.57","552000","51.20","false"
"IEO","2009-12-11","49.42","49.60","48.87","49.09","323500","48.74","false"
"IEO","2009-12-10","48.72","49.41","48.43","49.25","315800","48.89","false"
"IEO","2009-12-09","48.50","48.89","47.60","48.27","207100","47.92","false"
"IEO","2009-12-08","48.81","49.09","48.24","48.41","298200","48.06","false"
"IEO","2009-12-07","49.24","50.07","48.92","49.35","276600","48.99","false"
"IEO","2009-12-04","50.28","50.97","48.76","49.36","340200","49.00","false"
"IEO","2009-12-03","50.17","50.63","49.44","49.50","433000","49.14","false"
"IEO","2009-12-02","50.59","51.10","50.06","50.28","248800","49.92","false"
"IEO","2009-12-01","50.37","51.11","50.37","50.61","254600","50.24","false"
"IEO","2009-11-30","50.00","50.49","49.40","49.78","248300","49.42","false"
"IEO","2009-11-27","49.78","50.39","49.23","50.07","108800","49.71","false"
"IEO","2009-11-25","50.43","51.61","50.01","51.51","446400","51.14","false"
"IEO","2009-11-24","49.92","50.33","49.19","50.29","337400","49.93","false"
"IEO","2009-11-23","50.18","51.02","49.79","49.97","615600","49.61","false"
"IEO","2009-11-20","49.54","49.70","48.93","49.35","618000","48.99","false"
"IEO","2009-11-19","50.85","50.85","49.50","49.90","516400","49.54","false"
"IEO","2009-11-18","51.97","51.97","51.00","51.25","437600","50.88","false"
"IEO","2009-11-17","52.19","52.19","51.40","51.77","285400","51.40","false"
"IEO","2009-11-16","51.58","52.61","51.51","52.22","364100","51.84","false"
"IEO","2009-11-13","50.96","51.35","50.38","51.00","359400","50.63","false"
"IEO","2009-11-12","52.40","52.40","50.70","50.90","455800","50.53","false"
"IEO","2009-11-11","53.35","53.47","52.00","52.30","213700","51.92","false"
"IEO","2009-11-10","52.79","53.04","51.97","52.73","515000","52.35","false"
"IEO","2009-11-09","52.06","52.87","52.06","52.80","327800","52.42","false"
"IEO","2009-11-06","51.27","52.21","51.04","51.37","302000","51.00","false"
"IEO","2009-11-05","51.53","51.93","50.70","51.91","343600","51.53","false"
"IEO","2009-11-04","51.50","52.11","50.85","51.00","581200","50.63","false"
"IEO","2009-11-03","49.05","51.06","48.60","50.90","486800","50.53","false"
"IEO","2009-11-02","49.72","50.72","48.73","49.68","306200","49.32","false"
"IEO","2009-10-30","51.82","51.88","49.10","49.50","436500","49.14","false"
"IEO","2009-10-29","50.74","52.23","50.73","52.11","346900","51.73","false"
"IEO","2009-10-28","52.63","52.63","50.11","50.22","631900","49.86","false"
"IEO","2009-10-27","52.88","53.75","52.40","52.84","320600","52.46","false"
"IEO","2009-10-26","53.98","55.32","52.59","52.73","503900","52.35","false"
"IEO","2009-10-23","55.45","55.87","53.46","53.84","408000","53.45","false"
"IEO","2009-10-22","55.24","55.40","54.09","55.31","231600","54.91","false"
"IEO","2009-10-21","55.56","56.99","55.34","55.38","406600","54.98","false"
"IEO","2009-10-20","56.22","56.34","54.90","55.91","294100","55.51","false"
"IEO","2009-10-19","55.51","56.15","55.11","56.04","219700","55.64","false"
"IEO","2009-10-16","55.21","55.59","54.85","55.39","265200","54.99","false"
"IEO","2009-10-15","53.91","55.55","53.91","55.53","319000","55.13","false"
"IEO","2009-10-14","54.64","54.67","53.91","54.50","196300","54.11","false"
"IEO","2009-10-13","53.69","53.89","52.49","53.79","297800","53.40","false"
"IEO","2009-10-12","53.62","54.42","53.42","53.64","261700","53.25","false"
"IEO","2009-10-09","53.00","53.51","52.61","53.11","239700","52.73","false"
"IEO","2009-10-08","51.74","53.36","51.72","53.18","242000","52.80","false"
"IEO","2009-10-07","51.25","51.60","50.66","51.33","157300","50.96","false"
"IEO","2009-10-06","50.53","51.50","50.53","51.34","129900","50.97","false"
"IEO","2009-10-05","48.51","50.01","48.29","49.90","198200","49.54","false"
"IEO","2009-10-02","47.96","48.74","47.40","48.40","262400","48.05","false"
"IEO","2009-10-01","50.66","50.69","48.57","48.65","260200","48.30","false"
"IEO","2009-09-30","50.99","51.31","49.80","50.77","305700","50.40","false"
"IEO","2009-09-29","50.71","50.94","50.06","50.69","213900","50.32","false"
"IEO","2009-09-28","50.03","50.72","49.57","50.64","131200","50.27","false"
"IEO","2009-09-25","49.67","50.40","49.23","49.68","182200","49.32","false"
"IEO","2009-09-24","50.99","50.99","49.27","49.72","182100","49.36","false"
"IEO","2009-09-23","52.14","52.14","50.66","50.85","367500","50.48","false"
"IEO","2009-09-22","51.48","52.13","51.48","51.96","294500","51.58","false"
"IEO","2009-09-21","50.52","51.05","49.82","50.87","250100","50.43","false"
"IEO","2009-09-18","52.25","52.39","50.81","51.33","265300","50.89","false"
"IEO","2009-09-17","52.14","52.82","51.55","51.97","398200","51.53","false"
"IEO","2009-09-16","51.14","52.25","51.03","52.18","408100","51.73","false"
"IEO","2009-09-15","49.87","50.82","49.77","50.65","226700","50.22","false"
"IEO","2009-09-14","48.72","49.61","48.44","49.55","399100","49.13","false"
"IEO","2009-09-11","49.23","50.18","48.80","49.25","286600","48.83","false"
"IEO","2009-09-10","47.64","48.97","47.26","48.96","353200","48.54","false"
"IEO","2009-09-09","47.05","47.86","46.60","47.46","171100","47.05","false"
"IEO","2009-09-08","46.34","47.09","46.34","46.79","166100","46.39","false"
"IEO","2009-09-04","44.45","45.44","44.45","45.38","106900","44.99","false"
"IEO","2009-09-03","44.78","44.97","44.31","44.53","163200","44.15","false"
"IEO","2009-09-02","44.49","45.03","44.39","44.46","418400","44.08","false"
"IEO","2009-09-01","45.61","46.21","44.67","44.72","347300","44.34","false"
"IEO","2009-08-31","46.22","46.22","45.25","45.74","264100","45.35","false"
"IEO","2009-08-28","46.89","47.39","46.46","46.85","106500","46.45","false"
"IEO","2009-08-27","46.40","46.76","45.40","46.62","146000","46.22","false"
"IEO","2009-08-26","46.50","46.81","46.00","46.61","113300","46.21","false"
"IEO","2009-08-25","48.00","48.18","46.60","46.79","176900","46.39","false"
"IEO","2009-08-24","48.19","48.34","47.55","47.80","153200","47.39","false"
"IEO","2009-08-21","46.66","47.72","46.61","47.50","202500","47.09","false"
"IEO","2009-08-20","45.60","46.40","45.54","46.08","185700","45.69","false"
"IEO","2009-08-19","44.33","46.17","44.14","45.76","137200","45.37","false"
"IEO","2009-08-18","44.18","45.06","44.18","44.90","74500","44.52","false"
"IEO","2009-08-17","44.53","44.72","43.84","44.13","142100","43.75","false"
"IEO","2009-08-14","46.64","46.67","45.37","45.80","130600","45.41","false"
"IEO","2009-08-13","46.30","46.77","45.66","46.72","158400","46.32","false"
"IEO","2009-08-12","45.37","46.28","45.32","45.89","139500","45.50","false"
"IEO","2009-08-11","46.25","46.25","45.42","45.54","143700","45.15","false"
"IEO","2009-08-10","45.80","46.60","45.59","46.42","296800","46.02","false"
"IEO","2009-08-07","46.40","46.62","45.73","45.99","212500","45.60","false"
"IEO","2009-08-06","46.71","46.78","45.56","45.78","217300","45.39","false"
"IEO","2009-08-05","47.09","47.09","46.29","46.44","175800","46.04","false"
"IEO","2009-08-04","46.60","47.30","46.15","46.98","170700","46.58","false"
"IEO","2009-08-03","45.84","47.05","45.78","46.77","220300","46.37","false"
"IEO","2009-07-31","44.26","45.44","44.09","45.06","226500","44.67","false"
"IEO","2009-07-30","44.16","44.96","43.84","44.51","275500","44.13","false"
"IEO","2009-07-29","43.70","43.77","42.70","43.29","206800","42.92","false"
"IEO","2009-07-28","44.79","44.92","43.49","44.45","138700","44.07","false"
"IEO","2009-07-27","45.46","45.60","44.75","45.36","274900","44.97","false"
"IEO","2009-07-24","44.51","45.31","44.41","45.31","160500","44.92","false"
"IEO","2009-07-23","43.30","44.85","43.30","44.74","360400","44.36","false"
"IEO","2009-07-22","43.16","43.63","42.59","43.25","424300","42.88","false"
"IEO","2009-07-21","43.85","44.00","42.72","43.52","395400","43.15","false"
"IEO","2009-07-20","42.68","43.40","42.47","43.25","284000","42.88","false"
"IEO","2009-07-17","41.77","42.61","41.46","42.25","501500","41.89","false"
"IEO","2009-07-16","40.84","42.08","40.58","41.86","434200","41.50","false"
"IEO","2009-07-15","40.35","41.16","40.35","41.03","403900","40.68","false"
"IEO","2009-07-14","38.82","39.60","38.82","39.53","268300","39.19","false"
"IEO","2009-07-13","37.62","38.66","36.93","38.66","346200","38.33","false"
"IEO","2009-07-10","37.40","38.07","37.01","37.85","408200","37.53","false"
"IEO","2009-07-09","37.37","38.60","37.35","38.08","712000","37.75","false"
"IEO","2009-07-08","37.23","37.78","36.16","36.97","374000","36.65","false"
"IEO","2009-07-07","38.05","38.21","37.16","37.17","604400","36.85","false"
"IEO","2009-07-06","38.48","38.53","37.14","38.16","283500","37.83","false"
"IEO","2009-07-02","40.16","40.16","39.20","39.22","167800","38.88","false"
"IEO","2009-07-01","41.49","42.05","40.93","40.97","530300","40.62","false"
"IEO","2009-06-30","41.10","41.92","40.32","41.13","625400","40.78","false"
"IEO","2009-06-29","41.10","41.63","40.98","41.16","258500","40.81","false"
"IEO","2009-06-26","41.04","41.17","40.66","40.85","266500","40.50","false"
"IEO","2009-06-25","40.06","41.33","40.06","41.25","379300","40.90","false"
"IEO","2009-06-24","40.00","40.91","39.94","40.22","370000","39.88","false"
"IEO","2009-06-23","39.89","40.30","39.12","39.93","502100","39.52","false"
"IEO","2009-06-22","41.71","41.92","39.71","39.75","313100","39.34","false"
"IEO","2009-06-19","43.96","43.96","42.26","42.57","731400","42.14","false"
"IEO","2009-06-18","43.73","44.10","43.07","43.35","539400","42.91","false"
"IEO","2009-06-17","44.57","44.57","42.78","43.67","487400","43.22","false"
"IEO","2009-06-16","46.20","46.59","44.40","44.59","706700","44.14","false"
"IEO","2009-06-15","46.50","46.59","45.19","45.86","294400","45.39","false"
"IEO","2009-06-12","47.02","47.18","46.39","47.17","355300","46.69","false"
"IEO","2009-06-11","46.57","48.50","46.51","47.65","418900","47.16","false"
"IEO","2009-06-10","46.75","46.84","45.63","46.41","470400","45.94","false"
"IEO","2009-06-09","46.12","46.44","45.36","45.97","564900","45.50","false"
"IEO","2009-06-08","45.41","46.01","44.78","45.68","444700","45.21","false"
"IEO","2009-06-05","46.82","46.97","45.39","45.87","664900","45.40","false"
"IEO","2009-06-04","45.43","46.48","45.15","46.20","758500","45.73","false"
"IEO","2009-06-03","46.91","46.91","44.25","44.99","514400","44.53","false"
"IEO","2009-06-02","48.18","48.21","47.28","47.76","743800","47.27","false"
"IEO","2009-06-01","47.25","48.55","47.25","48.23","905000","47.74","false"
"IEO","2009-05-29","45.96","46.63","45.60","46.26","961400","45.79","false"
"IEO","2009-05-28","43.86","45.69","43.44","45.38","747100","44.92","false"
"IEO","2009-05-27","43.64","44.65","43.45","43.56","621400","43.12","false"
"IEO","2009-05-26","42.24","43.59","41.27","43.54","453300","43.10","false"
"IEO","2009-05-22","42.84","43.30","42.40","42.47","557800","42.04","false"
"IEO","2009-05-21","43.33","43.33","41.86","42.58","874700","42.15","false"
"IEO","2009-05-20","44.39","45.74","44.00","44.12","824600","43.67","false"
"IEO","2009-05-19","43.37","44.46","43.08","43.82","913900","43.37","false"
"IEO","2009-05-18","41.89","43.45","41.85","43.37","814700","42.93","false"
"IEO","2009-05-15","42.57","42.90","40.99","41.33","519900","40.91","false"
"IEO","2009-05-14","42.11","43.05","41.32","42.64","691100","42.21","false"
"IEO","2009-05-13","43.99","43.99","42.00","42.32","763000","41.89","false"
"IEO","2009-05-12","45.02","45.46","43.24","44.45","642100","44.00","false"
"IEO","2009-05-11","46.02","46.19","44.24","44.84","975700","44.38","false"
"IEO","2009-05-08","44.54","47.14","44.53","46.55","774100","46.08","false"
"IEO","2009-05-07","46.61","47.77","43.42","44.09","732800","43.64","false"
"IEO","2009-05-06","42.96","45.39","42.96","45.12","763100","44.66","false"
"IEO","2009-05-05","43.40","43.61","41.74","42.54","598300","42.11","false"
"IEO","2009-05-04","41.86","43.80","41.46","43.80","613800","43.35","false"
"IEO","2009-05-01","39.34","41.48","39.24","41.09","613400","40.67","false"
"IEO","2009-04-30","40.30","40.53","38.70","39.19","649100","38.79","false"
"IEO","2009-04-29","39.13","40.40","39.13","39.77","635200","39.36","false"
"IEO","2009-04-28","37.87","39.34","37.82","38.78","295600","38.38","false"
"IEO","2009-04-27","38.16","38.85","37.87","38.44","585000","38.05","false"
"IEO","2009-04-24","38.43","39.61","38.43","39.16","563800","38.76","false"
"IEO","2009-04-23","37.65","38.24","37.37","38.10","799600","37.71","false"
"IEO","2009-04-22","37.45","38.24","37.08","37.23","1058000","36.85","false"
"IEO","2009-04-21","36.66","37.97","36.20","37.70","618100","37.32","false"
"IEO","2009-04-20","39.00","39.00","36.81","36.94","210500","36.56","false"
"IEO","2009-04-17","38.96","40.03","38.92","39.77","278300","39.36","false"
"IEO","2009-04-16","38.07","39.07","37.62","38.67","190700","38.28","false"
"IEO","2009-04-15","38.04","38.62","37.40","38.01","538100","37.62","false"
"IEO","2009-04-14","37.91","39.37","37.85","38.21","341500","37.82","false"
"IEO","2009-04-13","38.49","38.80","36.90","38.40","299700","38.01","false"
"IEO","2009-04-09","39.00","39.00","37.81","38.34","415600","37.95","false"
"IEO","2009-04-08","35.92","37.27","35.11","36.81","377200","36.43","false"
"IEO","2009-04-07","36.48","36.56","35.67","35.86","253000","35.49","false"
"IEO","2009-04-06","37.88","38.03","36.72","37.42","152400","37.04","false"
"IEO","2009-04-03","37.34","38.68","37.17","38.29","181500","37.90","false"
"IEO","2009-04-02","37.49","37.80","36.32","37.19","230700","36.81","false"
"IEO","2009-04-01","33.97","35.44","33.23","35.22","261600","34.86","false"
"IEO","2009-03-31","34.61","35.33","34.24","34.24","299100","33.89","false"
"IEO","2009-03-30","35.00","35.00","33.75","34.47","125900","34.12","false"
"IEO","2009-03-27","36.81","36.81","35.82","36.04","186500","35.67","false"
"IEO","2009-03-26","38.49","38.54","37.02","37.62","266500","37.24","false"
"IEO","2009-03-25","36.97","37.92","36.02","37.32","410700","36.94","false"
"IEO","2009-03-24","37.13","37.92","36.74","37.04","317100","36.63","false"
"IEO","2009-03-23","37.46","38.47","36.50","38.39","367900","37.96","false"
"IEO","2009-03-20","37.25","37.28","35.20","35.31","226600","34.92","false"
"IEO","2009-03-19","36.50","37.79","36.13","36.83","406300","36.42","false"
"IEO","2009-03-18","34.79","35.60","33.17","35.16","503300","34.77","false"
"IEO","2009-03-17","33.38","34.78","32.73","34.78","409100","34.39","false"
"IEO","2009-03-16","32.47","34.04","32.31","33.19","312300","32.82","false"
"IEO","2009-03-13","33.65","33.65","32.21","32.61","628600","32.25","false"
"IEO","2009-03-12","31.62","33.20","31.33","33.04","621100","32.67","false"
"IEO","2009-03-11","32.03","32.48","30.92","31.64","1075200","31.29","false"
"IEO","2009-03-10","31.02","32.06","31.00","31.48","1300200","31.13","false"
"IEO","2009-03-09","30.04","31.25","29.78","30.01","609100","29.68","false"
"IEO","2009-03-06","30.73","31.75","29.16","30.25","689400","29.91","false"
"IEO","2009-03-05","31.01","31.93","30.21","30.60","432400","30.26","false"
"IEO","2009-03-04","30.95","32.47","30.82","31.82","274900","31.47","false"
"IEO","2009-03-03","29.78","31.02","29.35","30.17","667100","29.83","false"
"IEO","2009-03-02","31.63","31.96","29.25","29.40","355100","29.07","false"
"IEO","2009-02-27","32.54","33.91","31.82","32.69","938900","32.33","false"
"IEO","2009-02-26","33.73","34.70","33.25","33.32","1525500","32.95","false"
"IEO","2009-02-25","32.76","34.04","32.06","33.14","753100","32.77","false"
"IEO","2009-02-24","31.56","33.13","31.33","32.95","261400","32.58","false"
"IEO","2009-02-23","34.15","34.30","31.42","31.54","320500","31.19","false"
"IEO","2009-02-20","33.87","34.28","32.63","33.50","399900","33.13","false"
"IEO","2009-02-19","35.41","35.59","34.46","34.79","291200","34.40","false"
"IEO","2009-02-18","36.30","36.30","34.43","34.81","318700","34.42","false"
"IEO","2009-02-17","37.79","38.17","36.00","36.05","426500","35.65","false"
"IEO","2009-02-13","38.99","39.86","38.70","39.19","517900","38.75","false"
"IEO","2009-02-12","37.35","38.81","37.26","38.81","436300","38.38","false"
"IEO","2009-02-11","39.57","40.07","37.70","38.51","444100","38.08","false"
"IEO","2009-02-10","41.27","42.00","38.86","39.34","606900","38.90","false"
"IEO","2009-02-09","40.78","41.98","40.74","41.24","419500","40.78","false"
"IEO","2009-02-06","39.63","40.74","38.97","40.43","405600","39.98","false"
"IEO","2009-02-05","38.77","40.00","38.27","39.72","526200","39.28","false"
"IEO","2009-02-04","38.77","39.63","38.66","39.04","1092800","38.60","false"
"IEO","2009-02-03","37.85","38.65","37.46","38.35","634200","37.92","false"
"IEO","2009-02-02","37.64","37.94","37.06","37.54","686300","37.12","false"
"IEO","2009-01-30","39.96","40.10","37.97","38.31","679600","37.88","false"
"IEO","2009-01-29","39.50","40.07","39.06","39.17","455500","38.73","false"
"IEO","2009-01-28","39.01","40.38","38.81","40.17","532900","39.72","false"
"IEO","2009-01-27","39.20","39.20","37.87","38.57","534900","38.14","false"
"IEO","2009-01-26","38.15","40.08","38.15","39.20","572100","38.76","false"
"IEO","2009-01-23","35.15","38.62","35.15","38.14","601700","37.71","false"
"IEO","2009-01-22","36.97","37.40","35.61","36.38","895600","35.97","false"
"IEO","2009-01-21","35.50","37.91","35.40","37.81","615100","37.39","false"
"IEO","2009-01-20","36.80","37.37","34.73","34.87","485000","34.48","false"
"IEO","2009-01-16","37.90","38.42","36.13","37.25","699100","36.83","false"
"IEO","2009-01-15","36.85","37.24","34.89","37.10","503600","36.69","false"
"IEO","2009-01-14","37.57","38.68","36.47","36.94","444100","36.53","false"
"IEO","2009-01-13","38.12","39.37","38.12","39.06","792300","38.62","false"
"IEO","2009-01-12","39.49","39.50","37.76","38.12","268500","37.69","false"
"IEO","2009-01-09","41.40","41.63","39.56","39.98","317000","39.53","false"
"IEO","2009-01-08","40.67","41.70","40.35","41.49","511100","41.03","false"
"IEO","2009-01-07","42.53","42.53","40.28","41.19","588400","40.73","false"
"IEO","2009-01-06","43.20","44.60","43.08","43.38","1689500","42.90","false"
"IEO","2009-01-05","40.68","43.34","40.68","42.41","786700","41.94","false"
"IEO","2009-01-02","38.51","41.07","38.51","40.73","484700","40.28","false"
"IEO","2010-12-31","63.70","64.25","63.65","63.85","54400","63.67","false"
"IEO","2010-12-30","63.97","64.26","63.59","63.79","97700","63.61","false"
"IEO","2010-12-29","63.34","63.73","63.03","63.65","89000","63.47","false"
"IEO","2010-12-28","62.92","63.01","62.62","62.92","196800","62.74","false"
"IEO","2010-12-27","62.91","62.94","62.42","62.66","140600","62.48","false"
"IEO","2010-12-23","62.96","63.07","62.62","62.97","137000","62.79","false"
"IEO","2010-12-22","62.98","62.98","62.60","62.88","213000","62.70","false"
"IEO","2010-12-21","62.13","62.70","61.89","62.66","191700","62.44","false"
"IEO","2010-12-20","61.04","61.87","60.94","61.85","114400","61.63","false"
"IEO","2010-12-17","60.89","61.23","60.86","61.06","136300","60.85","false"
"IEO","2010-12-16","60.81","61.23","60.23","61.13","245200","60.91","false"
"IEO","2010-12-15","61.08","61.54","60.81","60.95","98200","60.74","false"
"IEO","2010-12-14","61.68","61.68","60.82","61.09","1373000","60.88","false"
"IEO","2010-12-13","61.36","62.06","61.34","61.38","327000","61.16","false"
"IEO","2010-12-10","61.06","61.16","60.61","61.05","80600","60.84","false"
"IEO","2010-12-09","60.88","61.07","60.08","60.63","144300","60.42","false"
"IEO","2010-12-08","61.34","61.57","60.37","60.62","206900","60.41","false"
"IEO","2010-12-07","62.51","62.71","61.34","61.45","129600","61.23","false"
"IEO","2010-12-06","60.92","61.80","60.92","61.65","103400","61.43","false"
"IEO","2010-12-03","60.22","61.27","60.22","61.19","140300","60.97","false"
"IEO","2010-12-02","59.71","60.66","59.57","60.63","95200","60.42","false"
"IEO","2010-12-01","58.99","59.58","58.70","59.49","230000","59.28","false"
"IEO","2010-11-30","57.81","58.44","57.49","57.90","65500","57.70","false"
"IEO","2010-11-29","57.43","58.45","57.25","58.32","205100","58.11","false"
"IEO","2010-11-26","57.94","58.44","57.78","57.93","33400","57.73","false"
"IEO","2010-11-24","57.73","58.49","57.69","58.49","87100","58.28","false"
"IEO","2010-11-23","57.74","57.87","57.15","57.42","318200","57.22","false"
"IEO","2010-11-22","58.26","58.81","57.62","58.72","210700","58.51","false"
"IEO","2010-11-19","57.69","58.64","57.43","58.57","87800","58.36","false"
"IEO","2010-11-18","57.64","58.18","57.58","57.95","96100","57.75","false"
"IEO","2010-11-17","56.66","57.16","56.36","56.79","145700","56.59","false"
"IEO","2010-11-16","57.06","57.09","56.00","56.60","411200","56.40","false"
"IEO","2010-11-15","58.47","58.58","57.72","57.76","135000","57.56","false"
"IEO","2010-11-12","58.29","58.55","57.65","58.08","213300","57.88","false"
"IEO","2010-11-11","57.87","59.09","57.87","59.04","351900","58.83","false"
"IEO","2010-11-10","57.59","58.35","57.08","58.34","347500","58.13","false"
"IEO","2010-11-09","58.00","58.54","57.22","57.51","451300","57.31","false"
"IEO","2010-11-08","56.65","57.28","56.50","57.21","112300","57.01","false"
"IEO","2010-11-05","56.69","56.86","56.29","56.86","293400","56.66","false"
"IEO","2010-11-04","55.98","56.68","55.98","56.62","246300","56.42","false"
"IEO","2010-11-03","55.07","55.07","54.11","54.99","254200","54.80","false"
"IEO","2010-11-02","54.57","55.18","54.19","54.95","112600","54.76","false"
"IEO","2010-11-01","54.37","54.96","53.78","54.11","201300","53.92","false"
"IEO","2010-10-29","53.16","53.72","52.99","53.55","83600","53.36","false"
"IEO","2010-10-28","53.55","53.74","52.95","53.11","175300","52.92","false"
"IEO","2010-10-27","52.98","53.33","52.35","53.29","176000","53.10","false"
"IEO","2010-10-26","53.43","53.67","53.19","53.35","178600","53.16","false"
"IEO","2010-10-25","53.97","54.52","53.72","53.78","154600","53.59","false"
"IEO","2010-10-22","53.57","53.76","53.31","53.65","100800","53.46","false"
"IEO","2010-10-21","53.98","54.36","52.89","53.46","201000","53.27","false"
"IEO","2010-10-20","53.58","54.19","53.40","53.90","238900","53.71","false"
"IEO","2010-10-19","54.73","54.73","53.12","53.46","245400","53.27","false"
"IEO","2010-10-18","54.68","55.51","54.63","55.36","104300","55.17","false"
"IEO","2010-10-15","55.16","55.17","54.29","54.84","359900","54.65","false"
"IEO","2010-10-14","54.88","55.31","54.39","54.72","162900","54.53","false"
"IEO","2010-10-13","54.87","55.22","54.43","54.92","142000","54.73","false"
"IEO","2010-10-12","54.29","54.50","53.51","54.23","154900","54.04","false"
"IEO","2010-10-11","54.29","54.71","54.25","54.49","157000","54.30","false"
"IEO","2010-10-08","53.31","54.35","53.20","54.18","97300","53.99","false"
"IEO","2010-10-07","53.93","53.93","52.90","53.28","87600","53.09","false"
"IEO","2010-10-06","53.06","53.78","53.06","53.46","160200","53.27","false"
"IEO","2010-10-05","52.57","53.36","52.44","53.18","333000","52.99","false"
"IEO","2010-10-04","52.69","52.78","51.69","51.96","220000","51.78","false"
"IEO","2010-10-01","52.36","52.89","52.22","52.70","165000","52.51","false"
"IEO","2010-09-30","52.34","52.42","51.23","51.90","213600","51.72","false"
"IEO","2010-09-29","50.76","51.95","50.67","51.81","138800","51.63","false"
"IEO","2010-09-28","50.71","50.95","49.93","50.82","200400","50.64","false"
"IEO","2010-09-27","50.90","51.05","50.58","50.66","126900","50.48","false"
"IEO","2010-09-24","50.13","51.02","49.99","50.88","144500","50.70","false"
"IEO","2010-09-23","49.34","50.05","49.24","49.58","98700","49.41","false"
"IEO","2010-09-22","50.41","50.96","49.81","49.94","204300","49.72","false"
"IEO","2010-09-21","50.53","50.68","49.84","50.40","316400","50.18","false"
"IEO","2010-09-20","49.81","50.68","49.64","50.56","246600","50.33","false"
"IEO","2010-09-17","50.34","50.34","49.54","49.65","376700","49.43","false"
"IEO","2010-09-16","50.19","50.58","49.88","50.07","220200","49.85","false"
"IEO","2010-09-15","50.18","50.51","50.00","50.44","106200","50.22","false"
"IEO","2010-09-14","50.70","51.10","50.34","50.54","184800","50.31","false"
"IEO","2010-09-13","50.94","50.94","50.28","50.82","169600","50.59","false"
"IEO","2010-09-10","50.02","50.43","50.02","50.24","83300","50.02","false"
"IEO","2010-09-09","50.50","50.50","49.51","49.73","192100","49.51","false"
"IEO","2010-09-08","49.26","49.86","49.26","49.72","159100","49.50","false"
"IEO","2010-09-07","49.98","49.98","49.02","49.25","362400","49.03","false"
"IEO","2010-09-03","49.80","50.33","49.65","50.15","315000","49.93","false"
"IEO","2010-09-02","48.95","49.38","48.51","49.36","125900","49.14","false"
"IEO","2010-09-01","47.85","49.00","47.85","48.87","197100","48.65","false"
"IEO","2010-08-31","47.13","47.71","46.79","47.08","223300","46.87","false"
"IEO","2010-08-30","47.79","48.20","47.39","47.42","86300","47.21","false"
"IEO","2010-08-27","46.91","47.89","46.04","47.80","232400","47.59","false"
"IEO","2010-08-26","47.00","47.36","46.28","46.50","217300","46.29","false"
"IEO","2010-08-25","46.49","46.80","45.71","46.57","627400","46.36","false"
"IEO","2010-08-24","47.29","47.49","46.50","46.94","176200","46.73","false"
"IEO","2010-08-23","48.37","48.49","47.88","47.93","125700","47.72","false"
"IEO","2010-08-20","48.65","48.65","47.64","47.99","317300","47.78","false"
"IEO","2010-08-19","49.05","49.19","48.45","48.61","294100","48.39","false"
"IEO","2010-08-18","49.70","49.70","49.00","49.38","153200","49.16","false"
"IEO","2010-08-17","49.73","49.99","49.22","49.76","132200","49.54","false"
"IEO","2010-08-16","48.90","49.07","48.50","48.96","185700","48.74","false"
"IEO","2010-08-13","49.44","49.83","49.13","49.17","171100","48.95","false"
"IEO","2010-08-12","49.25","49.89","48.79","49.43","348700","49.21","false"
"IEO","2010-08-11","50.62","50.62","49.64","49.85","458200","49.63","false"
"IEO","2010-08-10","51.16","51.95","51.12","51.74","239500","51.51","false"
"IEO","2010-08-09","52.40","52.40","51.58","52.14","122300","51.91","false"
"IEO","2010-08-06","51.83","52.00","51.00","51.95","434400","51.72","false"
"IEO","2010-08-05","51.95","52.68","51.68","52.52","100100","52.29","false"
"IEO","2010-08-04","52.14","52.62","51.92","52.47","420000","52.24","false"
"IEO","2010-08-03","51.75","52.12","51.18","51.84","408100","51.61","false"
"IEO","2010-08-02","51.40","51.90","50.98","51.81","630700","51.58","false"
"IEO","2010-07-30","49.76","50.38","49.42","50.14","402400","49.92","false"
"IEO","2010-07-29","51.04","51.12","49.73","50.19","392500","49.97","false"
"IEO","2010-07-28","50.84","50.94","50.02","50.28","367500","50.06","false"
"IEO","2010-07-27","51.82","52.06","50.37","50.73","479300","50.50","false"
"IEO","2010-07-26","51.29","51.79","51.03","51.79","318700","51.56","false"
"IEO","2010-07-23","50.55","51.06","50.09","51.03","374800","50.80","false"
"IEO","2010-07-22","50.15","51.01","50.15","50.62","534200","50.39","false"
"IEO","2010-07-21","50.48","50.64","49.19","49.58","498000","49.36","false"
"IEO","2010-07-20","48.30","50.32","48.21","50.10","473700","49.88","false"
"IEO","2010-07-19","49.21","49.36","48.49","49.01","256300","48.79","false"
"IEO","2010-07-16","50.54","50.54","48.80","49.07","502000","48.85","false"
"IEO","2010-07-15","50.59","51.00","49.77","50.84","333900","50.61","false"
"IEO","2010-07-14","50.58","51.15","50.06","50.73","252900","50.50","false"
"IEO","2010-07-13","50.69","51.06","50.48","50.79","252800","50.56","false"
"IEO","2010-07-12","50.23","50.72","49.64","50.09","228900","49.87","false"
"IEO","2010-07-09","50.35","50.47","49.95","50.37","140300","50.15","false"
"IEO","2010-07-08","50.13","50.44","49.34","50.35","256900","50.13","false"
"IEO","2010-07-07","47.68","49.51","47.68","49.51","345100","49.29","false"
"IEO","2010-07-06","48.11","48.86","47.07","47.45","390400","47.24","false"
"IEO","2010-07-02","47.80","48.37","46.99","47.30","355800","47.09","false"
"IEO","2010-07-01","47.91","48.36","46.44","47.78","705400","47.57","false"
"IEO","2010-06-30","48.25","49.08","47.85","47.90","248500","47.69","false"
"IEO","2010-06-29","49.60","49.60","48.06","48.47","833000","48.25","false"
"IEO","2010-06-28","51.64","51.64","50.46","50.50","484800","50.28","false"
"IEO","2010-06-25","50.88","51.76","50.27","51.36","403900","51.13","false"
"IEO","2010-06-24","51.99","52.22","50.56","50.74","780100","50.51","false"
"IEO","2010-06-23","52.32","52.42","51.68","52.08","747200","51.80","false"
"IEO","2010-06-22","54.38","54.38","52.22","52.47","1057100","52.19","false"
"IEO","2010-06-21","55.55","55.87","53.89","54.23","458000","53.94","false"
"IEO","2010-06-18","54.84","54.93","54.04","54.74","519900","54.45","false"
"IEO","2010-06-17","55.59","55.59","54.00","54.64","522400","54.35","false"
"IEO","2010-06-16","54.67","55.61","54.34","55.14","635300","54.84","false"
"IEO","2010-06-15","54.15","55.28","54.10","55.20","398600","54.90","false"
"IEO","2010-06-14","54.20","54.91","53.53","53.62","617200","53.33","false"
"IEO","2010-06-11","52.38","53.64","52.34","53.64","457200","53.35","false"
"IEO","2010-06-10","51.58","53.05","51.58","53.05","927700","52.77","false"
"IEO","2010-06-09","51.72","52.69","50.15","50.37","790300","50.10","false"
"IEO","2010-06-08","50.56","51.24","49.86","51.13","678900","50.86","false"
"IEO","2010-06-07","51.25","52.02","50.32","50.37","885200","50.10","false"
"IEO","2010-06-04","52.06","53.67","50.52","50.84","1486400","50.57","false"
"IEO","2010-06-03","51.97","53.19","51.12","53.06","1352100","52.78","false"
"IEO","2010-06-02","49.30","51.68","49.08","51.68","976500","51.40","false"
"IEO","2010-06-01","50.61","51.17","48.85","48.88","1419000","48.62","false"
"IEO","2010-05-28","51.65","52.34","51.09","51.35","699600","51.08","false"
"IEO","2010-05-27","50.31","51.89","50.31","51.89","934800","51.61","false"
"IEO","2010-05-26","49.50","50.26","49.00","49.19","1088700","48.93","false"
"IEO","2010-05-25","46.83","48.97","46.72","48.92","1018800","48.66","false"
"IEO","2010-05-24","49.94","49.95","48.35","48.61","1046700","48.35","false"
"IEO","2010-05-21","48.12","50.21","47.54","49.95","987400","49.68","false"
"IEO","2010-05-20","49.96","50.37","48.75","48.79","1016800","48.53","false"
"IEO","2010-05-19","51.81","52.25","50.25","51.37","1065700","51.09","false"
"IEO","2010-05-18","53.14","53.83","51.96","52.19","934400","51.91","false"
"IEO","2010-05-17","53.54","53.77","51.30","52.39","770000","52.11","false"
"IEO","2010-05-14","54.02","54.07","52.37","53.30","553100","53.01","false"
"IEO","2010-05-13","54.60","55.31","54.07","54.43","211900","54.14","false"
"IEO","2010-05-12","53.70","54.95","53.55","54.72","572900","54.43","false"
"IEO","2010-05-11","53.47","54.33","53.21","53.37","421600","53.08","false"
"IEO","2010-05-10","52.30","54.04","52.30","53.81","752200","53.52","false"
"IEO","2010-05-07","52.90","53.29","50.52","51.30","870500","51.03","false"
"IEO","2010-05-06","54.50","55.10","39.96","52.95","1768000","52.67","false"
"IEO","2010-05-05","55.46","56.01","54.37","54.90","1475600","54.61","false"
"IEO","2010-05-04","56.77","56.77","55.66","56.30","873500","56.00","false"
"IEO","2010-05-03","57.01","58.30","56.43","57.65","504500","57.34","false"
"IEO","2010-04-30","56.84","57.51","55.99","56.70","583100","56.40","false"
"IEO","2010-04-29","57.44","57.79","56.39","56.91","425600","56.61","false"
"IEO","2010-04-28","56.90","57.29","56.34","57.00","793800","56.69","false"
"IEO","2010-04-27","58.15","58.53","56.41","56.58","1016800","56.28","false"
"IEO","2010-04-26","58.90","59.09","58.42","58.51","256000","58.20","false"
"IEO","2010-04-23","57.44","58.91","57.12","58.81","692300","58.50","false"
"IEO","2010-04-22","56.57","57.53","56.11","57.42","404100","57.11","false"
"IEO","2010-04-21","57.34","57.41","56.66","57.05","291400","56.74","false"
"IEO","2010-04-20","56.52","57.48","56.52","57.27","602900","56.96","false"
"IEO","2010-04-19","56.07","56.40","55.43","56.15","415200","55.85","false"
"IEO","2010-04-16","57.00","57.49","56.18","56.53","764100","56.23","false"
"IEO","2010-04-15","57.52","57.93","57.48","57.69","520100","57.38","false"
"IEO","2010-04-14","57.13","57.52","56.60","57.50","952800","57.19","false"
"IEO","2010-04-13","57.08","57.19","56.24","56.85","288500","56.55","false"
"IEO","2010-04-12","57.16","57.65","56.95","57.13","96600","56.82","false"
"IEO","2010-04-09","56.85","57.45","56.77","57.18","503000","56.87","false"
"IEO","2010-04-08","56.09","56.71","55.50","56.53","370300","56.23","false"
"IEO","2010-04-07","56.78","56.99","56.10","56.44","313300","56.14","false"
"IEO","2010-04-06","56.80","57.24","56.74","56.91","339300","56.61","false"
"IEO","2010-04-05","56.01","57.10","55.91","56.93","923100","56.63","false"
"IEO","2010-04-01","54.86","55.82","54.86","55.70","353800","55.40","false"
"IEO","2010-03-31","54.04","54.74","53.89","54.32","432000","54.03","false"
"IEO","2010-03-30","53.95","54.06","53.50","54.05","408400","53.76","false"
"IEO","2010-03-29","52.72","53.94","52.72","53.91","652100","53.62","false"
"IEO","2010-03-26","52.74","52.74","51.86","52.39","363800","52.11","false"
"IEO","2010-03-25","54.39","54.57","52.44","52.57","396700","52.29","false"
"IEO","2010-03-24","53.97","54.50","53.72","54.03","541900","53.70","false"
"IEO","2010-03-23","53.71","54.30","53.68","54.24","367600","53.91","false"
"IEO","2010-03-22","53.14","53.80","52.76","53.69","461700","53.37","false"
"IEO","2010-03-19","54.83","54.83","53.27","53.85","509600","53.53","false"
"IEO","2010-03-18","56.07","56.11","54.42","54.66","963200","54.33","false"
"IEO","2010-03-17","55.99","56.44","55.82","56.15","197700","55.81","false"
"IEO","2010-03-16","55.91","55.91","55.23","55.78","178400","55.44","false"
"IEO","2010-03-15","56.03","56.04","54.74","55.60","287300","55.27","false"
"IEO","2010-03-12","56.58","56.59","55.95","56.24","210100","55.90","false"
"IEO","2010-03-11","55.98","56.35","55.94","56.20","249000","55.86","false"
"IEO","2010-03-10","55.56","56.18","55.40","56.09","403100","55.75","false"
"IEO","2010-03-09","54.95","55.85","54.87","55.48","356600","55.15","false"
"IEO","2010-03-08","55.59","55.77","55.06","55.25","133800","54.92","false"
"IEO","2010-03-05","55.03","55.63","55.03","55.55","224000","55.22","false"
"IEO","2010-03-04","55.10","55.45","54.35","54.58","294600","54.25","false"
"IEO","2010-03-03","55.22","55.58","55.02","55.04","225700","54.71","false"
"IEO","2010-03-02","54.92","55.47","54.88","55.03","215600","54.70","false"
"IEO","2010-03-01","54.25","54.76","54.20","54.52","464600","54.19","false"
"IEO","2010-02-26","53.79","54.05","53.29","53.73","350400","53.41","false"
"IEO","2010-02-25","52.69","53.75","52.13","53.65","969800","53.33","false"
"IEO","2010-02-24","53.06","53.67","52.91","53.45","640600","53.13","false"
"IEO","2010-02-23","54.10","54.10","52.85","53.07","571900","52.75","false"
"IEO","2010-02-22","55.62","55.62","54.09","54.31","785800","53.98","false"
"IEO","2010-02-19","54.99","55.49","54.73","55.12","346500","54.79","false"
"IEO","2010-02-18","54.58","55.11","54.42","55.06","485700","54.73","false"
"IEO","2010-02-17","54.85","55.06","54.18","54.70","327200","54.37","false"
"IEO","2010-02-16","53.95","54.76","53.95","54.55","548500","54.22","false"
"IEO","2010-02-12","52.33","53.11","51.91","53.08","273000","52.76","false"
"IEO","2010-02-11","51.85","53.10","51.66","53.05","389500","52.73","false"
"IEO","2010-02-10","51.98","52.24","50.90","51.87","249700","51.56","false"
"IEO","2010-02-09","51.95","52.79","51.51","52.20","299500","51.89","false"
"IEO","2010-02-08","51.62","52.21","50.99","51.19","207700","50.88","false"
"IEO","2010-02-05","51.50","51.62","49.78","51.59","612000","51.28","false"
"IEO","2010-02-04","53.60","53.67","51.49","51.57","648600","51.26","false"
"IEO","2010-02-03","54.56","54.94","53.98","54.32","662400","53.99","false"
"IEO","2010-02-02","54.00","54.93","53.38","54.85","406700","54.52","false"
"IEO","2010-02-01","52.30","53.78","52.30","53.65","459700","53.33","false"
"IEO","2010-01-29","53.15","53.87","51.52","51.94","462300","51.63","false"
"IEO","2010-01-28","53.57","53.73","51.87","52.84","378500","52.52","false"
"IEO","2010-01-27","53.45","53.96","52.23","53.17","680300","52.85","false"
"IEO","2010-01-26","53.79","54.40","53.26","53.40","411600","53.08","false"
"IEO","2010-01-25","53.94","54.71","53.88","54.11","501400","53.78","false"
"IEO","2010-01-22","54.48","54.90","53.36","53.45","551300","53.13","false"
"IEO","2010-01-21","55.51","55.86","54.42","54.52","421800","54.19","false"
"IEO","2010-01-20","55.51","55.51","54.72","55.33","266200","55.00","false"
"IEO","2010-01-19","55.57","56.09","55.23","56.07","139900","55.73","false"
"IEO","2010-01-15","56.07","56.23","55.26","55.59","241100","55.26","false"
"IEO","2010-01-14","55.76","56.38","55.63","56.22","198300","55.88","false"
"IEO","2010-01-13","55.29","55.93","54.31","55.87","287500","55.53","false"
"IEO","2010-01-12","55.83","55.83","54.98","55.24","261500","54.91","false"
"IEO","2010-01-11","57.47","57.73","55.96","56.43","219600","56.09","false"
"IEO","2010-01-08","56.52","57.08","55.93","57.08","154300","56.74","false"
"IEO","2010-01-07","56.99","56.99","56.08","56.73","229000","56.39","false"
"IEO","2010-01-06","56.62","57.29","56.20","57.08","631400","56.74","false"
"IEO","2010-01-05","56.12","56.69","55.85","56.65","540200","56.31","false"
"IEO","2010-01-04","54.71","56.11","54.71","56.05","601100","55.71","false"
"IEO","2011-06-24","66.60","66.60","65.20","65.35","148800","65.35","false"
"IEO","2011-06-23","65.40","66.45","64.46","66.39","547100","66.34","false"
"IEO","2011-06-22","66.69","67.81","66.69","66.78","375000","66.73","false"
"IEO","2011-06-21","65.81","67.35","65.81","67.04","435500","66.99","false"
"IEO","2011-06-20","65.49","65.76","64.83","65.38","515700","65.33","false"
"IEO","2011-06-17","66.60","66.60","65.06","65.64","369700","65.59","false"
"IEO","2011-06-16","66.02","66.57","65.16","65.81","272800","65.76","false"
"IEO","2011-06-15","66.53","67.30","65.49","65.91","239700","65.86","false"
"IEO","2011-06-14","66.67","67.71","66.67","67.30","159000","67.25","false"
"IEO","2011-06-13","67.49","67.90","65.20","65.90","326100","65.85","false"
"IEO","2011-06-10","68.12","68.31","67.25","67.46","319100","67.41","false"
"IEO","2011-06-09","68.08","68.92","67.97","68.57","193600","68.52","false"
"IEO","2011-06-08","67.60","68.81","67.60","67.83","155700","67.78","false"
"IEO","2011-06-07","68.12","68.48","67.23","67.58","170000","67.53","false"
"IEO","2011-06-06","69.26","69.68","67.51","67.67","195400","67.62","false"
"IEO","2011-06-03","68.52","70.18","68.10","69.55","405000","69.50","false"
"IEO","2011-06-02","69.52","70.29","68.79","69.60","439400","69.55","false"
"IEO","2011-06-01","71.42","71.90","69.37","69.52","349900","69.47","false"
"IEO","2011-05-31","71.90","72.28","70.60","71.65","256100","71.59","false"
"IEO","2011-05-27","70.63","71.54","70.39","70.88","438500","70.82","false"
"IEO","2011-05-26","69.73","70.40","69.25","70.30","377800","70.24","false"
"IEO","2011-05-25","69.99","70.24","68.21","69.99","827500","69.94","false"
"IEO","2011-05-24","68.25","69.43","68.25","68.71","188800","68.66","false"
"IEO","2011-05-23","67.60","68.07","67.16","67.68","604100","67.63","false"
"IEO","2011-05-20","68.20","69.37","67.50","68.92","385000","68.87","false"
"IEO","2011-05-19","68.83","69.18","67.76","68.21","380200","68.16","false"
"IEO","2011-05-18","67.40","69.11","67.38","68.62","335100","68.57","false"
"IEO","2011-05-17","66.98","67.51","66.29","67.31","468400","67.26","false"
"IEO","2011-05-16","67.71","69.10","67.11","67.35","621800","67.30","false"
"IEO","2011-05-13","68.48","68.93","67.23","68.02","379100","67.97","false"
"IEO","2011-05-12","68.39","68.86","67.28","68.29","457000","68.24","false"
"IEO","2011-05-11","70.94","70.94","68.18","68.75","763700","68.70","false"
"IEO","2011-05-10","71.00","71.54","70.26","71.25","246100","71.19","false"
"IEO","2011-05-09","69.51","71.23","69.39","70.89","222000","70.83","false"
"IEO","2011-05-06","69.24","71.00","68.39","69.23","440400","69.18","false"
"IEO","2011-05-05","68.86","69.69","67.78","68.50","529300","68.45","false"
"IEO","2011-05-04","71.50","71.50","69.45","69.88","561000","69.83","false"
"IEO","2011-05-03","73.47","73.49","71.08","71.82","669100","71.76","false"
"IEO","2011-05-02","75.01","75.41","73.63","74.08","196000","74.02","false"
"IEO","2011-04-29","72.73","74.77","72.73","74.76","774000","74.70","false"
"IEO","2011-04-28","71.92","72.91","71.61","72.77","195600","72.71","false"
"IEO","2011-04-27","72.33","72.50","70.79","72.18","240000","72.12","false"
"IEO","2011-04-26","72.04","72.61","71.67","72.24","128200","72.18","false"
"IEO","2011-04-25","72.14","72.14","71.06","71.72","321200","71.66","false"
"IEO","2011-04-21","72.00","72.30","71.29","71.96","179700","71.90","false"
"IEO","2011-04-20","71.41","72.12","71.19","71.90","184900","71.84","false"
"IEO","2011-04-19","69.50","70.41","69.46","70.34","327800","70.28","false"
"IEO","2011-04-18","69.64","69.94","68.88","69.62","214400","69.57","false"
"IEO","2011-04-15","70.67","70.99","69.82","70.97","131400","70.91","false"
"IEO","2011-04-14","69.79","70.52","69.19","70.34","523300","70.28","false"
"IEO","2011-04-13","70.20","70.67","69.52","70.12","242000","70.07","false"
"IEO","2011-04-12","71.09","71.26","69.04","69.37","326200","69.32","false"
"IEO","2011-04-11","73.84","74.04","71.65","71.93","612900","71.87","false"
"IEO","2011-04-08","74.19","74.67","73.50","74.06","202800","74.00","false"
"IEO","2011-04-07","73.85","74.05","72.94","73.70","126800","73.64","false"
"IEO","2011-04-06","75.45","75.45","73.39","73.70","303100","73.64","false"
"IEO","2011-04-05","74.69","75.16","74.39","74.70","141100","74.64","false"
"IEO","2011-04-04","75.03","75.26","74.64","74.79","230500","74.73","false"
"IEO","2011-04-01","75.14","75.33","74.41","74.67","411200","74.61","false"
"IEO","2011-03-31","74.59","75.33","74.48","74.50","118500","74.44","false"
"IEO","2011-03-30","74.54","75.09","73.78","74.60","192200","74.54","false"
"IEO","2011-03-29","72.82","73.92","72.02","73.84","95600","73.78","false"
"IEO","2011-03-28","73.67","74.12","72.66","72.66","415100","72.60","false"
"IEO","2011-03-25","72.59","73.77","72.26","73.51","224500","73.45","false"
"IEO","2011-03-24","72.86","72.86","71.52","72.56","252500","72.35","false"
"IEO","2011-03-23","72.46","72.49","71.69","72.25","375400","72.04","false"
"IEO","2011-03-22","72.17","72.56","72.06","72.40","209400","72.19","false"
"IEO","2011-03-21","71.43","72.31","71.23","72.31","324200","72.10","false"
"IEO","2011-03-18","71.29","71.29","69.84","70.20","407600","70.00","false"
"IEO","2011-03-17","69.27","70.46","69.08","70.25","319500","70.05","false"
"IEO","2011-03-16","69.06","70.25","67.38","68.25","441600","68.06","false"
"IEO","2011-03-15","66.94","69.48","66.78","68.95","297500","68.75","false"
"IEO","2011-03-14","68.18","69.82","68.18","69.61","186600","69.41","false"
"IEO","2011-03-11","66.71","69.25","66.51","68.87","314200","68.67","false"
"IEO","2011-03-10","68.98","68.98","66.92","67.38","431100","67.19","false"
"IEO","2011-03-09","69.65","70.67","69.65","69.95","170800","69.75","false"
"IEO","2011-03-08","71.24","71.24","69.89","69.96","174600","69.76","false"
"IEO","2011-03-07","72.09","72.51","70.47","71.14","286300","70.94","false"
"IEO","2011-03-04","71.95","71.98","71.00","71.66","250000","71.46","false"
"IEO","2011-03-03","71.05","71.91","70.71","71.86","181600","71.66","false"
"IEO","2011-03-02","70.07","70.68","69.58","70.58","532200","70.38","false"
"IEO","2011-03-01","72.54","72.71","70.26","70.40","579300","70.20","false"
"IEO","2011-02-28","72.35","72.79","71.65","72.38","434400","72.17","false"
"IEO","2011-02-25","70.33","72.19","70.33","72.14","219500","71.93","false"
"IEO","2011-02-24","71.51","71.62","69.73","70.09","340800","69.89","false"
"IEO","2011-02-23","69.39","71.25","69.39","70.93","457600","70.73","false"
"IEO","2011-02-22","70.90","71.29","68.96","69.22","306300","69.02","false"
"IEO","2011-02-18","70.76","70.94","70.07","70.55","127200","70.35","false"
"IEO","2011-02-17","69.81","70.72","69.68","70.53","250300","70.33","false"
"IEO","2011-02-16","69.50","69.94","69.31","69.80","144000","69.60","false"
"IEO","2011-02-15","69.66","69.87","68.88","69.14","212800","68.94","false"
"IEO","2011-02-14","68.54","69.72","68.54","69.68","99200","69.48","false"
"IEO","2011-02-11","68.18","68.60","67.81","68.36","180000","68.17","false"
"IEO","2011-02-10","67.34","68.27","67.05","68.17","136800","67.98","false"
"IEO","2011-02-09","68.34","68.44","67.10","67.55","309700","67.36","false"
"IEO","2011-02-08","68.47","68.48","67.66","68.43","153100","68.24","false"
"IEO","2011-02-07","68.34","69.00","68.21","68.37","198200","68.18","false"
"IEO","2011-02-04","68.60","68.66","67.63","68.12","103400","67.93","false"
"IEO","2011-02-03","68.75","68.75","67.46","68.28","174600","68.09","false"
"IEO","2011-02-02","68.51","69.26","68.05","68.65","275200","68.45","false"
"IEO","2011-02-01","68.11","68.73","67.80","68.42","468700","68.23","false"
"IEO","2011-01-31","65.47","67.66","65.47","67.63","1841900","67.44","false"
"IEO","2011-01-28","65.48","65.67","64.85","65.09","374700","64.90","false"
"IEO","2011-01-27","66.23","66.23","65.10","65.38","329900","65.19","false"
"IEO","2011-01-26","65.00","66.19","64.65","66.06","406200","65.87","false"
"IEO","2011-01-25","65.46","65.46","64.07","64.81","243000","64.63","false"
"IEO","2011-01-24","65.30","65.67","64.99","65.59","262100","65.40","false"
"IEO","2011-01-21","65.79","65.79","64.94","65.32","87400","65.13","false"
"IEO","2011-01-20","65.34","65.35","64.31","65.03","176000","64.84","false"
"IEO","2011-01-19","67.17","67.17","65.74","65.83","322500","65.64","false"
"IEO","2011-01-18","66.32","66.99","65.93","66.98","223900","66.79","false"
"IEO","2011-01-14","65.72","66.30","65.15","66.30","170700","66.11","false"
"IEO","2011-01-13","66.17","66.17","65.40","65.70","365600","65.51","false"
"IEO","2011-01-12","65.82","66.06","65.46","65.96","125300","65.77","false"
"IEO","2011-01-11","64.78","65.21","64.63","65.18","161600","64.99","false"
"IEO","2011-01-10","63.95","64.42","63.47","64.33","153000","64.15","false"
"IEO","2011-01-07","64.15","64.21","63.44","64.07","278700","63.89","false"
"IEO","2011-01-06","64.71","64.71","63.60","63.82","352500","63.64","false"
"IEO","2011-01-05","63.59","64.34","63.23","64.28","155500","64.10","false"
"IEO","2011-01-04","64.91","64.99","63.00","63.83","174300","63.65","false"
"IEO","2011-01-03","64.69","64.89","64.37","64.45","398100","64.27","false"
