"IHF","2006-12-29","54.41","54.50","54.26","54.30","8200","53.89","false"
"IHF","2006-12-28","54.45","54.47","54.31","54.42","7900","54.00","false"
"IHF","2006-12-27","54.35","54.48","54.27","54.32","46100","53.91","false"
"IHF","2006-12-26","54.27","54.34","54.11","54.33","13500","53.91","false"
"IHF","2006-12-22","54.40","54.40","53.94","54.16","12300","53.75","false"
"IHF","2006-12-21","54.35","54.50","54.25","54.44","170900","54.02","false"
"IHF","2006-12-20","53.81","54.26","53.79","54.26","69200","53.85","false"
"IHF","2006-12-19","53.00","53.89","53.00","53.71","9000","53.30","false"
"IHF","2006-12-18","53.01","53.12","52.90","53.12","22300","52.71","false"
"IHF","2006-12-15","52.70","52.70","52.57","52.59","31700","52.19","false"
"IHF","2006-12-14","52.44","53.00","52.44","52.47","133600","52.07","false"
"IHF","2006-12-13","53.05","53.05","52.46","52.49","23300","52.09","false"
"IHF","2006-12-12","52.58","52.80","52.45","52.65","60200","52.25","false"
"IHF","2006-12-11","52.71","52.80","52.35","52.70","59700","52.30","false"
"IHF","2006-12-08","52.53","52.63","52.03","52.58","60000","52.18","false"
"IHF","2006-12-07","52.50","52.78","52.37","52.41","21300","52.01","false"
"IHF","2006-12-06","51.91","52.49","51.91","52.32","20000","51.92","false"
"IHF","2006-12-05","51.91","52.09","51.72","51.95","91100","51.55","false"
"IHF","2006-12-04","51.70","51.99","51.70","51.89","377000","51.49","false"
"IHF","2006-12-01","51.80","51.90","51.13","51.50","341200","51.11","false"
"IHF","2006-11-30","50.63","51.79","50.63","51.56","957200","51.17","false"
"IHF","2006-11-29","50.40","50.51","50.15","50.42","105400","50.03","false"
"IHF","2006-11-28","49.80","50.46","49.72","50.28","21400","49.90","false"
"IHF","2006-11-27","50.07","50.16","49.76","49.76","91500","49.38","false"
"IHF","2006-11-24","49.95","50.40","49.95","50.14","7100","49.76","false"
"IHF","2006-11-22","50.00","50.21","49.92","50.13","104300","49.75","false"
"IHF","2006-11-21","50.05","50.20","49.82","49.85","241700","49.47","false"
"IHF","2006-11-20","50.35","50.44","50.15","50.25","16900","49.87","false"
"IHF","2006-11-17","50.75","50.75","50.40","50.53","127000","50.14","false"
"IHF","2006-11-16","50.87","51.09","50.87","50.97","124700","50.58","false"
"IHF","2006-11-15","50.50","51.05","50.50","51.01","240100","50.62","false"
"IHF","2006-11-14","50.50","50.52","50.29","50.50","188400","50.11","false"
"IHF","2006-11-13","49.64","50.22","49.64","50.19","131300","49.81","false"
"IHF","2006-11-10","49.09","49.55","49.04","49.48","226700","49.10","false"
"IHF","2006-11-09","50.10","50.16","48.91","49.00","330500","48.63","false"
"IHF","2006-11-08","50.78","50.78","50.08","50.28","663900","49.90","false"
"IHF","2006-11-07","50.92","51.45","50.92","51.15","362900","50.76","false"
"IHF","2006-11-06","50.32","51.00","50.21","50.80","235700","50.41","false"
"IHF","2006-11-03","50.50","50.50","49.97","50.05","173000","49.67","false"
"IHF","2006-11-02","50.11","50.91","50.11","50.57","349100","50.18","false"
"IHF","2006-11-01","50.93","51.70","49.75","50.11","509400","49.73","false"
"IHF","2006-10-31","51.13","51.13","50.80","50.93","157900","50.54","false"
"IHF","2006-10-30","51.88","51.88","51.15","51.26","573200","50.87","false"
"IHF","2006-10-27","51.70","52.20","51.62","51.92","183800","51.52","false"
"IHF","2006-10-26","51.89","52.02","51.69","51.80","49100","51.40","false"
"IHF","2006-10-25","52.40","52.40","51.33","51.44","156900","51.05","false"
"IHF","2006-10-24","52.85","52.85","52.40","52.54","173100","52.14","false"
"IHF","2006-10-23","52.93","53.17","52.56","52.86","24700","52.46","false"
"IHF","2006-10-20","52.57","52.95","52.57","52.88","14100","52.48","false"
"IHF","2006-10-19","52.06","52.65","52.06","52.50","218800","52.10","false"
"IHF","2006-10-18","51.84","52.04","51.72","51.99","27900","51.59","false"
"IHF","2006-10-17","51.80","51.80","51.26","51.42","150100","51.03","false"
"IHF","2006-10-16","51.76","52.19","51.55","51.88","156300","51.48","false"
"IHF","2006-10-13","52.57","52.57","51.75","51.88","90200","51.48","false"
"IHF","2006-10-12","52.31","52.50","52.08","52.50","314600","52.10","false"
"IHF","2006-10-11","51.85","52.42","51.85","52.10","43000","51.70","false"
"IHF","2006-10-10","52.49","52.55","51.93","51.95","166800","51.55","false"
"IHF","2006-10-09","52.86","52.86","52.32","52.47","19600","52.07","false"
"IHF","2006-10-06","53.87","53.87","52.91","53.01","140800","52.61","false"
"IHF","2006-10-05","53.33","53.87","52.98","53.87","83400","53.46","false"
"IHF","2006-10-04","52.50","53.21","52.35","53.21","23200","52.80","false"
"IHF","2006-10-03","52.89","52.89","52.60","52.60","16300","52.20","false"
"IHF","2006-10-02","53.20","53.20","52.80","52.96","28600","52.56","false"
"IHF","2006-09-29","53.39","53.39","53.10","53.26","26400","52.85","false"
"IHF","2006-09-28","53.35","53.35","53.07","53.25","33000","52.84","false"
"IHF","2006-09-27","53.33","53.50","53.19","53.35","26400","52.94","false"
"IHF","2006-09-26","53.17","53.57","53.04","53.54","78600","53.13","false"
"IHF","2006-09-25","53.34","53.34","52.99","53.33","65300","52.92","false"
"IHF","2006-09-22","53.92","53.99","53.25","53.31","26600","52.90","false"
"IHF","2006-09-21","54.72","54.72","53.83","53.92","55300","53.51","false"
"IHF","2006-09-20","54.60","54.93","54.58","54.77","126500","54.35","false"
"IHF","2006-09-19","54.20","54.44","54.10","54.43","39900","54.01","false"
"IHF","2006-09-18","54.60","54.60","54.11","54.17","41900","53.76","false"
"IHF","2006-09-15","54.74","54.90","54.62","54.64","11000","54.22","false"
"IHF","2006-09-14","54.95","54.95","54.60","54.76","14600","54.34","false"
"IHF","2006-09-13","55.17","55.28","55.02","55.11","15300","54.69","false"
"IHF","2006-09-12","54.36","55.19","54.35","55.18","49600","54.76","false"
"IHF","2006-09-11","53.48","54.31","53.25","54.20","18500","53.79","false"
"IHF","2006-09-08","53.26","53.67","53.23","53.52","15100","53.11","false"
"IHF","2006-09-07","53.22","53.22","52.91","53.03","49600","52.62","false"
"IHF","2006-09-06","53.51","53.54","53.27","53.27","38800","52.86","false"
"IHF","2006-09-05","54.11","54.11","53.73","53.76","19400","53.35","false"
"IHF","2006-09-01","54.10","54.19","53.84","54.02","8200","53.61","false"
"IHF","2006-08-31","54.29","54.29","53.89","54.17","6400","53.76","false"
"IHF","2006-08-30","54.20","54.52","54.20","54.35","25300","53.93","false"
"IHF","2006-08-29","53.74","54.10","53.74","54.09","12800","53.68","false"
"IHF","2006-08-28","53.23","53.82","53.10","53.75","5000","53.34","false"
"IHF","2006-08-25","53.13","53.39","53.11","53.21","15800","52.80","false"
"IHF","2006-08-24","53.23","53.64","53.23","53.64","8400","53.23","false"
"IHF","2006-08-23","53.20","53.25","52.84","53.03","18300","52.62","false"
"IHF","2006-08-22","53.10","53.33","53.06","53.07","12500","52.66","false"
"IHF","2006-08-21","53.10","53.10","52.83","52.92","114100","52.52","false"
"IHF","2006-08-18","52.68","52.85","52.55","52.84","8800","52.44","false"
"IHF","2006-08-17","52.60","53.01","52.60","52.92","8800","52.52","false"
"IHF","2006-08-16","52.46","52.52","52.22","52.49","10900","52.09","false"
"IHF","2006-08-15","52.12","52.28","52.07","52.18","20900","51.78","false"
"IHF","2006-08-14","52.00","52.20","51.84","51.84","7900","51.44","false"
"IHF","2006-08-11","51.90","51.99","51.64","51.70","2200","51.31","false"
"IHF","2006-08-10","51.53","52.17","51.53","52.17","8200","51.77","false"
"IHF","2006-08-09","52.36","52.42","51.78","51.78","13800","51.38","false"
"IHF","2006-08-08","51.90","52.31","51.90","51.95","164600","51.55","false"
"IHF","2006-08-07","51.30","51.65","51.30","51.55","14800","51.16","false"
"IHF","2006-08-04","51.63","51.72","51.25","51.40","12800","51.01","false"
"IHF","2006-08-03","51.15","51.34","51.01","51.05","36600","50.66","false"
"IHF","2006-08-02","51.65","51.66","51.28","51.38","41800","50.99","false"
"IHF","2006-08-01","50.30","50.40","50.09","50.31","3200","49.93","false"
"IHF","2006-07-31","50.00","50.64","50.00","50.39","12000","50.01","false"
"IHF","2006-07-28","51.17","51.23","50.01","50.21","278200","49.83","false"
"IHF","2006-07-27","50.94","51.01","50.50","50.92","140000","50.53","false"
"IHF","2006-07-26","52.75","52.75","52.38","52.46","22200","52.06","false"
"IHF","2006-07-25","52.50","53.08","52.35","52.93","63800","52.53","false"
"IHF","2006-07-24","52.02","52.55","52.02","52.55","79000","52.15","false"
"IHF","2006-07-21","51.80","51.80","51.45","51.77","7500","51.37","false"
"IHF","2006-07-20","52.11","52.30","51.86","51.87","19000","51.47","false"
"IHF","2006-07-19","51.14","52.04","51.14","51.93","275000","51.53","false"
"IHF","2006-07-18","50.38","50.47","50.03","50.41","10600","50.02","false"
"IHF","2006-07-17","50.57","50.64","50.42","50.42","3900","50.03","false"
"IHF","2006-07-14","50.07","50.40","50.07","50.33","3000","49.95","false"
"IHF","2006-07-13","50.95","51.06","50.55","50.71","24500","50.32","false"
"IHF","2006-07-12","51.39","51.41","51.02","51.02","14300","50.63","false"
"IHF","2006-07-11","50.66","51.37","50.66","51.33","87400","50.94","false"
"IHF","2006-07-10","50.52","50.80","50.52","50.80","3500","50.41","false"
"IHF","2006-07-07","49.97","50.46","49.97","50.14","1900","49.76","false"
"IHF","2006-07-06","50.15","50.38","50.05","50.05","7800","49.67","false"
"IHF","2006-07-05","49.95","50.04","49.77","49.99","7100","49.61","false"
"IHF","2006-07-03","49.90","50.08","49.79","50.08","6700","49.70","false"
"IHF","2006-06-30","49.74","50.21","49.74","50.03","5400","49.65","false"
"IHF","2006-06-29","49.38","49.67","49.12","49.67","2800","49.29","false"
"IHF","2006-06-28","48.93","48.95","48.15","48.76","5500","48.39","false"
"IHF","2006-06-27","49.20","49.20","48.86","48.86","3200","48.49","false"
"IHF","2006-06-26","49.45","49.46","49.16","49.26","12600","48.88","false"
"IHF","2006-06-23","48.86","49.23","48.86","49.23","1300","48.85","false"
"IHF","2006-06-22","48.96","49.11","48.68","48.82","5600","48.45","false"
"IHF","2006-06-21","48.22","49.08","48.22","49.08","2600","48.71","false"
"IHF","2006-06-20","48.09","48.21","47.98","47.98","3700","47.61","false"
"IHF","2006-06-19","48.88","48.88","48.21","48.27","8600","47.90","false"
"IHF","2006-06-16","48.89","48.89","48.62","48.83","6100","48.46","false"
"IHF","2006-06-15","48.17","48.77","47.97","48.73","5900","48.36","false"
"IHF","2006-06-14","48.40","48.40","47.88","48.18","4300","47.81","false"
"IHF","2006-06-13","48.75","49.04","48.75","48.87","3100","48.50","false"
"IHF","2006-06-12","50.05","50.05","48.86","48.86","3400","48.49","false"
"IHF","2006-06-09","49.95","50.20","49.83","49.86","8100","49.48","false"
"IHF","2006-06-08","50.15","50.37","49.69","50.09","26200","49.71","false"
"IHF","2006-06-07","49.77","50.40","49.77","50.02","6600","49.64","false"
"IHF","2006-06-06","50.05","50.05","49.25","49.51","4800","49.13","false"
"IHF","2006-06-05","50.38","50.38","49.65","49.65","5600","49.27","false"
"IHF","2006-06-02","50.50","50.62","50.44","50.47","37700","50.08","false"
"IHF","2006-06-01","49.66","50.32","49.66","50.32","3600","49.94","false"
"IHF","2006-05-31","49.18","49.44","49.06","49.08","27800","48.71","false"
"IHF","2006-05-30","48.70","48.84","48.70","48.74","2400","48.37","false"
"IHF","2006-05-26","48.96","49.07","48.96","48.98","2000","48.61","false"
"IHF","2006-05-25","48.28","48.75","48.28","48.75","600","48.38","false"
"IHF","2006-05-24","48.25","48.45","47.80","48.15","4400","47.78","false"
"IHF","2006-05-23","49.11","49.11","48.68","48.68","3300","48.31","false"
"IHF","2006-05-22","49.10","49.32","48.84","49.18","13000","48.80","false"
"IHF","2006-05-19","49.55","49.57","49.04","49.30","84200","48.92","false"
"IHF","2006-05-18","49.70","50.03","49.70","49.71","3900","49.33","false"
"IHF","2006-05-17","49.95","50.26","49.95","50.03","28200","49.65","false"
"IHF","2006-05-16","50.03","50.21","49.95","50.04","87700","49.66","false"
"IHF","2006-05-15","48.96","49.32","48.94","49.04","18700","48.67","false"
"IHF","2006-05-12","49.05","49.05","48.88","48.88","7900","48.51","false"
"IHF","2006-05-11","48.70","48.70","48.46","48.50","3900","48.13","false"
"IHF","2006-05-10","48.70","49.14","48.70","48.96","5100","48.59","false"
"IHF","2006-05-09","48.90","48.94","48.12","48.21","197700","47.84","false"
"IHF","2006-05-08","49.25","49.25","49.07","49.07","4000","48.70","false"
"IHF","2006-05-05","48.85","48.85","48.85","48.85","100","48.48","false"
"IHF","2007-12-31","63.34","63.49","63.12","63.23","20200","63.09","false"
"IHF","2007-12-28","63.88","63.88","63.37","63.45","17600","63.31","false"
"IHF","2007-12-27","64.13","64.38","63.59","63.61","25400","63.47","false"
"IHF","2007-12-26","64.18","64.57","64.10","64.48","83100","64.34","false"
"IHF","2007-12-24","64.21","64.42","64.15","64.36","151100","64.22","false"
"IHF","2007-12-21","63.95","64.13","63.65","63.82","134900","63.68","false"
"IHF","2007-12-20","62.49","63.46","62.49","63.46","68800","63.32","false"
"IHF","2007-12-19","62.53","62.66","62.04","62.27","40600","62.13","false"
"IHF","2007-12-18","62.13","62.54","61.95","62.46","57800","62.32","false"
"IHF","2007-12-17","62.28","62.60","61.71","61.71","33600","61.57","false"
"IHF","2007-12-14","62.87","63.21","62.55","62.67","21000","62.53","false"
"IHF","2007-12-13","62.78","63.09","62.50","63.09","71400","62.95","false"
"IHF","2007-12-12","63.77","63.80","62.46","62.76","75900","62.62","false"
"IHF","2007-12-11","63.90","63.90","62.51","62.53","144600","62.39","false"
"IHF","2007-12-10","63.26","63.62","63.14","63.62","31700","63.48","false"
"IHF","2007-12-07","63.33","63.65","63.11","63.25","49800","63.11","false"
"IHF","2007-12-06","62.30","63.09","62.18","63.09","119400","62.95","false"
"IHF","2007-12-05","62.02","62.19","61.79","62.19","82100","62.05","false"
"IHF","2007-12-04","61.62","61.95","61.35","61.57","267300","61.43","false"
"IHF","2007-12-03","62.18","62.18","61.50","61.76","36700","61.62","false"
"IHF","2007-11-30","62.12","62.12","61.60","61.73","77700","61.59","false"
"IHF","2007-11-29","61.70","61.88","61.32","61.77","74600","61.63","false"
"IHF","2007-11-28","61.09","61.46","60.35","61.46","23300","61.32","false"
"IHF","2007-11-27","60.05","60.51","59.76","60.51","41500","60.37","false"
"IHF","2007-11-26","60.07","60.40","59.54","59.54","13700","59.41","false"
"IHF","2007-11-23","59.39","59.70","59.39","59.52","6100","59.39","false"
"IHF","2007-11-21","59.91","59.99","59.12","59.12","46800","58.99","false"
"IHF","2007-11-20","60.04","60.26","59.55","60.05","17800","59.92","false"
"IHF","2007-11-19","59.87","60.20","59.70","59.92","11200","59.79","false"
"IHF","2007-11-16","59.92","60.06","59.59","60.05","19100","59.92","false"
"IHF","2007-11-15","60.15","60.50","59.00","59.00","204900","58.87","false"
"IHF","2007-11-14","60.15","60.54","59.96","60.19","14100","60.06","false"
"IHF","2007-11-13","59.77","60.14","59.39","60.14","133800","60.01","false"
"IHF","2007-11-12","58.56","59.95","58.56","59.49","10000","59.36","false"
"IHF","2007-11-09","58.76","59.39","58.63","58.99","192500","58.86","false"
"IHF","2007-11-08","58.65","58.87","58.19","58.87","22600","58.74","false"
"IHF","2007-11-07","58.90","59.10","58.29","58.29","16300","58.16","false"
"IHF","2007-11-06","58.75","59.23","58.35","59.23","5000","59.10","false"
"IHF","2007-11-05","58.46","58.83","58.36","58.56","94700","58.43","false"
"IHF","2007-11-02","58.77","58.77","58.13","58.56","16500","58.43","false"
"IHF","2007-11-01","59.30","59.49","58.73","58.78","60500","58.65","false"
"IHF","2007-10-31","59.06","59.38","58.64","59.38","46100","59.25","false"
"IHF","2007-10-30","58.55","58.88","58.35","58.67","25400","58.54","false"
"IHF","2007-10-29","59.17","59.17","58.49","58.57","37800","58.44","false"
"IHF","2007-10-26","59.24","59.24","58.68","58.68","11100","58.55","false"
"IHF","2007-10-25","58.67","59.38","58.57","59.27","223400","59.14","false"
"IHF","2007-10-24","59.57","59.57","58.29","58.65","240700","58.52","false"
"IHF","2007-10-23","59.29","59.74","59.11","59.74","17800","59.61","false"
"IHF","2007-10-22","58.22","58.96","58.22","58.72","18500","58.59","false"
"IHF","2007-10-19","59.16","59.16","58.66","58.66","24200","58.53","false"
"IHF","2007-10-18","59.16","59.68","59.02","59.46","19900","59.33","false"
"IHF","2007-10-17","59.29","59.31","58.83","59.13","11300","59.00","false"
"IHF","2007-10-16","58.99","58.99","58.63","58.69","18000","58.56","false"
"IHF","2007-10-15","58.00","59.31","58.00","59.02","8100","58.89","false"
"IHF","2007-10-12","59.16","59.74","59.15","59.50","9400","59.37","false"
"IHF","2007-10-11","60.03","60.03","59.03","59.13","15500","59.00","false"
"IHF","2007-10-10","59.83","60.20","59.83","60.06","12300","59.93","false"
"IHF","2007-10-09","59.26","59.70","59.26","59.70","159600","59.57","false"
"IHF","2007-10-08","59.26","59.41","59.15","59.22","9400","59.09","false"
"IHF","2007-10-05","58.96","59.35","58.79","59.12","19100","58.99","false"
"IHF","2007-10-04","59.01","59.01","58.63","58.63","50900","58.50","false"
"IHF","2007-10-03","58.80","58.81","58.51","58.79","22800","58.66","false"
"IHF","2007-10-02","59.26","59.26","58.74","58.97","15400","58.84","false"
"IHF","2007-10-01","59.15","59.27","59.00","59.06","40100","58.93","false"
"IHF","2007-09-28","59.27","59.30","58.91","59.01","18100","58.88","false"
"IHF","2007-09-27","59.32","59.32","59.12","59.20","13300","59.07","false"
"IHF","2007-09-26","58.90","59.25","58.90","59.07","47500","58.94","false"
"IHF","2007-09-25","58.78","59.21","58.78","58.89","70100","58.76","false"
"IHF","2007-09-24","58.90","59.24","58.87","58.96","14300","58.83","false"
"IHF","2007-09-21","58.83","59.10","58.82","59.02","10200","58.89","false"
"IHF","2007-09-20","59.19","59.19","58.60","58.74","51600","58.61","false"
"IHF","2007-09-19","59.74","59.74","59.08","59.11","38100","58.98","false"
"IHF","2007-09-18","58.79","61.13","58.53","59.33","80500","59.20","false"
"IHF","2007-09-17","58.26","58.49","58.01","58.42","104100","58.29","false"
"IHF","2007-09-14","58.14","58.45","58.14","58.45","5100","58.32","false"
"IHF","2007-09-13","58.61","58.74","58.41","58.41","7300","58.28","false"
"IHF","2007-09-12","58.29","58.62","58.29","58.45","115600","58.32","false"
"IHF","2007-09-11","57.53","58.06","57.53","58.06","22200","57.93","false"
"IHF","2007-09-10","57.69","57.72","57.26","57.40","5600","57.27","false"
"IHF","2007-09-07","57.64","57.79","57.39","57.54","48900","57.41","false"
"IHF","2007-09-06","57.80","58.24","57.80","58.21","19400","58.08","false"
"IHF","2007-09-05","58.32","58.32","57.88","57.98","49800","57.85","false"
"IHF","2007-09-04","58.15","58.51","58.15","58.46","53100","58.33","false"
"IHF","2007-08-31","57.90","58.14","57.63","57.88","29800","57.75","false"
"IHF","2007-08-30","56.99","57.74","56.99","57.48","34100","57.35","false"
"IHF","2007-08-29","57.00","57.33","56.74","57.32","42600","57.19","false"
"IHF","2007-08-28","57.33","57.33","56.74","56.78","11400","56.65","false"
"IHF","2007-08-27","57.66","57.66","57.39","57.39","223500","57.26","false"
"IHF","2007-08-24","56.97","57.72","56.97","57.72","99800","57.59","false"
"IHF","2007-08-23","57.47","57.47","56.92","56.95","12500","56.82","false"
"IHF","2007-08-22","56.92","57.20","56.71","57.10","8200","56.97","false"
"IHF","2007-08-21","56.87","56.99","56.69","56.80","14900","56.67","false"
"IHF","2007-08-20","56.67","56.98","56.66","56.70","8600","56.57","false"
"IHF","2007-08-17","56.46","56.56","55.93","56.45","73300","56.32","false"
"IHF","2007-08-16","55.60","56.38","54.75","55.77","84300","55.65","false"
"IHF","2007-08-15","55.75","56.60","55.60","55.79","137700","55.67","false"
"IHF","2007-08-14","56.42","56.55","55.59","55.69","45500","55.57","false"
"IHF","2007-08-13","56.29","56.81","56.28","56.28","104300","56.15","false"
"IHF","2007-08-10","54.51","56.39","53.50","56.05","489300","55.92","false"
"IHF","2007-08-09","56.00","56.00","55.01","55.01","406400","54.89","false"
"IHF","2007-08-08","56.64","56.66","55.83","56.16","101100","56.03","false"
"IHF","2007-08-07","56.61","57.02","56.26","56.75","43100","56.62","false"
"IHF","2007-08-06","56.28","56.71","56.10","56.53","123000","56.40","false"
"IHF","2007-08-03","57.00","57.05","55.75","55.75","159800","55.63","false"
"IHF","2007-08-02","56.16","56.84","56.16","56.82","23600","56.69","false"
"IHF","2007-08-01","55.62","56.27","54.10","55.92","146800","55.79","false"
"IHF","2007-07-31","56.81","56.91","56.14","56.14","29400","56.01","false"
"IHF","2007-07-30","56.32","56.84","56.25","56.75","197100","56.62","false"
"IHF","2007-07-27","57.27","57.50","56.53","56.62","110700","56.49","false"
"IHF","2007-07-26","58.12","58.14","57.15","57.40","243900","57.27","false"
"IHF","2007-07-25","58.59","58.65","58.10","58.35","241500","58.22","false"
"IHF","2007-07-24","59.13","59.34","58.77","58.86","32000","58.73","false"
"IHF","2007-07-23","59.09","59.37","59.05","59.06","117900","58.93","false"
"IHF","2007-07-20","59.49","59.54","58.97","59.15","126100","59.02","false"
"IHF","2007-07-19","59.92","59.97","59.55","59.55","421000","59.42","false"
"IHF","2007-07-18","59.95","60.35","59.78","60.35","23600","60.21","false"
"IHF","2007-07-17","59.74","60.10","59.74","59.87","15700","59.74","false"
"IHF","2007-07-16","60.00","60.12","59.82","59.88","26300","59.75","false"
"IHF","2007-07-13","60.06","60.06","59.76","59.99","28000","59.86","false"
"IHF","2007-07-12","59.31","60.07","59.29","60.06","128300","59.93","false"
"IHF","2007-07-11","59.16","59.33","58.98","59.11","14900","58.98","false"
"IHF","2007-07-10","59.46","59.68","58.97","58.97","234100","58.84","false"
"IHF","2007-07-09","60.24","60.24","59.50","59.62","34800","59.49","false"
"IHF","2007-07-06","59.61","60.35","59.61","60.21","453100","60.08","false"
"IHF","2007-07-05","59.35","59.87","59.30","59.82","62900","59.69","false"
"IHF","2007-07-03","59.32","59.44","59.29","59.37","22100","59.24","false"
"IHF","2007-07-02","58.65","59.17","58.65","59.17","94200","59.04","false"
"IHF","2007-06-29","59.05","59.21","58.10","58.37","210600","58.24","false"
"IHF","2007-06-28","58.80","59.08","58.70","58.90","78100","58.77","false"
"IHF","2007-06-27","58.78","59.25","58.78","59.25","17100","59.12","false"
"IHF","2007-06-26","58.90","59.19","58.82","58.97","22500","58.84","false"
"IHF","2007-06-25","58.89","59.30","58.65","58.65","346700","58.52","false"
"IHF","2007-06-22","59.12","59.13","58.65","58.84","88600","58.71","false"
"IHF","2007-06-21","59.06","59.27","58.80","59.27","418900","59.14","false"
"IHF","2007-06-20","59.95","59.95","59.25","59.29","791100","59.16","false"
"IHF","2007-06-19","59.78","59.90","59.67","59.88","51700","59.75","false"
"IHF","2007-06-18","60.19","60.19","59.90","59.90","11400","59.77","false"
"IHF","2007-06-15","59.92","60.18","59.89","59.91","166400","59.78","false"
"IHF","2007-06-14","59.86","59.86","59.63","59.69","68200","59.56","false"
"IHF","2007-06-13","59.73","59.73","59.24","59.58","460300","59.45","false"
"IHF","2007-06-12","59.84","60.03","59.75","59.76","104700","59.63","false"
"IHF","2007-06-11","60.04","60.15","59.75","60.00","216400","59.87","false"
"IHF","2007-06-08","59.70","60.08","59.65","60.08","27000","59.95","false"
"IHF","2007-06-07","60.00","60.32","59.61","59.61","47900","59.48","false"
"IHF","2007-06-06","60.49","60.49","60.02","60.06","40400","59.93","false"
"IHF","2007-06-05","60.90","60.95","60.53","60.75","7700","60.61","false"
"IHF","2007-06-04","61.03","61.07","60.94","61.03","11700","60.89","false"
"IHF","2007-06-01","60.90","61.08","60.88","61.08","6200","60.94","false"
"IHF","2007-05-31","60.80","61.05","60.57","60.78","74600","60.64","false"
"IHF","2007-05-30","60.60","60.85","60.60","60.79","102100","60.65","false"
"IHF","2007-05-29","60.65","60.76","60.54","60.75","7100","60.61","false"
"IHF","2007-05-25","60.29","60.57","60.29","60.52","9800","60.38","false"
"IHF","2007-05-24","60.42","60.65","60.16","60.18","8300","60.05","false"
"IHF","2007-05-23","60.38","60.65","60.38","60.40","216100","60.26","false"
"IHF","2007-05-22","60.30","60.62","60.04","60.41","14600","60.27","false"
"IHF","2007-05-21","60.00","60.28","59.95","60.20","3300","60.07","false"
"IHF","2007-05-18","59.95","60.28","59.95","60.21","11900","60.08","false"
"IHF","2007-05-17","60.05","60.21","59.83","60.05","27200","59.92","false"
"IHF","2007-05-16","59.93","60.24","59.87","60.24","207000","60.11","false"
"IHF","2007-05-15","59.64","59.88","59.42","59.42","4500","59.29","false"
"IHF","2007-05-14","59.70","59.75","59.46","59.46","8100","59.33","false"
"IHF","2007-05-11","59.34","59.64","59.19","59.53","8000","59.40","false"
"IHF","2007-05-10","59.44","59.67","59.25","59.25","30200","59.12","false"
"IHF","2007-05-09","59.41","59.72","59.35","59.61","93500","59.48","false"
"IHF","2007-05-08","59.60","59.63","59.37","59.55","12500","59.42","false"
"IHF","2007-05-07","59.62","59.77","59.58","59.63","91900","59.50","false"
"IHF","2007-05-04","58.74","59.44","58.67","59.44","31100","59.31","false"
"IHF","2007-05-03","59.18","59.18","58.81","58.85","167800","58.72","false"
"IHF","2007-05-02","58.30","59.22","58.30","58.96","29400","58.83","false"
"IHF","2007-05-01","58.17","58.40","58.05","58.25","265300","58.12","false"
"IHF","2007-04-30","58.97","58.97","58.66","58.67","526600","58.54","false"
"IHF","2007-04-27","59.07","59.07","58.84","59.05","12500","58.92","false"
"IHF","2007-04-26","59.57","59.63","58.89","59.18","67400","59.05","false"
"IHF","2007-04-25","59.00","59.00","58.33","58.83","199200","58.70","false"
"IHF","2007-04-24","59.37","59.57","59.27","59.37","75100","59.24","false"
"IHF","2007-04-23","58.67","58.89","58.53","58.87","38800","58.74","false"
"IHF","2007-04-20","58.92","58.92","58.52","58.78","39900","58.65","false"
"IHF","2007-04-19","58.30","58.53","58.00","58.33","60700","58.20","false"
"IHF","2007-04-18","59.25","59.32","58.94","59.28","47400","59.15","false"
"IHF","2007-04-17","59.45","59.55","59.14","59.25","241200","59.12","false"
"IHF","2007-04-16","58.50","59.01","58.50","59.01","234700","58.88","false"
"IHF","2007-04-13","58.35","58.51","58.08","58.51","9700","58.38","false"
"IHF","2007-04-12","57.65","58.30","57.65","58.28","10800","58.15","false"
"IHF","2007-04-11","58.52","58.55","57.83","57.95","127800","57.82","false"
"IHF","2007-04-10","58.62","58.72","58.43","58.58","14400","58.45","false"
"IHF","2007-04-09","58.81","58.81","58.55","58.66","77700","58.53","false"
"IHF","2007-04-05","58.13","58.67","58.13","58.56","96700","58.43","false"
"IHF","2007-04-04","58.10","58.35","58.10","58.30","12100","58.17","false"
"IHF","2007-04-03","57.77","58.08","57.77","58.02","17900","57.89","false"
"IHF","2007-04-02","57.03","57.32","57.03","57.25","45200","57.12","false"
"IHF","2007-03-30","56.72","57.05","56.52","56.80","66200","56.67","false"
"IHF","2007-03-29","57.15","57.20","56.41","56.72","130300","56.59","false"
"IHF","2007-03-28","57.48","57.57","57.20","57.36","180500","57.23","false"
"IHF","2007-03-27","57.70","57.82","57.26","57.82","289100","57.69","false"
"IHF","2007-03-26","58.08","58.42","57.77","58.23","337700","58.10","false"
"IHF","2007-03-23","57.80","58.17","57.21","58.07","280100","57.94","false"
"IHF","2007-03-22","57.95","58.33","57.94","58.20","43300","57.76","false"
"IHF","2007-03-21","57.12","57.82","57.00","57.79","175800","57.35","false"
"IHF","2007-03-20","57.00","57.17","56.96","57.17","173100","56.73","false"
"IHF","2007-03-19","56.89","57.20","56.80","57.18","57100","56.74","false"
"IHF","2007-03-16","56.51","56.75","56.34","56.37","4900","55.94","false"
"IHF","2007-03-15","56.19","56.66","56.17","56.56","4500","56.13","false"
"IHF","2007-03-14","56.00","56.15","55.53","56.00","164400","55.57","false"
"IHF","2007-03-13","56.36","56.60","55.81","55.81","26000","55.38","false"
"IHF","2007-03-12","56.26","57.04","56.17","56.41","218300","55.98","false"
"IHF","2007-03-09","56.60","56.60","55.98","56.04","33200","55.61","false"
"IHF","2007-03-08","56.63","56.72","56.26","56.32","30600","55.89","false"
"IHF","2007-03-07","56.13","56.40","55.89","56.18","234800","55.75","false"
"IHF","2007-03-06","56.20","56.47","56.00","56.32","657900","55.89","false"
"IHF","2007-03-05","55.89","56.31","55.69","55.70","365200","55.27","false"
"IHF","2007-03-02","56.61","57.12","56.32","56.32","289800","55.89","false"
"IHF","2007-03-01","55.45","56.71","55.43","56.57","75900","56.14","false"
"IHF","2007-02-28","56.18","56.64","56.00","56.53","345000","56.10","false"
"IHF","2007-02-27","57.32","57.32","55.65","56.49","724900","56.06","false"
"IHF","2007-02-26","57.68","57.82","57.51","57.82","112400","57.38","false"
"IHF","2007-02-23","58.15","58.15","57.79","57.81","221400","57.37","false"
"IHF","2007-02-22","58.35","58.35","58.00","58.19","14200","57.75","false"
"IHF","2007-02-21","58.25","58.25","58.01","58.13","145100","57.69","false"
"IHF","2007-02-20","57.89","58.10","57.75","58.00","196500","57.56","false"
"IHF","2007-02-16","57.64","57.97","57.63","57.73","313900","57.29","false"
"IHF","2007-02-15","56.84","57.99","56.84","57.83","261700","57.39","false"
"IHF","2007-02-14","56.40","56.67","56.25","56.60","4900","56.17","false"
"IHF","2007-02-13","56.25","56.34","56.09","56.20","22000","55.77","false"
"IHF","2007-02-12","55.75","56.07","55.75","55.98","7300","55.55","false"
"IHF","2007-02-09","56.12","56.12","55.50","55.65","64700","55.22","false"
"IHF","2007-02-08","55.92","56.10","55.82","55.87","251100","55.44","false"
"IHF","2007-02-07","55.75","56.10","55.71","56.10","89100","55.67","false"
"IHF","2007-02-06","55.70","55.70","55.31","55.59","157900","55.17","false"
"IHF","2007-02-05","55.43","55.70","55.40","55.66","59900","55.23","false"
"IHF","2007-02-02","55.38","55.54","55.20","55.27","6600","54.85","false"
"IHF","2007-02-01","54.91","55.37","54.78","55.30","138900","54.88","false"
"IHF","2007-01-31","54.45","54.93","54.27","54.87","254800","54.45","false"
"IHF","2007-01-30","54.12","54.51","54.12","54.51","19200","54.09","false"
"IHF","2007-01-29","53.78","54.13","53.78","53.99","199600","53.58","false"
"IHF","2007-01-26","53.89","53.91","53.52","53.74","419700","53.33","false"
"IHF","2007-01-25","53.95","54.17","53.83","53.89","234500","53.48","false"
"IHF","2007-01-24","53.48","54.22","53.42","53.92","73900","53.51","false"
"IHF","2007-01-23","53.94","54.21","53.74","53.96","475500","53.55","false"
"IHF","2007-01-22","54.43","54.43","53.91","53.92","91600","53.51","false"
"IHF","2007-01-19","54.22","54.44","54.13","54.44","255200","54.02","false"
"IHF","2007-01-18","54.33","54.43","54.15","54.22","357200","53.81","false"
"IHF","2007-01-17","54.99","55.20","54.92","55.05","64300","54.63","false"
"IHF","2007-01-16","54.65","55.00","54.65","54.86","87600","54.44","false"
"IHF","2007-01-12","54.13","54.55","54.13","54.50","86600","54.08","false"
"IHF","2007-01-11","53.40","54.25","53.38","54.23","132000","53.82","false"
"IHF","2007-01-10","52.95","53.34","52.61","53.26","70500","52.85","false"
"IHF","2007-01-09","53.80","53.80","52.99","53.08","82100","52.67","false"
"IHF","2007-01-08","53.32","54.03","53.21","53.72","107600","53.31","false"
"IHF","2007-01-05","53.60","53.65","53.14","53.35","297900","52.94","false"
"IHF","2007-01-04","53.68","53.80","53.47","53.75","38600","53.34","false"
"IHF","2007-01-03","54.55","54.63","53.44","53.78","35400","53.37","false"
"IHF","2008-12-31","36.22","36.22","35.14","35.75","38400","35.67","false"
"IHF","2008-12-30","34.75","35.81","34.75","35.73","267100","35.65","false"
"IHF","2008-12-29","34.81","34.81","34.04","34.37","89800","34.29","false"
"IHF","2008-12-26","34.36","34.88","34.35","34.80","31000","34.72","false"
"IHF","2008-12-24","34.40","34.40","34.19","34.19","3200","34.11","false"
"IHF","2008-12-23","34.45","34.88","34.14","34.27","37800","34.19","false"
"IHF","2008-12-22","35.15","35.15","33.79","34.15","21800","34.07","false"
"IHF","2008-12-19","34.39","35.30","34.39","35.19","53600","35.11","false"
"IHF","2008-12-18","33.18","34.57","33.18","34.14","72800","34.06","false"
"IHF","2008-12-17","33.42","33.76","32.85","33.28","61800","33.21","false"
"IHF","2008-12-16","32.41","33.63","32.38","33.52","57100","33.44","false"
"IHF","2008-12-15","32.48","32.48","31.92","32.06","18600","31.99","false"
"IHF","2008-12-12","31.42","32.13","31.30","32.13","33200","32.06","false"
"IHF","2008-12-11","31.47","33.16","31.47","32.06","37500","31.99","false"
"IHF","2008-12-10","31.81","32.10","31.31","31.71","33000","31.64","false"
"IHF","2008-12-09","31.74","32.78","30.98","31.26","36600","31.19","false"
"IHF","2008-12-08","31.80","32.24","31.67","31.98","79800","31.91","false"
"IHF","2008-12-05","29.67","31.39","28.98","31.34","35000","31.27","false"
"IHF","2008-12-04","30.54","30.58","29.55","29.62","8500","29.55","false"
"IHF","2008-12-03","29.28","30.36","29.16","30.30","32100","30.23","false"
"IHF","2008-12-02","29.36","29.67","28.72","29.37","43700","29.30","false"
"IHF","2008-12-01","30.79","30.90","29.07","29.12","65400","29.05","false"
"IHF","2008-11-28","31.25","31.45","31.11","31.36","5600","31.29","false"
"IHF","2008-11-26","29.54","31.02","29.32","30.66","61500","30.59","false"
"IHF","2008-11-25","28.85","30.08","28.85","30.04","20200","29.97","false"
"IHF","2008-11-24","29.37","29.59","27.63","29.16","31400","29.09","false"
"IHF","2008-11-21","26.25","27.43","24.89","27.26","52300","27.20","false"
"IHF","2008-11-20","28.60","28.73","26.29","26.55","36000","26.49","false"
"IHF","2008-11-19","30.80","31.29","28.95","28.95","22200","28.89","false"
"IHF","2008-11-18","30.56","31.30","29.99","30.93","18400","30.86","false"
"IHF","2008-11-17","31.16","31.95","30.98","30.98","17400","30.91","false"
"IHF","2008-11-14","32.60","33.08","31.77","31.77","14100","31.70","false"
"IHF","2008-11-13","31.10","32.45","29.90","32.45","34000","32.38","false"
"IHF","2008-11-12","31.86","31.89","31.09","31.09","11400","31.02","false"
"IHF","2008-11-11","32.50","32.68","32.00","32.42","18500","32.35","false"
"IHF","2008-11-10","35.17","35.85","33.12","33.29","6200","33.22","false"
"IHF","2008-11-07","33.45","34.16","33.35","33.92","14900","33.84","false"
"IHF","2008-11-06","34.65","34.71","33.46","33.72","85200","33.64","false"
"IHF","2008-11-05","34.52","35.98","34.52","34.66","26500","34.58","false"
"IHF","2008-11-04","37.23","37.23","34.38","34.70","74900","34.62","false"
"IHF","2008-11-03","35.02","35.66","35.02","35.49","17100","35.41","false"
"IHF","2008-10-31","34.00","35.19","32.89","34.84","11100","34.76","false"
"IHF","2008-10-30","33.06","33.73","32.63","33.71","84600","33.63","false"
"IHF","2008-10-29","32.29","33.63","31.94","32.90","36600","32.83","false"
"IHF","2008-10-28","32.10","33.01","30.53","33.01","145300","32.94","false"
"IHF","2008-10-27","33.33","33.33","31.17","31.17","59800","31.10","false"
"IHF","2008-10-24","32.59","34.36","32.59","33.87","88700","33.79","false"
"IHF","2008-10-23","35.23","35.94","33.33","34.62","58400","34.54","false"
"IHF","2008-10-22","36.09","36.37","34.84","35.38","170900","35.30","false"
"IHF","2008-10-21","38.68","39.29","38.16","38.20","225500","38.11","false"
"IHF","2008-10-20","37.57","38.43","37.24","38.43","14400","38.34","false"
"IHF","2008-10-17","35.84","38.25","35.84","37.23","209300","37.15","false"
"IHF","2008-10-16","36.75","36.88","34.44","36.88","120000","36.80","false"
"IHF","2008-10-15","39.17","39.17","36.17","36.17","32700","36.09","false"
"IHF","2008-10-14","41.49","41.49","38.50","39.41","65800","39.32","false"
"IHF","2008-10-13","33.31","38.57","33.31","38.57","103500","38.48","false"
"IHF","2008-10-10","29.04","34.45","29.04","33.59","109600","33.51","false"
"IHF","2008-10-09","36.50","37.40","34.16","34.43","99500","34.35","false"
"IHF","2008-10-08","36.58","38.86","36.58","37.40","37600","37.32","false"
"IHF","2008-10-07","39.02","40.78","38.24","38.24","55300","38.15","false"
"IHF","2008-10-06","41.79","42.18","38.96","40.29","167300","40.20","false"
"IHF","2008-10-03","44.25","44.25","42.75","42.79","54700","42.69","false"
"IHF","2008-10-02","44.54","44.54","43.40","43.57","15900","43.47","false"
"IHF","2008-10-01","43.13","44.86","43.13","44.67","164400","44.57","false"
"IHF","2008-09-30","42.78","44.87","42.78","44.87","12600","44.77","false"
"IHF","2008-09-29","46.35","46.35","43.46","44.00","44000","43.90","false"
"IHF","2008-09-26","44.65","46.15","44.65","46.15","14000","46.05","false"
"IHF","2008-09-25","45.34","45.98","45.34","45.36","26300","45.26","false"
"IHF","2008-09-24","46.26","46.26","44.97","45.15","19600","45.05","false"
"IHF","2008-09-23","45.27","47.82","45.24","45.24","91100","45.14","false"
"IHF","2008-09-22","49.23","49.23","46.00","46.12","17500","46.02","false"
"IHF","2008-09-19","47.31","47.31","44.44","47.31","101300","47.20","false"
"IHF","2008-09-18","45.65","47.04","44.87","46.84","115000","46.74","false"
"IHF","2008-09-17","47.37","47.37","45.76","45.76","29200","45.66","false"
"IHF","2008-09-16","47.89","47.97","46.54","47.63","37700","47.52","false"
"IHF","2008-09-15","46.86","49.10","45.77","48.29","171800","48.18","false"
"IHF","2008-09-12","49.30","49.64","48.86","49.59","40800","49.48","false"
"IHF","2008-09-11","48.18","49.67","48.15","49.65","28800","49.54","false"
"IHF","2008-09-10","48.43","49.06","48.43","48.71","29800","48.60","false"
"IHF","2008-09-09","49.10","50.09","48.47","48.47","78600","48.36","false"
"IHF","2008-09-08","48.68","49.45","47.88","49.36","61300","49.25","false"
"IHF","2008-09-05","48.18","48.18","47.29","47.98","136700","47.87","false"
"IHF","2008-09-04","49.15","49.30","48.18","48.32","45900","48.21","false"
"IHF","2008-09-03","49.58","49.81","49.38","49.66","51200","49.55","false"
"IHF","2008-09-02","49.35","50.21","49.14","49.39","204100","49.28","false"
"IHF","2008-08-29","49.35","50.17","49.35","49.39","12400","49.28","false"
"IHF","2008-08-28","49.18","49.74","49.18","49.71","18700","49.60","false"
"IHF","2008-08-27","49.03","49.38","48.48","49.13","44700","49.02","false"
"IHF","2008-08-26","48.58","49.30","48.47","48.90","47400","48.79","false"
"IHF","2008-08-25","49.32","49.42","48.59","48.73","47800","48.62","false"
"IHF","2008-08-22","49.90","50.23","49.81","50.09","57500","49.98","false"
"IHF","2008-08-21","49.04","49.70","49.03","49.62","14200","49.51","false"
"IHF","2008-08-20","50.10","50.12","49.00","49.29","77600","49.18","false"
"IHF","2008-08-19","50.66","50.66","49.42","49.93","57200","49.82","false"
"IHF","2008-08-18","52.63","52.63","50.42","50.63","57600","50.52","false"
"IHF","2008-08-15","51.00","51.59","51.00","51.48","92600","51.36","false"
"IHF","2008-08-14","50.24","50.93","50.01","50.71","90200","50.60","false"
"IHF","2008-08-13","50.42","50.49","49.92","50.35","55200","50.24","false"
"IHF","2008-08-12","51.02","51.21","50.44","50.49","75400","50.38","false"
"IHF","2008-08-11","50.72","51.32","50.14","50.89","30600","50.78","false"
"IHF","2008-08-08","49.17","50.68","49.17","50.55","15700","50.44","false"
"IHF","2008-08-07","49.25","49.35","48.77","48.95","32700","48.84","false"
"IHF","2008-08-06","49.15","49.17","48.75","49.07","126200","48.96","false"
"IHF","2008-08-05","48.33","49.26","48.20","49.25","43500","49.14","false"
"IHF","2008-08-04","47.45","48.56","47.45","48.24","37600","48.13","false"
"IHF","2008-08-01","47.62","47.64","46.77","47.41","36800","47.30","false"
"IHF","2008-07-31","46.81","48.00","46.81","47.45","321000","47.34","false"
"IHF","2008-07-30","46.49","46.95","46.06","46.64","123600","46.54","false"
"IHF","2008-07-29","46.13","46.58","45.96","46.42","88400","46.32","false"
"IHF","2008-07-28","46.55","47.02","46.09","46.13","142900","46.03","false"
"IHF","2008-07-25","46.64","46.95","46.47","46.77","88200","46.67","false"
"IHF","2008-07-24","46.90","46.90","46.28","46.29","32500","46.19","false"
"IHF","2008-07-23","46.72","47.00","46.29","46.92","251900","46.81","false"
"IHF","2008-07-22","43.94","45.55","43.94","45.34","152900","45.24","false"
"IHF","2008-07-21","43.81","43.82","43.44","43.56","29000","43.46","false"
"IHF","2008-07-18","43.66","44.01","43.45","43.74","30000","43.64","false"
"IHF","2008-07-17","42.90","43.74","42.89","43.70","32400","43.60","false"
"IHF","2008-07-16","42.51","43.01","42.51","42.91","18900","42.81","false"
"IHF","2008-07-15","42.30","42.99","41.93","42.79","12400","42.69","false"
"IHF","2008-07-14","43.16","43.17","42.86","42.95","9800","42.85","false"
"IHF","2008-07-11","43.13","43.25","42.44","43.03","67600","42.93","false"
"IHF","2008-07-10","44.10","44.10","43.21","43.81","37600","43.71","false"
"IHF","2008-07-09","44.33","44.73","44.01","44.08","87500","43.98","false"
"IHF","2008-07-08","42.91","44.10","42.91","44.10","35300","44.00","false"
"IHF","2008-07-07","43.25","43.65","42.59","43.20","114300","43.10","false"
"IHF","2008-07-03","44.30","44.30","42.79","43.11","28000","43.01","false"
"IHF","2008-07-02","44.94","45.25","44.30","44.30","10900","44.20","false"
"IHF","2008-07-01","44.50","44.78","44.08","44.47","7900","44.37","false"
"IHF","2008-06-30","44.96","45.59","44.84","44.84","41900","44.74","false"
"IHF","2008-06-27","45.19","45.44","45.03","45.04","28500","44.94","false"
"IHF","2008-06-26","45.87","45.89","45.00","45.00","73400","44.90","false"
"IHF","2008-06-25","45.10","45.99","45.10","45.61","50700","45.51","false"
"IHF","2008-06-24","45.01","45.45","44.98","45.04","38000","44.94","false"
"IHF","2008-06-23","45.60","45.72","45.26","45.29","25300","45.19","false"
"IHF","2008-06-20","45.75","46.16","45.34","45.46","35200","45.36","false"
"IHF","2008-06-19","45.57","46.42","45.40","46.17","470800","46.07","false"
"IHF","2008-06-18","47.98","48.02","47.50","47.51","98900","47.40","false"
"IHF","2008-06-17","48.86","48.86","48.06","48.06","33200","47.95","false"
"IHF","2008-06-16","50.02","50.02","48.26","48.54","10200","48.43","false"
"IHF","2008-06-13","48.44","49.22","48.37","49.02","6500","48.91","false"
"IHF","2008-06-12","48.60","49.00","48.45","48.52","134900","48.41","false"
"IHF","2008-06-11","49.04","49.11","48.43","48.50","223100","48.39","false"
"IHF","2008-06-10","49.54","49.68","49.33","49.37","15200","49.26","false"
"IHF","2008-06-09","50.13","50.13","49.56","49.72","54900","49.61","false"
"IHF","2008-06-06","51.23","51.23","50.27","50.27","115000","50.16","false"
"IHF","2008-06-05","50.89","51.56","50.70","51.56","43700","51.44","false"
"IHF","2008-06-04","50.31","50.97","50.31","50.76","70500","50.65","false"
"IHF","2008-06-03","50.62","50.69","50.15","50.46","128900","50.35","false"
"IHF","2008-06-02","50.82","50.97","50.08","50.41","59700","50.30","false"
"IHF","2008-05-30","51.28","51.28","50.84","51.01","44400","50.90","false"
"IHF","2008-05-29","50.40","51.44","50.40","51.19","92500","51.08","false"
"IHF","2008-05-28","50.49","50.66","50.26","50.50","8500","50.39","false"
"IHF","2008-05-27","49.99","50.45","49.86","50.44","137500","50.33","false"
"IHF","2008-05-23","50.54","50.67","49.93","50.06","125100","49.95","false"
"IHF","2008-05-22","50.15","51.03","49.90","50.81","98300","50.70","false"
"IHF","2008-05-21","49.57","50.65","49.57","49.82","53200","49.71","false"
"IHF","2008-05-20","49.33","49.91","49.33","49.77","83500","49.66","false"
"IHF","2008-05-19","49.17","49.63","49.04","49.29","8800","49.18","false"
"IHF","2008-05-16","48.81","49.10","48.60","49.05","69400","48.94","false"
"IHF","2008-05-15","48.51","48.83","48.31","48.75","58600","48.64","false"
"IHF","2008-05-14","49.26","49.37","48.99","49.00","86600","48.89","false"
"IHF","2008-05-13","49.84","49.84","48.97","49.17","20700","49.06","false"
"IHF","2008-05-12","49.50","49.57","49.18","49.54","215900","49.43","false"
"IHF","2008-05-09","49.07","49.47","48.98","49.46","64500","49.35","false"
"IHF","2008-05-08","49.31","49.75","49.08","49.43","70400","49.32","false"
"IHF","2008-05-07","49.43","49.76","49.16","49.16","113300","49.05","false"
"IHF","2008-05-06","49.60","49.73","49.12","49.55","140900","49.44","false"
"IHF","2008-05-05","49.46","50.10","49.41","49.72","137500","49.61","false"
"IHF","2008-05-02","49.89","50.31","49.69","49.69","12400","49.58","false"
"IHF","2008-05-01","49.50","49.78","49.00","49.75","147300","49.64","false"
"IHF","2008-04-30","50.00","50.14","49.40","49.67","159900","49.56","false"
"IHF","2008-04-29","49.51","49.89","49.31","49.89","39800","49.78","false"
"IHF","2008-04-28","50.00","50.24","49.95","50.17","50500","50.06","false"
"IHF","2008-04-25","48.65","50.12","48.65","50.00","40400","49.89","false"
"IHF","2008-04-24","49.84","49.84","48.30","48.84","165600","48.73","false"
"IHF","2008-04-23","47.76","49.43","47.65","49.40","131600","49.29","false"
"IHF","2008-04-22","47.80","48.15","47.49","47.60","201400","47.49","false"
"IHF","2008-04-21","48.73","49.05","48.71","48.88","67200","48.77","false"
"IHF","2008-04-18","48.71","48.94","48.51","48.73","43100","48.62","false"
"IHF","2008-04-17","48.19","48.41","47.72","48.27","15800","48.16","false"
"IHF","2008-04-16","48.30","48.50","47.97","48.19","61800","48.08","false"
"IHF","2008-04-15","47.30","48.49","47.30","48.18","115100","48.07","false"
"IHF","2008-04-14","47.48","47.55","47.21","47.53","18700","47.42","false"
"IHF","2008-04-11","47.85","48.45","47.51","47.55","19500","47.44","false"
"IHF","2008-04-10","48.35","48.61","48.32","48.42","7900","48.31","false"
"IHF","2008-04-09","48.75","48.82","48.25","48.37","109400","48.26","false"
"IHF","2008-04-08","47.82","48.95","47.82","48.72","114900","48.61","false"
"IHF","2008-04-07","47.50","48.51","47.50","48.15","27900","48.04","false"
"IHF","2008-04-04","48.30","48.43","47.96","48.20","8800","48.09","false"
"IHF","2008-04-03","48.00","48.63","48.00","48.28","62700","48.17","false"
"IHF","2008-04-02","48.66","49.19","48.45","48.54","129900","48.43","false"
"IHF","2008-04-01","47.01","49.03","47.01","49.00","33700","48.89","false"
"IHF","2008-03-31","47.00","47.40","47.00","47.06","34700","46.95","false"
"IHF","2008-03-28","47.43","47.69","47.00","47.03","47100","46.92","false"
"IHF","2008-03-27","47.43","47.71","47.28","47.42","11200","47.31","false"
"IHF","2008-03-26","47.54","47.55","47.07","47.18","14600","47.07","false"
"IHF","2008-03-25","47.60","47.99","47.43","47.91","20700","47.80","false"
"IHF","2008-03-24","46.96","47.79","46.96","47.59","154800","47.48","false"
"IHF","2008-03-20","46.79","47.31","42.97","47.24","96000","47.13","false"
"IHF","2008-03-19","46.87","48.10","46.87","46.94","226900","46.83","false"
"IHF","2008-03-18","46.79","47.28","46.03","47.06","57800","46.95","false"
"IHF","2008-03-17","47.57","47.57","45.00","46.33","121100","46.23","false"
"IHF","2008-03-14","48.00","48.26","47.02","47.43","484400","47.32","false"
"IHF","2008-03-13","46.69","48.40","46.69","48.18","317700","48.07","false"
"IHF","2008-03-12","45.59","48.31","45.59","47.58","430700","47.47","false"
"IHF","2008-03-11","52.00","52.00","47.12","47.92","900400","47.81","false"
"IHF","2008-03-10","52.38","53.26","52.38","52.70","46100","52.58","false"
"IHF","2008-03-07","52.88","53.69","52.65","52.84","119100","52.72","false"
"IHF","2008-03-06","55.25","55.25","53.83","53.85","192600","53.73","false"
"IHF","2008-03-05","55.14","55.46","54.59","55.25","136200","55.13","false"
"IHF","2008-03-04","54.37","55.04","54.37","54.73","36200","54.61","false"
"IHF","2008-03-03","54.58","54.86","54.35","54.85","119600","54.73","false"
"IHF","2008-02-29","56.50","56.50","54.77","54.83","78800","54.71","false"
"IHF","2008-02-28","56.74","57.08","56.43","56.55","61100","56.42","false"
"IHF","2008-02-27","57.41","58.02","57.20","57.40","31300","57.27","false"
"IHF","2008-02-26","57.36","57.69","57.11","57.47","16200","57.34","false"
"IHF","2008-02-25","56.98","57.57","56.61","57.44","237200","57.31","false"
"IHF","2008-02-22","57.52","57.57","56.38","57.08","250000","56.95","false"
"IHF","2008-02-21","58.00","58.10","57.23","57.25","200600","57.12","false"
"IHF","2008-02-20","56.10","58.02","56.10","57.98","28800","57.85","false"
"IHF","2008-02-19","58.68","58.68","57.75","57.85","119100","57.72","false"
"IHF","2008-02-15","55.00","57.42","55.00","57.35","81800","57.22","false"
"IHF","2008-02-14","56.65","57.03","56.38","56.57","224200","56.44","false"
"IHF","2008-02-13","56.55","57.29","56.28","57.20","581200","57.07","false"
"IHF","2008-02-12","56.00","57.78","56.00","57.54","213100","57.41","false"
"IHF","2008-02-11","56.75","57.52","56.35","57.17","782200","57.04","false"
"IHF","2008-02-08","57.93","57.93","57.41","57.68","337900","57.55","false"
"IHF","2008-02-07","58.21","58.62","57.75","58.26","68000","58.13","false"
"IHF","2008-02-06","58.66","59.00","58.40","58.46","16100","58.33","false"
"IHF","2008-02-05","58.50","59.10","58.27","58.49","107500","58.36","false"
"IHF","2008-02-04","59.50","59.54","58.95","59.05","125700","58.92","false"
"IHF","2008-02-01","59.31","59.82","58.87","59.53","63900","59.40","false"
"IHF","2008-01-31","58.37","59.55","58.20","59.25","108800","59.12","false"
"IHF","2008-01-30","59.42","60.63","58.82","59.01","140200","58.88","false"
"IHF","2008-01-29","59.11","59.52","59.04","59.39","117300","59.26","false"
"IHF","2008-01-28","58.15","59.07","57.62","59.07","71200","58.94","false"
"IHF","2008-01-25","58.84","58.93","57.85","57.85","127300","57.72","false"
"IHF","2008-01-24","59.02","59.02","58.23","58.51","237700","58.38","false"
"IHF","2008-01-23","57.58","58.95","57.52","58.95","226500","58.82","false"
"IHF","2008-01-22","57.94","60.68","53.67","59.86","495100","59.73","false"
"IHF","2008-01-18","62.82","63.11","61.66","62.20","204700","62.06","false"
"IHF","2008-01-17","64.00","64.00","62.68","62.79","147800","62.65","false"
"IHF","2008-01-16","62.86","64.42","62.82","63.96","256100","63.82","false"
"IHF","2008-01-15","63.45","63.48","62.92","63.05","43500","62.91","false"
"IHF","2008-01-14","63.96","64.01","63.44","63.73","89500","63.59","false"
"IHF","2008-01-11","63.93","64.24","63.75","63.80","35800","63.66","false"
"IHF","2008-01-10","64.25","64.59","63.74","64.39","196900","64.25","false"
"IHF","2008-01-09","63.52","64.51","63.50","64.36","150100","64.22","false"
"IHF","2008-01-08","64.14","64.72","63.67","63.77","326900","63.63","false"
"IHF","2008-01-07","62.94","64.14","62.90","64.06","139800","63.92","false"
"IHF","2008-01-04","62.82","63.28","62.58","62.64","95300","62.50","false"
"IHF","2008-01-03","63.04","63.49","62.95","63.21","36500","63.07","false"
"IHF","2008-01-02","63.15","63.42","62.63","62.85","297200","62.71","false"
"IHF","2009-12-31","49.07","49.14","48.42","48.42","80300","48.31","false"
"IHF","2009-12-30","49.13","49.26","48.86","49.14","53100","49.03","false"
"IHF","2009-12-29","49.74","49.74","49.27","49.32","53100","49.21","false"
"IHF","2009-12-28","49.72","49.93","49.50","49.63","41000","49.52","false"
"IHF","2009-12-24","49.95","49.95","49.40","49.72","31700","49.61","false"
"IHF","2009-12-23","49.60","50.11","49.60","49.81","247700","49.70","false"
"IHF","2009-12-22","49.60","49.75","49.42","49.68","150400","49.57","false"
"IHF","2009-12-21","48.68","49.95","48.68","49.33","287500","49.22","false"
"IHF","2009-12-18","48.52","48.52","47.93","48.21","32400","48.10","false"
"IHF","2009-12-17","48.47","48.87","47.67","48.26","89900","48.15","false"
"IHF","2009-12-16","48.97","49.27","48.66","48.69","539100","48.58","false"
"IHF","2009-12-15","48.12","48.77","47.84","48.72","590300","48.61","false"
"IHF","2009-12-14","47.71","48.15","47.71","48.07","50700","47.96","false"
"IHF","2009-12-11","47.53","47.80","47.25","47.32","91700","47.21","false"
"IHF","2009-12-10","46.43","47.36","46.43","47.28","88700","47.17","false"
"IHF","2009-12-09","46.40","46.73","45.82","46.07","100300","45.97","false"
"IHF","2009-12-08","45.93","46.58","45.76","46.18","68300","46.08","false"
"IHF","2009-12-07","45.46","46.56","45.46","46.21","27500","46.11","false"
"IHF","2009-12-04","45.86","46.57","45.39","45.59","119100","45.49","false"
"IHF","2009-12-03","46.25","46.53","45.32","45.38","59500","45.28","false"
"IHF","2009-12-02","46.34","46.50","46.03","46.25","107500","46.15","false"
"IHF","2009-12-01","45.91","46.40","45.67","46.23","53200","46.13","false"
"IHF","2009-11-30","46.00","46.00","45.32","45.62","130100","45.52","false"
"IHF","2009-11-27","45.79","46.26","44.32","46.00","38000","45.90","false"
"IHF","2009-11-25","46.74","46.74","46.50","46.60","27300","46.50","false"
"IHF","2009-11-24","46.29","46.70","45.83","46.63","94700","46.53","false"
"IHF","2009-11-23","45.71","46.47","45.71","46.30","148100","46.20","false"
"IHF","2009-11-20","44.90","45.19","44.90","45.13","31100","45.03","false"
"IHF","2009-11-19","45.28","45.30","44.48","45.11","80500","45.01","false"
"IHF","2009-11-18","45.82","45.88","45.48","45.62","555500","45.52","false"
"IHF","2009-11-17","45.97","46.10","45.66","45.88","526800","45.78","false"
"IHF","2009-11-16","45.53","46.22","45.53","46.03","51300","45.93","false"
"IHF","2009-11-13","45.31","45.72","45.21","45.49","120600","45.39","false"
"IHF","2009-11-12","45.87","45.97","45.12","45.19","546400","45.09","false"
"IHF","2009-11-11","45.90","45.90","45.29","45.82","53500","45.72","false"
"IHF","2009-11-10","45.31","45.65","45.11","45.55","47300","45.45","false"
"IHF","2009-11-09","44.78","45.38","44.61","45.38","70000","45.28","false"
"IHF","2009-11-06","44.04","44.68","43.98","44.63","46700","44.53","false"
"IHF","2009-11-05","43.97","44.43","43.73","44.35","83200","44.25","false"
"IHF","2009-11-04","43.62","44.95","43.62","43.66","192600","43.56","false"
"IHF","2009-11-03","42.56","43.08","42.49","43.06","280700","42.96","false"
"IHF","2009-11-02","41.73","42.67","41.73","42.54","84800","42.44","false"
"IHF","2009-10-30","42.72","42.88","41.74","41.85","67500","41.76","false"
"IHF","2009-10-29","41.83","43.00","41.79","42.85","113500","42.75","false"
"IHF","2009-10-28","42.51","42.51","41.39","41.50","124400","41.41","false"
"IHF","2009-10-27","42.23","42.98","41.71","42.66","153400","42.56","false"
"IHF","2009-10-26","42.89","43.19","42.08","42.14","158700","42.05","false"
"IHF","2009-10-23","43.34","43.50","42.75","42.91","161100","42.81","false"
"IHF","2009-10-22","42.44","43.52","42.44","43.18","172000","43.08","false"
"IHF","2009-10-21","43.31","43.56","42.50","42.53","236200","42.43","false"
"IHF","2009-10-20","43.33","43.64","43.15","43.23","228400","43.13","false"
"IHF","2009-10-19","42.69","43.24","42.69","43.08","221500","42.98","false"
"IHF","2009-10-16","42.72","42.89","42.50","42.66","75400","42.56","false"
"IHF","2009-10-15","43.17","43.37","42.78","42.94","54600","42.84","false"
"IHF","2009-10-14","42.82","43.42","42.61","43.25","121900","43.15","false"
"IHF","2009-10-13","42.93","42.93","42.26","42.49","183300","42.39","false"
"IHF","2009-10-12","42.87","43.25","42.87","43.03","78000","42.93","false"
"IHF","2009-10-09","41.92","42.82","41.92","42.77","89900","42.67","false"
"IHF","2009-10-08","42.14","42.14","41.56","41.81","778900","41.72","false"
"IHF","2009-10-07","41.55","42.44","41.47","42.23","85700","42.14","false"
"IHF","2009-10-06","41.60","41.84","41.23","41.69","56000","41.60","false"
"IHF","2009-10-05","41.03","41.56","40.74","41.33","88500","41.24","false"
"IHF","2009-10-02","41.09","41.33","40.67","40.96","105000","40.87","false"
"IHF","2009-10-01","41.94","42.34","41.43","41.43","106300","41.34","false"
"IHF","2009-09-30","42.51","42.51","41.63","42.09","207300","42.00","false"
"IHF","2009-09-29","43.02","43.27","42.20","42.63","112900","42.53","false"
"IHF","2009-09-28","42.50","43.32","42.37","42.97","101700","42.87","false"
"IHF","2009-09-25","42.60","42.92","41.99","42.32","37300","42.23","false"
"IHF","2009-09-24","43.74","43.82","42.62","42.76","161800","42.66","false"
"IHF","2009-09-23","44.62","44.62","43.65","43.65","44800","43.55","false"
"IHF","2009-09-22","44.76","44.83","44.01","44.46","184000","44.36","false"
"IHF","2009-09-21","44.16","44.61","44.16","44.56","115600","44.46","false"
"IHF","2009-09-18","44.80","44.82","44.13","44.31","15800","44.21","false"
"IHF","2009-09-17","44.67","44.78","44.20","44.55","91200","44.45","false"
"IHF","2009-09-16","43.84","44.85","43.56","44.80","196500","44.70","false"
"IHF","2009-09-15","44.54","44.54","43.84","43.84","496300","43.74","false"
"IHF","2009-09-14","44.10","44.59","44.05","44.58","45300","44.48","false"
"IHF","2009-09-11","43.97","44.23","43.93","44.23","47000","44.13","false"
"IHF","2009-09-10","42.69","43.97","42.65","43.94","28200","43.84","false"
"IHF","2009-09-09","42.31","42.88","42.24","42.88","23600","42.78","false"
"IHF","2009-09-08","43.05","43.05","41.92","42.19","46500","42.10","false"
"IHF","2009-09-04","42.42","43.01","42.42","42.81","45100","42.71","false"
"IHF","2009-09-03","42.46","42.47","41.81","42.44","18300","42.34","false"
"IHF","2009-09-02","41.50","42.62","41.50","42.33","85200","42.24","false"
"IHF","2009-09-01","42.16","42.65","41.45","41.57","128500","41.48","false"
"IHF","2009-08-31","42.63","43.06","42.05","42.33","90200","42.24","false"
"IHF","2009-08-28","43.51","43.51","42.48","42.78","79200","42.68","false"
"IHF","2009-08-27","43.02","43.46","42.76","43.33","85700","43.23","false"
"IHF","2009-08-26","43.48","43.73","42.95","43.17","122200","43.07","false"
"IHF","2009-08-25","43.66","43.85","43.34","43.66","137400","43.56","false"
"IHF","2009-08-24","43.28","43.46","42.98","43.44","45900","43.34","false"
"IHF","2009-08-21","43.00","43.18","42.75","43.07","73900","42.97","false"
"IHF","2009-08-20","42.08","42.87","42.08","42.66","57800","42.56","false"
"IHF","2009-08-19","41.77","42.22","41.76","42.22","54400","42.13","false"
"IHF","2009-08-18","42.33","42.33","41.62","42.10","37100","42.01","false"
"IHF","2009-08-17","41.23","42.96","41.23","42.36","107500","42.27","false"
"IHF","2009-08-14","42.09","42.17","41.35","41.73","77300","41.64","false"
"IHF","2009-08-13","41.52","42.03","41.10","42.03","67100","41.94","false"
"IHF","2009-08-12","41.20","41.71","41.17","41.45","30800","41.36","false"
"IHF","2009-08-11","41.26","41.62","41.10","41.25","187700","41.16","false"
"IHF","2009-08-10","40.80","41.34","40.65","41.34","163800","41.25","false"
"IHF","2009-08-07","40.69","41.16","40.67","40.94","122000","40.85","false"
"IHF","2009-08-06","40.88","41.05","40.09","40.46","1641000","40.37","false"
"IHF","2009-08-05","41.21","41.21","40.78","40.81","136400","40.72","false"
"IHF","2009-08-04","41.62","41.83","41.20","41.58","34500","41.49","false"
"IHF","2009-08-03","41.89","41.95","40.92","41.67","161700","41.58","false"
"IHF","2009-07-31","41.66","41.99","41.37","41.48","323300","41.39","false"
"IHF","2009-07-30","42.05","42.40","41.56","41.75","72600","41.66","false"
"IHF","2009-07-29","41.47","41.98","41.34","41.44","203800","41.35","false"
"IHF","2009-07-28","40.26","42.04","40.20","41.58","185500","41.49","false"
"IHF","2009-07-27","39.80","40.39","39.70","40.16","60600","40.07","false"
"IHF","2009-07-24","39.45","40.25","39.45","40.25","140600","40.16","false"
"IHF","2009-07-23","38.46","39.69","38.46","39.49","92500","39.40","false"
"IHF","2009-07-22","38.64","38.93","38.48","38.49","28200","38.40","false"
"IHF","2009-07-21","39.01","39.05","38.37","38.70","54400","38.61","false"
"IHF","2009-07-20","38.78","38.78","38.03","38.38","29700","38.29","false"
"IHF","2009-07-17","38.87","38.87","38.42","38.58","60900","38.49","false"
"IHF","2009-07-16","38.28","38.99","37.87","38.84","196900","38.75","false"
"IHF","2009-07-15","38.42","38.42","37.66","38.36","121000","38.27","false"
"IHF","2009-07-14","38.15","38.30","37.73","38.03","194000","37.94","false"
"IHF","2009-07-13","37.72","38.22","37.11","38.09","33100","38.00","false"
"IHF","2009-07-10","37.83","38.39","37.48","37.62","40100","37.54","false"
"IHF","2009-07-09","38.25","38.64","37.50","38.03","81900","37.94","false"
"IHF","2009-07-08","38.73","38.85","37.55","38.18","114600","38.09","false"
"IHF","2009-07-07","38.57","39.18","38.55","38.55","356900","38.46","false"
"IHF","2009-07-06","37.42","37.82","37.28","37.73","27200","37.65","false"
"IHF","2009-07-02","38.33","38.33","37.56","37.68","18700","37.60","false"
"IHF","2009-07-01","38.66","39.25","38.39","38.90","20800","38.81","false"
"IHF","2009-06-30","38.99","38.99","38.23","38.60","157300","38.51","false"
"IHF","2009-06-29","38.08","38.69","38.08","38.63","19000","38.54","false"
"IHF","2009-06-26","38.31","38.59","37.93","38.47","34800","38.38","false"
"IHF","2009-06-25","37.35","38.91","37.35","38.46","24200","38.37","false"
"IHF","2009-06-24","37.20","37.76","36.99","37.37","31800","37.29","false"
"IHF","2009-06-23","37.12","37.28","36.71","36.93","24200","36.85","false"
"IHF","2009-06-22","37.90","37.93","37.08","37.14","54000","37.06","false"
"IHF","2009-06-19","38.72","39.34","38.17","38.40","83400","38.31","false"
"IHF","2009-06-18","36.59","38.29","36.59","38.24","99900","38.15","false"
"IHF","2009-06-17","35.92","36.75","35.92","36.50","75100","36.42","false"
"IHF","2009-06-16","35.69","36.65","35.49","35.87","99000","35.79","false"
"IHF","2009-06-15","36.10","36.10","35.33","35.55","75300","35.47","false"
"IHF","2009-06-12","36.25","36.71","35.74","36.35","39200","36.27","false"
"IHF","2009-06-11","36.60","36.76","36.29","36.47","134700","36.39","false"
"IHF","2009-06-10","36.91","36.91","36.44","36.72","45200","36.64","false"
"IHF","2009-06-09","37.28","37.28","36.64","36.87","73100","36.79","false"
"IHF","2009-06-08","37.67","37.73","36.91","37.30","43000","37.22","false"
"IHF","2009-06-05","37.72","37.99","37.41","37.88","28400","37.80","false"
"IHF","2009-06-04","38.25","38.25","37.66","37.98","13500","37.89","false"
"IHF","2009-06-03","38.09","38.34","37.75","38.19","104500","38.10","false"
"IHF","2009-06-02","38.43","39.18","38.18","38.85","45800","38.76","false"
"IHF","2009-06-01","38.04","38.66","37.99","38.52","38100","38.43","false"
"IHF","2009-05-29","37.42","37.46","36.89","37.46","44200","37.38","false"
"IHF","2009-05-28","37.74","37.74","36.88","37.29","34000","37.21","false"
"IHF","2009-05-27","36.98","37.51","36.93","36.94","111800","36.86","false"
"IHF","2009-05-26","35.83","37.27","35.53","37.08","271800","37.00","false"
"IHF","2009-05-22","36.41","36.53","36.11","36.11","46300","36.03","false"
"IHF","2009-05-21","37.00","37.86","36.31","36.62","94600","36.54","false"
"IHF","2009-05-20","37.13","38.08","37.10","37.39","181300","37.31","false"
"IHF","2009-05-19","37.06","37.57","37.00","37.05","47100","36.97","false"
"IHF","2009-05-18","36.78","37.11","35.91","37.10","154300","37.02","false"
"IHF","2009-05-15","37.17","37.76","36.52","36.53","87300","36.45","false"
"IHF","2009-05-14","36.52","37.60","36.52","37.19","17800","37.11","false"
"IHF","2009-05-13","36.85","37.55","36.74","36.98","73200","36.90","false"
"IHF","2009-05-12","37.25","37.87","36.98","37.35","166200","37.27","false"
"IHF","2009-05-11","37.61","38.12","37.48","37.49","111900","37.41","false"
"IHF","2009-05-08","38.64","38.82","38.15","38.44","112400","38.35","false"
"IHF","2009-05-07","36.21","38.19","36.21","37.71","304600","37.63","false"
"IHF","2009-05-06","36.92","36.92","35.80","36.23","141200","36.15","false"
"IHF","2009-05-05","35.07","36.42","35.07","36.38","126500","36.30","false"
"IHF","2009-05-04","34.79","35.30","34.76","35.30","66400","35.22","false"
"IHF","2009-05-01","34.70","34.85","34.49","34.71","74500","34.63","false"
"IHF","2009-04-30","35.31","35.56","34.68","34.85","40200","34.77","false"
"IHF","2009-04-29","34.37","35.31","34.07","34.80","50600","34.72","false"
"IHF","2009-04-28","33.85","35.21","33.85","34.61","87500","34.53","false"
"IHF","2009-04-27","33.47","34.01","33.19","33.81","46600","33.73","false"
"IHF","2009-04-24","33.16","33.64","32.85","33.15","205700","33.08","false"
"IHF","2009-04-23","33.49","33.49","32.43","33.02","66800","32.95","false"
"IHF","2009-04-22","33.14","34.11","32.95","33.55","93600","33.47","false"
"IHF","2009-04-21","33.55","34.39","33.12","33.68","60700","33.60","false"
"IHF","2009-04-20","33.46","34.46","33.46","33.65","110500","33.57","false"
"IHF","2009-04-17","34.03","34.50","33.76","34.33","147800","34.25","false"
"IHF","2009-04-16","34.60","35.37","33.65","34.28","63100","34.20","false"
"IHF","2009-04-15","34.23","34.98","33.69","34.66","270700","34.58","false"
"IHF","2009-04-14","33.66","34.47","33.66","34.19","101600","34.11","false"
"IHF","2009-04-13","33.36","34.33","33.36","34.17","140700","34.09","false"
"IHF","2009-04-09","33.19","33.36","32.66","33.15","62200","33.08","false"
"IHF","2009-04-08","32.61","33.08","31.86","32.24","123100","32.17","false"
"IHF","2009-04-07","31.05","32.78","31.05","32.30","204100","32.23","false"
"IHF","2009-04-06","32.06","32.53","31.78","32.14","71500","32.07","false"
"IHF","2009-04-03","32.32","32.48","31.30","31.60","149500","31.53","false"
"IHF","2009-04-02","31.81","32.63","31.73","32.23","61400","32.16","false"
"IHF","2009-04-01","30.19","31.41","30.17","31.14","17200","31.07","false"
"IHF","2009-03-31","30.90","31.87","30.90","31.13","73700","31.06","false"
"IHF","2009-03-30","30.03","30.56","29.75","30.36","49800","30.29","false"
"IHF","2009-03-27","30.99","31.54","30.79","30.83","90800","30.76","false"
"IHF","2009-03-26","30.63","31.79","30.63","31.71","396900","31.64","false"
"IHF","2009-03-25","30.18","31.16","30.18","30.87","67000","30.80","false"
"IHF","2009-03-24","31.26","31.26","30.31","30.32","97200","30.25","false"
"IHF","2009-03-23","30.17","31.31","29.93","31.31","64600","31.24","false"
"IHF","2009-03-20","30.21","30.60","29.49","29.79","157600","29.72","false"
"IHF","2009-03-19","31.07","31.27","29.98","30.29","199700","30.22","false"
"IHF","2009-03-18","30.32","32.02","30.32","31.12","115700","31.05","false"
"IHF","2009-03-17","30.39","30.78","29.69","30.78","103200","30.71","false"
"IHF","2009-03-16","31.22","31.22","30.05","30.05","242900","29.98","false"
"IHF","2009-03-13","29.98","30.79","29.66","30.53","80500","30.46","false"
"IHF","2009-03-12","28.16","29.63","27.63","29.47","133200","29.40","false"
"IHF","2009-03-11","28.61","29.10","27.69","27.76","58100","27.70","false"
"IHF","2009-03-10","26.95","28.48","26.95","28.48","139600","28.42","false"
"IHF","2009-03-09","26.58","27.57","26.50","26.75","105400","26.69","false"
"IHF","2009-03-06","26.73","27.31","26.55","27.25","180300","27.19","false"
"IHF","2009-03-05","27.99","27.99","26.50","26.68","362800","26.62","false"
"IHF","2009-03-04","27.98","29.05","27.76","28.48","194500","28.42","false"
"IHF","2009-03-03","27.89","28.50","26.97","27.50","167300","27.44","false"
"IHF","2009-03-02","29.35","29.39","27.41","27.50","419200","27.44","false"
"IHF","2009-02-27","30.25","31.34","30.10","30.13","381300","30.06","false"
"IHF","2009-02-26","34.14","34.14","30.79","30.94","206000","30.87","false"
"IHF","2009-02-25","34.93","34.94","33.69","34.05","104900","33.97","false"
"IHF","2009-02-24","34.45","35.30","34.42","35.16","108100","35.08","false"
"IHF","2009-02-23","36.61","36.63","33.77","34.15","293000","34.07","false"
"IHF","2009-02-20","36.27","36.97","35.97","36.65","51000","36.57","false"
"IHF","2009-02-19","37.06","37.68","36.97","36.97","105500","36.89","false"
"IHF","2009-02-18","37.68","37.68","36.49","36.91","143200","36.83","false"
"IHF","2009-02-17","37.96","37.96","36.50","37.10","37400","37.02","false"
"IHF","2009-02-13","38.73","38.73","38.07","38.12","46800","38.03","false"
"IHF","2009-02-12","37.45","38.43","36.87","38.40","46300","38.31","false"
"IHF","2009-02-11","37.43","37.89","37.11","37.85","49200","37.77","false"
"IHF","2009-02-10","38.54","38.71","37.24","37.41","60200","37.33","false"
"IHF","2009-02-09","38.82","38.99","38.20","38.77","94900","38.68","false"
"IHF","2009-02-06","38.73","38.97","38.27","38.69","163100","38.60","false"
"IHF","2009-02-05","37.18","38.38","37.18","38.27","301200","38.18","false"
"IHF","2009-02-04","37.91","37.98","36.90","37.17","68100","37.09","false"
"IHF","2009-02-03","36.98","37.97","36.50","37.73","84400","37.65","false"
"IHF","2009-02-02","35.32","36.90","35.32","36.72","37300","36.64","false"
"IHF","2009-01-30","36.24","36.49","35.50","35.61","41700","35.53","false"
"IHF","2009-01-29","38.25","38.25","36.36","36.41","34100","36.33","false"
"IHF","2009-01-28","37.74","37.91","36.65","37.51","67200","37.43","false"
"IHF","2009-01-27","35.31","36.38","35.28","36.26","97300","36.18","false"
"IHF","2009-01-26","35.32","35.61","34.72","35.05","170500","34.97","false"
"IHF","2009-01-23","33.42","34.88","33.22","34.54","79300","34.46","false"
"IHF","2009-01-22","32.84","34.41","32.84","34.29","107300","34.21","false"
"IHF","2009-01-21","32.76","33.66","32.50","33.63","137200","33.55","false"
"IHF","2009-01-20","34.10","34.10","32.44","32.47","61000","32.40","false"
"IHF","2009-01-16","34.06","34.25","33.72","34.23","26300","34.15","false"
"IHF","2009-01-15","33.24","33.70","32.40","33.46","50200","33.39","false"
"IHF","2009-01-14","33.55","33.58","32.96","33.33","33400","33.26","false"
"IHF","2009-01-13","34.09","34.78","33.63","34.22","27700","34.14","false"
"IHF","2009-01-12","35.20","35.20","34.27","34.50","34600","34.42","false"
"IHF","2009-01-09","35.92","35.92","34.77","35.35","31000","35.27","false"
"IHF","2009-01-08","35.56","36.16","35.35","36.08","9000","36.00","false"
"IHF","2009-01-07","35.91","36.39","35.65","35.76","26900","35.68","false"
"IHF","2009-01-06","36.50","36.67","35.79","36.36","81600","36.28","false"
"IHF","2009-01-05","36.38","36.48","35.64","36.46","29900","36.38","false"
"IHF","2009-01-02","35.45","36.54","35.36","36.38","26000","36.30","false"
"IHF","2010-12-31","53.84","54.09","53.84","53.87","29400","53.85","false"
"IHF","2010-12-30","53.99","54.02","53.87","53.87","33200","53.85","false"
"IHF","2010-12-29","53.82","53.93","53.82","53.85","4600","53.83","false"
"IHF","2010-12-28","53.74","53.82","53.56","53.77","23500","53.75","false"
"IHF","2010-12-27","53.62","53.84","53.62","53.78","5300","53.76","false"
"IHF","2010-12-23","54.30","54.30","53.91","53.99","19100","53.97","false"
"IHF","2010-12-22","53.88","54.13","53.88","54.12","11700","54.10","false"
"IHF","2010-12-21","54.00","54.18","53.87","53.90","10200","53.80","false"
"IHF","2010-12-20","53.76","53.77","53.54","53.68","11900","53.58","false"
"IHF","2010-12-17","53.45","53.71","53.40","53.69","10800","53.59","false"
"IHF","2010-12-16","53.34","53.71","53.07","53.59","21000","53.49","false"
"IHF","2010-12-15","53.60","53.90","53.27","53.32","109300","53.22","false"
"IHF","2010-12-14","53.87","53.90","53.66","53.75","11500","53.65","false"
"IHF","2010-12-13","53.81","54.03","53.25","53.25","63400","53.15","false"
"IHF","2010-12-10","52.92","53.75","52.92","53.52","165000","53.42","false"
"IHF","2010-12-09","52.75","52.92","52.48","52.61","21600","52.51","false"
"IHF","2010-12-08","52.51","52.75","52.47","52.59","38200","52.49","false"
"IHF","2010-12-07","52.77","52.90","52.47","52.48","18000","52.38","false"
"IHF","2010-12-06","52.88","53.09","52.55","52.56","49100","52.46","false"
"IHF","2010-12-03","52.89","53.06","52.55","53.01","24200","52.91","false"
"IHF","2010-12-02","52.75","53.16","52.67","53.16","16600","53.06","false"
"IHF","2010-12-01","52.32","52.73","52.32","52.54","39100","52.44","false"
"IHF","2010-11-30","51.23","51.81","51.12","51.40","27000","51.30","false"
"IHF","2010-11-29","51.16","51.89","50.94","51.79","29700","51.69","false"
"IHF","2010-11-26","51.88","51.88","51.63","51.63","3000","51.53","false"
"IHF","2010-11-24","52.14","52.25","51.85","52.02","10800","51.92","false"
"IHF","2010-11-23","51.99","51.99","51.65","51.71","8700","51.61","false"
"IHF","2010-11-22","52.26","52.55","52.05","52.51","13200","52.41","false"
"IHF","2010-11-19","51.64","52.20","51.60","52.04","16900","51.94","false"
"IHF","2010-11-18","51.50","52.05","51.15","51.71","21200","51.61","false"
"IHF","2010-11-17","50.99","51.27","50.76","51.22","34600","51.13","false"
"IHF","2010-11-16","51.43","51.65","50.80","50.96","13400","50.87","false"
"IHF","2010-11-15","52.44","52.44","51.87","51.88","11200","51.78","false"
"IHF","2010-11-12","52.76","52.81","52.10","52.27","12700","52.17","false"
"IHF","2010-11-11","52.39","53.00","52.35","53.00","12600","52.90","false"
"IHF","2010-11-10","52.26","52.68","51.66","52.66","11500","52.56","false"
"IHF","2010-11-09","52.75","52.82","52.15","52.26","9800","52.16","false"
"IHF","2010-11-08","52.07","52.69","52.07","52.69","13500","52.59","false"
"IHF","2010-11-05","52.20","52.38","52.08","52.30","9700","52.20","false"
"IHF","2010-11-04","51.99","52.16","51.62","52.16","17100","52.06","false"
"IHF","2010-11-03","51.54","51.86","50.90","51.45","67400","51.35","false"
"IHF","2010-11-02","50.56","51.62","50.56","51.59","35100","51.49","false"
"IHF","2010-11-01","50.22","50.50","49.66","49.95","25100","49.86","false"
"IHF","2010-10-29","49.77","50.22","49.77","50.10","14900","50.01","false"
"IHF","2010-10-28","50.05","50.23","49.83","49.99","72100","49.90","false"
"IHF","2010-10-27","50.16","50.33","49.52","49.86","27700","49.77","false"
"IHF","2010-10-26","50.27","50.52","50.22","50.47","16500","50.38","false"
"IHF","2010-10-25","50.79","51.14","50.67","50.71","50700","50.62","false"
"IHF","2010-10-22","49.99","50.51","49.91","50.49","16300","50.40","false"
"IHF","2010-10-21","50.00","50.06","49.39","49.81","22400","49.72","false"
"IHF","2010-10-20","49.86","50.30","49.81","50.12","46600","50.03","false"
"IHF","2010-10-19","50.09","50.09","49.21","49.43","35400","49.34","false"
"IHF","2010-10-18","50.38","50.73","50.32","50.71","14700","50.62","false"
"IHF","2010-10-15","50.36","50.43","49.95","50.33","150400","50.24","false"
"IHF","2010-10-14","50.11","50.67","49.78","50.06","110500","49.97","false"
"IHF","2010-10-13","49.80","50.38","49.79","50.20","35800","50.11","false"
"IHF","2010-10-12","49.27","49.75","49.19","49.72","10400","49.63","false"
"IHF","2010-10-11","49.37","49.76","49.27","49.58","27100","49.49","false"
"IHF","2010-10-08","49.02","49.40","48.86","49.31","36200","49.22","false"
"IHF","2010-10-07","48.83","49.20","48.80","48.99","98800","48.90","false"
"IHF","2010-10-06","49.39","49.39","48.51","48.61","43500","48.52","false"
"IHF","2010-10-05","48.96","49.39","48.83","49.31","53400","49.22","false"
"IHF","2010-10-04","49.12","49.33","48.37","48.43","27700","48.34","false"
"IHF","2010-10-01","49.29","49.49","48.80","49.24","25600","49.15","false"
"IHF","2010-09-30","49.38","49.72","49.06","49.32","172400","49.23","false"
"IHF","2010-09-29","48.62","49.23","48.62","49.01","163900","48.92","false"
"IHF","2010-09-28","48.77","49.04","48.41","48.96","24100","48.87","false"
"IHF","2010-09-27","49.00","49.10","48.58","48.65","18000","48.56","false"
"IHF","2010-09-24","48.93","49.00","48.72","48.95","40400","48.86","false"
"IHF","2010-09-23","48.14","48.95","48.14","48.46","38200","48.37","false"
"IHF","2010-09-22","48.57","48.59","48.00","48.56","196800","48.45","false"
"IHF","2010-09-21","48.24","48.85","48.14","48.42","52000","48.31","false"
"IHF","2010-09-20","47.33","48.34","47.33","48.30","37400","48.19","false"
"IHF","2010-09-17","47.61","47.61","47.20","47.22","27600","47.11","false"
"IHF","2010-09-16","47.63","47.63","47.24","47.29","21000","47.18","false"
"IHF","2010-09-15","47.28","47.75","47.20","47.67","24200","47.56","false"
"IHF","2010-09-14","47.31","47.60","46.92","47.37","61200","47.26","false"
"IHF","2010-09-13","47.46","47.78","47.31","47.45","34100","47.34","false"
"IHF","2010-09-10","46.84","47.29","46.71","47.22","28400","47.11","false"
"IHF","2010-09-09","46.48","46.86","46.46","46.80","7000","46.70","false"
"IHF","2010-09-08","45.89","46.21","45.75","46.06","69300","45.96","false"
"IHF","2010-09-07","45.76","45.98","45.54","45.80","80200","45.70","false"
"IHF","2010-09-03","45.75","46.07","45.55","46.07","18100","45.97","false"
"IHF","2010-09-02","45.09","45.33","44.77","45.32","18900","45.22","false"
"IHF","2010-09-01","44.25","44.97","44.12","44.97","21400","44.87","false"
"IHF","2010-08-31","44.00","44.29","43.62","43.69","77900","43.59","false"
"IHF","2010-08-30","44.74","44.94","44.16","44.16","25500","44.06","false"
"IHF","2010-08-27","44.72","44.93","43.78","44.93","44400","44.83","false"
"IHF","2010-08-26","45.07","45.23","44.32","44.37","48200","44.27","false"
"IHF","2010-08-25","43.72","45.04","43.62","44.89","63700","44.79","false"
"IHF","2010-08-24","44.08","44.30","43.74","44.01","69200","43.91","false"
"IHF","2010-08-23","44.90","45.34","44.62","44.63","81400","44.53","false"
"IHF","2010-08-20","44.80","44.90","44.40","44.76","92100","44.66","false"
"IHF","2010-08-19","45.77","45.77","44.75","44.88","67200","44.78","false"
"IHF","2010-08-18","45.94","46.25","45.62","45.99","30100","45.89","false"
"IHF","2010-08-17","45.80","46.22","45.55","45.99","56200","45.89","false"
"IHF","2010-08-16","45.33","45.54","45.02","45.46","37900","45.36","false"
"IHF","2010-08-13","45.45","45.76","45.25","45.63","44800","45.53","false"
"IHF","2010-08-12","44.88","45.82","44.88","45.69","114400","45.59","false"
"IHF","2010-08-11","46.43","46.43","45.37","45.47","76200","45.37","false"
"IHF","2010-08-10","46.83","47.39","46.78","47.14","52000","47.03","false"
"IHF","2010-08-09","47.50","47.61","47.30","47.32","56200","47.21","false"
"IHF","2010-08-06","46.57","47.32","46.54","47.27","57500","47.16","false"
"IHF","2010-08-05","46.50","47.17","46.50","47.06","388700","46.95","false"
"IHF","2010-08-04","46.25","46.91","46.25","46.81","27900","46.71","false"
"IHF","2010-08-03","45.55","46.52","45.55","46.12","122900","46.02","false"
"IHF","2010-08-02","45.59","45.77","45.44","45.70","111600","45.60","false"
"IHF","2010-07-30","43.98","45.13","43.78","44.94","39700","44.84","false"
"IHF","2010-07-29","44.91","45.02","44.12","44.42","117300","44.32","false"
"IHF","2010-07-28","45.37","45.37","44.31","44.37","83400","44.27","false"
"IHF","2010-07-27","45.97","46.12","45.39","45.43","32200","45.33","false"
"IHF","2010-07-26","44.83","45.72","44.81","45.70","124000","45.60","false"
"IHF","2010-07-23","44.54","45.02","44.52","44.81","78100","44.71","false"
"IHF","2010-07-22","45.67","45.67","44.62","44.74","62100","44.64","false"
"IHF","2010-07-21","46.62","46.62","45.13","45.13","38500","45.03","false"
"IHF","2010-07-20","45.59","46.33","45.49","46.33","28700","46.23","false"
"IHF","2010-07-19","46.30","46.47","45.98","46.16","277100","46.06","false"
"IHF","2010-07-16","47.20","47.20","46.11","46.16","99600","46.06","false"
"IHF","2010-07-15","47.15","47.38","46.68","47.33","65800","47.22","false"
"IHF","2010-07-14","46.77","47.15","46.38","47.00","65900","46.89","false"
"IHF","2010-07-13","46.77","46.91","46.32","46.76","65000","46.66","false"
"IHF","2010-07-12","45.97","46.31","45.93","46.26","77400","46.16","false"
"IHF","2010-07-09","45.91","46.31","45.91","46.28","148600","46.18","false"
"IHF","2010-07-08","45.93","46.16","45.73","46.02","61000","45.92","false"
"IHF","2010-07-07","44.79","45.55","44.78","45.47","227600","45.37","false"
"IHF","2010-07-06","44.89","45.47","44.50","44.77","53900","44.67","false"
"IHF","2010-07-02","45.13","45.13","44.48","44.71","92100","44.61","false"
"IHF","2010-07-01","45.53","45.53","43.96","44.97","516800","44.87","false"
"IHF","2010-06-30","46.17","46.54","45.85","45.91","226500","45.81","false"
"IHF","2010-06-29","47.33","47.33","46.12","46.28","244500","46.18","false"
"IHF","2010-06-28","48.25","48.27","47.63","47.63","62200","47.52","false"
"IHF","2010-06-25","47.83","48.42","47.76","48.05","137900","47.94","false"
"IHF","2010-06-24","48.51","48.56","47.82","47.88","94800","47.77","false"
"IHF","2010-06-23","48.82","48.93","48.33","48.56","77700","48.45","false"
"IHF","2010-06-22","49.84","50.10","48.72","48.79","91900","48.68","false"
"IHF","2010-06-21","50.79","50.79","49.58","49.74","86800","49.63","false"
"IHF","2010-06-18","50.74","50.74","50.18","50.21","51700","50.10","false"
"IHF","2010-06-17","50.66","50.71","50.31","50.66","185400","50.55","false"
"IHF","2010-06-16","50.22","50.62","50.22","50.47","49800","50.36","false"
"IHF","2010-06-15","50.15","50.49","50.10","50.46","81900","50.35","false"
"IHF","2010-06-14","50.00","50.33","49.86","49.88","59900","49.77","false"
"IHF","2010-06-11","48.77","49.81","48.77","49.58","58600","49.47","false"
"IHF","2010-06-10","48.88","49.34","48.63","49.34","101800","49.23","false"
"IHF","2010-06-09","48.80","49.15","48.17","48.35","87400","48.24","false"
"IHF","2010-06-08","48.88","49.12","48.04","48.52","346200","48.41","false"
"IHF","2010-06-07","49.13","49.95","48.57","48.83","125900","48.72","false"
"IHF","2010-06-04","49.31","50.51","48.87","48.92","78400","48.81","false"
"IHF","2010-06-03","49.73","50.27","49.63","50.26","282400","50.15","false"
"IHF","2010-06-02","48.44","49.46","48.08","49.44","239900","49.33","false"
"IHF","2010-06-01","48.42","49.20","48.15","48.15","261800","48.04","false"
"IHF","2010-05-28","48.74","49.22","48.59","48.84","63500","48.73","false"
"IHF","2010-05-27","48.66","49.12","48.28","49.12","51200","49.01","false"
"IHF","2010-05-26","48.14","48.54","47.75","47.77","86200","47.66","false"
"IHF","2010-05-25","46.50","47.47","46.49","47.43","94800","47.32","false"
"IHF","2010-05-24","47.71","48.40","47.46","47.83","96000","47.72","false"
"IHF","2010-05-21","46.91","48.13","46.75","47.75","145700","47.64","false"
"IHF","2010-05-20","48.68","48.88","47.74","47.74","113100","47.63","false"
"IHF","2010-05-19","49.27","49.77","49.15","49.59","49800","49.48","false"
"IHF","2010-05-18","50.24","50.45","49.47","49.61","81200","49.50","false"
"IHF","2010-05-17","49.58","50.03","49.00","49.83","128700","49.72","false"
"IHF","2010-05-14","49.61","49.88","48.97","49.56","43200","49.45","false"
"IHF","2010-05-13","50.11","50.50","49.90","50.06","68400","49.95","false"
"IHF","2010-05-12","49.27","50.41","49.27","50.32","411700","50.21","false"
"IHF","2010-05-11","48.95","49.88","48.93","49.48","73400","49.37","false"
"IHF","2010-05-10","48.65","51.08","48.65","49.33","133400","49.22","false"
"IHF","2010-05-07","47.80","48.37","47.16","47.65","104300","47.54","false"
"IHF","2010-05-06","49.36","50.30","25.00","48.76","126500","48.65","false"
"IHF","2010-05-05","48.89","49.93","48.89","49.68","104500","49.57","false"
"IHF","2010-05-04","49.81","49.89","49.29","49.47","35900","49.36","false"
"IHF","2010-05-03","50.16","50.45","49.63","50.27","65400","50.16","false"
"IHF","2010-04-30","51.84","51.84","50.09","50.10","203400","49.99","false"
"IHF","2010-04-29","51.14","52.02","51.14","51.84","99100","51.72","false"
"IHF","2010-04-28","50.77","51.02","50.17","50.81","73900","50.70","false"
"IHF","2010-04-27","50.74","51.52","50.45","50.54","127500","50.43","false"
"IHF","2010-04-26","51.90","52.14","50.82","50.90","73700","50.79","false"
"IHF","2010-04-23","51.69","51.92","51.45","51.92","71100","51.80","false"
"IHF","2010-04-22","51.46","51.60","51.07","51.60","49200","51.48","false"
"IHF","2010-04-21","52.40","52.42","51.53","51.76","20200","51.64","false"
"IHF","2010-04-20","52.24","52.41","51.46","52.41","38400","52.29","false"
"IHF","2010-04-19","50.72","52.18","50.72","51.86","371700","51.74","false"
"IHF","2010-04-16","50.84","51.28","50.48","50.98","55000","50.87","false"
"IHF","2010-04-15","50.91","51.24","50.61","50.95","144000","50.84","false"
"IHF","2010-04-14","51.78","51.78","50.95","51.14","114900","51.03","false"
"IHF","2010-04-13","51.92","51.97","51.20","51.70","69200","51.58","false"
"IHF","2010-04-12","52.11","52.11","51.89","52.02","37500","51.90","false"
"IHF","2010-04-09","52.19","52.19","51.64","52.00","46900","51.88","false"
"IHF","2010-04-08","52.32","52.32","51.59","52.21","60400","52.09","false"
"IHF","2010-04-07","52.72","52.86","52.11","52.35","45800","52.23","false"
"IHF","2010-04-06","52.59","53.09","52.59","52.88","46200","52.76","false"
"IHF","2010-04-05","52.81","52.96","52.58","52.73","41700","52.61","false"
"IHF","2010-04-01","52.37","52.73","52.35","52.65","65500","52.53","false"
"IHF","2010-03-31","52.45","52.53","52.02","52.17","48400","52.05","false"
"IHF","2010-03-30","52.49","52.72","52.41","52.60","39400","52.48","false"
"IHF","2010-03-29","52.36","52.43","52.11","52.40","127900","52.28","false"
"IHF","2010-03-26","52.01","52.50","51.89","51.92","68200","51.80","false"
"IHF","2010-03-25","52.65","52.68","52.15","52.32","95700","52.20","false"
"IHF","2010-03-24","52.83","52.93","52.30","52.30","187000","52.18","false"
"IHF","2010-03-23","53.29","53.29","52.58","53.00","119700","52.88","false"
"IHF","2010-03-22","52.85","53.57","52.85","53.20","178800","53.08","false"
"IHF","2010-03-19","52.29","52.99","52.28","52.71","245200","52.59","false"
"IHF","2010-03-18","51.23","52.24","50.86","52.13","233200","52.01","false"
"IHF","2010-03-17","51.40","51.45","50.91","51.27","65200","51.16","false"
"IHF","2010-03-16","50.91","51.22","50.53","51.21","63300","51.10","false"
"IHF","2010-03-15","50.59","50.79","50.06","50.78","48200","50.67","false"
"IHF","2010-03-12","51.23","51.23","50.53","50.62","28700","50.51","false"
"IHF","2010-03-11","50.08","51.06","50.08","50.99","105000","50.88","false"
"IHF","2010-03-10","49.88","50.45","49.88","50.26","185800","50.15","false"
"IHF","2010-03-09","50.25","50.28","49.90","49.93","72000","49.82","false"
"IHF","2010-03-08","50.54","50.59","50.14","50.20","121700","50.09","false"
"IHF","2010-03-05","50.00","50.58","50.00","50.54","64300","50.43","false"
"IHF","2010-03-04","50.10","50.12","49.34","49.85","149900","49.74","false"
"IHF","2010-03-03","50.27","50.47","50.10","50.15","88900","50.04","false"
"IHF","2010-03-02","49.76","50.37","49.72","50.13","110000","50.02","false"
"IHF","2010-03-01","49.40","50.13","49.40","49.81","71600","49.70","false"
"IHF","2010-02-26","49.00","49.58","48.96","49.27","30900","49.16","false"
"IHF","2010-02-25","48.29","49.00","48.22","48.98","115800","48.87","false"
"IHF","2010-02-24","48.46","48.60","47.97","48.57","48400","48.46","false"
"IHF","2010-02-23","48.83","48.83","48.05","48.27","67300","48.16","false"
"IHF","2010-02-22","48.86","49.32","48.58","49.13","180300","49.02","false"
"IHF","2010-02-19","48.63","48.85","48.46","48.78","42000","48.67","false"
"IHF","2010-02-18","48.77","49.16","48.72","48.93","70600","48.82","false"
"IHF","2010-02-17","48.18","49.24","48.18","48.72","183900","48.61","false"
"IHF","2010-02-16","48.27","48.27","47.37","48.03","60200","47.92","false"
"IHF","2010-02-12","47.68","47.82","47.39","47.75","24200","47.64","false"
"IHF","2010-02-11","47.50","48.22","47.38","48.16","30600","48.05","false"
"IHF","2010-02-10","47.72","47.92","47.00","47.63","31900","47.52","false"
"IHF","2010-02-09","47.71","48.04","47.04","47.83","144300","47.72","false"
"IHF","2010-02-08","47.38","47.91","47.16","47.29","37600","47.18","false"
"IHF","2010-02-05","47.57","47.68","46.55","47.48","156900","47.37","false"
"IHF","2010-02-04","48.62","48.79","47.74","47.78","84200","47.67","false"
"IHF","2010-02-03","49.55","49.55","48.79","49.01","103800","48.90","false"
"IHF","2010-02-02","48.90","49.76","48.64","49.67","56400","49.56","false"
"IHF","2010-02-01","48.62","48.86","47.77","48.81","90400","48.70","false"
"IHF","2010-01-29","48.88","49.15","48.37","48.45","45700","48.34","false"
"IHF","2010-01-28","49.31","49.82","48.58","48.80","130300","48.69","false"
"IHF","2010-01-27","48.84","49.46","48.51","49.20","131600","49.09","false"
"IHF","2010-01-26","49.21","49.38","48.83","48.99","174000","48.88","false"
"IHF","2010-01-25","49.63","49.68","49.19","49.42","115000","49.31","false"
"IHF","2010-01-22","49.90","50.48","49.26","49.41","135300","49.30","false"
"IHF","2010-01-21","51.52","51.60","49.96","50.02","340500","49.91","false"
"IHF","2010-01-20","52.56","52.56","51.03","51.38","277000","51.26","false"
"IHF","2010-01-19","51.80","52.40","51.68","52.23","158500","52.11","false"
"IHF","2010-01-15","51.58","51.82","50.85","51.21","43000","51.10","false"
"IHF","2010-01-14","50.77","51.61","50.77","51.61","94500","51.49","false"
"IHF","2010-01-13","50.09","50.87","49.90","50.80","34500","50.69","false"
"IHF","2010-01-12","50.53","50.56","49.69","49.88","161400","49.77","false"
"IHF","2010-01-11","50.85","51.58","50.61","50.71","74000","50.60","false"
"IHF","2010-01-08","50.51","51.09","50.16","50.74","152700","50.63","false"
"IHF","2010-01-07","49.30","50.50","49.30","50.48","144100","50.37","false"
"IHF","2010-01-06","49.36","49.65","49.21","49.38","54000","49.27","false"
"IHF","2010-01-05","49.68","49.90","49.30","49.43","55600","49.32","false"
"IHF","2010-01-04","49.12","49.67","48.90","49.65","175000","49.54","false"
"IHF","2011-06-24","64.42","64.42","63.06","63.21","38000","63.21","false"
"IHF","2011-06-23","63.83","64.30","62.71","64.21","224600","64.19","false"
"IHF","2011-06-22","65.08","65.44","64.53","64.63","191500","64.61","false"
"IHF","2011-06-21","64.79","65.27","64.53","65.20","168500","65.18","false"
"IHF","2011-06-20","63.40","64.63","63.40","64.44","87400","64.42","false"
"IHF","2011-06-17","64.20","64.36","63.46","63.55","204500","63.53","false"
"IHF","2011-06-16","63.42","63.93","62.85","63.62","228000","63.60","false"
"IHF","2011-06-15","64.04","64.41","63.27","63.36","190400","63.34","false"
"IHF","2011-06-14","63.87","64.65","63.83","64.30","82800","64.28","false"
"IHF","2011-06-13","63.52","63.89","63.23","63.25","98500","63.23","false"
"IHF","2011-06-10","64.30","64.30","63.00","63.40","505300","63.38","false"
"IHF","2011-06-09","63.26","64.82","63.26","64.53","389000","64.51","false"
"IHF","2011-06-08","63.14","63.50","62.89","63.21","119300","63.19","false"
"IHF","2011-06-07","63.25","64.68","63.25","63.32","185600","63.30","false"
"IHF","2011-06-06","64.11","64.11","63.05","63.15","504400","63.13","false"
"IHF","2011-06-03","64.54","64.93","64.30","64.32","103300","64.30","false"
"IHF","2011-06-02","65.16","65.60","64.96","65.36","117800","65.34","false"
"IHF","2011-06-01","65.93","65.95","65.10","65.14","341200","65.12","false"
"IHF","2011-05-31","65.92","65.98","65.42","65.97","451500","65.95","false"
"IHF","2011-05-27","65.37","65.37","64.63","65.17","126300","65.15","false"
"IHF","2011-05-26","65.05","65.64","64.51","65.57","55400","65.55","false"
"IHF","2011-05-25","64.59","65.38","64.57","65.17","237300","65.15","false"
"IHF","2011-05-24","65.89","65.89","64.82","64.84","340900","64.82","false"
"IHF","2011-05-23","66.49","66.49","65.19","65.69","88800","65.67","false"
"IHF","2011-05-20","67.56","67.56","66.42","66.66","205100","66.64","false"
"IHF","2011-05-19","67.58","67.58","66.94","67.33","409000","67.31","false"
"IHF","2011-05-18","66.29","67.26","66.24","67.20","437200","67.18","false"
"IHF","2011-05-17","66.32","66.59","66.08","66.28","146200","66.26","false"
"IHF","2011-05-16","66.40","67.05","65.89","66.58","117700","66.56","false"
"IHF","2011-05-13","67.14","67.47","66.38","66.58","160800","66.56","false"
"IHF","2011-05-12","66.32","66.78","65.59","66.69","142000","66.67","false"
"IHF","2011-05-11","66.97","66.97","65.87","66.46","58800","66.44","false"
"IHF","2011-05-10","66.57","66.99","66.29","66.88","223500","66.86","false"
"IHF","2011-05-09","65.66","66.39","65.45","66.29","111000","66.27","false"
"IHF","2011-05-06","65.92","66.06","65.29","65.56","74300","65.54","false"
"IHF","2011-05-05","64.86","65.63","64.31","65.02","53500","65.00","false"
"IHF","2011-05-04","65.03","65.25","64.50","64.85","68000","64.83","false"
"IHF","2011-05-03","65.70","65.70","64.87","65.01","45000","64.99","false"
"IHF","2011-05-02","65.56","66.12","65.46","65.73","211000","65.71","false"
"IHF","2011-04-29","65.39","65.39","64.90","65.18","51000","65.16","false"
"IHF","2011-04-28","64.54","65.44","64.54","65.38","60800","65.36","false"
"IHF","2011-04-27","63.82","64.33","63.54","64.29","119300","64.27","false"
"IHF","2011-04-26","63.12","63.70","63.11","63.46","61700","63.44","false"
"IHF","2011-04-25","63.15","63.21","62.63","62.91","42600","62.89","false"
"IHF","2011-04-21","62.48","63.50","62.48","63.14","63700","63.12","false"
"IHF","2011-04-20","62.09","62.12","61.70","61.81","27300","61.79","false"
"IHF","2011-04-19","60.80","61.33","60.76","61.31","55400","61.29","false"
"IHF","2011-04-18","61.01","61.01","60.17","60.62","45900","60.60","false"
"IHF","2011-04-15","61.45","61.88","61.40","61.70","18200","61.68","false"
"IHF","2011-04-14","61.04","61.57","60.74","61.49","236800","61.47","false"
"IHF","2011-04-13","61.89","61.97","61.18","61.39","83000","61.37","false"
"IHF","2011-04-12","60.83","61.64","60.83","61.62","393300","61.60","false"
"IHF","2011-04-11","61.95","61.95","60.98","61.15","234900","61.13","false"
"IHF","2011-04-08","62.55","62.55","61.41","61.75","44400","61.73","false"
"IHF","2011-04-07","62.41","62.85","61.96","61.98","28800","61.96","false"
"IHF","2011-04-06","62.86","62.86","62.12","62.30","126800","62.28","false"
"IHF","2011-04-05","62.82","62.82","62.34","62.44","134800","62.42","false"
"IHF","2011-04-04","62.80","63.03","62.63","62.87","150900","62.85","false"
"IHF","2011-04-01","62.28","62.72","62.28","62.57","380100","62.55","false"
"IHF","2011-03-31","61.96","61.96","61.37","61.91","103900","61.89","false"
"IHF","2011-03-30","61.15","61.74","61.07","61.64","42900","61.62","false"
"IHF","2011-03-29","60.37","60.97","60.37","60.97","32900","60.95","false"
"IHF","2011-03-28","60.32","60.60","60.24","60.41","240700","60.39","false"
"IHF","2011-03-25","59.93","60.66","59.87","60.17","40900","60.15","false"
"IHF","2011-03-24","59.36","59.88","59.12","59.79","53700","59.77","false"
"IHF","2011-03-23","58.71","59.15","58.50","58.97","31600","58.95","false"
"IHF","2011-03-22","59.04","59.59","59.04","59.11","200300","59.09","false"
"IHF","2011-03-21","59.36","59.50","58.70","59.02","42900","59.00","false"
"IHF","2011-03-18","59.31","59.31","58.50","58.71","37200","58.69","false"
"IHF","2011-03-17","59.31","59.31","58.41","58.60","30500","58.58","false"
"IHF","2011-03-16","59.30","59.49","58.36","58.53","120600","58.51","false"
"IHF","2011-03-15","58.24","59.91","58.24","59.55","63800","59.53","false"
"IHF","2011-03-14","60.81","60.81","59.48","59.93","334000","59.91","false"
"IHF","2011-03-11","60.56","60.63","60.00","60.49","79400","60.47","false"
"IHF","2011-03-10","61.42","61.42","60.33","60.54","30700","60.52","false"
"IHF","2011-03-09","61.42","61.68","60.98","61.68","270400","61.66","false"
"IHF","2011-03-08","60.47","61.41","60.29","61.11","834200","61.09","false"
"IHF","2011-03-07","61.56","61.65","60.07","60.51","53500","60.49","false"
"IHF","2011-03-04","61.78","61.80","60.96","61.42","81900","61.40","false"
"IHF","2011-03-03","61.01","61.77","61.01","61.66","109700","61.64","false"
"IHF","2011-03-02","59.66","60.73","59.66","60.42","32500","60.40","false"
"IHF","2011-03-01","60.31","60.71","59.61","59.66","25500","59.64","false"
"IHF","2011-02-28","60.03","60.31","59.76","60.01","57600","59.99","false"
"IHF","2011-02-25","59.36","59.76","59.36","59.71","12500","59.69","false"
"IHF","2011-02-24","58.50","59.38","58.41","59.03","14100","59.01","false"
"IHF","2011-02-23","59.09","59.28","58.55","58.68","277000","58.66","false"
"IHF","2011-02-22","59.66","60.16","59.13","59.17","26300","59.15","false"
"IHF","2011-02-18","60.08","60.46","60.07","60.22","27000","60.20","false"
"IHF","2011-02-17","59.76","60.03","59.48","59.97","16600","59.95","false"
"IHF","2011-02-16","59.25","59.81","59.25","59.71","22200","59.69","false"
"IHF","2011-02-15","59.00","59.31","58.94","59.04","103100","59.02","false"
"IHF","2011-02-14","58.71","59.26","58.68","59.21","51500","59.19","false"
"IHF","2011-02-11","58.83","59.24","58.53","59.05","145900","59.03","false"
"IHF","2011-02-10","58.61","58.79","58.55","58.74","158300","58.72","false"
"IHF","2011-02-09","59.08","59.08","58.58","58.70","27400","58.68","false"
"IHF","2011-02-08","58.32","59.05","58.28","58.84","112800","58.82","false"
"IHF","2011-02-07","58.61","58.61","58.01","58.06","31200","58.04","false"
"IHF","2011-02-04","58.38","58.97","57.82","58.33","48100","58.31","false"
"IHF","2011-02-03","57.18","58.38","56.40","57.89","76000","57.87","false"
"IHF","2011-02-02","57.68","57.69","57.40","57.42","35700","57.40","false"
"IHF","2011-02-01","57.42","57.80","57.12","57.63","91400","57.61","false"
"IHF","2011-01-31","57.08","57.08","56.50","56.78","43400","56.76","false"
"IHF","2011-01-28","58.52","58.52","56.75","56.80","75400","56.78","false"
"IHF","2011-01-27","57.61","58.38","57.34","58.26","92500","58.24","false"
"IHF","2011-01-26","56.99","57.49","56.96","57.35","56100","57.33","false"
"IHF","2011-01-25","56.15","57.04","56.15","56.85","20200","56.83","false"
"IHF","2011-01-24","56.40","56.62","56.24","56.31","27200","56.29","false"
"IHF","2011-01-21","56.94","56.94","56.39","56.44","16300","56.42","false"
"IHF","2011-01-20","56.65","56.90","56.22","56.61","49500","56.59","false"
"IHF","2011-01-19","57.95","57.95","56.54","56.85","44600","56.83","false"
"IHF","2011-01-18","57.88","57.91","57.39","57.91","112800","57.89","false"
"IHF","2011-01-14","56.88","57.65","56.88","57.61","28500","57.59","false"
"IHF","2011-01-13","56.73","57.04","56.73","56.95","27200","56.93","false"
"IHF","2011-01-12","57.00","57.00","56.41","56.66","181200","56.64","false"
"IHF","2011-01-11","56.29","56.64","56.11","56.53","15700","56.51","false"
"IHF","2011-01-10","55.52","56.07","55.41","55.97","29700","55.95","false"
"IHF","2011-01-07","55.97","55.97","55.20","55.74","28800","55.72","false"
"IHF","2011-01-06","54.91","55.80","54.91","55.70","18500","55.68","false"
"IHF","2011-01-05","54.68","55.16","54.68","55.10","65900","55.08","false"
"IHF","2011-01-04","54.99","54.99","54.68","54.92","10200","54.90","false"
"IHF","2011-01-03","54.24","54.96","54.24","54.87","35100","54.85","false"
