"IPU","2008-12-31","22.68","22.68","22.68","22.68","0","20.36","false"
"IPU","2008-12-30","22.76","22.76","22.67","22.68","700","20.36","false"
"IPU","2008-12-29","22.05","22.82","22.05","22.25","10100","19.97","false"
"IPU","2008-12-26","21.50","21.50","21.50","21.50","0","19.30","false"
"IPU","2008-12-24","21.50","21.50","21.50","21.50","0","19.30","false"
"IPU","2008-12-23","21.50","21.50","21.50","21.50","0","19.30","false"
"IPU","2008-12-22","21.55","21.55","21.50","21.50","3900","19.30","false"
"IPU","2008-12-19","22.15","22.15","22.15","22.15","0","19.88","false"
"IPU","2008-12-18","22.95","22.95","22.15","22.15","7100","19.88","false"
"IPU","2008-12-17","22.20","22.55","22.20","22.55","300","20.24","false"
"IPU","2008-12-16","21.46","21.46","21.46","21.46","200","19.26","false"
"IPU","2008-12-15","21.11","21.40","21.11","21.40","2100","19.21","false"
"IPU","2008-12-12","21.13","21.13","21.13","21.13","500","18.97","false"
"IPU","2008-12-11","21.37","21.37","20.89","20.89","1400","18.75","false"
"IPU","2008-12-10","20.17","20.17","20.17","20.17","0","18.11","false"
"IPU","2008-12-09","20.48","20.48","20.17","20.17","2500","18.11","false"
"IPU","2008-12-08","20.69","20.69","20.21","20.64","11000","18.53","false"
"IPU","2008-12-05","19.50","19.51","19.50","19.51","500","17.51","false"
"IPU","2008-12-04","20.04","20.05","19.99","20.05","1600","18.00","false"
"IPU","2008-12-03","20.32","20.32","20.23","20.23","1700","18.16","false"
"IPU","2008-12-02","19.63","20.28","19.63","20.20","2500","18.13","false"
"IPU","2008-12-01","19.70","19.72","19.45","19.52","18000","17.52","false"
"IPU","2008-11-28","21.40","21.40","21.40","21.40","0","19.21","false"
"IPU","2008-11-26","20.98","21.40","20.98","21.40","1500","19.21","false"
"IPU","2008-11-25","21.34","21.34","21.34","21.34","100","19.16","false"
"IPU","2008-11-24","21.14","21.14","21.10","21.10","6900","18.94","false"
"IPU","2008-11-21","19.73","19.73","19.45","19.45","1300","17.46","false"
"IPU","2008-11-20","20.00","20.00","19.32","19.32","2400","17.34","false"
"IPU","2008-11-19","21.21","21.21","20.29","20.29","1300","18.21","false"
"IPU","2008-11-18","21.26","21.26","21.26","21.26","1200","19.08","false"
"IPU","2008-11-17","21.02","21.27","20.77","21.27","4700","19.09","false"
"IPU","2008-11-14","21.00","21.13","21.00","21.13","200","18.97","false"
"IPU","2008-11-13","20.55","20.56","19.98","19.98","13900","17.94","false"
"IPU","2008-11-12","20.57","20.57","20.57","20.57","7800","18.46","false"
"IPU","2008-11-11","22.32","22.32","22.32","22.32","0","20.04","false"
"IPU","2008-11-10","22.31","22.32","22.31","22.32","1600","20.04","false"
"IPU","2008-11-07","22.17","22.17","22.17","22.17","1800","19.90","false"
"IPU","2008-11-06","21.32","21.32","21.32","21.32","100","19.14","false"
"IPU","2008-11-05","22.75","22.94","22.16","22.16","2500","19.89","false"
"IPU","2008-11-04","22.48","23.03","22.48","23.03","3600","20.67","false"
"IPU","2008-11-03","21.65","22.74","21.65","22.74","18200","20.41","false"
"IPU","2008-10-31","21.09","21.09","21.09","21.09","0","18.93","false"
"IPU","2008-10-30","21.09","21.09","21.09","21.09","0","18.93","false"
"IPU","2008-10-29","21.09","21.09","21.09","21.09","200","18.93","false"
"IPU","2008-10-28","19.32","19.32","19.32","19.32","1200","17.34","false"
"IPU","2008-10-27","19.54","19.54","19.54","19.54","0","17.54","false"
"IPU","2008-10-24","19.54","19.54","19.54","19.54","100","17.54","false"
"IPU","2008-10-23","20.35","20.35","20.35","20.35","0","18.27","false"
"IPU","2008-10-22","21.01","21.01","20.35","20.35","400","18.27","false"
"IPU","2008-10-21","21.55","21.75","21.34","21.69","3800","19.47","false"
"IPU","2008-10-20","22.40","22.40","22.35","22.35","400","20.06","false"
"IPU","2008-10-17","21.50","22.09","21.50","22.09","200","19.83","false"
"IPU","2008-10-16","19.75","20.44","19.75","20.44","500","18.35","false"
"IPU","2008-10-15","20.62","20.62","20.15","20.15","400","18.09","false"
"IPU","2008-10-14","21.37","21.58","21.37","21.58","500","19.37","false"
"IPU","2008-10-13","19.36","19.36","19.36","19.36","0","17.38","false"
"IPU","2008-10-10","19.36","19.36","19.36","19.36","1200","17.38","false"
"IPU","2008-10-09","20.67","20.67","20.32","20.32","900","18.24","false"
"IPU","2008-10-08","22.59","22.59","22.59","22.59","0","20.28","false"
"IPU","2008-10-07","22.59","22.59","22.59","22.59","0","20.28","false"
"IPU","2008-10-06","23.24","23.24","22.59","22.59","1800","20.28","false"
"IPU","2008-10-03","25.52","25.52","25.52","25.52","0","22.91","false"
"IPU","2008-10-02","25.52","25.52","25.52","25.52","0","22.91","false"
"IPU","2008-10-01","25.45","25.52","25.45","25.52","900","22.91","false"
"IPU","2008-09-30","26.18","26.18","26.18","26.18","0","23.50","false"
"IPU","2008-09-29","26.18","26.18","26.18","26.18","0","23.50","false"
"IPU","2008-09-26","26.18","26.18","26.18","26.18","300","23.50","false"
"IPU","2008-09-25","26.40","26.69","26.39","26.39","12500","23.69","false"
"IPU","2008-09-24","25.63","25.63","25.63","25.63","0","23.01","false"
"IPU","2008-09-23","25.82","25.82","25.63","25.63","900","23.01","false"
"IPU","2008-09-22","25.64","25.80","25.64","25.80","200","23.16","false"
"IPU","2008-09-19","25.29","25.29","25.29","25.29","0","22.70","false"
"IPU","2008-09-18","25.29","25.29","25.29","25.29","400","22.31","false"
"IPU","2008-09-17","25.87","25.87","25.87","25.87","0","22.82","false"
"IPU","2008-09-16","25.87","25.87","25.87","25.87","0","22.82","false"
"IPU","2008-09-15","25.87","25.87","25.87","25.87","0","22.82","false"
"IPU","2008-09-12","25.87","25.87","25.87","25.87","0","22.82","false"
"IPU","2008-09-11","25.87","25.87","25.87","25.87","0","22.82","false"
"IPU","2008-09-10","25.87","25.87","25.87","25.87","700","22.82","false"
"IPU","2008-09-09","26.79","26.79","26.79","26.79","0","23.63","false"
"IPU","2008-09-08","26.79","26.79","26.79","26.79","0","23.63","false"
"IPU","2008-09-05","27.48","27.48","26.79","26.79","200","23.63","false"
"IPU","2008-09-04","28.98","28.98","28.98","28.98","0","25.56","false"
"IPU","2008-09-03","28.98","28.98","28.98","28.98","0","25.56","false"
"IPU","2008-09-02","28.98","28.98","28.98","28.98","0","25.56","false"
"IPU","2008-08-29","28.98","28.98","28.98","28.98","0","25.56","false"
"IPU","2008-08-28","28.98","28.98","28.98","28.98","200","25.56","false"
"IPU","2008-08-27","29.71","29.71","29.71","29.71","0","26.21","false"
"IPU","2008-08-26","29.71","29.71","29.71","29.71","0","26.21","false"
"IPU","2008-08-25","29.71","29.71","29.71","29.71","0","26.21","false"
"IPU","2008-08-22","29.71","29.71","29.71","29.71","0","26.21","false"
"IPU","2009-12-31","22.98","23.00","22.94","22.98","700","21.54","false"
"IPU","2009-12-30","22.99","23.03","22.75","22.96","2400","21.52","false"
"IPU","2009-12-29","23.11","23.11","23.09","23.10","300","21.66","false"
"IPU","2009-12-28","22.35","22.97","22.35","22.93","2300","21.50","false"
"IPU","2009-12-24","22.50","22.50","22.35","22.38","600","20.98","false"
"IPU","2009-12-23","22.59","22.59","22.25","22.34","800","20.94","false"
"IPU","2009-12-22","22.56","22.59","22.56","22.59","400","21.18","false"
"IPU","2009-12-21","22.67","22.67","21.25","22.65","3700","21.23","false"
"IPU","2009-12-18","22.70","23.11","22.70","23.11","700","21.67","false"
"IPU","2009-12-17","22.44","22.44","22.44","22.44","400","20.95","false"
"IPU","2009-12-16","23.12","23.37","23.01","23.01","1800","21.48","false"
"IPU","2009-12-15","22.85","22.85","22.69","22.74","3500","21.23","false"
"IPU","2009-12-14","22.98","22.98","22.58","22.96","1400","21.44","false"
"IPU","2009-12-11","22.80","22.80","22.71","22.71","2500","21.20","false"
"IPU","2009-12-10","22.47","22.47","22.47","22.47","0","20.98","false"
"IPU","2009-12-09","22.70","22.73","22.47","22.47","1700","20.98","false"
"IPU","2009-12-08","24.15","24.15","22.26","22.66","900","21.16","false"
"IPU","2009-12-07","22.96","23.10","22.91","23.00","1100","21.47","false"
"IPU","2009-12-04","23.20","23.21","22.84","22.97","78900","21.45","false"
"IPU","2009-12-03","23.03","23.11","22.97","23.02","189800","21.49","false"
"IPU","2009-12-02","23.15","23.15","22.95","22.96","2800","21.44","false"
"IPU","2009-12-01","22.89","23.07","22.88","23.07","3200","21.54","false"
"IPU","2009-11-30","22.81","24.00","22.26","22.56","3900","21.06","false"
"IPU","2009-11-27","22.48","23.64","22.48","23.63","1400","22.06","false"
"IPU","2009-11-25","22.98","23.08","22.73","22.75","3200","21.24","false"
"IPU","2009-11-24","22.29","22.72","22.29","22.55","5800","21.05","false"
"IPU","2009-11-23","22.52","22.57","22.52","22.57","500","21.07","false"
"IPU","2009-11-20","22.49","22.49","22.13","22.30","600","20.82","false"
"IPU","2009-11-19","22.27","22.27","22.27","22.27","100","20.79","false"
"IPU","2009-11-18","22.53","22.53","22.53","22.53","0","21.03","false"
"IPU","2009-11-17","22.49","22.54","22.43","22.53","1400","21.03","false"
"IPU","2009-11-16","22.47","22.66","22.45","22.45","4600","20.96","false"
"IPU","2009-11-13","21.82","21.82","21.82","21.82","0","20.37","false"
"IPU","2009-11-12","21.82","21.82","21.82","21.82","1000","20.37","false"
"IPU","2009-11-11","22.15","22.15","22.15","22.15","0","20.68","false"
"IPU","2009-11-10","22.09","22.15","22.09","22.15","400","20.68","false"
"IPU","2009-11-09","22.37","22.37","22.09","22.09","3400","20.62","false"
"IPU","2009-11-06","21.62","21.83","21.62","21.79","1000","20.34","false"
"IPU","2009-11-05","21.89","21.89","21.89","21.89","200","20.44","false"
"IPU","2009-11-04","21.83","21.83","21.61","21.61","200","20.18","false"
"IPU","2009-11-03","21.55","21.55","21.34","21.43","1200","20.01","false"
"IPU","2009-11-02","21.55","21.55","21.44","21.53","500","20.10","false"
"IPU","2009-10-30","21.64","21.68","20.87","21.31","10900","19.90","false"
"IPU","2009-10-29","21.80","21.80","21.80","21.80","0","20.35","false"
"IPU","2009-10-28","21.34","21.90","21.34","21.80","800","20.35","false"
"IPU","2009-10-27","21.00","22.69","21.00","22.65","2700","21.15","false"
"IPU","2009-10-26","22.12","22.14","21.73","21.85","2100","20.40","false"
"IPU","2009-10-23","22.10","22.10","22.10","22.10","100","20.63","false"
"IPU","2009-10-22","22.48","22.48","22.48","22.48","0","20.99","false"
"IPU","2009-10-21","22.48","22.48","22.48","22.48","1300","20.99","false"
"IPU","2009-10-20","22.54","22.54","22.47","22.47","500","20.98","false"
"IPU","2009-10-19","22.68","22.68","22.45","22.45","200","20.96","false"
"IPU","2009-10-16","22.22","22.30","22.22","22.30","500","20.82","false"
"IPU","2009-10-15","22.30","22.30","22.30","22.30","200","20.82","false"
"IPU","2009-10-14","21.89","22.56","21.89","22.45","1100","20.96","false"
"IPU","2009-10-13","22.47","22.47","22.37","22.37","300","20.89","false"
"IPU","2009-10-12","23.16","23.16","22.62","22.62","1900","21.12","false"
"IPU","2009-10-09","22.46","22.51","22.46","22.51","900","21.02","false"
"IPU","2009-10-08","22.89","22.89","22.89","22.89","100","21.37","false"
"IPU","2009-10-07","22.56","22.60","22.46","22.60","700","21.10","false"
"IPU","2009-10-06","22.77","22.77","22.77","22.77","500","21.26","false"
"IPU","2009-10-05","22.34","22.59","22.34","22.53","800","21.03","false"
"IPU","2009-10-02","23.02","23.02","22.21","22.31","4200","20.83","false"
"IPU","2009-10-01","22.73","22.73","22.46","22.46","600","20.97","false"
"IPU","2009-09-30","22.76","22.77","22.76","22.77","400","21.26","false"
"IPU","2009-09-29","22.80","22.83","22.80","22.83","1100","21.32","false"
"IPU","2009-09-28","23.05","23.14","23.05","23.09","900","21.56","false"
"IPU","2009-09-25","22.58","22.58","22.39","22.53","900","21.03","false"
"IPU","2009-09-24","23.88","23.88","22.50","22.61","7600","21.11","false"
"IPU","2009-09-23","23.10","23.15","22.96","22.99","3000","21.46","false"
"IPU","2009-09-22","22.99","23.15","22.98","23.08","3000","21.55","false"
"IPU","2009-09-21","22.72","22.93","21.94","22.93","2100","21.41","false"
"IPU","2009-09-18","23.20","23.25","23.08","23.25","1500","21.71","false"
"IPU","2009-09-17","23.25","23.25","22.68","22.95","3700","21.28","false"
"IPU","2009-09-16","23.25","23.61","23.16","23.54","10400","21.83","false"
"IPU","2009-09-15","23.03","23.32","22.91","23.22","4200","21.53","false"
"IPU","2009-09-14","22.50","22.89","22.50","22.88","1700","21.22","false"
"IPU","2009-09-11","22.98","22.98","22.40","22.71","3200","21.06","false"
"IPU","2009-09-10","22.58","22.78","22.58","22.78","1600","21.12","false"
"IPU","2009-09-09","22.37","22.51","22.28","22.51","2300","20.87","false"
"IPU","2009-09-08","22.23","22.41","22.02","22.22","4200","20.60","false"
"IPU","2009-09-04","22.12","22.12","22.10","22.10","400","20.49","false"
"IPU","2009-09-03","21.88","21.88","21.47","21.57","3900","20.00","false"
"IPU","2009-09-02","21.60","21.76","21.60","21.76","10600","20.18","false"
"IPU","2009-09-01","21.97","22.24","21.50","21.50","3400","19.94","false"
"IPU","2009-08-31","22.00","22.30","22.00","22.30","7100","20.68","false"
"IPU","2009-08-28","22.58","22.62","22.11","22.11","3200","20.50","false"
"IPU","2009-08-27","21.94","22.41","21.94","22.31","1500","20.69","false"
"IPU","2009-08-26","21.85","21.94","21.85","21.94","6200","20.34","false"
"IPU","2009-08-25","22.07","22.07","21.95","21.95","400","20.35","false"
"IPU","2009-08-24","22.14","22.25","21.82","21.82","1600","20.23","false"
"IPU","2009-08-21","22.00","22.16","21.72","21.96","3800","20.36","false"
"IPU","2009-08-20","21.48","21.48","21.21","21.41","1900","19.85","false"
"IPU","2009-08-19","20.88","20.88","20.88","20.88","0","19.36","false"
"IPU","2009-08-18","20.71","20.88","20.71","20.88","1900","19.36","false"
"IPU","2009-08-17","20.49","20.49","20.28","20.28","700","18.80","false"
"IPU","2009-08-14","21.22","21.22","20.93","20.98","800","19.45","false"
"IPU","2009-08-13","21.16","21.41","21.10","21.10","900","19.57","false"
"IPU","2009-08-12","20.95","21.12","20.95","21.12","1100","19.58","false"
"IPU","2009-08-11","20.56","20.60","20.56","20.59","1500","19.09","false"
"IPU","2009-08-10","20.80","20.80","20.80","20.80","0","19.29","false"
"IPU","2009-08-07","20.90","20.92","20.80","20.80","4500","19.29","false"
"IPU","2009-08-06","20.74","20.88","20.55","20.78","2300","19.27","false"
"IPU","2009-08-05","21.03","21.03","20.88","20.94","2200","19.42","false"
"IPU","2009-08-04","21.14","21.25","21.14","21.20","1400","19.66","false"
"IPU","2009-08-03","20.95","21.14","20.95","21.14","500","19.60","false"
"IPU","2009-07-31","20.98","20.98","20.91","20.91","300","19.39","false"
"IPU","2009-07-30","20.89","20.94","20.89","20.94","300","19.42","false"
"IPU","2009-07-29","20.45","20.45","20.31","20.32","1400","18.84","false"
"IPU","2009-07-28","20.81","20.81","20.81","20.81","0","19.30","false"
"IPU","2009-07-27","20.75","20.81","20.75","20.81","1100","19.30","false"
"IPU","2009-07-24","20.75","20.75","20.63","20.63","500","19.13","false"
"IPU","2009-07-23","20.33","20.93","20.33","20.82","1200","19.31","false"
"IPU","2009-07-22","20.67","20.70","20.60","20.65","1600","19.15","false"
"IPU","2009-07-21","20.59","20.59","20.37","20.37","5500","18.89","false"
"IPU","2009-07-20","20.50","20.55","20.50","20.53","900","19.04","false"
"IPU","2009-07-17","20.32","20.32","20.32","20.32","0","18.84","false"
"IPU","2009-07-16","20.32","20.32","20.32","20.32","200","18.84","false"
"IPU","2009-07-15","19.87","20.46","19.87","20.45","1600","18.96","false"
"IPU","2009-07-14","19.58","19.64","19.58","19.64","1000","18.21","false"
"IPU","2009-07-13","19.37","19.37","19.37","19.37","0","17.96","false"
"IPU","2009-07-10","19.32","19.42","19.32","19.37","500","17.96","false"
"IPU","2009-07-09","19.30","19.50","19.30","19.38","400","17.97","false"
"IPU","2009-07-08","19.00","19.41","18.78","19.41","500","18.00","false"
"IPU","2009-07-07","19.46","19.46","19.25","19.25","800","17.85","false"
"IPU","2009-07-06","19.68","19.72","19.65","19.70","1000","18.27","false"
"IPU","2009-07-02","19.72","20.01","19.72","19.95","1100","18.50","false"
"IPU","2009-07-01","20.31","20.31","20.30","20.30","300","18.82","false"
"IPU","2009-06-30","20.05","20.07","20.05","20.05","600","18.59","false"
"IPU","2009-06-29","20.17","20.17","20.17","20.17","0","18.70","false"
"IPU","2009-06-26","20.22","20.23","20.17","20.17","700","18.70","false"
"IPU","2009-06-25","19.89","19.89","19.89","19.89","100","18.44","false"
"IPU","2009-06-24","20.02","20.17","20.02","20.17","400","18.70","false"
"IPU","2009-06-23","20.01","20.01","19.99","19.99","300","18.54","false"
"IPU","2009-06-22","19.88","19.88","19.61","19.61","800","18.18","false"
"IPU","2009-06-19","19.92","19.92","19.92","19.92","200","18.47","false"
"IPU","2009-06-18","20.43","20.48","20.30","20.30","12700","18.24","false"
"IPU","2009-06-17","20.10","20.10","20.00","20.00","4500","17.97","false"
"IPU","2009-06-16","20.70","20.70","20.70","20.70","0","18.60","false"
"IPU","2009-06-15","20.70","20.70","20.70","20.70","0","18.60","false"
"IPU","2009-06-12","20.70","20.70","20.70","20.70","0","18.60","false"
"IPU","2009-06-11","20.70","20.70","20.70","20.70","100","18.60","false"
"IPU","2009-06-10","20.29","20.29","20.29","20.29","100","18.23","false"
"IPU","2009-06-09","20.31","20.31","20.31","20.31","0","18.25","false"
"IPU","2009-06-08","20.09","20.31","20.09","20.31","300","18.25","false"
"IPU","2009-06-05","20.52","20.52","20.51","20.51","500","18.43","false"
"IPU","2009-06-04","21.30","21.30","21.30","21.30","0","19.14","false"
"IPU","2009-06-03","21.30","21.30","21.30","21.30","0","19.14","false"
"IPU","2009-06-02","21.30","21.30","21.30","21.30","0","19.14","false"
"IPU","2009-06-01","21.31","21.31","21.30","21.30","18000","19.14","false"
"IPU","2009-05-29","20.95","20.95","20.95","20.95","500","18.83","false"
"IPU","2009-05-28","20.70","20.70","20.70","20.70","0","18.60","false"
"IPU","2009-05-27","20.70","20.70","20.70","20.70","200","18.60","false"
"IPU","2009-05-26","20.99","20.99","20.99","20.99","1000","18.86","false"
"IPU","2009-05-22","20.66","20.66","20.66","20.66","100","18.57","false"
"IPU","2009-05-21","20.51","20.51","20.51","20.51","200","18.43","false"
"IPU","2009-05-20","19.81","19.81","19.81","19.81","0","17.80","false"
"IPU","2009-05-19","19.81","19.81","19.81","19.81","0","17.80","false"
"IPU","2009-05-18","19.81","19.81","19.81","19.81","0","17.80","false"
"IPU","2009-05-15","19.81","19.81","19.81","19.81","0","17.80","false"
"IPU","2009-05-14","19.81","19.81","19.81","19.81","400","17.80","false"
"IPU","2009-05-13","20.00","20.00","20.00","20.00","0","17.97","false"
"IPU","2009-05-12","20.00","20.00","20.00","20.00","0","17.97","false"
"IPU","2009-05-11","20.00","20.00","20.00","20.00","0","17.97","false"
"IPU","2009-05-08","20.00","20.00","20.00","20.00","400","17.97","false"
"IPU","2009-05-07","19.51","19.69","19.13","19.13","6900","17.19","false"
"IPU","2009-05-06","19.37","19.37","19.37","19.37","0","17.41","false"
"IPU","2009-05-05","19.37","19.37","19.37","19.37","400","17.41","false"
"IPU","2009-05-04","19.24","19.24","19.24","19.24","0","17.29","false"
"IPU","2009-05-01","19.24","19.24","19.24","19.24","0","17.29","false"
"IPU","2009-04-30","19.24","19.24","19.24","19.24","0","17.29","false"
"IPU","2009-04-29","19.00","19.24","19.00","19.24","800","17.29","false"
"IPU","2009-04-28","17.89","17.89","17.89","17.89","0","16.08","false"
"IPU","2009-04-27","17.89","17.89","17.89","17.89","0","16.08","false"
"IPU","2009-04-24","17.89","17.89","17.89","17.89","0","16.08","false"
"IPU","2009-04-23","17.89","17.89","17.89","17.89","200","16.08","false"
"IPU","2009-04-22","18.05","18.05","18.05","18.05","0","16.22","false"
"IPU","2009-04-21","18.24","18.25","18.05","18.05","6400","16.22","false"
"IPU","2009-04-20","18.29","18.29","18.29","18.29","0","16.44","false"
"IPU","2009-04-17","18.29","18.29","18.29","18.29","200","16.44","false"
"IPU","2009-04-16","19.16","19.16","18.44","18.44","1100","16.57","false"
"IPU","2009-04-15","18.41","18.41","18.41","18.41","0","16.54","false"
"IPU","2009-04-14","18.41","18.41","18.41","18.41","0","16.54","false"
"IPU","2009-04-13","19.48","19.48","18.41","18.41","400","16.54","false"
"IPU","2009-04-09","18.20","18.20","18.20","18.20","100","16.35","false"
"IPU","2009-04-08","18.07","18.07","18.07","18.07","0","16.24","false"
"IPU","2009-04-07","18.10","18.10","18.07","18.07","6400","16.24","false"
"IPU","2009-04-06","17.95","17.95","17.95","17.95","100","16.13","false"
"IPU","2009-04-03","17.97","17.97","17.97","17.97","0","16.15","false"
"IPU","2009-04-02","17.03","17.97","17.03","17.97","200","16.15","false"
"IPU","2009-04-01","17.88","17.88","17.88","17.88","400","16.07","false"
"IPU","2009-03-31","17.69","17.69","17.69","17.69","100","15.90","false"
"IPU","2009-03-30","18.90","18.90","17.92","17.92","1100","16.10","false"
"IPU","2009-03-27","18.21","18.21","18.21","18.21","500","16.36","false"
"IPU","2009-03-26","18.48","18.48","18.48","18.48","0","16.61","false"
"IPU","2009-03-25","18.48","18.48","18.48","18.48","0","16.61","false"
"IPU","2009-03-24","18.38","18.48","18.38","18.48","1200","16.61","false"
"IPU","2009-03-23","18.49","18.49","18.33","18.33","1200","16.47","false"
"IPU","2009-03-20","18.12","18.12","17.96","17.96","900","16.14","false"
"IPU","2009-03-19","17.87","17.87","17.87","17.87","500","16.04","false"
"IPU","2009-03-18","16.50","16.50","16.50","16.50","0","14.81","false"
"IPU","2009-03-17","16.50","16.50","16.50","16.50","0","14.81","false"
"IPU","2009-03-16","16.50","16.50","16.50","16.50","0","14.81","false"
"IPU","2009-03-13","16.50","16.50","16.50","16.50","0","14.81","false"
"IPU","2009-03-12","16.50","16.50","16.50","16.50","0","14.81","false"
"IPU","2009-03-11","16.50","16.50","16.50","16.50","0","14.81","false"
"IPU","2009-03-10","16.50","16.50","16.50","16.50","0","14.81","false"
"IPU","2009-03-09","16.50","16.50","16.50","16.50","200","14.81","false"
"IPU","2009-03-06","16.66","16.66","16.64","16.64","400","14.94","false"
"IPU","2009-03-05","16.63","16.87","16.57","16.57","600","14.87","false"
"IPU","2009-03-04","16.75","16.75","16.75","16.75","0","15.04","false"
"IPU","2009-03-03","15.90","16.77","15.52","16.75","2000","15.04","false"
"IPU","2009-03-02","18.16","18.16","18.16","18.16","0","16.30","false"
"IPU","2009-02-27","18.16","18.16","18.16","18.16","0","16.30","false"
"IPU","2009-02-26","18.16","18.16","18.16","18.16","0","16.30","false"
"IPU","2009-02-25","18.16","18.16","18.16","18.16","0","16.30","false"
"IPU","2009-02-24","18.16","18.16","18.16","18.16","0","16.30","false"
"IPU","2009-02-23","18.52","18.52","18.16","18.16","1200","16.30","false"
"IPU","2009-02-20","19.08","19.08","19.08","19.08","0","17.13","false"
"IPU","2009-02-19","19.08","19.08","19.08","19.08","0","17.13","false"
"IPU","2009-02-18","19.08","19.08","19.08","19.08","0","17.13","false"
"IPU","2009-02-17","19.08","19.08","19.08","19.08","0","17.13","false"
"IPU","2009-02-13","19.33","19.33","19.08","19.08","700","17.13","false"
"IPU","2009-02-12","19.69","19.69","19.69","19.69","0","17.67","false"
"IPU","2009-02-11","19.71","19.71","19.69","19.69","900","17.67","false"
"IPU","2009-02-10","20.26","20.26","20.26","20.26","0","18.19","false"
"IPU","2009-02-09","20.23","20.26","20.23","20.26","800","18.19","false"
"IPU","2009-02-06","20.03","20.03","20.03","20.03","0","17.98","false"
"IPU","2009-02-05","20.03","20.03","20.03","20.03","0","17.98","false"
"IPU","2009-02-04","20.03","20.03","20.03","20.03","0","17.98","false"
"IPU","2009-02-03","19.99","20.20","19.99","20.03","9800","17.98","false"
"IPU","2009-02-02","19.90","19.91","19.88","19.88","5300","17.85","false"
"IPU","2009-01-30","20.22","20.22","20.22","20.22","200","18.15","false"
"IPU","2009-01-29","20.38","20.47","20.11","20.13","7900","18.07","false"
"IPU","2009-01-28","20.58","20.58","20.58","20.58","0","18.47","false"
"IPU","2009-01-27","20.58","20.58","20.58","20.58","0","18.47","false"
"IPU","2009-01-26","20.51","20.58","20.40","20.58","1400","18.47","false"
"IPU","2009-01-23","20.18","20.18","20.18","20.18","200","18.11","false"
"IPU","2009-01-22","19.70","19.88","19.59","19.88","4300","17.85","false"
"IPU","2009-01-21","20.48","20.48","20.48","20.48","0","18.38","false"
"IPU","2009-01-20","20.48","20.48","20.48","20.48","0","18.38","false"
"IPU","2009-01-16","20.39","20.48","20.22","20.48","9400","18.38","false"
"IPU","2009-01-15","19.30","20.54","18.60","20.54","17100","18.44","false"
"IPU","2009-01-14","20.44","20.44","20.31","20.31","1100","18.23","false"
"IPU","2009-01-13","21.36","21.36","20.84","20.84","2100","18.71","false"
"IPU","2009-01-12","21.50","21.50","21.09","21.17","7600","19.00","false"
"IPU","2009-01-09","22.11","22.11","22.11","22.11","0","19.85","false"
"IPU","2009-01-08","22.11","22.11","22.11","22.11","0","19.85","false"
"IPU","2009-01-07","22.36","22.36","22.11","22.11","1800","19.85","false"
"IPU","2009-01-06","22.50","22.56","22.50","22.56","700","20.25","false"
"IPU","2009-01-05","23.07","23.07","23.07","23.07","0","20.71","false"
"IPU","2009-01-02","22.96","23.07","22.96","23.07","20500","20.71","false"
"IPU","2010-12-31","20.93","20.94","20.86","20.86","700","20.30","false"
"IPU","2010-12-30","20.74","20.74","20.73","20.73","2000","20.17","false"
"IPU","2010-12-29","20.77","20.77","20.77","20.77","100","20.21","false"
"IPU","2010-12-28","20.74","20.74","20.74","20.74","0","20.18","false"
"IPU","2010-12-27","20.68","20.74","20.68","20.74","400","20.18","false"
"IPU","2010-12-23","20.68","20.68","20.65","20.65","500","20.09","false"
"IPU","2010-12-22","20.69","20.69","20.69","20.69","0","20.13","false"
"IPU","2010-12-21","20.71","20.75","20.69","20.69","5600","20.13","false"
"IPU","2010-12-20","20.67","20.67","20.51","20.51","1600","19.96","false"
"IPU","2010-12-17","20.59","20.59","20.46","20.52","6300","19.97","false"
"IPU","2010-12-16","20.74","20.74","20.74","20.74","1400","19.99","false"
"IPU","2010-12-15","20.83","20.89","20.75","20.75","3500","20.00","false"
"IPU","2010-12-14","20.93","20.93","20.93","20.93","100","20.17","false"
"IPU","2010-12-13","20.98","21.14","20.83","21.14","4200","20.37","false"
"IPU","2010-12-10","20.75","20.83","20.75","20.83","800","20.07","false"
"IPU","2010-12-09","20.80","20.80","20.67","20.76","1100","20.01","false"
"IPU","2010-12-08","20.56","20.66","20.56","20.66","2800","19.91","false"
"IPU","2010-12-07","20.64","20.64","20.64","20.64","0","19.89","false"
"IPU","2010-12-06","20.64","20.64","20.64","20.64","0","19.89","false"
"IPU","2010-12-03","20.39","20.64","20.39","20.64","500","19.89","false"
"IPU","2010-12-02","20.00","20.00","20.00","20.00","0","19.27","false"
"IPU","2010-12-01","20.00","20.00","20.00","20.00","0","19.27","false"
"IPU","2010-11-30","19.98","20.00","19.89","20.00","3800","19.27","false"
"IPU","2010-11-29","20.13","20.13","19.95","19.95","700","19.23","false"
"IPU","2010-11-26","20.76","20.76","20.76","20.76","0","20.01","false"
"IPU","2010-11-24","20.72","20.78","20.72","20.76","900","20.01","false"
"IPU","2010-11-23","20.97","20.98","20.65","20.65","3500","19.90","false"
"IPU","2010-11-22","21.05","21.05","21.05","21.05","100","20.29","false"
"IPU","2010-11-19","21.25","21.28","21.25","21.28","2100","20.51","false"
"IPU","2010-11-18","21.41","21.41","21.37","21.37","400","20.59","false"
"IPU","2010-11-17","20.81","20.81","20.81","20.81","0","20.05","false"
"IPU","2010-11-16","21.20","21.20","20.81","20.81","2300","20.05","false"
"IPU","2010-11-15","21.33","21.33","21.33","21.33","0","20.56","false"
"IPU","2010-11-12","21.58","21.59","21.33","21.33","800","20.56","false"
"IPU","2010-11-11","21.41","21.41","21.41","21.41","0","20.63","false"
"IPU","2010-11-10","21.73","21.73","21.41","21.41","1500","20.63","false"
"IPU","2010-11-09","21.70","21.70","21.55","21.55","1700","20.77","false"
"IPU","2010-11-08","21.64","21.64","21.50","21.64","1100","20.85","false"
"IPU","2010-11-05","22.03","22.05","21.90","21.91","900","21.11","false"
"IPU","2010-11-04","22.19","22.25","22.15","22.18","3300","21.37","false"
"IPU","2010-11-03","21.67","21.85","21.67","21.85","800","21.06","false"
"IPU","2010-11-02","21.81","21.81","21.81","21.81","700","21.02","false"
"IPU","2010-11-01","21.80","21.80","21.50","21.51","1200","20.73","false"
"IPU","2010-10-29","21.56","21.74","21.56","21.72","1400","20.93","false"
"IPU","2010-10-28","21.54","21.54","21.41","21.41","1000","20.63","false"
"IPU","2010-10-27","21.25","21.25","21.06","21.06","900","20.30","false"
"IPU","2010-10-26","21.39","21.39","21.39","21.39","0","20.61","false"
"IPU","2010-10-25","21.53","21.53","21.39","21.39","900","20.61","false"
"IPU","2010-10-22","21.37","21.37","21.30","21.30","3100","20.53","false"
"IPU","2010-10-21","21.50","21.50","21.30","21.30","300","20.53","false"
"IPU","2010-10-20","20.94","20.94","20.94","20.94","0","20.18","false"
"IPU","2010-10-19","20.98","20.98","20.94","20.94","3600","20.18","false"
"IPU","2010-10-18","21.24","21.24","21.24","21.24","700","20.47","false"
"IPU","2010-10-15","21.11","21.20","21.11","21.20","400","20.43","false"
"IPU","2010-10-14","21.15","21.26","21.15","21.20","8400","20.43","false"
"IPU","2010-10-13","20.91","21.12","20.91","21.12","1400","20.35","false"
"IPU","2010-10-12","21.05","21.05","21.05","21.05","0","20.29","false"
"IPU","2010-10-11","21.07","21.07","21.05","21.05","900","20.29","false"
"IPU","2010-10-08","21.03","21.03","21.03","21.03","200","20.27","false"
"IPU","2010-10-07","21.05","21.05","20.83","20.83","600","20.07","false"
"IPU","2010-10-06","20.73","20.83","20.73","20.83","6200","20.07","false"
"IPU","2010-10-05","20.79","20.79","20.79","20.79","400","20.03","false"
"IPU","2010-10-04","20.50","20.50","20.31","20.47","43900","19.73","false"
"IPU","2010-10-01","20.69","20.69","20.67","20.68","900","19.93","false"
"IPU","2010-09-30","20.51","20.51","20.50","20.50","200","19.76","false"
"IPU","2010-09-29","20.77","20.77","20.56","20.66","500","19.91","false"
"IPU","2010-09-28","20.46","20.80","20.46","20.80","2600","20.04","false"
"IPU","2010-09-27","20.73","20.77","20.73","20.77","1800","20.02","false"
"IPU","2010-09-24","20.68","20.79","20.68","20.79","1600","20.03","false"
"IPU","2010-09-23","20.51","20.51","20.46","20.46","500","19.72","false"
"IPU","2010-09-22","20.73","20.73","20.73","20.73","0","19.98","false"
"IPU","2010-09-21","20.43","20.73","20.40","20.73","3900","19.98","false"
"IPU","2010-09-20","20.18","20.40","20.18","20.40","1900","19.66","false"
"IPU","2010-09-17","20.25","20.29","20.25","20.29","800","19.55","false"
"IPU","2010-09-16","20.65","20.65","20.54","20.61","3000","19.76","false"
"IPU","2010-09-15","20.67","20.80","20.67","20.80","2000","19.94","false"
"IPU","2010-09-14","20.96","20.96","20.95","20.95","1100","20.09","false"
"IPU","2010-09-13","20.81","20.81","20.81","20.81","500","19.95","false"
"IPU","2010-09-10","20.71","20.71","20.71","20.71","600","19.86","false"
"IPU","2010-09-09","20.88","20.88","20.73","20.73","800","19.87","false"
"IPU","2010-09-08","20.46","20.46","20.46","20.46","0","19.62","false"
"IPU","2010-09-07","20.62","20.62","20.41","20.46","6300","19.62","false"
"IPU","2010-09-03","20.61","20.63","20.60","20.60","1600","19.75","false"
"IPU","2010-09-02","20.34","20.43","20.34","20.43","900","19.59","false"
"IPU","2010-09-01","20.24","20.24","20.24","20.24","200","19.40","false"
"IPU","2010-08-31","19.91","19.96","19.83","19.83","9200","19.01","false"
"IPU","2010-08-30","19.86","19.86","19.82","19.82","5200","19.00","false"
"IPU","2010-08-27","19.86","20.06","19.86","20.06","400","19.23","false"
"IPU","2010-08-26","19.86","19.87","19.60","19.69","60800","18.88","false"
"IPU","2010-08-25","19.59","19.59","19.44","19.44","600","18.64","false"
"IPU","2010-08-24","19.74","19.74","19.58","19.64","5900","18.83","false"
"IPU","2010-08-23","19.90","19.90","19.87","19.89","500","19.07","false"
"IPU","2010-08-20","19.70","19.88","19.70","19.88","1400","19.06","false"
"IPU","2010-08-19","19.90","19.92","19.89","19.89","700","19.07","false"
"IPU","2010-08-18","20.35","20.46","20.35","20.41","2000","19.57","false"
"IPU","2010-08-17","20.29","20.39","20.29","20.39","1500","19.55","false"
"IPU","2010-08-16","20.05","20.05","20.02","20.02","1000","19.19","false"
"IPU","2010-08-13","20.05","20.14","20.02","20.02","2000","19.19","false"
"IPU","2010-08-12","20.11","20.11","20.11","20.11","100","19.28","false"
"IPU","2010-08-11","20.36","20.36","20.09","20.14","6100","19.31","false"
"IPU","2010-08-10","20.69","20.69","20.48","20.64","1500","19.79","false"
"IPU","2010-08-09","20.79","20.79","20.79","20.79","400","19.93","false"
"IPU","2010-08-06","20.78","20.78","20.69","20.69","1600","19.84","false"
"IPU","2010-08-05","20.79","20.81","20.70","20.80","1300","19.94","false"
"IPU","2010-08-04","20.77","20.77","20.65","20.68","268900","19.83","false"
"IPU","2010-08-03","20.78","20.78","20.78","20.78","300","19.92","false"
"IPU","2010-08-02","20.71","20.75","20.60","20.75","2700","19.89","false"
"IPU","2010-07-30","19.97","19.97","19.97","19.97","0","19.15","false"
"IPU","2010-07-29","19.97","19.97","19.97","19.97","0","19.15","false"
"IPU","2010-07-28","20.07","20.07","19.97","19.97","300","19.15","false"
"IPU","2010-07-27","20.11","20.19","19.90","20.19","5900","19.36","false"
"IPU","2010-07-26","19.94","19.98","19.94","19.98","400","19.16","false"
"IPU","2010-07-23","19.46","19.46","19.46","19.46","0","18.66","false"
"IPU","2010-07-22","19.46","19.46","19.46","19.46","0","18.66","false"
"IPU","2010-07-21","19.46","19.46","19.46","19.46","1700","18.66","false"
"IPU","2010-07-20","19.34","19.51","19.20","19.51","2800","18.70","false"
"IPU","2010-07-19","19.55","19.55","19.39","19.51","12000","18.70","false"
"IPU","2010-07-16","19.64","19.64","19.27","19.27","2800","18.47","false"
"IPU","2010-07-15","19.64","19.64","19.64","19.64","0","18.83","false"
"IPU","2010-07-14","19.63","19.74","19.63","19.64","2100","18.83","false"
"IPU","2010-07-13","19.59","19.59","19.59","19.59","100","18.78","false"
"IPU","2010-07-12","19.41","19.48","19.32","19.48","1300","18.68","false"
"IPU","2010-07-09","19.31","19.62","19.31","19.62","1300","18.81","false"
"IPU","2010-07-08","19.58","19.58","19.58","19.58","100","18.77","false"
"IPU","2010-07-07","19.57","19.57","19.57","19.57","200","18.76","false"
"IPU","2010-07-06","19.05","19.05","18.79","18.84","9300","18.06","false"
"IPU","2010-07-02","18.88","18.88","18.71","18.72","4500","17.95","false"
"IPU","2010-07-01","18.41","18.57","18.41","18.57","300","17.80","false"
"IPU","2010-06-30","18.60","18.60","18.60","18.60","1300","17.83","false"
"IPU","2010-06-29","18.44","18.56","18.39","18.39","15000","17.63","false"
"IPU","2010-06-28","19.17","19.17","18.95","18.96","1000","18.18","false"
"IPU","2010-06-25","19.06","19.23","19.06","19.21","13200","18.42","false"
"IPU","2010-06-24","19.00","19.05","19.00","19.00","400","18.22","false"
"IPU","2010-06-23","19.20","19.35","19.20","19.28","15900","18.48","false"
"IPU","2010-06-22","19.32","19.32","19.32","19.32","0","18.52","false"
"IPU","2010-06-21","19.79","19.79","19.32","19.32","2300","18.52","false"
"IPU","2010-06-18","19.56","19.56","19.50","19.53","2000","18.72","false"
"IPU","2010-06-17","19.82","19.82","19.82","19.82","0","18.58","false"
"IPU","2010-06-16","19.82","19.82","19.82","19.82","0","18.58","false"
"IPU","2010-06-15","19.70","19.82","19.70","19.82","700","18.58","false"
"IPU","2010-06-14","19.41","19.41","19.41","19.41","200","18.20","false"
"IPU","2010-06-11","18.99","19.21","18.99","19.21","600","18.01","false"
"IPU","2010-06-10","18.99","19.23","18.99","19.23","400","18.03","false"
"IPU","2010-06-09","18.66","18.79","18.66","18.73","4900","17.56","false"
"IPU","2010-06-08","18.33","18.60","18.33","18.60","1800","17.44","false"
"IPU","2010-06-07","18.70","18.70","18.70","18.70","1100","17.53","false"
"IPU","2010-06-04","19.00","19.00","19.00","19.00","200","17.81","false"
"IPU","2010-06-03","19.17","19.18","19.17","19.18","300","17.98","false"
"IPU","2010-06-02","19.09","19.31","19.09","19.31","7400","18.10","false"
"IPU","2010-06-01","18.77","19.19","18.77","19.19","1300","17.99","false"
"IPU","2010-05-28","19.11","19.11","18.86","18.86","5400","17.68","false"
"IPU","2010-05-27","18.58","19.19","18.16","19.15","13000","17.95","false"
"IPU","2010-05-26","18.51","18.66","18.51","18.59","700","17.43","false"
"IPU","2010-05-25","18.29","18.74","18.29","18.74","2000","17.57","false"
"IPU","2010-05-24","18.83","18.83","18.83","18.83","200","17.65","false"
"IPU","2010-05-21","18.83","19.14","18.82","19.14","6800","17.94","false"
"IPU","2010-05-20","18.80","18.96","18.75","18.96","30400","17.77","false"
"IPU","2010-05-19","19.11","19.38","19.03","19.30","13300","18.09","false"
"IPU","2010-05-18","19.22","19.25","19.22","19.25","500","18.05","false"
"IPU","2010-05-17","19.34","19.34","19.31","19.31","400","18.10","false"
"IPU","2010-05-14","19.39","19.39","19.09","19.31","4700","18.10","false"
"IPU","2010-05-13","19.94","20.07","19.80","19.80","3300","18.56","false"
"IPU","2010-05-12","19.83","20.28","19.83","20.28","3500","19.01","false"
"IPU","2010-05-11","20.69","20.69","19.92","20.16","3200","18.90","false"
"IPU","2010-05-10","19.93","20.12","19.93","19.93","6000","18.68","false"
"IPU","2010-05-07","19.88","19.88","17.98","19.21","58500","18.01","false"
"IPU","2010-05-06","19.91","20.75","15.65","20.75","5100","19.45","false"
"IPU","2010-05-05","19.90","20.16","19.90","20.05","5500","18.80","false"
"IPU","2010-05-04","20.60","20.70","20.40","20.40","500","19.12","false"
"IPU","2010-05-03","20.74","20.74","20.74","20.74","0","19.44","false"
"IPU","2010-04-30","21.05","21.08","20.74","20.74","1400","19.44","false"
"IPU","2010-04-29","20.78","20.96","20.78","20.96","500","19.65","false"
"IPU","2010-04-28","20.79","20.81","20.63","20.79","8600","19.49","false"
"IPU","2010-04-27","21.34","21.34","20.87","20.87","4400","19.57","false"
"IPU","2010-04-26","21.64","21.64","21.46","21.62","5700","20.27","false"
"IPU","2010-04-23","21.37","21.68","21.37","21.68","2300","20.32","false"
"IPU","2010-04-22","21.51","21.70","21.41","21.70","4600","20.34","false"
"IPU","2010-04-21","21.90","21.90","21.87","21.87","700","20.50","false"
"IPU","2010-04-20","21.92","22.09","21.88","22.07","2800","20.69","false"
"IPU","2010-04-19","21.93","21.93","21.69","21.71","1400","20.35","false"
"IPU","2010-04-16","21.74","21.74","21.74","21.74","200","20.38","false"
"IPU","2010-04-15","22.15","22.15","22.14","22.15","1900","20.77","false"
"IPU","2010-04-14","22.18","22.18","22.18","22.18","200","20.79","false"
"IPU","2010-04-13","22.36","22.36","22.35","22.35","2300","20.95","false"
"IPU","2010-04-12","22.15","22.15","22.15","22.15","700","20.77","false"
"IPU","2010-04-09","21.85","22.18","21.85","22.15","4900","20.77","false"
"IPU","2010-04-08","21.51","21.70","21.51","21.67","700","20.32","false"
"IPU","2010-04-07","21.62","21.79","21.62","21.75","4600","20.39","false"
"IPU","2010-04-06","21.79","21.79","21.79","21.79","300","20.43","false"
"IPU","2010-04-05","21.97","22.01","21.89","21.89","1000","20.52","false"
"IPU","2010-04-01","21.88","22.06","21.84","22.02","3700","20.64","false"
"IPU","2010-03-31","21.73","21.73","21.73","21.73","0","20.37","false"
"IPU","2010-03-30","21.92","21.99","21.68","21.73","9200","20.37","false"
"IPU","2010-03-29","21.63","21.63","21.63","21.63","500","20.28","false"
"IPU","2010-03-26","21.37","21.37","21.27","21.36","1100","20.02","false"
"IPU","2010-03-25","21.59","21.61","21.20","21.20","15600","19.87","false"
"IPU","2010-03-24","21.14","21.29","21.09","21.15","2000","19.83","false"
"IPU","2010-03-23","21.48","21.60","21.48","21.58","5400","20.23","false"
"IPU","2010-03-22","21.04","21.65","21.03","21.65","1200","20.30","false"
"IPU","2010-03-19","21.81","21.81","21.56","21.61","3200","20.26","false"
"IPU","2010-03-18","22.03","22.03","21.71","21.71","600","20.35","false"
"IPU","2010-03-17","22.10","22.10","21.94","22.10","2200","20.72","false"
"IPU","2010-03-16","21.89","21.97","21.77","21.81","1100","20.45","false"
"IPU","2010-03-15","21.75","21.75","21.75","21.75","500","20.39","false"
"IPU","2010-03-12","21.85","21.96","21.77","21.79","2800","20.43","false"
"IPU","2010-03-11","21.68","21.89","21.68","21.86","2500","20.49","false"
"IPU","2010-03-10","21.76","21.76","21.59","21.59","800","20.24","false"
"IPU","2010-03-09","21.69","21.76","21.69","21.76","1100","20.40","false"
"IPU","2010-03-08","21.81","21.81","21.81","21.81","0","20.45","false"
"IPU","2010-03-05","21.71","21.84","21.55","21.81","1300","20.45","false"
"IPU","2010-03-04","21.58","21.58","21.58","21.58","400","20.23","false"
"IPU","2010-03-03","21.56","21.56","21.56","21.56","0","20.21","false"
"IPU","2010-03-02","21.62","21.62","21.56","21.56","600","20.21","false"
"IPU","2010-03-01","21.27","21.28","21.27","21.28","1000","19.95","false"
"IPU","2010-02-26","21.20","21.20","21.18","21.18","2100","19.86","false"
"IPU","2010-02-25","20.91","20.91","20.66","20.85","2200","19.55","false"
"IPU","2010-02-24","21.28","21.28","21.28","21.28","300","19.95","false"
"IPU","2010-02-23","21.22","21.22","20.92","20.92","2800","19.61","false"
"IPU","2010-02-22","21.41","21.41","21.07","21.17","4200","19.85","false"
"IPU","2010-02-19","21.05","21.05","21.05","21.05","300","19.73","false"
"IPU","2010-02-18","21.04","21.04","21.04","21.04","200","19.72","false"
"IPU","2010-02-17","21.21","21.21","21.21","21.21","200","19.88","false"
"IPU","2010-02-16","21.45","21.60","21.11","21.40","12500","20.06","false"
"IPU","2010-02-12","21.00","21.43","20.72","21.25","5500","19.92","false"
"IPU","2010-02-11","21.13","21.22","21.13","21.15","800","19.83","false"
"IPU","2010-02-10","21.35","21.35","20.79","21.23","3100","19.90","false"
"IPU","2010-02-09","21.06","21.55","20.89","21.50","3200","20.16","false"
"IPU","2010-02-08","20.87","21.00","20.85","20.88","3400","19.57","false"
"IPU","2010-02-05","20.85","21.00","20.34","21.00","9500","19.69","false"
"IPU","2010-02-04","21.48","21.48","21.12","21.12","800","19.80","false"
"IPU","2010-02-03","21.68","21.88","21.68","21.78","26100","20.42","false"
"IPU","2010-02-02","21.86","21.86","21.86","21.86","1000","20.49","false"
"IPU","2010-02-01","21.49","22.33","21.49","21.55","6500","20.20","false"
"IPU","2010-01-29","21.36","21.36","21.36","21.36","100","20.02","false"
"IPU","2010-01-28","21.53","21.72","21.25","21.69","2900","20.33","false"
"IPU","2010-01-27","21.65","21.94","21.61","21.84","1900","20.47","false"
"IPU","2010-01-26","21.77","22.36","21.65","21.77","3500","20.41","false"
"IPU","2010-01-25","22.54","22.54","22.40","22.40","5000","21.00","false"
"IPU","2010-01-22","22.52","22.53","22.00","22.08","2800","20.70","false"
"IPU","2010-01-21","22.54","22.54","22.33","22.33","2800","20.93","false"
"IPU","2010-01-20","22.93","23.00","22.50","22.50","8300","21.09","false"
"IPU","2010-01-19","23.20","23.24","23.08","23.18","20300","21.73","false"
"IPU","2010-01-15","22.85","22.85","22.85","22.85","100","21.42","false"
"IPU","2010-01-14","23.38","23.38","23.38","23.38","200","21.92","false"
"IPU","2010-01-13","23.22","23.22","23.22","23.22","0","21.77","false"
"IPU","2010-01-12","23.24","23.27","23.14","23.22","3400","21.77","false"
"IPU","2010-01-11","23.42","23.46","23.15","23.43","1800","21.97","false"
"IPU","2010-01-08","23.22","23.22","23.13","23.20","2300","21.75","false"
"IPU","2010-01-07","23.15","23.15","22.72","23.01","1900","21.57","false"
"IPU","2010-01-06","23.07","23.39","23.07","23.36","800","21.90","false"
"IPU","2010-01-05","23.10","23.10","23.10","23.10","0","21.66","false"
"IPU","2010-01-04","23.34","23.34","23.10","23.10","1700","21.66","false"
"IPU","2011-06-24","19.60","19.60","19.50","19.56","1100","19.56","false"
"IPU","2011-06-23","19.64","19.74","19.51","19.65","3700","19.65","false"
"IPU","2011-06-22","20.08","20.08","20.02","20.02","900","20.02","false"
"IPU","2011-06-21","20.11","20.18","20.11","20.18","900","20.18","false"
"IPU","2011-06-20","19.58","19.67","19.57","19.67","4700","19.67","false"
"IPU","2011-06-17","19.70","19.70","19.63","19.63","2900","19.63","false"
"IPU","2011-06-16","19.85","19.95","19.71","19.71","4500","19.27","false"
"IPU","2011-06-15","20.14","20.14","19.74","19.75","2700","19.31","false"
"IPU","2011-06-14","20.55","20.55","20.55","20.55","200","20.09","false"
"IPU","2011-06-13","19.99","19.99","19.99","19.99","200","19.54","false"
"IPU","2011-06-10","19.85","19.85","19.85","19.85","600","19.41","false"
"IPU","2011-06-09","20.38","20.38","20.38","20.38","2700","19.92","false"
"IPU","2011-06-08","20.39","20.39","20.39","20.39","0","19.93","false"
"IPU","2011-06-07","20.52","20.52","20.39","20.39","6300","19.93","false"
"IPU","2011-06-06","20.17","20.17","20.12","20.12","500","19.67","false"
"IPU","2011-06-03","20.28","20.52","20.28","20.52","400","20.06","false"
"IPU","2011-06-02","20.42","20.54","20.42","20.52","2000","20.06","false"
"IPU","2011-06-01","20.62","20.62","20.53","20.53","5600","20.07","false"
"IPU","2011-05-31","20.91","20.91","20.67","20.78","2000","20.32","false"
"IPU","2011-05-27","20.47","20.52","20.47","20.52","1100","20.06","false"
"IPU","2011-05-26","20.29","20.40","20.29","20.40","800","19.94","false"
"IPU","2011-05-25","20.23","20.23","20.23","20.23","200","19.78","false"
"IPU","2011-05-24","20.14","20.14","20.14","20.14","300","19.69","false"
"IPU","2011-05-23","19.99","19.99","19.87","19.92","1900","19.47","false"
"IPU","2011-05-20","20.59","20.59","20.59","20.59","300","20.13","false"
"IPU","2011-05-19","20.71","20.71","20.71","20.71","200","20.25","false"
"IPU","2011-05-18","20.58","20.71","20.57","20.70","2000","20.24","false"
"IPU","2011-05-17","20.52","20.61","20.40","20.54","17600","20.08","false"
"IPU","2011-05-16","20.95","20.95","20.95","20.95","0","20.48","false"
"IPU","2011-05-13","21.09","21.09","20.95","20.95","1400","20.48","false"
"IPU","2011-05-12","21.20","21.20","21.20","21.20","500","20.73","false"
"IPU","2011-05-11","21.08","21.12","21.08","21.12","300","20.65","false"
"IPU","2011-05-10","21.48","21.48","21.42","21.42","2000","20.94","false"
"IPU","2011-05-09","21.20","21.21","21.20","21.21","400","20.74","false"
"IPU","2011-05-06","21.61","21.62","21.40","21.40","1500","20.92","false"
"IPU","2011-05-05","21.66","21.67","21.45","21.55","1700","21.07","false"
"IPU","2011-05-04","21.81","21.81","21.81","21.81","300","21.32","false"
"IPU","2011-05-03","21.93","21.99","21.93","21.99","500","21.50","false"
"IPU","2011-05-02","22.02","22.05","22.02","22.05","1100","21.56","false"
"IPU","2011-04-29","22.11","22.19","22.10","22.10","500","21.61","false"
"IPU","2011-04-28","21.83","22.11","21.83","22.07","9600","21.58","false"
"IPU","2011-04-27","21.52","21.60","21.52","21.60","1700","21.12","false"
"IPU","2011-04-26","21.33","21.52","21.33","21.52","1800","21.04","false"
"IPU","2011-04-25","21.35","21.35","21.32","21.32","1900","20.84","false"
"IPU","2011-04-21","21.38","21.38","21.38","21.38","100","20.90","false"
"IPU","2011-04-20","21.21","21.42","21.21","21.42","5800","20.94","false"
"IPU","2011-04-19","20.90","20.90","20.90","20.90","0","20.43","false"
"IPU","2011-04-18","20.90","20.90","20.90","20.90","600","20.43","false"
"IPU","2011-04-15","21.20","21.20","21.20","21.20","300","20.73","false"
"IPU","2011-04-14","21.31","21.31","21.31","21.31","0","20.83","false"
"IPU","2011-04-13","21.31","21.31","21.31","21.31","0","20.83","false"
"IPU","2011-04-12","21.31","21.31","21.31","21.31","0","20.83","false"
"IPU","2011-04-11","21.31","21.31","21.31","21.31","400","20.83","false"
"IPU","2011-04-08","21.20","21.20","21.20","21.20","0","20.73","false"
"IPU","2011-04-07","21.12","21.20","21.12","21.20","600","20.73","false"
"IPU","2011-04-06","20.96","20.96","20.96","20.96","0","20.49","false"
"IPU","2011-04-05","20.80","20.96","20.80","20.96","500","20.49","false"
"IPU","2011-04-04","21.00","21.00","21.00","21.00","100","20.53","false"
"IPU","2011-04-01","20.91","21.08","20.91","21.08","5300","20.61","false"
"IPU","2011-03-31","20.87","21.05","20.87","21.05","1600","20.58","false"
"IPU","2011-03-30","20.86","20.86","20.86","20.86","0","20.39","false"
"IPU","2011-03-29","20.82","20.86","20.68","20.86","4600","20.39","false"
"IPU","2011-03-28","20.87","20.87","20.87","20.87","1000","20.40","false"
"IPU","2011-03-25","21.04","21.04","21.04","21.04","400","20.57","false"
"IPU","2011-03-24","21.10","21.10","21.10","21.10","700","20.63","false"
"IPU","2011-03-23","21.08","21.15","21.08","21.15","400","20.68","false"
"IPU","2011-03-22","21.05","21.21","21.05","21.06","3000","20.59","false"
"IPU","2011-03-21","20.84","21.12","20.84","21.07","8100","20.60","false"
"IPU","2011-03-18","20.66","20.66","20.66","20.66","200","20.20","false"
"IPU","2011-03-17","20.56","20.56","20.35","20.35","900","19.80","false"
"IPU","2011-03-16","20.13","20.13","19.59","19.59","3300","19.06","false"
"IPU","2011-03-15","20.25","20.31","20.16","20.16","5400","19.62","false"
"IPU","2011-03-14","21.00","21.00","20.83","20.91","1900","20.35","false"
"IPU","2011-03-11","21.67","21.70","21.58","21.70","1700","21.12","false"
"IPU","2011-03-10","21.96","21.96","21.96","21.96","0","21.37","false"
"IPU","2011-03-09","21.96","21.96","21.96","21.96","200","21.37","false"
"IPU","2011-03-08","21.81","21.85","21.77","21.85","2200","21.26","false"
"IPU","2011-03-07","22.10","22.10","22.05","22.05","2200","21.46","false"
"IPU","2011-03-04","22.00","22.00","22.00","22.00","200","21.41","false"
"IPU","2011-03-03","22.15","22.15","22.15","22.15","300","21.55","false"
"IPU","2011-03-02","22.15","22.15","22.15","22.15","500","21.55","false"
"IPU","2011-03-01","22.10","22.10","22.00","22.00","1600","21.41","false"
"IPU","2011-02-28","22.24","22.27","22.24","22.27","1300","21.67","false"
"IPU","2011-02-25","22.02","22.02","22.02","22.02","0","21.43","false"
"IPU","2011-02-24","22.02","22.02","22.02","22.02","200","21.43","false"
"IPU","2011-02-23","22.10","22.10","21.89","21.89","3700","21.30","false"
"IPU","2011-02-22","22.40","22.40","22.40","22.40","0","21.80","false"
"IPU","2011-02-18","22.40","22.40","22.40","22.40","100","21.80","false"
"IPU","2011-02-17","22.30","22.30","22.27","22.30","900","21.70","false"
"IPU","2011-02-16","22.08","22.22","22.04","22.22","3900","21.62","false"
"IPU","2011-02-15","21.86","21.94","21.85","21.89","3400","21.30","false"
"IPU","2011-02-14","22.00","22.00","21.97","21.97","600","21.38","false"
"IPU","2011-02-11","22.08","22.08","22.08","22.08","200","21.49","false"
"IPU","2011-02-10","22.00","22.04","22.00","22.04","5700","21.45","false"
"IPU","2011-02-09","22.19","22.19","22.11","22.11","1100","21.51","false"
"IPU","2011-02-08","22.10","22.10","22.10","22.10","0","21.50","false"
"IPU","2011-02-07","21.99","22.10","21.99","22.10","2400","21.50","false"
"IPU","2011-02-04","21.87","22.02","21.87","22.02","3300","21.43","false"
"IPU","2011-02-03","21.91","21.91","21.73","21.77","3400","21.18","false"
"IPU","2011-02-02","22.18","22.18","22.18","22.18","0","21.58","false"
"IPU","2011-02-01","22.00","22.22","22.00","22.18","900","21.58","false"
"IPU","2011-01-31","21.66","21.66","21.66","21.66","100","21.08","false"
"IPU","2011-01-28","21.78","21.78","21.43","21.43","3600","20.85","false"
"IPU","2011-01-27","21.79","21.79","21.79","21.79","300","21.20","false"
"IPU","2011-01-26","21.79","21.79","21.79","21.79","0","21.20","false"
"IPU","2011-01-25","21.82","21.85","21.73","21.79","1500","21.20","false"
"IPU","2011-01-24","22.00","22.00","21.98","21.99","700","21.40","false"
"IPU","2011-01-21","21.87","21.90","21.83","21.90","500","21.31","false"
"IPU","2011-01-20","21.60","21.68","21.60","21.62","4600","21.04","false"
"IPU","2011-01-19","21.54","21.54","21.54","21.54","0","20.96","false"
"IPU","2011-01-18","21.52","21.54","21.48","21.54","2100","20.96","false"
"IPU","2011-01-14","21.05","21.13","21.05","21.13","1000","20.56","false"
"IPU","2011-01-13","20.98","21.18","20.98","21.16","1700","20.59","false"
"IPU","2011-01-12","20.68","20.72","20.68","20.72","2000","20.16","false"
"IPU","2011-01-11","20.34","20.37","20.28","20.28","1800","19.73","false"
"IPU","2011-01-10","20.28","20.30","20.19","20.27","3300","19.72","false"
"IPU","2011-01-07","20.58","20.58","20.41","20.41","1000","19.86","false"
"IPU","2011-01-06","20.68","20.68","20.50","20.50","2300","19.95","false"
"IPU","2011-01-05","20.71","20.83","20.66","20.66","500","20.10","false"
"IPU","2011-01-04","21.04","21.04","21.04","21.04","0","20.47","false"
"IPU","2011-01-03","20.94","21.04","20.94","21.04","1900","20.47","false"
