"JJN","2007-12-31","41.05","41.15","41.05","41.15","8000","41.15","false"
"JJN","2007-12-28","41.50","41.54","41.50","41.54","400","41.54","false"
"JJN","2007-12-27","42.77","42.77","42.50","42.66","700","42.66","false"
"JJN","2007-12-26","42.55","42.64","42.46","42.46","6800","42.46","false"
"JJN","2007-12-24","42.40","42.40","42.40","42.40","200","42.40","false"
"JJN","2007-12-21","42.35","42.48","42.35","42.48","200","42.48","false"
"JJN","2007-12-20","41.88","41.88","41.13","41.13","1800","41.13","false"
"JJN","2007-12-19","41.66","41.75","41.66","41.74","3900","41.74","false"
"JJN","2007-12-18","40.78","40.78","40.71","40.71","1100","40.71","false"
"JJN","2007-12-17","40.50","40.50","40.22","40.22","3400","40.22","false"
"JJN","2007-12-14","37.00","41.58","37.00","41.37","1900","41.37","false"
"JJN","2007-12-13","40.58","40.58","40.32","40.32","1000","40.32","false"
"JJN","2007-12-12","41.65","41.65","41.65","41.65","0","41.65","false"
"JJN","2007-12-11","41.65","42.00","41.65","41.65","300","41.65","false"
"JJN","2007-12-10","41.49","41.49","41.18","41.18","1400","41.18","false"
"JJN","2007-12-07","42.05","42.89","42.05","42.81","800","42.81","false"
"JJN","2007-12-06","40.55","41.26","40.55","41.26","18300","41.26","false"
"JJN","2007-12-05","40.43","40.57","40.43","40.57","2700","40.57","false"
"JJN","2007-12-04","40.68","40.68","39.85","40.60","5300","40.60","false"
"JJN","2007-12-03","42.33","42.33","42.33","42.33","0","42.33","false"
"JJN","2007-11-30","42.25","42.33","42.25","42.33","2600","42.33","false"
"JJN","2007-11-29","44.10","44.10","42.42","42.42","400","42.42","false"
"JJN","2007-11-28","44.20","44.20","44.02","44.08","500","44.08","false"
"JJN","2007-11-27","45.00","45.22","44.85","45.05","5500","45.05","false"
"JJN","2007-11-26","45.27","45.61","45.27","45.61","4100","45.61","false"
"JJN","2007-11-23","45.25","45.93","44.89","45.93","500","45.93","false"
"JJN","2007-11-21","47.05","47.05","46.75","46.75","600","46.75","false"
"JJN","2007-11-20","48.16","48.16","48.16","48.16","100","48.16","false"
"JJN","2007-11-19","49.55","49.55","44.85","47.29","2000","47.29","false"
"JJN","2007-11-16","49.76","49.76","49.40","49.54","8000","49.54","false"
"JJN","2007-11-15","51.57","51.57","49.70","49.70","4500","49.70","false"
"JJN","2007-11-14","53.24","53.28","52.71","52.97","11200","52.97","false"
"JJN","2007-11-13","53.45","53.45","52.97","52.97","2100","52.97","false"
"JJN","2007-11-12","53.32","53.98","52.86","53.36","12700","53.36","false"
"JJN","2007-11-09","51.88","53.58","51.88","53.58","7400","53.58","false"
"JJN","2007-11-08","50.85","51.58","50.19","51.46","15900","51.46","false"
"JJN","2007-11-07","51.00","51.15","50.90","50.90","1300","50.90","false"
"JJN","2007-11-06","50.50","51.28","50.48","50.94","8800","50.94","false"
"JJN","2007-11-05","49.98","50.19","49.79","50.19","18300","50.19","false"
"JJN","2007-11-02","51.03","51.03","50.51","50.77","21300","50.77","false"
"JJN","2007-11-01","50.82","50.82","50.44","50.52","2500","50.52","false"
"JJN","2007-10-31","49.67","50.82","49.67","50.82","6800","50.82","false"
"JJN","2007-10-30","49.57","49.57","49.57","49.57","4000","49.57","false"
"JJN","2007-10-29","49.76","50.04","49.68","50.04","3300","50.04","false"
"JJN","2007-10-26","50.07","50.07","50.07","50.07","8000","50.07","false"
"JJN","2007-10-25","48.78","48.78","48.78","48.78","0","48.78","false"
"JJN","2008-12-31","17.69","18.27","17.34","17.98","2000","17.98","false"
"JJN","2008-12-30","15.60","16.39","15.60","16.39","1400","16.39","false"
"JJN","2008-12-29","14.75","15.10","14.75","15.10","1800","15.10","false"
"JJN","2008-12-26","15.12","15.12","15.12","15.12","0","15.12","false"
"JJN","2008-12-24","15.12","15.12","15.12","15.12","0","15.12","false"
"JJN","2008-12-23","15.01","15.14","15.01","15.12","5100","15.12","false"
"JJN","2008-12-22","15.34","15.58","15.31","15.34","900","15.34","false"
"JJN","2008-12-19","14.87","15.90","14.87","15.84","4000","15.84","false"
"JJN","2008-12-18","14.53","14.92","14.53","14.74","4400","14.74","false"
"JJN","2008-12-17","15.21","15.30","15.10","15.20","4100","15.20","false"
"JJN","2008-12-16","14.88","15.51","14.46","14.88","4400","14.88","false"
"JJN","2008-12-15","15.88","15.88","15.48","15.55","700","15.55","false"
"JJN","2008-12-12","16.09","16.21","16.00","16.15","1800","16.15","false"
"JJN","2008-12-11","15.99","17.19","15.99","16.68","3900","16.68","false"
"JJN","2008-12-10","14.45","14.45","14.45","14.45","600","14.45","false"
"JJN","2008-12-09","14.37","14.37","14.37","14.37","100","14.37","false"
"JJN","2008-12-08","14.35","14.37","14.23","14.23","2100","14.23","false"
"JJN","2008-12-05","14.34","14.34","14.34","14.34","300","14.34","false"
"JJN","2008-12-04","14.39","14.39","13.80","13.80","900","13.80","false"
"JJN","2008-12-03","14.40","14.40","14.20","14.24","1800","14.24","false"
"JJN","2008-12-02","14.72","14.80","14.72","14.80","800","14.80","false"
"JJN","2008-12-01","15.30","15.34","14.85","14.85","7900","14.85","false"
"JJN","2008-11-28","15.32","15.33","14.98","15.31","7600","15.31","false"
"JJN","2008-11-26","16.22","16.29","16.22","16.29","700","16.29","false"
"JJN","2008-11-25","15.60","16.24","15.37","16.24","19200","16.24","false"
"JJN","2008-11-24","15.74","16.17","15.74","16.13","2000","16.13","false"
"JJN","2008-11-21","15.43","15.48","14.98","15.48","5200","15.48","false"
"JJN","2008-11-20","15.19","15.19","14.90","15.07","10400","15.07","false"
"JJN","2008-11-19","15.82","16.01","15.70","15.91","8800","15.91","false"
"JJN","2008-11-18","15.93","16.08","15.93","16.08","400","16.08","false"
"JJN","2008-11-17","16.60","16.60","16.47","16.47","1000","16.47","false"
"JJN","2008-11-14","16.95","17.00","16.74","16.74","3100","16.74","false"
"JJN","2008-11-13","16.27","17.54","16.27","17.36","1700","17.36","false"
"JJN","2008-11-12","16.41","16.60","16.33","16.33","2200","16.33","false"
"JJN","2008-11-11","17.00","17.00","16.22","16.22","1800","16.22","false"
"JJN","2008-11-10","17.31","17.40","17.01","17.40","1400","17.40","false"
"JJN","2008-11-07","17.94","17.94","16.75","16.75","2500","16.75","false"
"JJN","2008-11-06","18.56","18.56","17.65","17.65","600","17.65","false"
"JJN","2008-11-05","19.82","19.82","18.95","18.95","2200","18.95","false"
"JJN","2008-11-04","17.96","19.72","17.96","19.72","3900","19.72","false"
"JJN","2008-11-03","18.14","18.22","17.92","18.15","4400","18.15","false"
"JJN","2008-10-31","17.49","19.29","17.49","19.29","2100","19.29","false"
"JJN","2008-10-30","20.05","20.05","18.01","18.17","6000","18.17","false"
"JJN","2008-10-29","19.82","20.06","19.60","20.06","2300","20.06","false"
"JJN","2008-10-28","20.09","20.09","17.70","18.26","7400","18.26","false"
"JJN","2008-10-27","15.21","17.39","15.21","17.39","1600","17.39","false"
"JJN","2008-10-24","15.50","15.50","15.00","15.00","1800","15.00","false"
"JJN","2008-10-23","14.31","14.57","13.96","14.56","3500","14.56","false"
"JJN","2008-10-22","16.60","16.60","14.71","15.02","1700","15.02","false"
"JJN","2008-10-21","16.63","16.63","16.57","16.57","600","16.57","false"
"JJN","2008-10-20","16.22","16.22","16.19","16.19","1000","16.19","false"
"JJN","2008-10-17","16.21","16.21","15.72","15.72","1900","15.72","false"
"JJN","2008-10-16","16.61","17.00","16.61","16.98","1300","16.98","false"
"JJN","2008-10-15","18.81","18.82","18.07","18.07","1400","18.07","false"
"JJN","2008-10-14","20.70","20.70","20.70","20.70","200","20.70","false"
"JJN","2008-10-13","19.59","19.75","19.38","19.38","1400","19.38","false"
"JJN","2008-10-10","17.62","18.66","16.10","18.60","8900","18.60","false"
"JJN","2008-10-09","20.56","20.56","20.10","20.10","3500","20.10","false"
"JJN","2008-10-08","21.20","21.20","19.87","20.35","9800","20.35","false"
"JJN","2008-10-07","22.00","22.00","21.87","21.87","800","21.87","false"
"JJN","2008-10-06","22.30","22.53","21.27","21.68","9600","21.68","false"
"JJN","2008-10-03","23.47","23.93","23.47","23.93","400","23.93","false"
"JJN","2008-10-02","24.35","24.35","23.43","23.43","6700","23.43","false"
"JJN","2008-10-01","24.82","25.09","24.79","24.79","2600","24.79","false"
"JJN","2008-09-30","24.65","24.90","24.63","24.90","4900","24.90","false"
"JJN","2008-09-29","26.09","26.17","25.37","25.37","2000","25.37","false"
"JJN","2008-09-26","26.38","26.46","26.37","26.41","1800","26.41","false"
"JJN","2008-09-25","26.66","26.66","26.66","26.66","100","26.66","false"
"JJN","2008-09-24","26.48","26.49","26.48","26.49","200","26.49","false"
"JJN","2008-09-23","26.84","26.84","26.44","26.44","2700","26.44","false"
"JJN","2008-09-22","26.10","27.30","26.10","27.30","1600","27.30","false"
"JJN","2008-09-19","26.00","26.94","25.83","26.94","800","26.94","false"
"JJN","2008-09-18","26.50","26.51","25.68","26.08","5700","26.08","false"
"JJN","2008-09-17","27.20","27.20","25.90","25.94","9300","25.94","false"
"JJN","2008-09-16","27.27","27.80","26.42","26.42","5600","26.42","false"
"JJN","2008-09-15","27.87","28.40","27.87","28.40","2200","28.40","false"
"JJN","2008-09-12","29.20","30.16","29.20","29.70","1900","29.70","false"
"JJN","2008-09-11","29.28","29.28","28.88","28.89","1000","28.89","false"
"JJN","2008-09-10","28.85","28.90","28.55","28.87","16600","28.87","false"
"JJN","2008-09-09","28.81","28.96","28.74","28.89","18000","28.89","false"
"JJN","2008-09-08","28.80","29.37","28.80","29.37","300","29.37","false"
"JJN","2008-09-05","29.29","29.29","28.81","29.05","8800","29.05","false"
"JJN","2008-09-04","31.13","31.13","30.00","30.00","800","30.00","false"
"JJN","2008-09-03","30.44","30.66","30.24","30.49","150700","30.49","false"
"JJN","2008-09-02","30.66","31.04","30.41","30.41","7100","30.41","false"
"JJN","2008-08-29","32.18","32.18","31.64","31.99","15100","31.99","false"
"JJN","2008-08-28","32.46","32.46","31.69","32.01","67800","32.01","false"
"JJN","2008-08-27","31.81","32.67","31.81","32.67","2200","32.67","false"
"JJN","2008-08-26","31.44","31.50","31.11","31.45","73900","31.45","false"
"JJN","2008-08-25","32.47","32.79","32.32","32.32","6800","32.32","false"
"JJN","2008-08-22","33.14","33.14","31.80","32.44","8100","32.44","false"
"JJN","2008-08-21","32.71","33.84","32.71","33.10","9400","33.10","false"
"JJN","2008-08-20","30.97","31.80","30.75","31.23","10200","31.23","false"
"JJN","2008-08-19","29.06","30.18","28.93","29.90","6400","29.90","false"
"JJN","2008-08-18","28.56","28.56","28.24","28.40","27300","28.40","false"
"JJN","2008-08-15","28.92","29.08","28.51","28.85","9600","28.85","false"
"JJN","2008-08-14","30.50","30.50","29.49","29.49","1000","29.49","false"
"JJN","2008-08-13","28.21","30.48","28.21","29.74","10600","29.74","false"
"JJN","2008-08-12","27.73","28.15","27.29","27.97","10200","27.97","false"
"JJN","2008-08-11","27.84","28.45","27.77","27.77","3100","27.77","false"
"JJN","2008-08-08","28.30","28.52","27.80","27.84","13100","27.84","false"
"JJN","2008-08-07","28.58","29.38","28.58","28.91","9400","28.91","false"
"JJN","2008-08-06","26.95","27.77","26.95","27.72","3100","27.72","false"
"JJN","2008-08-05","27.56","27.56","26.85","27.24","8600","27.24","false"
"JJN","2008-08-04","28.70","28.70","28.70","28.70","0","28.70","false"
"JJN","2008-08-01","28.83","29.07","28.54","28.70","12400","28.70","false"
"JJN","2008-07-31","28.78","28.85","28.72","28.78","11800","28.78","false"
"JJN","2008-07-30","28.96","29.35","28.96","29.34","3700","29.34","false"
"JJN","2008-07-29","29.18","29.18","28.41","28.42","5800","28.42","false"
"JJN","2008-07-28","29.20","29.51","29.20","29.51","2800","29.51","false"
"JJN","2008-07-25","28.69","28.77","28.30","28.77","3100","28.77","false"
"JJN","2008-07-24","30.23","30.23","29.31","29.56","4900","29.56","false"
"JJN","2008-07-23","31.54","31.54","30.95","30.95","4000","30.95","false"
"JJN","2008-07-22","31.89","32.06","31.89","31.90","1400","31.90","false"
"JJN","2008-07-21","32.08","32.28","32.08","32.10","800","32.10","false"
"JJN","2008-07-18","32.03","32.03","32.03","32.03","300","32.03","false"
"JJN","2008-07-17","31.73","32.42","31.73","32.15","2100","32.15","false"
"JJN","2008-07-16","32.11","32.28","31.92","31.97","19900","31.97","false"
"JJN","2008-07-15","32.61","32.61","32.13","32.43","16600","32.43","false"
"JJN","2008-07-14","33.00","33.00","32.29","32.50","2600","32.50","false"
"JJN","2008-07-11","34.07","34.07","33.55","33.62","500","33.62","false"
"JJN","2008-07-10","34.92","34.92","33.75","33.75","14000","33.75","false"
"JJN","2008-07-09","32.67","33.79","32.67","33.61","13300","33.61","false"
"JJN","2008-07-08","32.23","32.23","32.10","32.14","5200","32.14","false"
"JJN","2008-07-07","32.44","32.96","32.41","32.64","2600","32.64","false"
"JJN","2008-07-03","32.73","32.73","32.15","32.51","15000","32.51","false"
"JJN","2008-07-02","32.99","33.43","32.73","33.17","6100","33.17","false"
"JJN","2008-07-01","34.17","34.20","33.56","33.56","4700","33.56","false"
"JJN","2008-06-30","33.96","34.29","33.70","34.11","4400","34.11","false"
"JJN","2008-06-27","33.94","34.09","33.86","33.86","13200","33.86","false"
"JJN","2008-06-26","34.90","34.90","33.99","34.15","5500","34.15","false"
"JJN","2008-06-25","33.98","34.02","33.78","34.00","1800","34.00","false"
"JJN","2008-06-24","33.92","33.92","33.34","33.61","5800","33.61","false"
"JJN","2008-06-23","34.65","34.65","33.95","34.26","9600","34.26","false"
"JJN","2008-06-20","35.27","35.27","35.11","35.13","13200","35.13","false"
"JJN","2008-06-19","35.93","35.93","34.62","34.83","22200","34.83","false"
"JJN","2008-06-18","37.59","37.59","35.88","36.33","19800","36.33","false"
"JJN","2008-06-17","37.20","37.65","37.08","37.36","20100","37.36","false"
"JJN","2008-06-16","37.10","37.73","36.83","37.58","49000","37.58","false"
"JJN","2008-06-13","38.05","38.05","37.31","37.50","16400","37.50","false"
"JJN","2008-06-12","37.48","38.61","37.48","38.23","21100","38.23","false"
"JJN","2008-06-11","35.84","36.40","35.67","36.15","13200","36.15","false"
"JJN","2008-06-10","35.11","36.01","34.95","35.70","13300","35.70","false"
"JJN","2008-06-09","33.69","34.50","33.48","34.30","21900","34.30","false"
"JJN","2008-06-06","35.71","35.71","34.07","34.49","10200","34.49","false"
"JJN","2008-06-05","35.55","35.64","35.52","35.63","7900","35.63","false"
"JJN","2008-06-04","34.84","35.49","34.78","35.35","32300","35.35","false"
"JJN","2008-06-03","34.92","35.24","34.75","34.78","34700","34.78","false"
"JJN","2008-06-02","34.07","34.69","33.94","34.65","6800","34.65","false"
"JJN","2008-05-30","34.47","34.47","33.33","34.30","94800","34.30","false"
"JJN","2008-05-29","34.77","34.99","34.49","34.59","7500","34.59","false"
"JJN","2008-05-28","35.88","36.17","35.01","35.45","11900","35.45","false"
"JJN","2008-05-27","35.94","36.50","35.76","36.50","10000","36.50","false"
"JJN","2008-05-23","36.61","37.84","36.60","37.69","21300","37.69","false"
"JJN","2008-05-22","38.59","38.59","36.36","36.85","35000","36.85","false"
"JJN","2008-05-21","40.05","40.12","38.89","39.06","19700","39.06","false"
"JJN","2008-05-20","40.54","40.64","40.47","40.47","2400","40.47","false"
"JJN","2008-05-19","40.84","40.85","40.53","40.70","15500","40.70","false"
"JJN","2008-05-16","41.57","41.57","41.00","41.26","7600","41.26","false"
"JJN","2008-05-15","41.44","41.48","41.09","41.31","16200","41.31","false"
"JJN","2008-05-14","41.70","41.70","41.46","41.46","11900","41.46","false"
"JJN","2008-05-13","41.81","42.26","41.81","42.19","18500","42.19","false"
"JJN","2008-05-12","41.62","41.85","41.44","41.54","10300","41.54","false"
"JJN","2008-05-09","42.05","42.05","41.43","41.79","15400","41.79","false"
"JJN","2008-05-08","43.63","43.63","42.55","42.68","10500","42.68","false"
"JJN","2008-05-07","44.28","44.52","44.28","44.41","1600","44.41","false"
"JJN","2008-05-06","44.94","45.08","44.74","44.74","4600","44.74","false"
"JJN","2008-05-05","44.80","45.10","44.80","44.86","3100","44.86","false"
"JJN","2008-05-02","43.78","44.38","43.50","44.38","13700","44.38","false"
"JJN","2008-05-01","44.50","44.50","44.21","44.34","49600","44.34","false"
"JJN","2008-04-30","45.56","45.77","44.67","44.69","13600","44.69","false"
"JJN","2008-04-29","44.88","45.09","44.68","44.80","9900","44.80","false"
"JJN","2008-04-28","45.61","45.80","45.42","45.68","10400","45.68","false"
"JJN","2008-04-25","45.62","46.28","45.62","45.95","24000","45.95","false"
"JJN","2008-04-24","44.70","45.34","44.70","45.18","2700","45.18","false"
"JJN","2008-04-23","44.70","45.43","44.51","44.93","13200","44.93","false"
"JJN","2008-04-22","44.99","45.27","44.72","44.87","12600","44.87","false"
"JJN","2008-04-21","45.00","45.08","44.16","44.43","11900","44.43","false"
"JJN","2008-04-18","46.11","46.11","44.87","45.25","10700","45.25","false"
"JJN","2008-04-17","46.35","46.37","45.81","45.91","4400","45.91","false"
"JJN","2008-04-16","46.96","47.25","46.40","46.84","14600","46.84","false"
"JJN","2008-04-15","44.91","45.38","44.91","45.28","17700","45.28","false"
"JJN","2008-04-14","45.50","45.50","45.05","45.11","9500","45.11","false"
"JJN","2008-04-11","45.01","45.01","44.53","44.75","4200","44.75","false"
"JJN","2008-04-10","46.27","46.27","45.21","45.21","10300","45.21","false"
"JJN","2008-04-09","45.89","46.36","45.89","46.36","3300","46.36","false"
"JJN","2008-04-08","45.00","45.00","44.86","44.95","2400","44.95","false"
"JJN","2008-04-07","45.49","45.52","45.00","45.52","9300","45.52","false"
"JJN","2008-04-04","45.00","46.07","45.00","45.66","27700","45.66","false"
"JJN","2008-04-03","44.97","45.30","44.87","45.30","3200","45.30","false"
"JJN","2008-04-02","45.39","45.42","44.60","44.98","15300","44.98","false"
"JJN","2008-04-01","45.68","46.12","45.24","45.86","4000","45.86","false"
"JJN","2008-03-31","47.40","47.40","46.44","46.76","4700","46.76","false"
"JJN","2008-03-28","48.32","48.80","47.48","47.48","16900","47.48","false"
"JJN","2008-03-27","47.87","49.57","47.87","49.25","11800","49.25","false"
"JJN","2008-03-26","46.29","47.05","46.29","46.50","2900","46.50","false"
"JJN","2008-03-25","46.14","46.75","46.10","46.10","1300","46.10","false"
"JJN","2008-03-24","44.49","44.88","44.14","44.62","5400","44.62","false"
"JJN","2008-03-20","44.38","44.91","44.34","44.60","14300","44.60","false"
"JJN","2008-03-19","47.08","47.08","45.52","45.64","12800","45.64","false"
"JJN","2008-03-18","47.16","47.80","46.93","47.11","4600","47.11","false"
"JJN","2008-03-17","49.79","49.79","46.95","47.09","13400","47.09","false"
"JJN","2008-03-14","51.87","51.87","50.76","51.68","9700","51.68","false"
"JJN","2008-03-13","50.89","51.41","50.14","50.46","11200","50.46","false"
"JJN","2008-03-12","48.32","49.95","48.32","49.81","10700","49.81","false"
"JJN","2008-03-11","50.50","50.50","48.26","48.32","26500","48.32","false"
"JJN","2008-03-10","51.67","51.88","50.50","50.57","15700","50.57","false"
"JJN","2008-03-07","51.84","52.88","51.76","52.39","7900","52.39","false"
"JJN","2008-03-06","52.57","52.83","51.25","51.50","30800","51.50","false"
"JJN","2008-03-05","51.10","53.23","51.03","53.07","9400","53.07","false"
"JJN","2008-03-04","52.57","52.80","50.89","51.41","30200","51.41","false"
"JJN","2008-03-03","51.78","53.46","49.15","52.98","84600","52.98","false"
"JJN","2008-02-29","50.03","50.03","49.19","49.69","12500","49.69","false"
"JJN","2008-02-28","48.31","49.22","48.31","48.68","8100","48.68","false"
"JJN","2008-02-27","45.82","46.10","45.67","45.90","6000","45.90","false"
"JJN","2008-02-26","43.97","44.17","43.67","44.13","2500","44.13","false"
"JJN","2008-02-25","44.89","44.93","44.24","44.30","20500","44.30","false"
"JJN","2008-02-22","45.18","45.18","44.72","44.84","4200","44.84","false"
"JJN","2008-02-21","45.20","45.73","45.20","45.34","2100","45.34","false"
"JJN","2008-02-20","43.88","44.02","43.88","44.02","15100","44.02","false"
"JJN","2008-02-19","44.07","44.21","44.07","44.21","600","44.21","false"
"JJN","2008-02-15","43.41","43.56","42.83","42.83","4800","42.83","false"
"JJN","2008-02-14","43.53","43.69","43.52","43.69","1200","43.69","false"
"JJN","2008-02-13","43.96","43.96","43.96","43.96","0","43.96","false"
"JJN","2008-02-12","43.93","44.22","43.93","43.96","800","43.96","false"
"JJN","2008-02-11","44.01","44.19","44.01","44.19","12000","44.19","false"
"JJN","2008-02-08","43.37","44.65","43.37","43.91","4800","43.91","false"
"JJN","2008-02-07","42.29","43.11","42.29","42.98","12000","42.98","false"
"JJN","2008-02-06","41.33","42.35","41.20","42.35","5600","42.35","false"
"JJN","2008-02-05","41.90","41.95","41.90","41.95","1100","41.95","false"
"JJN","2008-02-04","42.84","42.84","42.34","42.71","5500","42.71","false"
"JJN","2008-02-01","44.19","44.19","43.27","43.27","2100","43.27","false"
"JJN","2008-01-31","42.75","43.18","42.72","43.18","6800","43.18","false"
"JJN","2008-01-30","43.35","43.35","42.86","42.91","2300","42.91","false"
"JJN","2008-01-29","43.45","43.45","43.45","43.45","1000","43.45","false"
"JJN","2008-01-28","42.24","42.24","42.24","42.24","0","42.24","false"
"JJN","2008-01-25","42.69","42.69","42.24","42.24","300","42.24","false"
"JJN","2008-01-24","42.14","42.14","42.14","42.14","0","42.14","false"
"JJN","2008-01-23","42.19","42.19","42.14","42.14","300","42.14","false"
"JJN","2008-01-22","43.40","43.40","42.09","43.00","20100","43.00","false"
"JJN","2008-01-18","43.69","44.88","43.69","44.88","300","44.88","false"
"JJN","2008-01-17","43.62","43.62","43.22","43.37","1100","43.37","false"
"JJN","2008-01-16","44.13","44.26","43.70","43.76","1100","43.76","false"
"JJN","2008-01-15","45.39","45.55","44.35","44.79","1400","44.79","false"
"JJN","2008-01-14","46.53","46.53","45.08","45.92","7900","45.92","false"
"JJN","2008-01-11","44.71","44.83","44.55","44.83","900","44.83","false"
"JJN","2008-01-10","44.77","45.35","44.74","45.17","1600","45.17","false"
"JJN","2008-01-09","46.07","46.74","46.07","46.74","2200","46.74","false"
"JJN","2008-01-08","46.04","46.98","46.04","46.98","2100","46.98","false"
"JJN","2008-01-07","44.55","44.55","43.89","44.32","2200","44.32","false"
"JJN","2008-01-04","46.38","46.58","44.02","44.23","10300","44.23","false"
"JJN","2008-01-03","45.48","46.02","45.48","45.91","800","45.91","false"
"JJN","2008-01-02","41.84","42.64","41.60","42.64","14400","42.64","false"
"JJN","2009-12-31","28.00","28.30","27.73","27.74","7000","27.74","false"
"JJN","2009-12-30","28.46","28.46","28.00","28.46","7700","28.46","false"
"JJN","2009-12-29","28.55","28.71","28.36","28.71","2900","28.71","false"
"JJN","2009-12-28","28.90","29.00","28.35","28.50","7800","28.50","false"
"JJN","2009-12-24","27.88","28.39","27.88","28.27","7600","28.27","false"
"JJN","2009-12-23","27.23","27.49","26.90","27.42","14400","27.42","false"
"JJN","2009-12-22","27.99","27.99","26.37","26.37","2100","26.37","false"
"JJN","2009-12-21","26.22","26.75","26.22","26.66","9200","26.66","false"
"JJN","2009-12-18","25.58","25.58","25.47","25.58","3600","25.58","false"
"JJN","2009-12-17","25.70","25.74","25.33","25.37","5800","25.37","false"
"JJN","2009-12-16","25.74","26.05","25.60","25.97","8900","25.97","false"
"JJN","2009-12-15","24.95","25.31","24.95","25.31","1400","25.31","false"
"JJN","2009-12-14","25.14","25.14","24.91","25.13","7100","25.13","false"
"JJN","2009-12-11","24.48","24.90","24.48","24.90","3300","24.90","false"
"JJN","2009-12-10","24.93","24.93","24.19","24.33","3000","24.33","false"
"JJN","2009-12-09","24.24","24.61","23.70","24.49","31500","24.49","false"
"JJN","2009-12-08","23.79","23.95","23.79","23.95","1900","23.95","false"
"JJN","2009-12-07","23.71","24.09","22.96","24.09","11500","24.09","false"
"JJN","2009-12-04","24.29","24.36","23.79","23.94","1700","23.94","false"
"JJN","2009-12-03","24.27","24.27","23.64","23.74","37900","23.74","false"
"JJN","2009-12-02","24.54","24.59","24.30","24.31","4100","24.31","false"
"JJN","2009-12-01","24.46","24.51","24.20","24.40","5800","24.40","false"
"JJN","2009-11-30","24.25","24.43","23.99","24.42","9800","24.42","false"
"JJN","2009-11-27","25.26","25.26","23.82","24.35","10400","24.35","false"
"JJN","2009-11-25","24.93","25.60","24.85","25.59","5500","25.59","false"
"JJN","2009-11-24","25.00","25.00","24.44","24.75","7300","24.75","false"
"JJN","2009-11-23","25.21","25.31","25.11","25.15","5300","25.15","false"
"JJN","2009-11-20","25.33","25.33","24.79","25.02","6600","25.02","false"
"JJN","2009-11-19","25.29","25.50","25.00","25.50","3000","25.50","false"
"JJN","2009-11-18","25.80","25.80","25.50","25.67","4700","25.67","false"
"JJN","2009-11-17","25.87","25.87","25.00","25.09","9800","25.09","false"
"JJN","2009-11-16","24.29","25.21","24.29","25.21","18300","25.21","false"
"JJN","2009-11-13","24.50","24.50","23.25","24.20","10600","24.20","false"
"JJN","2009-11-12","24.77","24.77","23.84","24.07","10500","24.07","false"
"JJN","2009-11-11","25.35","25.35","25.15","25.29","15600","25.29","false"
"JJN","2009-11-10","25.96","25.96","25.00","25.20","22300","25.20","false"
"JJN","2009-11-09","26.09","26.15","25.84","25.96","16100","25.96","false"
"JJN","2009-11-06","26.74","26.74","25.77","25.83","6100","25.83","false"
"JJN","2009-11-05","26.68","26.68","26.35","26.47","8700","26.47","false"
"JJN","2009-11-04","27.15","27.28","26.70","26.80","4200","26.80","false"
"JJN","2009-11-03","26.82","27.03","26.64","27.02","3200","27.02","false"
"JJN","2009-11-02","27.03","27.19","26.77","26.90","20600","26.90","false"
"JJN","2009-10-30","27.25","27.30","27.08","27.26","9800","27.26","false"
"JJN","2009-10-29","27.23","27.89","27.23","27.85","23900","27.85","false"
"JJN","2009-10-28","27.76","27.76","26.30","26.59","22900","26.59","false"
"JJN","2009-10-27","27.83","28.13","27.10","27.76","4400","27.76","false"
"JJN","2009-10-26","28.79","28.80","27.83","27.83","5400","27.83","false"
"JJN","2009-10-23","29.20","29.21","28.22","28.48","3500","28.48","false"
"JJN","2009-10-22","29.01","29.01","28.55","28.67","1900","28.67","false"
"JJN","2009-10-21","28.64","29.49","28.64","29.29","3700","29.29","false"
"JJN","2009-10-20","28.67","28.67","28.15","28.18","19000","28.18","false"
"JJN","2009-10-19","28.40","28.87","28.34","28.65","8400","28.65","false"
"JJN","2009-10-16","27.91","27.91","27.77","27.89","1900","27.89","false"
"JJN","2009-10-15","27.75","28.35","27.75","28.06","14300","28.06","false"
"JJN","2009-10-14","27.95","27.95","27.27","27.87","12100","27.87","false"
"JJN","2009-10-13","27.37","27.56","27.24","27.40","14300","27.40","false"
"JJN","2009-10-12","28.58","28.58","28.00","28.10","3800","28.10","false"
"JJN","2009-10-09","28.61","28.61","27.80","28.04","18000","28.04","false"
"JJN","2009-10-08","28.46","29.17","28.44","29.06","19600","29.06","false"
"JJN","2009-10-07","27.42","28.10","27.42","27.87","23600","27.87","false"
"JJN","2009-10-06","26.74","27.19","26.74","27.18","15500","27.18","false"
"JJN","2009-10-05","25.82","26.40","25.82","26.32","6600","26.32","false"
"JJN","2009-10-02","25.73","26.32","25.52","25.80","10600","25.80","false"
"JJN","2009-10-01","26.44","26.47","25.99","26.18","26700","26.18","false"
"JJN","2009-09-30","25.50","26.70","25.50","26.56","24300","26.56","false"
"JJN","2009-09-29","24.86","25.57","24.86","25.35","26100","25.35","false"
"JJN","2009-09-28","24.56","24.97","24.56","24.87","28700","24.87","false"
"JJN","2009-09-25","25.15","25.36","24.99","25.20","24300","25.20","false"
"JJN","2009-09-24","26.50","26.50","25.25","25.36","115000","25.36","false"
"JJN","2009-09-23","27.25","27.25","25.00","26.62","31700","26.62","false"
"JJN","2009-09-22","25.80","27.08","25.80","27.08","35200","27.08","false"
"JJN","2009-09-21","25.20","26.18","25.11","25.68","44000","25.68","false"
"JJN","2009-09-18","25.42","26.15","25.38","26.15","4400","26.15","false"
"JJN","2009-09-17","27.20","27.20","25.75","26.09","26100","26.09","false"
"JJN","2009-09-16","25.98","26.32","25.90","26.17","24500","26.17","false"
"JJN","2009-09-15","25.27","25.71","24.92","25.62","33000","25.62","false"
"JJN","2009-09-14","24.86","25.15","24.27","25.02","17700","25.02","false"
"JJN","2009-09-11","25.36","26.12","24.93","25.28","21400","25.28","false"
"JJN","2009-09-10","26.32","26.32","25.00","25.78","85700","25.78","false"
"JJN","2009-09-09","26.48","27.44","26.48","26.58","69500","26.58","false"
"JJN","2009-09-08","27.94","27.94","26.26","26.62","137900","26.62","false"
"JJN","2009-09-04","27.91","27.91","26.10","26.95","15300","26.95","false"
"JJN","2009-09-03","26.96","27.63","26.96","27.48","18400","27.48","false"
"JJN","2009-09-02","26.83","27.58","26.67","26.84","9800","26.84","false"
"JJN","2009-09-01","27.80","29.07","26.67","26.86","23700","26.86","false"
"JJN","2009-08-31","29.05","29.10","28.03","28.03","33300","28.03","false"
"JJN","2009-08-28","28.73","30.30","28.58","29.16","14300","29.16","false"
"JJN","2009-08-27","29.12","29.13","28.45","28.94","12100","28.94","false"
"JJN","2009-08-26","28.94","29.23","28.59","29.05","17300","29.05","false"
"JJN","2009-08-25","29.63","29.63","28.75","28.90","18800","28.90","false"
"JJN","2009-08-24","30.13","30.13","29.00","29.35","35000","29.35","false"
"JJN","2009-08-21","29.13","29.73","28.92","29.17","10300","29.17","false"
"JJN","2009-08-20","29.96","29.99","28.10","28.34","25200","28.34","false"
"JJN","2009-08-19","27.67","29.19","27.67","29.08","12600","29.08","false"
"JJN","2009-08-18","29.74","30.14","27.96","28.61","26300","28.61","false"
"JJN","2009-08-17","28.50","29.44","28.10","29.37","73700","29.37","false"
"JJN","2009-08-14","31.87","32.00","29.20","29.50","26800","29.50","false"
"JJN","2009-08-13","30.82","31.76","30.82","31.29","23500","31.29","false"
"JJN","2009-08-12","29.11","30.15","28.89","30.09","48000","30.09","false"
"JJN","2009-08-11","30.09","30.37","29.32","29.67","37800","29.67","false"
"JJN","2009-08-10","30.38","30.86","29.80","30.12","73800","30.12","false"
"JJN","2009-08-07","30.59","31.70","29.12","29.78","80000","29.78","false"
"JJN","2009-08-06","31.75","31.75","29.22","29.68","143700","29.68","false"
"JJN","2009-08-05","30.51","32.80","30.25","31.82","97500","31.82","false"
"JJN","2009-08-04","28.86","32.32","28.34","29.61","104000","29.61","false"
"JJN","2009-08-03","28.88","28.88","27.90","28.81","43800","28.81","false"
"JJN","2009-07-31","26.81","27.24","26.55","27.03","26300","27.03","false"
"JJN","2009-07-30","25.22","26.24","25.15","25.95","14400","25.95","false"
"JJN","2009-07-29","24.79","24.98","24.49","24.66","15500","24.66","false"
"JJN","2009-07-28","25.55","25.68","25.20","25.64","25400","25.64","false"
"JJN","2009-07-27","25.89","25.98","25.50","25.69","31000","25.69","false"
"JJN","2009-07-24","25.20","25.45","24.88","25.43","17900","25.43","false"
"JJN","2009-07-23","24.67","25.06","24.50","24.61","45000","24.61","false"
"JJN","2009-07-22","23.80","25.27","23.62","24.86","39300","24.86","false"
"JJN","2009-07-21","25.00","25.00","23.72","23.99","43600","23.99","false"
"JJN","2009-07-20","25.00","27.15","24.40","24.85","60700","24.85","false"
"JJN","2009-07-17","24.38","24.54","24.00","24.25","17900","24.25","false"
"JJN","2009-07-16","24.08","24.59","23.61","24.40","19300","24.40","false"
"JJN","2009-07-15","24.20","24.21","23.65","24.09","3900","24.09","false"
"JJN","2009-07-14","23.03","23.52","23.03","23.38","15200","23.38","false"
"JJN","2009-07-13","21.73","22.28","21.70","22.28","5200","22.28","false"
"JJN","2009-07-10","21.91","22.05","21.53","21.73","5700","21.73","false"
"JJN","2009-07-09","22.43","22.43","21.77","22.19","6000","22.19","false"
"JJN","2009-07-08","23.16","23.16","22.01","22.09","98200","22.09","false"
"JJN","2009-07-07","23.89","23.91","23.34","23.35","3900","23.35","false"
"JJN","2009-07-06","24.78","24.78","23.03","24.00","10500","24.00","false"
"JJN","2009-07-02","23.84","24.99","23.84","24.90","15600","24.90","false"
"JJN","2009-07-01","24.41","24.73","24.30","24.34","7600","24.34","false"
"JJN","2009-06-30","23.71","23.94","22.87","23.23","17600","23.23","false"
"JJN","2009-06-29","24.18","24.28","23.65","23.65","11100","23.65","false"
"JJN","2009-06-26","24.12","24.23","23.64","23.98","24300","23.98","false"
"JJN","2009-06-25","23.45","23.70","23.17","23.64","5600","23.64","false"
"JJN","2009-06-24","22.89","23.20","22.89","23.16","22800","23.16","false"
"JJN","2009-06-23","22.00","22.15","21.89","22.15","2500","22.15","false"
"JJN","2009-06-22","22.06","22.10","21.60","21.60","85700","21.60","false"
"JJN","2009-06-19","22.84","22.84","22.50","22.64","6300","22.64","false"
"JJN","2009-06-18","22.60","22.77","22.48","22.76","6400","22.76","false"
"JJN","2009-06-17","22.04","22.52","22.01","22.26","7900","22.26","false"
"JJN","2009-06-16","22.28","22.50","22.15","22.27","5300","22.27","false"
"JJN","2009-06-15","22.64","22.64","22.00","22.11","39100","22.11","false"
"JJN","2009-06-12","23.23","23.51","23.23","23.45","5300","23.45","false"
"JJN","2009-06-11","23.80","23.88","23.73","23.88","5100","23.88","false"
"JJN","2009-06-10","23.00","23.08","22.60","22.77","9500","22.77","false"
"JJN","2009-06-09","22.46","22.87","22.22","22.87","7600","22.87","false"
"JJN","2009-06-08","21.87","21.87","21.27","21.63","3000","21.63","false"
"JJN","2009-06-05","22.25","22.25","21.60","22.09","6000","22.09","false"
"JJN","2009-06-04","21.05","22.26","21.05","22.22","7500","22.22","false"
"JJN","2009-06-03","21.77","21.77","20.94","20.97","6500","20.97","false"
"JJN","2009-06-02","21.95","22.09","21.85","22.02","6700","22.02","false"
"JJN","2009-06-01","21.60","22.12","21.56","22.12","19500","22.12","false"
"JJN","2009-05-29","20.98","21.00","20.75","20.75","8300","20.75","false"
"JJN","2009-05-28","20.50","20.57","20.41","20.57","1400","20.57","false"
"JJN","2009-05-27","20.27","20.34","19.76","19.92","8800","19.92","false"
"JJN","2009-05-26","19.30","20.29","19.30","20.29","15100","20.29","false"
"JJN","2009-05-22","19.03","19.17","19.03","19.17","300","19.17","false"
"JJN","2009-05-21","18.49","18.49","18.11","18.23","4400","18.23","false"
"JJN","2009-05-20","18.96","19.16","18.95","18.98","4700","18.98","false"
"JJN","2009-05-19","18.72","18.72","18.72","18.72","0","18.72","false"
"JJN","2009-05-18","18.43","18.72","18.38","18.72","500","18.72","false"
"JJN","2009-05-15","18.67","18.67","18.44","18.44","4100","18.44","false"
"JJN","2009-05-14","18.50","18.85","18.50","18.65","3900","18.65","false"
"JJN","2009-05-13","19.01","19.06","18.63","18.65","11900","18.65","false"
"JJN","2009-05-12","20.29","20.29","19.45","19.45","3900","19.45","false"
"JJN","2009-05-11","19.32","19.60","19.32","19.51","4600","19.51","false"
"JJN","2009-05-08","20.21","20.21","19.75","19.75","5100","19.75","false"
"JJN","2009-05-07","19.96","20.23","19.59","19.71","8600","19.71","false"
"JJN","2009-05-06","18.55","19.35","18.55","19.30","11100","19.30","false"
"JJN","2009-05-05","18.07","18.07","17.75","17.87","5200","17.87","false"
"JJN","2009-05-04","18.00","18.35","18.00","18.35","19700","18.35","false"
"JJN","2009-05-01","17.55","17.83","17.55","17.83","1300","17.83","false"
"JJN","2009-04-30","17.40","17.50","17.36","17.36","3200","17.36","false"
"JJN","2009-04-29","17.00","17.07","17.00","17.06","5300","17.06","false"
"JJN","2009-04-28","16.55","16.55","16.15","16.15","4700","16.15","false"
"JJN","2009-04-27","16.89","16.89","16.75","16.75","200","16.75","false"
"JJN","2009-04-24","16.69","17.50","16.69","17.05","52800","17.05","false"
"JJN","2009-04-23","17.25","17.25","16.81","16.81","2800","16.81","false"
"JJN","2009-04-22","18.38","18.38","17.04","17.04","10600","17.04","false"
"JJN","2009-04-21","17.53","17.64","16.95","17.40","5300","17.40","false"
"JJN","2009-04-20","18.98","18.98","18.12","18.22","10700","18.22","false"
"JJN","2009-04-17","18.82","19.51","18.82","19.48","3100","19.48","false"
"JJN","2009-04-16","18.74","19.12","18.74","18.86","4400","18.86","false"
"JJN","2009-04-15","18.53","18.90","18.53","18.88","17500","18.88","false"
"JJN","2009-04-14","17.01","17.85","17.01","17.65","18500","17.65","false"
"JJN","2009-04-13","17.00","17.00","17.00","17.00","7400","17.00","false"
"JJN","2009-04-09","16.77","16.81","16.77","16.79","1200","16.79","false"
"JJN","2009-04-08","16.46","16.60","16.46","16.47","300","16.47","false"
"JJN","2009-04-07","16.25","16.56","16.00","16.56","3700","16.56","false"
"JJN","2009-04-06","16.30","16.51","16.12","16.33","2500","16.33","false"
"JJN","2009-04-03","16.05","16.46","16.05","16.25","4500","16.25","false"
"JJN","2009-04-02","15.82","16.05","15.80","16.05","3800","16.05","false"
"JJN","2009-04-01","14.81","15.40","14.80","15.40","2600","15.40","false"
"JJN","2009-03-31","14.58","14.92","14.58","14.92","1300","14.92","false"
"JJN","2009-03-30","14.50","14.50","14.33","14.33","800","14.33","false"
"JJN","2009-03-27","14.55","14.65","14.50","14.60","1600","14.60","false"
"JJN","2009-03-26","14.75","14.92","14.75","14.92","2300","14.92","false"
"JJN","2009-03-25","14.60","14.79","14.60","14.68","1900","14.68","false"
"JJN","2009-03-24","14.87","14.87","14.85","14.85","2600","14.85","false"
"JJN","2009-03-23","15.10","15.10","14.79","14.93","15300","14.93","false"
"JJN","2009-03-20","15.25","15.25","14.90","14.90","6800","14.90","false"
"JJN","2009-03-19","15.26","15.41","15.19","15.41","19100","15.41","false"
"JJN","2009-03-18","14.93","14.94","14.93","14.94","600","14.94","false"
"JJN","2009-03-17","15.50","15.50","15.45","15.45","2500","15.45","false"
"JJN","2009-03-16","15.10","15.49","15.10","15.41","12000","15.41","false"
"JJN","2009-03-13","14.73","14.73","14.34","14.56","4100","14.56","false"
"JJN","2009-03-12","14.65","14.65","14.32","14.56","3200","14.56","false"
"JJN","2009-03-11","15.93","15.93","14.78","14.78","200","14.78","false"
"JJN","2009-03-10","14.50","14.50","14.50","14.50","0","14.50","false"
"JJN","2009-03-09","15.01","15.01","14.50","14.50","600","14.50","false"
"JJN","2009-03-06","14.76","14.76","14.76","14.76","100","14.76","false"
"JJN","2009-03-05","15.18","15.18","14.88","14.88","1900","14.88","false"
"JJN","2009-03-04","14.90","15.24","14.90","15.24","700","15.24","false"
"JJN","2009-03-03","15.17","15.17","14.53","14.53","1300","14.53","false"
"JJN","2009-03-02","14.61","14.61","14.22","14.24","1200","14.24","false"
"JJN","2009-02-27","14.77","14.88","14.76","14.87","7300","14.87","false"
"JJN","2009-02-26","15.46","15.46","15.30","15.30","4300","15.30","false"
"JJN","2009-02-25","14.80","14.80","14.80","14.80","0","14.80","false"
"JJN","2009-02-24","14.55","14.81","14.55","14.80","1200","14.80","false"
"JJN","2009-02-23","14.64","14.64","14.37","14.37","64300","14.37","false"
"JJN","2009-02-20","14.43","14.63","14.30","14.51","1700","14.51","false"
"JJN","2009-02-19","14.78","14.78","14.78","14.78","0","14.78","false"
"JJN","2009-02-18","14.78","14.78","14.78","14.78","200","14.78","false"
"JJN","2009-02-17","15.04","15.04","14.80","15.00","2100","15.00","false"
"JJN","2009-02-13","15.49","15.49","15.49","15.49","100","15.49","false"
"JJN","2009-02-12","15.58","15.67","15.35","15.49","1700","15.49","false"
"JJN","2009-02-11","16.08","16.10","15.68","15.90","5300","15.90","false"
"JJN","2009-02-10","16.96","16.96","16.30","16.58","3400","16.58","false"
"JJN","2009-02-09","17.41","17.41","17.41","17.41","400","17.41","false"
"JJN","2009-02-06","17.67","17.67","17.67","17.67","100","17.67","false"
"JJN","2009-02-05","17.03","17.38","17.03","17.09","6900","17.09","false"
"JJN","2009-02-04","17.99","18.10","17.96","17.96","10200","17.96","false"
"JJN","2009-02-03","17.12","17.12","17.12","17.12","0","17.12","false"
"JJN","2009-02-02","17.20","17.20","17.07","17.12","3700","17.12","false"
"JJN","2009-01-30","17.05","17.27","17.05","17.19","2300","17.19","false"
"JJN","2009-01-29","17.22","17.22","17.22","17.22","200","17.22","false"
"JJN","2009-01-28","17.84","18.31","17.80","18.31","2400","18.31","false"
"JJN","2009-01-27","17.10","17.10","17.10","17.10","1400","17.10","false"
"JJN","2009-01-26","18.27","18.46","17.57","17.66","6500","17.66","false"
"JJN","2009-01-23","17.63","18.27","17.50","18.10","5400","18.10","false"
"JJN","2009-01-22","16.75","16.82","16.48","16.82","800","16.82","false"
"JJN","2009-01-21","16.66","16.70","16.34","16.34","1500","16.34","false"
"JJN","2009-01-20","16.79","16.79","16.67","16.79","900","16.79","false"
"JJN","2009-01-16","16.61","16.61","16.18","16.38","51700","16.38","false"
"JJN","2009-01-15","15.88","16.10","15.88","16.10","4500","16.10","false"
"JJN","2009-01-14","15.70","16.26","15.70","16.22","1200","16.22","false"
"JJN","2009-01-13","15.75","17.11","15.75","16.62","3900","16.62","false"
"JJN","2009-01-12","16.44","16.52","16.01","16.52","50600","16.52","false"
"JJN","2009-01-09","17.51","18.60","17.51","18.16","1600","18.16","false"
"JJN","2009-01-08","17.76","17.77","17.76","17.77","200","17.77","false"
"JJN","2009-01-07","19.62","19.62","18.83","18.84","5600","18.84","false"
"JJN","2009-01-06","20.30","20.43","20.10","20.34","2600","20.34","false"
"JJN","2009-01-05","19.45","19.62","19.07","19.53","1800","19.53","false"
"JJN","2009-01-02","19.99","20.22","19.44","19.80","11400","19.80","false"
"JJN","2010-12-31","36.25","36.87","36.25","36.65","4300","36.65","false"
"JJN","2010-12-30","35.81","36.20","35.04","35.25","5700","35.25","false"
"JJN","2010-12-29","35.34","35.60","35.09","35.51","22600","35.51","false"
"JJN","2010-12-28","34.78","35.63","34.78","35.34","7900","35.34","false"
"JJN","2010-12-27","34.76","35.56","34.76","35.41","900","35.41","false"
"JJN","2010-12-23","35.25","35.33","34.87","34.95","2700","34.95","false"
"JJN","2010-12-22","36.27","36.49","35.38","35.75","6200","35.75","false"
"JJN","2010-12-21","36.36","36.62","36.35","36.48","72600","36.48","false"
"JJN","2010-12-20","37.04","37.04","36.17","36.17","12900","36.17","false"
"JJN","2010-12-17","36.69","36.69","36.35","36.45","14900","36.45","false"
"JJN","2010-12-16","35.95","36.37","35.62","36.36","7800","36.36","false"
"JJN","2010-12-15","35.27","36.00","35.27","35.54","5200","35.54","false"
"JJN","2010-12-14","36.16","36.58","35.89","35.94","4600","35.94","false"
"JJN","2010-12-13","35.38","36.62","35.38","36.23","4000","36.23","false"
"JJN","2010-12-10","34.89","35.29","34.89","35.10","4700","35.10","false"
"JJN","2010-12-09","35.23","35.25","34.59","34.67","6300","34.67","false"
"JJN","2010-12-08","35.26","35.60","34.85","35.50","5800","35.50","false"
"JJN","2010-12-07","35.78","35.78","34.51","34.51","3900","34.51","false"
"JJN","2010-12-06","34.88","34.88","34.57","34.81","3400","34.81","false"
"JJN","2010-12-03","35.10","35.10","34.45","34.89","5100","34.89","false"
"JJN","2010-12-02","34.25","35.06","34.25","34.77","3900","34.77","false"
"JJN","2010-12-01","34.10","34.76","34.10","34.76","6300","34.76","false"
"JJN","2010-11-30","34.00","34.11","32.99","32.99","2700","32.99","false"
"JJN","2010-11-29","33.45","33.45","32.88","33.44","8600","33.44","false"
"JJN","2010-11-26","32.81","33.42","32.81","33.42","1500","33.42","false"
"JJN","2010-11-24","32.68","32.95","32.53","32.85","5400","32.85","false"
"JJN","2010-11-23","31.30","32.00","31.30","31.90","14900","31.90","false"
"JJN","2010-11-22","31.59","31.82","31.45","31.63","6100","31.63","false"
"JJN","2010-11-19","31.75","32.11","31.75","31.81","8700","31.81","false"
"JJN","2010-11-18","31.80","32.35","31.60","32.23","11300","32.23","false"
"JJN","2010-11-17","31.46","32.13","31.45","31.45","15300","31.45","false"
"JJN","2010-11-16","32.73","32.73","30.59","30.95","15500","30.95","false"
"JJN","2010-11-15","31.92","33.21","31.92","32.76","16400","32.76","false"
"JJN","2010-11-12","35.00","35.00","32.72","33.10","32600","33.10","false"
"JJN","2010-11-11","35.60","35.60","35.14","35.27","3300","35.27","false"
"JJN","2010-11-10","35.61","35.90","35.54","35.68","9100","35.68","false"
"JJN","2010-11-09","35.95","36.39","35.45","35.61","17200","35.61","false"
"JJN","2010-11-08","35.40","35.62","35.40","35.40","3000","35.40","false"
"JJN","2010-11-05","36.00","36.37","35.82","36.09","10200","36.09","false"
"JJN","2010-11-04","35.78","36.28","35.43","36.12","23500","36.12","false"
"JJN","2010-11-03","35.00","35.04","34.44","35.04","5900","35.04","false"
"JJN","2010-11-02","34.76","34.76","34.45","34.52","9400","34.52","false"
"JJN","2010-11-01","34.25","34.34","34.03","34.28","3000","34.28","false"
"JJN","2010-10-29","33.68","33.96","33.68","33.96","800","33.96","false"
"JJN","2010-10-28","34.01","34.14","33.90","33.90","4600","33.90","false"
"JJN","2010-10-27","34.01","34.01","33.44","33.65","5900","33.65","false"
"JJN","2010-10-26","34.47","34.47","34.21","34.27","3100","34.27","false"
"JJN","2010-10-25","34.77","34.91","34.43","34.57","3400","34.57","false"
"JJN","2010-10-22","34.25","34.38","34.12","34.25","2000","34.25","false"
"JJN","2010-10-21","35.20","35.22","34.50","34.50","9800","34.50","false"
"JJN","2010-10-20","34.10","35.32","34.10","35.17","9000","35.17","false"
"JJN","2010-10-19","34.54","34.68","34.05","34.05","15300","34.05","false"
"JJN","2010-10-18","35.01","35.62","35.01","35.62","11600","35.62","false"
"JJN","2010-10-15","35.50","35.60","34.79","35.26","17900","35.26","false"
"JJN","2010-10-14","36.11","36.58","35.43","35.65","24800","35.65","false"
"JJN","2010-10-13","35.80","36.00","35.51","35.83","19600","35.83","false"
"JJN","2010-10-12","35.70","36.16","35.40","35.67","4600","35.67","false"
"JJN","2010-10-11","36.15","36.24","35.92","36.07","11700","36.07","false"
"JJN","2010-10-08","35.37","36.18","35.37","35.99","9100","35.99","false"
"JJN","2010-10-07","36.21","36.21","35.12","35.19","5500","35.19","false"
"JJN","2010-10-06","36.51","36.83","36.51","36.62","9100","36.62","false"
"JJN","2010-10-05","35.97","36.70","35.97","36.58","12100","36.58","false"
"JJN","2010-10-04","35.32","35.57","34.94","35.34","6500","35.34","false"
"JJN","2010-10-01","35.06","35.36","34.85","35.35","20200","35.35","false"
"JJN","2010-09-30","34.04","34.39","34.04","34.39","4700","34.39","false"
"JJN","2010-09-29","33.92","34.44","33.92","34.12","29700","34.12","false"
"JJN","2010-09-28","33.68","34.24","33.68","34.24","5400","34.24","false"
"JJN","2010-09-27","33.90","34.05","33.75","33.99","7300","33.99","false"
"JJN","2010-09-24","33.67","34.07","33.67","33.77","9800","33.77","false"
"JJN","2010-09-23","33.32","33.50","33.30","33.30","5500","33.30","false"
"JJN","2010-09-22","33.34","33.56","33.18","33.33","8800","33.33","false"
"JJN","2010-09-21","33.71","33.71","32.02","32.97","17800","32.97","false"
"JJN","2010-09-20","34.29","34.47","33.95","33.98","13600","33.98","false"
"JJN","2010-09-17","34.37","34.39","34.09","34.20","6600","34.20","false"
"JJN","2010-09-16","34.35","34.35","34.12","34.12","2000","34.12","false"
"JJN","2010-09-15","33.79","34.36","33.79","34.16","2200","34.16","false"
"JJN","2010-09-14","34.11","34.43","34.08","34.16","3600","34.16","false"
"JJN","2010-09-13","34.20","34.20","33.64","33.84","18300","33.84","false"
"JJN","2010-09-10","33.50","33.50","33.50","33.50","500","33.50","false"
"JJN","2010-09-09","33.49","33.49","33.22","33.28","3100","33.28","false"
"JJN","2010-09-08","33.10","33.99","33.10","33.48","8000","33.48","false"
"JJN","2010-09-07","32.49","32.73","30.43","32.60","7200","32.60","false"
"JJN","2010-09-03","32.36","32.58","31.90","32.03","3500","32.03","false"
"JJN","2010-09-02","31.61","32.03","31.61","32.01","7200","32.01","false"
"JJN","2010-09-01","31.00","31.35","30.92","31.09","23400","31.09","false"
"JJN","2010-08-31","30.50","30.50","30.27","30.39","1200","30.39","false"
"JJN","2010-08-30","31.06","31.30","31.06","31.13","6300","31.13","false"
"JJN","2010-08-27","30.50","30.50","30.27","30.40","400","30.40","false"
"JJN","2010-08-26","30.09","30.28","30.00","30.15","12600","30.15","false"
"JJN","2010-08-25","29.86","29.86","29.38","29.84","6900","29.84","false"
"JJN","2010-08-24","30.22","30.46","30.00","30.09","4900","30.09","false"
"JJN","2010-08-23","31.22","31.30","31.10","31.10","2700","31.10","false"
"JJN","2010-08-20","31.55","31.94","31.55","31.68","2700","31.68","false"
"JJN","2010-08-19","32.53","32.53","32.08","32.08","1800","32.08","false"
"JJN","2010-08-18","32.43","32.43","32.00","32.30","1600","32.30","false"
"JJN","2010-08-17","32.63","32.63","32.27","32.37","1900","32.37","false"
"JJN","2010-08-16","31.83","31.83","31.76","31.80","3000","31.80","false"
"JJN","2010-08-13","31.93","31.98","30.92","31.49","8300","31.49","false"
"JJN","2010-08-12","31.36","31.83","31.12","31.75","7600","31.75","false"
"JJN","2010-08-11","32.32","32.32","31.70","31.73","14400","31.73","false"
"JJN","2010-08-10","32.71","33.12","32.71","33.11","1900","33.11","false"
"JJN","2010-08-09","33.65","33.73","33.22","33.66","10700","33.66","false"
"JJN","2010-08-06","32.19","32.72","32.19","32.61","13500","32.61","false"
"JJN","2010-08-05","32.53","32.92","32.20","32.21","27900","32.21","false"
"JJN","2010-08-04","31.84","32.52","31.84","32.30","3700","32.30","false"
"JJN","2010-08-03","32.10","32.13","31.69","31.90","17100","31.90","false"
"JJN","2010-08-02","32.00","32.28","31.78","32.16","3800","32.16","false"
"JJN","2010-07-30","31.00","31.34","31.00","31.18","1500","31.18","false"
"JJN","2010-07-29","30.68","30.75","30.35","30.55","2700","30.55","false"
"JJN","2010-07-28","30.19","30.36","29.98","29.98","6400","29.98","false"
"JJN","2010-07-27","30.61","30.61","29.89","30.13","9600","30.13","false"
"JJN","2010-07-26","30.35","30.67","30.10","30.67","7400","30.67","false"
"JJN","2010-07-23","30.02","30.40","29.93","29.93","5700","29.93","false"
"JJN","2010-07-22","29.12","29.79","29.12","29.72","3700","29.72","false"
"JJN","2010-07-21","28.40","28.73","28.37","28.37","16200","28.37","false"
"JJN","2010-07-20","27.60","28.33","27.60","28.22","3100","28.22","false"
"JJN","2010-07-19","27.81","27.82","27.51","27.63","4200","27.63","false"
"JJN","2010-07-16","28.20","28.25","27.81","27.81","900","27.81","false"
"JJN","2010-07-15","28.61","28.69","28.34","28.69","1900","28.69","false"
"JJN","2010-07-14","28.87","28.87","28.29","28.30","5100","28.30","false"
"JJN","2010-07-13","28.70","28.85","28.60","28.85","2700","28.85","false"
"JJN","2010-07-12","28.50","28.50","28.10","28.20","1500","28.20","false"
"JJN","2010-07-09","28.80","28.87","28.68","28.74","12600","28.74","false"
"JJN","2010-07-08","28.93","28.93","28.47","28.70","2000","28.70","false"
"JJN","2010-07-07","28.30","28.46","28.13","28.31","9400","28.31","false"
"JJN","2010-07-06","27.81","28.40","27.81","27.94","48400","27.94","false"
"JJN","2010-07-02","28.01","28.14","27.76","28.00","1500","28.00","false"
"JJN","2010-07-01","28.44","28.44","27.84","28.15","19100","28.15","false"
"JJN","2010-06-30","27.78","28.90","27.78","28.68","17900","28.68","false"
"JJN","2010-06-29","29.16","29.16","28.09","28.09","3200","28.09","false"
"JJN","2010-06-28","29.92","30.29","29.86","30.00","2900","30.00","false"
"JJN","2010-06-25","28.70","29.32","28.70","29.24","5800","29.24","false"
"JJN","2010-06-24","28.60","28.74","28.60","28.64","9700","28.64","false"
"JJN","2010-06-23","28.49","28.49","28.06","28.20","4500","28.20","false"
"JJN","2010-06-22","28.95","29.20","28.69","28.89","2000","28.89","false"
"JJN","2010-06-21","29.50","29.53","28.69","28.69","5800","28.69","false"
"JJN","2010-06-18","28.81","28.88","28.75","28.75","8300","28.75","false"
"JJN","2010-06-17","29.25","29.25","28.85","28.85","400","28.85","false"
"JJN","2010-06-16","29.47","29.57","29.00","29.18","25400","29.18","false"
"JJN","2010-06-15","29.71","30.08","29.71","30.08","3500","30.08","false"
"JJN","2010-06-14","29.43","29.86","29.43","29.62","4300","29.62","false"
"JJN","2010-06-11","28.19","28.86","28.19","28.86","2600","28.86","false"
"JJN","2010-06-10","28.21","28.76","27.64","27.97","6000","27.97","false"
"JJN","2010-06-09","28.03","28.29","27.75","27.75","16000","27.75","false"
"JJN","2010-06-08","26.78","27.61","26.17","27.61","69600","27.61","false"
"JJN","2010-06-07","26.80","27.38","26.27","27.00","78000","27.00","false"
"JJN","2010-06-04","26.73","27.12","26.32","26.32","20300","26.32","false"
"JJN","2010-06-03","28.60","28.60","27.28","27.44","52100","27.44","false"
"JJN","2010-06-02","29.00","29.48","28.55","29.46","24800","29.46","false"
"JJN","2010-06-01","30.67","30.75","29.83","30.00","40500","30.00","false"
"JJN","2010-05-28","32.21","32.21","31.00","31.26","7800","31.26","false"
"JJN","2010-05-27","31.86","32.17","31.55","32.00","2500","32.00","false"
"JJN","2010-05-26","31.49","32.03","31.10","31.12","5200","31.12","false"
"JJN","2010-05-25","31.11","31.73","30.75","31.73","43400","31.73","false"
"JJN","2010-05-24","32.17","32.82","32.10","32.64","3800","32.64","false"
"JJN","2010-05-21","30.75","31.62","30.75","31.62","9900","31.62","false"
"JJN","2010-05-20","30.94","31.55","30.55","31.42","24800","31.42","false"
"JJN","2010-05-19","31.48","31.65","31.25","31.65","7100","31.65","false"
"JJN","2010-05-18","32.29","32.66","32.05","32.05","10500","32.05","false"
"JJN","2010-05-17","31.27","31.27","30.15","30.64","45300","30.64","false"
"JJN","2010-05-14","33.21","33.21","31.77","31.86","47100","31.86","false"
"JJN","2010-05-13","33.50","34.31","33.30","33.67","13600","33.67","false"
"JJN","2010-05-12","34.16","34.50","33.30","33.52","14700","33.52","false"
"JJN","2010-05-11","33.37","33.83","33.23","33.53","41500","33.53","false"
"JJN","2010-05-10","34.91","34.91","33.76","33.92","43600","33.92","false"
"JJN","2010-05-07","32.51","33.66","31.78","33.23","44700","33.23","false"
"JJN","2010-05-06","32.18","32.88","31.51","31.85","72900","31.85","false"
"JJN","2010-05-05","31.43","33.26","31.20","32.93","149400","32.93","false"
"JJN","2010-05-04","38.24","38.48","36.11","36.35","52900","36.35","false"
"JJN","2010-05-03","38.73","39.31","38.50","38.63","31700","38.63","false"
"JJN","2010-04-30","37.60","39.39","37.60","39.21","15600","39.21","false"
"JJN","2010-04-29","39.42","39.42","37.40","37.76","24200","37.76","false"
"JJN","2010-04-28","37.50","38.78","37.50","38.76","57100","38.76","false"
"JJN","2010-04-27","40.54","40.54","37.53","37.54","82900","37.54","false"
"JJN","2010-04-26","40.17","41.40","40.01","40.57","29000","40.57","false"
"JJN","2010-04-23","40.40","40.44","39.74","40.20","34600","40.20","false"
"JJN","2010-04-22","40.54","40.56","39.85","40.45","25300","40.45","false"
"JJN","2010-04-21","40.45","40.73","39.60","40.66","15700","40.66","false"
"JJN","2010-04-20","41.59","41.59","39.87","40.07","32700","40.07","false"
"JJN","2010-04-19","39.28","40.25","39.00","40.19","27700","40.19","false"
"JJN","2010-04-16","40.86","40.90","39.48","39.76","71400","39.76","false"
"JJN","2010-04-15","39.50","40.73","39.50","40.72","73100","40.72","false"
"JJN","2010-04-14","38.76","39.41","38.67","39.41","52200","39.41","false"
"JJN","2010-04-13","38.41","38.52","38.07","38.31","18400","38.31","false"
"JJN","2010-04-12","38.38","38.48","38.27","38.41","67700","38.41","false"
"JJN","2010-04-09","37.58","37.67","37.37","37.60","20600","37.60","false"
"JJN","2010-04-08","36.59","37.00","36.34","36.95","13100","36.95","false"
"JJN","2010-04-07","37.08","37.08","36.62","36.74","10500","36.74","false"
"JJN","2010-04-06","36.82","37.25","36.58","36.91","31900","36.91","false"
"JJN","2010-04-05","37.78","37.93","37.56","37.88","72300","37.88","false"
"JJN","2010-04-01","37.91","38.00","37.00","37.43","48800","37.43","false"
"JJN","2010-03-31","37.26","37.55","36.95","37.51","31800","37.51","false"
"JJN","2010-03-30","36.22","36.44","36.00","36.32","24400","36.32","false"
"JJN","2010-03-29","35.69","35.89","35.49","35.81","23100","35.81","false"
"JJN","2010-03-26","34.75","35.45","34.75","35.39","23900","35.39","false"
"JJN","2010-03-25","33.53","33.95","33.52","33.75","16000","33.75","false"
"JJN","2010-03-24","33.24","33.24","32.96","33.15","1500","33.15","false"
"JJN","2010-03-23","33.60","33.65","33.47","33.65","3700","33.65","false"
"JJN","2010-03-22","33.58","33.69","32.55","33.47","13600","33.47","false"
"JJN","2010-03-19","33.75","33.75","33.21","33.66","6800","33.66","false"
"JJN","2010-03-18","33.65","33.97","33.40","33.81","36300","33.81","false"
"JJN","2010-03-17","32.70","33.37","32.38","33.18","3500","33.18","false"
"JJN","2010-03-16","32.67","32.85","32.48","32.52","18200","32.52","false"
"JJN","2010-03-15","31.67","32.02","31.67","32.02","6500","32.02","false"
"JJN","2010-03-12","32.14","32.41","32.06","32.21","3800","32.21","false"
"JJN","2010-03-11","31.44","31.78","31.30","31.78","26600","31.78","false"
"JJN","2010-03-10","32.46","32.50","31.59","31.70","42100","31.70","false"
"JJN","2010-03-09","32.79","33.15","32.47","33.05","26700","33.05","false"
"JJN","2010-03-08","33.86","33.87","32.83","33.34","60700","33.34","false"
"JJN","2010-03-05","33.75","33.88","33.13","33.49","10400","33.49","false"
"JJN","2010-03-04","33.55","33.97","32.87","33.36","9900","33.36","false"
"JJN","2010-03-03","33.86","34.40","33.60","33.90","52200","33.90","false"
"JJN","2010-03-02","32.35","33.28","32.29","33.22","31000","33.22","false"
"JJN","2010-03-01","32.26","32.27","31.80","32.04","37200","32.04","false"
"JJN","2010-02-26","31.00","31.50","30.87","31.33","8000","31.33","false"
"JJN","2010-02-25","30.25","30.44","29.90","30.20","8900","30.20","false"
"JJN","2010-02-24","29.90","30.30","29.80","30.18","47200","30.18","false"
"JJN","2010-02-23","30.27","30.50","29.76","29.85","22800","29.85","false"
"JJN","2010-02-22","31.34","31.34","30.34","30.57","15000","30.57","false"
"JJN","2010-02-19","30.50","30.89","30.30","30.85","15000","30.85","false"
"JJN","2010-02-18","30.30","30.71","30.28","30.49","15100","30.49","false"
"JJN","2010-02-17","29.57","30.30","29.50","30.02","28100","30.02","false"
"JJN","2010-02-16","29.01","30.24","29.01","29.98","12200","29.98","false"
"JJN","2010-02-12","27.64","27.64","27.45","27.46","600","27.46","false"
"JJN","2010-02-11","25.71","27.59","25.71","27.59","3000","27.59","false"
"JJN","2010-02-10","26.51","26.51","26.25","26.29","1800","26.29","false"
"JJN","2010-02-09","25.78","25.80","25.75","25.80","1600","25.80","false"
"JJN","2010-02-08","24.86","25.51","24.86","25.46","3200","25.46","false"
"JJN","2010-02-05","25.79","25.79","24.71","25.32","5700","25.32","false"
"JJN","2010-02-04","26.75","26.75","26.07","26.18","5900","26.18","false"
"JJN","2010-02-03","27.36","27.36","26.92","26.94","2400","26.94","false"
"JJN","2010-02-02","26.56","27.14","26.54","27.14","3900","27.14","false"
"JJN","2010-02-01","27.27","27.27","26.76","26.92","8600","26.92","false"
"JJN","2010-01-29","27.43","27.67","27.14","27.21","3200","27.21","false"
"JJN","2010-01-28","27.00","27.23","26.82","26.85","7600","26.85","false"
"JJN","2010-01-27","26.19","26.85","26.19","26.37","3700","26.37","false"
"JJN","2010-01-26","26.75","26.99","26.63","26.81","8600","26.81","false"
"JJN","2010-01-25","27.30","27.33","26.85","27.13","3700","27.13","false"
"JJN","2010-01-22","27.00","27.57","26.87","27.28","9800","27.28","false"
"JJN","2010-01-21","28.00","28.15","27.51","28.00","6500","28.00","false"
"JJN","2010-01-20","28.42","28.42","27.95","28.09","4500","28.09","false"
"JJN","2010-01-19","27.78","28.80","27.78","28.73","10400","28.73","false"
"JJN","2010-01-15","27.56","27.77","27.40","27.46","5900","27.46","false"
"JJN","2010-01-14","27.75","27.97","27.47","27.48","2600","27.48","false"
"JJN","2010-01-13","26.41","27.26","26.41","27.26","3900","27.26","false"
"JJN","2010-01-12","26.36","26.52","26.03","26.09","13100","26.09","false"
"JJN","2010-01-11","27.21","27.21","26.62","27.14","14000","27.14","false"
"JJN","2010-01-08","27.19","27.21","26.73","27.00","7800","27.00","false"
"JJN","2010-01-07","27.97","28.07","27.24","27.30","14200","27.30","false"
"JJN","2010-01-06","28.32","28.83","28.32","28.48","4100","28.48","false"
"JJN","2010-01-05","27.74","28.07","27.74","27.86","7500","27.86","false"
"JJN","2010-01-04","28.09","28.57","28.01","28.32","4200","28.32","false"
"JJN","2011-06-24","32.59","32.59","31.97","32.19","2500","32.19","false"
"JJN","2011-06-23","32.08","32.80","32.08","32.51","600","32.51","false"
"JJN","2011-06-22","32.30","32.48","32.30","32.48","400","32.48","false"
"JJN","2011-06-21","31.97","32.02","31.00","31.33","11600","31.33","false"
"JJN","2011-06-20","31.49","31.58","31.30","31.49","1300","31.49","false"
"JJN","2011-06-17","32.07","32.07","31.48","31.59","600","31.59","false"
"JJN","2011-06-16","31.69","31.89","31.26","31.26","5000","31.26","false"
"JJN","2011-06-15","32.30","32.50","31.84","31.84","1600","31.84","false"
"JJN","2011-06-14","32.36","33.02","32.36","32.59","15000","32.59","false"
"JJN","2011-06-13","32.72","32.75","32.15","32.32","3700","32.32","false"
"JJN","2011-06-10","33.58","33.58","33.18","33.32","4400","33.32","false"
"JJN","2011-06-09","33.41","34.05","33.41","33.91","900","33.91","false"
"JJN","2011-06-08","33.18","33.23","33.06","33.08","2100","33.08","false"
"JJN","2011-06-07","33.26","33.39","33.06","33.22","1200","33.22","false"
"JJN","2011-06-06","33.27","33.31","32.54","32.76","1500","32.76","false"
"JJN","2011-06-03","33.00","33.51","32.82","33.26","2300","33.26","false"
"JJN","2011-06-02","32.99","33.12","32.99","33.12","2600","33.12","false"
"JJN","2011-06-01","33.88","34.36","33.88","34.11","4600","34.11","false"
"JJN","2011-05-31","34.28","34.55","34.28","34.50","12900","34.50","false"
"JJN","2011-05-27","33.54","33.72","33.48","33.72","700","33.72","false"
"JJN","2011-05-26","33.77","33.99","33.42","33.54","10000","33.54","false"
"JJN","2011-05-25","34.08","34.28","33.87","33.97","4500","33.97","false"
"JJN","2011-05-24","33.44","33.58","33.15","33.38","4900","33.38","false"
"JJN","2011-05-23","33.15","33.15","32.06","32.64","32200","32.64","false"
"JJN","2011-05-20","33.85","34.55","33.85","34.30","2500","34.30","false"
"JJN","2011-05-19","35.00","35.00","34.43","34.82","3800","34.82","false"
"JJN","2011-05-18","35.99","36.12","35.73","35.73","9200","35.73","false"
"JJN","2011-05-17","35.04","35.67","35.01","35.37","3900","35.37","false"
"JJN","2011-05-16","35.39","35.74","35.32","35.32","3500","35.32","false"
"JJN","2011-05-13","35.77","35.98","35.28","35.74","5200","35.74","false"
"JJN","2011-05-12","36.58","36.63","35.88","35.99","2600","35.99","false"
"JJN","2011-05-11","35.80","35.80","35.44","35.66","7600","35.66","false"
"JJN","2011-05-10","35.62","36.61","35.62","36.61","2100","36.61","false"
"JJN","2011-05-09","38.23","38.23","35.00","36.08","2400","36.08","false"
"JJN","2011-05-06","35.92","36.62","35.70","35.88","11800","35.88","false"
"JJN","2011-05-05","36.17","36.22","35.60","35.80","13900","35.80","false"
"JJN","2011-05-04","39.39","39.39","37.31","38.21","5900","38.21","false"
"JJN","2011-05-03","39.01","40.14","39.01","39.80","25000","39.80","false"
"JJN","2011-05-02","38.63","39.34","38.56","39.00","5200","39.00","false"
"JJN","2011-04-29","38.75","38.85","38.40","38.62","3800","38.62","false"
"JJN","2011-04-28","39.28","39.39","38.75","39.39","5500","39.39","false"
"JJN","2011-04-27","39.01","39.77","38.94","39.41","3300","39.41","false"
"JJN","2011-04-26","38.00","39.17","38.00","38.92","5500","38.92","false"
"JJN","2011-04-25","37.62","39.05","37.62","38.48","1800","38.48","false"
"JJN","2011-04-21","38.60","39.16","38.60","39.16","1800","39.16","false"
"JJN","2011-04-20","38.00","39.19","38.00","38.58","4000","38.58","false"
"JJN","2011-04-19","38.08","38.08","37.25","37.55","3400","37.55","false"
"JJN","2011-04-18","37.80","37.90","37.01","37.72","10600","37.72","false"
"JJN","2011-04-15","38.32","38.64","38.32","38.44","12200","38.44","false"
"JJN","2011-04-14","37.96","38.45","37.82","38.06","47700","38.06","false"
"JJN","2011-04-13","38.51","39.02","38.36","38.50","5800","38.50","false"
"JJN","2011-04-12","39.58","39.66","38.99","39.00","13400","39.00","false"
"JJN","2011-04-11","41.42","41.42","40.31","40.95","12900","40.95","false"
"JJN","2011-04-08","40.36","40.58","40.12","40.50","14300","40.50","false"
"JJN","2011-04-07","39.29","39.92","39.29","39.92","6300","39.92","false"
"JJN","2011-04-06","38.00","38.95","38.00","38.72","36300","38.72","false"
"JJN","2011-04-05","37.01","37.88","37.01","37.15","6200","37.15","false"
"JJN","2011-04-04","37.21","37.93","37.03","37.22","18700","37.22","false"
"JJN","2011-04-01","38.16","38.17","37.08","37.75","14000","37.75","false"
"JJN","2011-03-31","38.31","38.81","38.01","38.50","37800","38.50","false"
"JJN","2011-03-30","38.39","38.41","37.87","38.16","6300","38.16","false"
"JJN","2011-03-29","39.13","39.92","38.76","39.08","9600","39.08","false"
"JJN","2011-03-28","39.20","39.43","37.88","38.69","8300","38.69","false"
"JJN","2011-03-25","39.50","40.12","39.50","39.69","5800","39.69","false"
"JJN","2011-03-24","39.92","40.02","38.90","38.90","69200","38.90","false"
"JJN","2011-03-23","39.45","40.00","39.18","39.54","5100","39.54","false"
"JJN","2011-03-22","38.77","39.08","38.50","38.91","14000","38.91","false"
"JJN","2011-03-21","39.23","39.96","38.39","39.16","7700","39.16","false"
"JJN","2011-03-18","39.41","39.48","38.50","39.28","40900","39.28","false"
"JJN","2011-03-17","37.80","38.19","37.80","37.98","26600","37.98","false"
"JJN","2011-03-16","36.69","37.27","36.19","36.20","4000","36.20","false"
"JJN","2011-03-15","35.90","36.99","35.90","36.69","32900","36.69","false"
"JJN","2011-03-14","37.32","38.34","37.32","38.10","17300","38.10","false"
"JJN","2011-03-11","37.27","39.15","37.27","38.27","13000","38.27","false"
"JJN","2011-03-10","37.80","38.64","37.01","38.08","42600","38.08","false"
"JJN","2011-03-09","39.51","39.51","38.02","38.23","15500","38.23","false"
"JJN","2011-03-08","40.17","40.17","38.40","39.61","25500","39.61","false"
"JJN","2011-03-07","41.89","42.74","39.53","40.93","39700","40.93","false"
"JJN","2011-03-04","42.54","42.74","42.01","42.39","17800","42.39","false"
"JJN","2011-03-03","42.78","42.80","42.39","42.39","1200","42.39","false"
"JJN","2011-03-02","40.97","42.30","40.97","42.16","4300","42.16","false"
"JJN","2011-03-01","42.55","42.60","42.06","42.06","3600","42.06","false"
"JJN","2011-02-28","42.26","42.95","42.21","42.29","17100","42.29","false"
"JJN","2011-02-25","40.89","42.30","40.57","41.68","45300","41.68","false"
"JJN","2011-02-24","41.80","41.80","40.24","40.83","35400","40.83","false"
"JJN","2011-02-23","41.48","42.77","41.26","42.29","8200","42.29","false"
"JJN","2011-02-22","42.40","42.92","41.52","41.52","21200","41.52","false"
"JJN","2011-02-18","42.50","43.09","42.50","42.98","18600","42.98","false"
"JJN","2011-02-17","41.69","42.60","41.50","42.59","13900","42.59","false"
"JJN","2011-02-16","42.20","42.81","42.00","42.50","9100","42.50","false"
"JJN","2011-02-15","42.95","42.95","42.08","42.31","17900","42.31","false"
"JJN","2011-02-14","42.00","42.53","42.00","42.45","24000","42.45","false"
"JJN","2011-02-11","41.10","42.00","40.54","42.00","3800","42.00","false"
"JJN","2011-02-10","41.04","41.59","41.01","41.51","4200","41.51","false"
"JJN","2011-02-09","42.50","42.50","41.62","41.96","3500","41.96","false"
"JJN","2011-02-08","41.36","42.19","41.33","41.99","14200","41.99","false"
"JJN","2011-02-07","42.10","42.50","41.41","41.60","8200","41.60","false"
"JJN","2011-02-04","41.57","42.00","41.27","41.27","5700","41.27","false"
"JJN","2011-02-03","41.26","41.45","40.32","41.43","9000","41.43","false"
"JJN","2011-02-02","41.49","41.61","40.62","41.26","7400","41.26","false"
"JJN","2011-02-01","40.47","41.70","40.47","41.59","6300","41.59","false"
"JJN","2011-01-31","39.63","40.77","39.49","40.28","13100","40.28","false"
"JJN","2011-01-28","39.57","39.98","39.00","39.00","2000","39.00","false"
"JJN","2011-01-27","39.50","39.84","39.00","39.19","20900","39.19","false"
"JJN","2011-01-26","38.42","39.49","38.42","39.49","6400","39.49","false"
"JJN","2011-01-25","38.16","38.29","37.47","37.99","5900","37.99","false"
"JJN","2011-01-24","38.27","38.81","37.77","38.00","6400","38.00","false"
"JJN","2011-01-21","38.16","38.69","38.16","38.69","1200","38.69","false"
"JJN","2011-01-20","37.50","37.97","37.01","37.61","2200","37.61","false"
"JJN","2011-01-19","38.10","38.11","37.50","37.53","4000","37.53","false"
"JJN","2011-01-18","38.88","38.98","38.20","38.33","5500","38.33","false"
"JJN","2011-01-14","37.68","38.25","37.33","38.10","5400","38.10","false"
"JJN","2011-01-13","38.25","38.49","37.40","37.41","19300","37.41","false"
"JJN","2011-01-12","36.25","38.07","36.25","38.07","5100","38.07","false"
"JJN","2011-01-11","36.14","36.28","35.57","36.24","11600","36.24","false"
"JJN","2011-01-10","35.40","35.40","34.75","35.28","4900","35.28","false"
"JJN","2011-01-07","35.88","36.14","34.84","35.51","4200","35.51","false"
"JJN","2011-01-06","36.39","36.45","35.93","35.93","4400","35.93","false"
"JJN","2011-01-05","36.02","36.69","36.02","36.47","1600","36.47","false"
"JJN","2011-01-04","37.06","37.08","36.22","36.22","4200","36.22","false"
"JJN","2011-01-03","36.89","37.86","35.32","36.83","7700","36.83","false"
