"JPP","2006-12-29","55.64","55.74","55.64","55.69","1000","51.62","false"
"JPP","2006-12-28","55.75","55.75","55.62","55.62","200","51.55","false"
"JPP","2006-12-27","55.28","55.28","55.28","55.28","0","51.24","false"
"JPP","2006-12-26","55.41","55.41","55.25","55.28","800","51.24","false"
"JPP","2006-12-22","55.26","55.47","55.26","55.47","1200","51.42","false"
"JPP","2006-12-21","55.27","55.69","55.27","55.40","1800","51.35","false"
"JPP","2006-12-20","55.50","55.54","55.25","55.25","800","51.21","false"
"JPP","2006-12-19","54.73","54.78","54.73","54.78","200","50.78","false"
"JPP","2006-12-18","55.38","55.38","55.09","55.09","300","51.06","false"
"JPP","2006-12-15","55.43","55.44","55.39","55.40","600","51.35","false"
"JPP","2006-12-14","55.14","55.52","55.14","55.52","1500","51.46","false"
"JPP","2006-12-13","54.92","54.92","54.76","54.76","600","50.76","false"
"JPP","2006-12-12","54.76","54.76","54.76","54.76","50000","50.76","false"
"JPP","2006-12-11","54.92","54.92","54.92","54.92","0","50.91","false"
"JPP","2006-12-08","54.92","54.92","54.92","54.92","50000","50.91","false"
"JPP","2006-12-07","55.34","55.35","55.10","55.10","2300","51.07","false"
"JPP","2006-12-06","54.50","54.50","54.50","54.50","0","50.52","false"
"JPP","2006-12-05","54.49","54.50","54.49","54.50","200","50.52","false"
"JPP","2006-12-04","54.77","54.77","54.77","54.77","10000","50.77","false"
"JPP","2006-12-01","54.05","54.05","54.05","54.05","1100","50.10","false"
"JPP","2006-11-30","54.12","54.12","54.12","54.12","1000","50.16","false"
"JPP","2006-11-29","53.48","53.60","53.31","53.31","1300","49.41","false"
"JPP","2006-11-28","51.81","51.81","51.81","51.81","0","48.02","false"
"JPP","2006-11-27","52.25","52.25","51.81","51.81","1900","48.02","false"
"JPP","2006-11-24","51.90","51.90","51.90","51.90","200","48.11","false"
"JPP","2006-11-22","51.84","51.84","51.84","51.84","400","48.05","false"
"JPP","2006-11-21","51.15","51.15","51.15","51.15","0","47.41","false"
"JPP","2006-11-20","51.15","51.15","51.15","51.15","100","47.41","false"
"JPP","2006-11-17","52.10","52.31","52.10","52.30","700","48.48","false"
"JPP","2006-11-16","52.75","52.75","52.68","52.68","1500","48.83","false"
"JPP","2006-11-15","52.90","52.90","52.90","52.90","600","49.03","false"
"JPP","2006-11-14","53.45","53.58","53.12","53.58","5700","49.66","false"
"JPP","2007-12-31","50.35","50.35","50.10","50.17","18000","48.25","false"
"JPP","2007-12-28","50.41","50.51","50.12","50.22","40100","48.30","false"
"JPP","2007-12-27","50.30","50.30","50.24","50.29","5000","48.37","false"
"JPP","2007-12-26","50.53","50.70","50.52","50.70","7100","48.76","false"
"JPP","2007-12-24","49.90","49.90","49.90","49.90","1400","47.99","false"
"JPP","2007-12-21","50.11","50.11","49.71","49.90","28000","47.99","false"
"JPP","2007-12-20","51.11","51.11","51.11","51.11","0","47.37","false"
"JPP","2007-12-19","51.18","51.18","51.11","51.11","200","47.37","false"
"JPP","2007-12-18","50.96","50.96","50.96","50.96","0","47.23","false"
"JPP","2007-12-17","51.45","51.45","50.76","50.96","14200","47.23","false"
"JPP","2007-12-14","52.72","52.72","52.20","52.20","12100","48.38","false"
"JPP","2007-12-13","53.57","53.57","53.31","53.57","32500","49.65","false"
"JPP","2007-12-12","55.41","55.41","55.32","55.32","18000","51.28","false"
"JPP","2007-12-11","55.48","55.48","55.48","55.48","0","51.42","false"
"JPP","2007-12-10","55.40","55.48","55.40","55.48","700","51.42","false"
"JPP","2007-12-07","55.17","55.17","55.17","55.17","0","51.14","false"
"JPP","2007-12-06","55.17","55.17","55.17","55.17","500","51.14","false"
"JPP","2007-12-05","55.46","55.46","55.42","55.42","800","51.37","false"
"JPP","2007-12-04","54.33","54.33","54.33","54.33","1800","50.36","false"
"JPP","2007-12-03","55.60","55.60","54.65","54.65","500","50.66","false"
"JPP","2007-11-30","55.21","55.21","54.76","54.76","400","50.76","false"
"JPP","2007-11-29","54.70","54.89","54.70","54.89","1300","50.88","false"
"JPP","2007-11-28","54.16","54.39","54.16","54.39","800","50.41","false"
"JPP","2007-11-27","53.84","53.89","53.77","53.89","11200","49.95","false"
"JPP","2007-11-26","53.58","53.58","53.22","53.26","16800","49.37","false"
"JPP","2007-11-23","53.00","53.00","52.94","52.94","1000","49.07","false"
"JPP","2007-11-21","51.96","52.04","51.95","52.04","1600","48.24","false"
"JPP","2007-11-20","52.98","53.02","52.45","52.66","26000","48.81","false"
"JPP","2007-11-19","51.80","51.80","51.40","51.61","500","47.84","false"
"JPP","2007-11-16","52.52","52.68","52.52","52.68","700","48.83","false"
"JPP","2007-11-15","52.61","52.61","52.61","52.61","400","48.76","false"
"JPP","2007-11-14","52.79","52.79","52.79","52.79","0","48.93","false"
"JPP","2007-11-13","52.65","52.79","52.43","52.79","1700","48.93","false"
"JPP","2007-11-12","52.08","52.08","52.08","52.08","500","48.27","false"
"JPP","2007-11-09","51.85","51.92","51.72","51.76","13900","47.98","false"
"JPP","2007-11-08","53.01","53.01","53.01","53.01","400","49.14","false"
"JPP","2007-11-07","53.90","53.90","53.48","53.48","12700","49.57","false"
"JPP","2007-11-06","54.60","54.68","54.60","54.68","600","50.68","false"
"JPP","2007-11-05","53.98","54.07","53.95","54.06","7700","50.11","false"
"JPP","2007-11-02","54.76","54.88","54.76","54.88","700","50.87","false"
"JPP","2007-11-01","55.53","55.53","54.98","54.98","13200","50.96","false"
"JPP","2007-10-31","55.66","55.75","55.66","55.70","11300","51.63","false"
"JPP","2007-10-30","55.46","55.46","55.34","55.34","5300","51.29","false"
"JPP","2007-10-29","55.60","55.78","55.27","55.55","22800","51.49","false"
"JPP","2007-10-26","54.64","54.74","54.56","54.70","31700","50.70","false"
"JPP","2007-10-25","53.86","53.96","53.80","53.90","3600","49.96","false"
"JPP","2007-10-24","53.55","54.05","53.51","54.05","20700","50.10","false"
"JPP","2007-10-23","54.48","54.48","54.21","54.21","900","50.25","false"
"JPP","2007-10-22","54.42","54.49","54.18","54.18","2100","50.22","false"
"JPP","2007-10-19","54.22","54.22","53.95","53.95","14000","50.01","false"
"JPP","2007-10-18","55.12","55.14","54.81","54.88","173500","50.87","false"
"JPP","2007-10-17","54.85","54.98","54.76","54.76","6600","50.76","false"
"JPP","2007-10-16","55.04","55.10","54.73","54.73","20200","50.73","false"
"JPP","2007-10-15","55.93","55.93","55.93","55.93","100","51.84","false"
"JPP","2007-10-12","56.52","56.59","56.42","56.48","57200","52.35","false"
"JPP","2007-10-11","56.92","57.00","56.47","56.64","10700","52.50","false"
"JPP","2007-10-10","56.30","56.30","56.30","56.30","100","52.18","false"
"JPP","2007-10-09","56.50","56.77","56.50","56.77","8700","52.62","false"
"JPP","2007-10-08","56.38","56.77","56.38","56.77","300","52.62","false"
"JPP","2007-10-05","56.67","56.74","56.67","56.74","1000","52.59","false"
"JPP","2007-10-04","56.15","56.39","56.15","56.39","200","52.27","false"
"JPP","2007-10-03","56.23","56.37","56.23","56.36","3300","52.24","false"
"JPP","2007-10-02","56.33","56.35","56.28","56.28","13200","52.17","false"
"JPP","2007-10-01","55.79","56.51","55.70","56.51","22900","52.38","false"
"JPP","2007-09-28","55.74","55.75","55.63","55.63","25400","51.56","false"
"JPP","2007-09-27","55.43","55.76","55.37","55.76","106200","51.68","false"
"JPP","2007-09-26","54.52","54.54","54.41","54.51","14200","50.53","false"
"JPP","2007-09-25","53.92","53.98","53.81","53.82","27500","49.89","false"
"JPP","2007-09-24","53.71","53.78","53.71","53.72","1900","49.79","false"
"JPP","2007-09-21","53.45","53.58","53.45","53.57","4100","49.65","false"
"JPP","2007-09-20","53.76","53.76","53.73","53.73","3500","49.80","false"
"JPP","2007-09-19","54.00","54.00","53.90","53.90","200","49.96","false"
"JPP","2007-09-18","52.32","52.42","52.32","52.41","500","48.58","false"
"JPP","2007-09-17","52.67","52.71","52.41","52.44","43900","48.61","false"
"JPP","2007-09-14","52.93","52.93","52.90","52.93","4600","49.06","false"
"JPP","2007-09-13","52.65","52.93","52.51","52.93","800","49.06","false"
"JPP","2007-09-12","53.03","53.03","53.03","53.03","100","49.15","false"
"JPP","2007-09-11","53.27","53.35","53.18","53.35","1700","49.45","false"
"JPP","2007-09-10","52.53","53.20","52.53","53.20","1100","49.31","false"
"JPP","2007-09-07","53.19","53.19","53.07","53.18","20900","49.29","false"
"JPP","2007-09-06","53.83","53.83","53.41","53.56","26700","49.64","false"
"JPP","2007-09-05","53.74","53.74","53.49","53.50","1300","49.59","false"
"JPP","2007-09-04","54.62","54.78","54.48","54.78","22600","50.78","false"
"JPP","2007-08-31","54.91","54.93","54.73","54.83","23000","50.82","false"
"JPP","2007-08-30","53.87","53.99","53.87","53.98","15000","50.03","false"
"JPP","2007-08-29","53.65","54.05","53.65","54.05","4000","50.10","false"
"JPP","2007-08-28","53.90","53.90","53.51","53.51","2400","49.60","false"
"JPP","2007-08-27","54.08","54.08","54.02","54.02","1100","50.07","false"
"JPP","2007-08-24","54.10","54.60","54.08","54.58","12300","50.59","false"
"JPP","2007-08-23","54.24","54.24","54.21","54.23","5000","50.27","false"
"JPP","2007-08-22","53.70","53.87","53.70","53.85","10900","49.91","false"
"JPP","2007-08-21","53.00","53.12","52.98","53.12","7700","49.24","false"
"JPP","2007-08-20","52.48","52.54","52.46","52.47","23200","48.63","false"
"JPP","2007-08-17","52.76","53.07","52.63","53.07","6300","49.19","false"
"JPP","2007-08-16","52.79","52.88","52.52","52.60","144600","48.76","false"
"JPP","2007-08-15","53.40","53.41","53.36","53.40","5500","49.50","false"
"JPP","2007-08-14","54.37","54.37","54.08","54.13","13800","50.17","false"
"JPP","2007-08-13","54.70","54.70","54.26","54.26","14000","50.29","false"
"JPP","2007-08-10","53.71","54.22","53.68","54.19","17000","50.23","false"
"JPP","2007-08-09","55.03","55.27","55.03","55.06","18200","51.04","false"
"JPP","2007-08-08","55.56","55.77","55.49","55.49","5800","51.43","false"
"JPP","2007-08-07","55.11","55.63","55.11","55.63","1600","51.56","false"
"JPP","2007-08-06","55.30","55.53","55.29","55.53","2400","51.47","false"
"JPP","2007-08-03","55.13","55.13","54.71","54.72","1500","50.72","false"
"JPP","2007-08-02","55.64","55.69","55.50","55.52","29200","51.46","false"
"JPP","2007-08-01","55.50","55.60","55.15","55.42","24200","51.37","false"
"JPP","2007-07-31","56.60","56.72","56.45","56.52","132600","52.39","false"
"JPP","2007-07-30","56.74","56.74","56.54","56.54","900","52.41","false"
"JPP","2007-07-27","55.57","55.90","55.57","55.75","4800","51.67","false"
"JPP","2007-07-26","56.35","56.45","55.62","56.16","7500","52.05","false"
"JPP","2007-07-25","57.15","57.15","57.15","57.15","1000","52.97","false"
"JPP","2007-07-24","57.27","57.45","56.89","57.05","33300","52.88","false"
"JPP","2007-07-23","56.94","57.32","56.94","57.27","17000","53.08","false"
"JPP","2007-07-20","57.17","57.28","56.92","56.99","3700","52.82","false"
"JPP","2007-07-19","57.36","57.39","57.25","57.31","11200","53.12","false"
"JPP","2007-07-18","57.00","57.00","56.62","56.88","45700","52.72","false"
"JPP","2007-07-17","57.27","57.32","57.15","57.18","26100","53.00","false"
"JPP","2007-07-16","57.62","57.62","57.62","57.62","0","53.41","false"
"JPP","2007-07-13","57.62","57.62","57.62","57.62","200","53.41","false"
"JPP","2007-07-12","57.29","57.33","57.29","57.33","9000","53.14","false"
"JPP","2007-07-11","56.97","57.08","56.97","57.08","1500","52.91","false"
"JPP","2007-07-10","57.09","57.19","57.03","57.10","2800","52.93","false"
"JPP","2007-07-09","57.45","57.45","57.14","57.14","10000","52.96","false"
"JPP","2007-07-06","57.00","57.19","56.95","57.07","44600","52.90","false"
"JPP","2007-07-05","57.00","57.12","56.88","57.09","29400","52.92","false"
"JPP","2007-07-03","57.70","57.88","57.58","57.88","4600","53.65","false"
"JPP","2007-07-02","57.59","57.59","57.59","57.59","200","53.38","false"
"JPP","2007-06-29","56.67","56.90","56.67","56.90","2700","52.74","false"
"JPP","2007-06-28","56.35","56.35","56.25","56.25","700","52.14","false"
"JPP","2007-06-27","55.90","56.25","55.90","56.24","21400","52.13","false"
"JPP","2007-06-26","56.31","56.31","56.31","56.31","100","52.19","false"
"JPP","2007-06-25","56.17","56.31","56.01","56.06","2500","51.96","false"
"JPP","2007-06-22","56.70","56.70","56.17","56.17","5900","52.06","false"
"JPP","2007-06-21","56.85","56.94","56.77","56.94","20000","52.78","false"
"JPP","2007-06-20","56.99","56.99","56.71","56.71","5200","52.56","false"
"JPP","2007-06-19","56.82","56.96","56.82","56.94","16800","52.78","false"
"JPP","2007-06-18","57.06","57.07","56.96","57.00","38500","52.83","false"
"JPP","2007-06-15","57.09","57.10","57.02","57.07","8200","52.90","false"
"JPP","2007-06-14","56.70","56.70","56.64","56.64","4900","52.50","false"
"JPP","2007-06-13","56.39","56.58","56.38","56.56","13000","52.43","false"
"JPP","2007-06-12","56.40","56.40","56.40","56.40","100","52.28","false"
"JPP","2007-06-11","57.31","57.31","57.12","57.12","500","52.94","false"
"JPP","2007-06-08","56.96","57.09","56.96","57.09","400","52.92","false"
"JPP","2007-06-07","56.82","56.82","56.75","56.75","5800","52.60","false"
"JPP","2007-06-06","57.42","57.43","56.96","56.96","2000","52.80","false"
"JPP","2007-06-05","57.49","57.49","57.29","57.44","10000","53.24","false"
"JPP","2007-06-04","57.31","57.31","57.20","57.31","7300","53.12","false"
"JPP","2007-06-01","57.23","57.27","57.21","57.27","17800","53.08","false"
"JPP","2007-05-31","56.83","56.84","56.83","56.84","500","52.69","false"
"JPP","2007-05-30","56.15","56.38","56.15","56.38","5300","52.26","false"
"JPP","2007-05-29","56.40","56.40","56.31","56.31","8600","52.19","false"
"JPP","2007-05-25","55.76","55.76","55.76","55.76","5000","51.68","false"
"JPP","2007-05-24","56.20","56.38","55.68","55.68","51800","51.61","false"
"JPP","2007-05-23","56.54","56.58","56.30","56.30","24100","52.18","false"
"JPP","2007-05-22","56.27","56.27","56.27","56.27","300","52.16","false"
"JPP","2007-05-21","55.50","55.63","55.45","55.50","6200","51.44","false"
"JPP","2007-05-18","55.70","55.70","55.54","55.54","900","51.48","false"
"JPP","2007-05-17","55.64","55.64","55.47","55.56","5400","51.50","false"
"JPP","2007-05-16","56.10","56.10","56.10","56.10","10000","52.00","false"
"JPP","2007-05-15","56.20","56.36","56.11","56.25","6100","52.14","false"
"JPP","2007-05-14","56.49","56.64","56.49","56.64","11800","52.50","false"
"JPP","2007-05-11","56.69","56.99","56.69","56.99","26400","52.82","false"
"JPP","2007-05-10","56.50","56.50","56.48","56.48","400","52.35","false"
"JPP","2007-05-09","57.35","57.41","57.29","57.31","8000","53.12","false"
"JPP","2007-05-08","56.74","56.74","56.55","56.55","6000","52.42","false"
"JPP","2007-05-07","56.91","56.91","56.79","56.91","13000","52.75","false"
"JPP","2007-05-04","56.54","56.54","56.54","56.54","2000","52.41","false"
"JPP","2007-05-03","56.41","56.41","56.41","56.41","300","52.29","false"
"JPP","2007-05-02","55.94","56.30","55.94","56.26","18400","52.15","false"
"JPP","2007-05-01","55.74","55.74","55.74","55.74","0","51.67","false"
"JPP","2007-04-30","56.15","56.28","55.73","55.74","11300","51.67","false"
"JPP","2007-04-27","55.86","55.99","55.79","55.99","22400","51.90","false"
"JPP","2007-04-26","56.29","56.37","56.22","56.22","10000","52.11","false"
"JPP","2007-04-25","56.50","56.89","56.50","56.89","6300","52.73","false"
"JPP","2007-04-24","56.62","56.62","56.62","56.62","1200","52.48","false"
"JPP","2007-04-23","56.67","56.67","56.67","56.67","200","52.53","false"
"JPP","2007-04-20","57.20","57.29","57.20","57.29","7200","53.10","false"
"JPP","2007-04-19","57.06","57.06","57.05","57.05","5000","52.88","false"
"JPP","2007-04-18","57.47","57.47","57.32","57.32","3500","53.13","false"
"JPP","2007-04-17","57.09","57.21","57.09","57.21","4600","53.03","false"
"JPP","2007-04-16","57.12","57.69","57.12","57.69","10200","53.47","false"
"JPP","2007-04-13","57.20","57.20","57.01","57.12","7800","52.94","false"
"JPP","2007-04-12","57.07","57.39","57.07","57.35","14100","53.16","false"
"JPP","2007-04-11","57.35","57.35","57.13","57.13","4600","52.95","false"
"JPP","2007-04-10","57.53","57.73","57.48","57.64","20600","53.43","false"
"JPP","2007-04-09","57.45","57.48","57.31","57.39","6700","53.19","false"
"JPP","2007-04-05","57.41","57.41","57.24","57.27","10000","53.08","false"
"JPP","2007-04-04","57.32","57.48","57.17","57.48","35300","53.28","false"
"JPP","2007-04-03","56.85","57.14","56.75","56.95","5600","52.79","false"
"JPP","2007-04-02","56.65","56.65","56.65","56.65","3000","52.51","false"
"JPP","2007-03-30","57.24","57.33","56.98","56.98","1400","52.81","false"
"JPP","2007-03-29","57.18","57.28","57.18","57.28","300","53.09","false"
"JPP","2007-03-28","57.18","57.18","57.00","57.00","1300","52.83","false"
"JPP","2007-03-27","57.18","57.19","57.18","57.19","400","53.01","false"
"JPP","2007-03-26","57.67","57.67","57.67","57.67","100","53.45","false"
"JPP","2007-03-23","58.23","58.23","58.02","58.05","10400","53.81","false"
"JPP","2007-03-22","58.05","58.37","58.00","58.00","9200","53.76","false"
"JPP","2007-03-21","57.41","57.89","57.15","57.89","6900","53.66","false"
"JPP","2007-03-20","56.99","57.44","56.99","57.44","3300","53.24","false"
"JPP","2007-03-19","56.81","56.86","56.79","56.81","3900","52.66","false"
"JPP","2007-03-16","56.38","56.62","56.29","56.29","10200","52.18","false"
"JPP","2007-03-15","56.60","56.60","56.44","56.49","5200","52.36","false"
"JPP","2007-03-14","56.28","56.31","55.95","56.15","5400","52.05","false"
"JPP","2007-03-13","57.55","57.55","56.77","56.79","10300","52.64","false"
"JPP","2007-03-12","57.82","58.10","57.48","58.06","119500","53.82","false"
"JPP","2007-03-09","57.35","57.47","57.31","57.41","40600","53.21","false"
"JPP","2007-03-08","57.37","57.65","57.37","57.65","9200","53.44","false"
"JPP","2007-03-07","57.00","57.00","56.75","56.75","2100","52.60","false"
"JPP","2007-03-06","56.77","56.77","56.77","56.77","100","52.62","false"
"JPP","2007-03-05","56.08","56.12","55.73","55.73","11200","51.66","false"
"JPP","2007-03-02","57.00","57.00","56.50","56.50","700","52.37","false"
"JPP","2007-03-01","57.00","57.44","56.46","57.44","3000","53.24","false"
"JPP","2007-02-28","57.29","57.78","57.29","57.54","3000","53.33","false"
"JPP","2007-02-27","58.81","58.81","57.23","57.35","43000","53.16","false"
"JPP","2007-02-26","59.10","59.15","58.77","58.81","7100","54.51","false"
"JPP","2007-02-23","58.66","58.90","58.56","58.90","15100","54.59","false"
"JPP","2007-02-22","58.25","58.25","58.22","58.22","1600","53.96","false"
"JPP","2007-02-21","57.75","57.94","57.75","57.94","4000","53.70","false"
"JPP","2007-02-20","58.10","58.16","57.98","58.16","1100","53.91","false"
"JPP","2007-02-16","58.04","58.35","58.04","58.35","900","54.08","false"
"JPP","2007-02-15","58.10","58.10","58.10","58.10","100","53.85","false"
"JPP","2007-02-14","57.17","57.89","57.17","57.85","14500","53.62","false"
"JPP","2007-02-13","56.80","56.92","56.80","56.92","2000","52.76","false"
"JPP","2007-02-12","55.97","55.97","55.81","55.82","2300","51.74","false"
"JPP","2007-02-09","56.35","56.35","56.06","56.06","700","51.96","false"
"JPP","2007-02-08","55.57","55.74","55.57","55.74","1500","51.67","false"
"JPP","2007-02-07","56.43","56.43","56.40","56.40","6700","52.28","false"
"JPP","2007-02-06","56.60","56.60","56.27","56.41","3900","52.29","false"
"JPP","2007-02-05","56.03","56.03","56.01","56.01","3100","51.92","false"
"JPP","2007-02-02","56.60","56.66","56.46","56.47","6700","52.34","false"
"JPP","2007-02-01","57.16","57.16","56.75","56.96","13700","52.80","false"
"JPP","2007-01-31","55.50","56.41","55.50","56.13","17600","52.03","false"
"JPP","2007-01-30","55.99","56.17","55.99","56.12","6200","52.02","false"
"JPP","2007-01-29","55.90","56.10","55.85","55.96","4000","51.87","false"
"JPP","2007-01-26","55.80","55.81","55.56","55.81","4100","51.73","false"
"JPP","2007-01-25","56.05","56.05","55.49","55.59","4700","51.53","false"
"JPP","2007-01-24","56.24","56.73","56.24","56.71","900","52.56","false"
"JPP","2007-01-23","55.95","56.11","55.93","55.93","6600","51.84","false"
"JPP","2007-01-22","55.44","55.58","55.44","55.53","9300","51.47","false"
"JPP","2007-01-19","55.79","55.92","55.74","55.90","109100","51.81","false"
"JPP","2007-01-18","55.65","55.68","55.65","55.68","2900","51.61","false"
"JPP","2007-01-17","55.52","55.64","55.45","55.50","4100","51.44","false"
"JPP","2007-01-16","55.55","55.55","55.49","55.51","1800","51.45","false"
"JPP","2007-01-12","55.07","55.32","55.07","55.32","1500","51.28","false"
"JPP","2007-01-11","54.50","54.68","54.41","54.68","500","50.68","false"
"JPP","2007-01-10","54.60","54.88","54.50","54.82","700","50.81","false"
"JPP","2007-01-09","55.45","55.51","55.41","55.51","2300","51.45","false"
"JPP","2007-01-08","55.24","55.24","55.24","55.24","500","51.20","false"
"JPP","2007-01-05","55.30","55.37","54.55","55.08","12600","51.05","false"
"JPP","2007-01-04","56.00","56.10","56.00","56.10","1300","52.00","false"
"JPP","2007-01-03","55.58","55.65","55.50","55.50","1400","51.44","false"
"JPP","2008-12-31","36.45","36.60","36.06","36.57","8000","35.17","false"
"JPP","2008-12-30","35.57","36.14","35.36","36.14","39800","34.76","false"
"JPP","2008-12-29","35.29","35.29","35.20","35.20","800","33.85","false"
"JPP","2008-12-26","35.12","35.12","34.45","34.45","3300","33.13","false"
"JPP","2008-12-24","33.93","33.93","33.87","33.88","1800","32.58","false"
"JPP","2008-12-23","34.27","34.27","33.71","33.71","1200","32.42","false"
"JPP","2008-12-22","34.62","34.62","34.62","34.62","500","33.30","false"
"JPP","2008-12-19","34.56","34.75","34.00","34.34","21000","33.03","false"
"JPP","2008-12-18","36.22","36.29","35.44","35.44","4000","34.08","false"
"JPP","2008-12-17","36.79","36.87","36.70","36.87","18500","35.46","false"
"JPP","2008-12-16","35.48","36.65","35.48","36.65","11600","35.25","false"
"JPP","2008-12-15","35.70","35.70","35.44","35.44","4700","34.08","false"
"JPP","2008-12-12","34.97","35.41","34.69","35.41","98200","34.06","false"
"JPP","2008-12-11","35.77","35.98","34.70","34.75","85600","33.42","false"
"JPP","2008-12-10","35.00","35.04","35.00","35.04","600","33.70","false"
"JPP","2008-12-09","34.56","34.71","34.48","34.60","1400","33.28","false"
"JPP","2008-12-08","34.62","34.73","34.38","34.42","40700","33.10","false"
"JPP","2008-12-05","32.68","32.68","32.68","32.68","1000","31.43","false"
"JPP","2008-12-04","32.61","32.61","32.61","32.61","0","31.36","false"
"JPP","2008-12-03","32.61","32.61","32.61","32.61","300","31.36","false"
"JPP","2008-12-02","32.53","32.53","32.53","32.53","0","31.29","false"
"JPP","2008-12-01","32.33","32.53","32.33","32.53","9100","31.29","false"
"JPP","2008-11-28","34.04","34.04","34.04","34.04","0","32.74","false"
"JPP","2008-11-26","34.04","34.04","34.04","34.04","500","32.74","false"
"JPP","2008-11-25","34.77","34.77","33.24","33.24","1500","31.97","false"
"JPP","2008-11-24","32.87","34.50","32.84","34.50","4900","33.18","false"
"JPP","2008-11-21","31.25","31.34","31.13","31.13","6900","29.94","false"
"JPP","2008-11-20","31.53","31.53","30.90","30.90","2400","29.72","false"
"JPP","2008-11-19","32.93","32.93","31.89","31.89","202000","30.67","false"
"JPP","2008-11-18","33.08","33.08","32.66","32.66","2300","31.41","false"
"JPP","2008-11-17","33.24","33.80","33.23","33.48","1100","32.20","false"
"JPP","2008-11-14","34.22","34.59","34.22","34.59","200","33.27","false"
"JPP","2008-11-13","33.68","34.81","33.68","34.81","14400","33.48","false"
"JPP","2008-11-12","33.66","33.66","33.30","33.30","7100","32.03","false"
"JPP","2008-11-11","34.09","34.17","33.73","34.17","6200","32.86","false"
"JPP","2008-11-10","35.75","35.75","35.16","35.43","11600","34.07","false"
"JPP","2008-11-07","34.77","35.15","34.77","34.92","3800","33.58","false"
"JPP","2008-11-06","35.49","35.49","35.00","35.00","500","33.66","false"
"JPP","2008-11-05","37.33","37.65","36.19","36.45","2600","35.06","false"
"JPP","2008-11-04","36.28","36.96","36.28","36.60","8800","35.20","false"
"JPP","2008-11-03","36.27","36.27","34.78","35.10","4000","33.76","false"
"JPP","2008-10-31","34.00","35.16","34.00","34.83","5700","33.50","false"
"JPP","2008-10-30","34.46","34.51","34.22","34.35","3500","33.04","false"
"JPP","2008-10-29","34.51","34.51","33.06","33.55","3200","32.27","false"
"JPP","2008-10-28","31.87","33.54","31.04","33.54","12900","32.26","false"
"JPP","2008-10-27","30.71","31.37","30.61","30.92","8900","29.74","false"
"JPP","2008-10-24","32.21","32.25","30.51","32.25","2500","31.02","false"
"JPP","2008-10-23","32.85","33.17","32.51","32.70","2300","31.45","false"
"JPP","2008-10-22","34.53","34.53","32.50","32.50","2100","31.26","false"
"JPP","2008-10-21","35.67","35.71","35.11","35.55","6500","34.19","false"
"JPP","2008-10-20","34.19","34.19","34.19","34.19","0","32.88","false"
"JPP","2008-10-17","33.15","34.19","33.15","34.19","800","32.88","false"
"JPP","2008-10-16","33.20","33.66","31.92","33.65","10800","32.36","false"
"JPP","2008-10-15","35.71","35.71","32.88","33.19","4800","31.92","false"
"JPP","2008-10-14","36.50","36.50","35.10","35.10","6000","33.76","false"
"JPP","2008-10-13","32.08","34.51","32.08","34.48","44200","33.16","false"
"JPP","2008-10-10","30.50","30.75","29.57","29.57","3400","28.44","false"
"JPP","2008-10-09","35.00","35.00","32.52","32.52","1900","31.28","false"
"JPP","2008-10-08","34.60","35.05","34.30","35.04","1700","33.70","false"
"JPP","2008-10-07","35.54","36.84","35.54","35.92","14100","34.55","false"
"JPP","2008-10-06","36.11","36.97","35.68","35.68","7600","34.32","false"
"JPP","2008-10-03","38.38","39.15","38.20","38.20","6600","36.74","false"
"JPP","2008-10-02","39.41","39.41","38.45","38.50","3000","37.03","false"
"JPP","2008-10-01","40.08","40.43","40.08","40.18","2100","38.64","false"
"JPP","2008-09-30","40.25","40.50","40.14","40.50","2700","38.95","false"
"JPP","2008-09-29","40.49","40.49","38.99","39.18","13300","37.68","false"
"JPP","2008-09-26","41.66","42.00","41.66","41.91","8700","40.31","false"
"JPP","2008-09-25","42.17","42.17","40.48","41.63","9900","40.04","false"
"JPP","2008-09-24","41.76","41.76","41.49","41.64","2600","40.05","false"
"JPP","2008-09-23","41.68","41.68","41.68","41.68","400","40.09","false"
"JPP","2008-09-22","42.15","42.15","41.54","41.90","4600","40.30","false"
"JPP","2008-09-19","44.47","44.47","41.76","42.61","800","40.98","false"
"JPP","2008-09-18","40.79","41.23","39.61","41.23","8300","39.65","false"
"JPP","2008-09-17","39.98","40.13","39.24","39.24","300","37.74","false"
"JPP","2008-09-16","39.01","40.61","39.01","40.55","3400","39.00","false"
"JPP","2008-09-15","40.99","41.17","40.69","40.99","2500","39.42","false"
"JPP","2008-09-12","41.91","41.91","41.91","41.91","100","40.31","false"
"JPP","2008-09-11","41.61","41.61","41.61","41.61","100","40.02","false"
"JPP","2008-09-10","42.26","42.26","42.14","42.14","700","40.53","false"
"JPP","2008-09-09","42.23","42.23","41.74","41.74","200","40.14","false"
"JPP","2008-09-08","42.59","42.59","42.44","42.44","700","40.82","false"
"JPP","2008-09-05","41.86","41.87","41.69","41.76","14500","40.16","false"
"JPP","2008-09-04","43.74","43.74","41.84","41.87","12000","40.27","false"
"JPP","2008-09-03","42.94","42.94","42.87","42.88","7200","41.24","false"
"JPP","2008-09-02","43.50","43.50","43.10","43.10","400","41.45","false"
"JPP","2008-08-29","43.92","43.92","43.72","43.72","1000","42.05","false"
"JPP","2008-08-28","43.49","43.49","43.49","43.49","200","41.83","false"
"JPP","2008-08-27","43.15","43.16","43.15","43.16","800","41.51","false"
"JPP","2008-08-26","43.00","43.00","43.00","43.00","0","41.36","false"
"JPP","2008-08-25","43.00","43.00","43.00","43.00","500","41.36","false"
"JPP","2008-08-22","42.99","43.19","42.98","43.19","800","41.54","false"
"JPP","2008-08-21","42.77","43.54","42.77","43.54","2100","41.87","false"
"JPP","2008-08-20","43.06","43.13","43.06","43.13","5200","41.48","false"
"JPP","2008-08-19","43.02","43.02","42.78","42.78","5700","41.14","false"
"JPP","2008-08-18","43.67","43.67","43.44","43.44","600","41.78","false"
"JPP","2008-08-15","43.02","43.02","43.02","43.02","100","41.37","false"
"JPP","2008-08-14","43.56","43.56","43.39","43.39","10500","41.73","false"
"JPP","2008-08-13","43.66","43.80","43.56","43.56","1400","41.89","false"
"JPP","2008-08-12","44.42","44.42","44.30","44.36","12200","42.66","false"
"JPP","2008-08-11","44.78","44.78","44.78","44.78","300","43.07","false"
"JPP","2008-08-08","43.70","44.33","43.70","44.33","2000","42.63","false"
"JPP","2008-08-07","44.10","44.39","43.91","43.91","1500","42.23","false"
"JPP","2008-08-06","44.78","44.86","44.78","44.86","3200","43.14","false"
"JPP","2008-08-05","44.70","45.06","44.70","44.99","4200","43.27","false"
"JPP","2008-08-04","44.45","44.45","44.27","44.27","1000","42.58","false"
"JPP","2008-08-01","45.65","45.65","45.24","45.24","300","43.51","false"
"JPP","2008-07-31","46.33","46.33","45.90","45.90","4700","44.14","false"
"JPP","2008-07-30","46.59","46.59","46.59","46.59","1400","44.81","false"
"JPP","2008-07-29","46.02","46.02","46.02","46.02","100","44.26","false"
"JPP","2008-07-28","46.21","46.21","46.02","46.02","500","44.26","false"
"JPP","2008-07-25","46.85","46.85","46.43","46.51","19100","44.73","false"
"JPP","2008-07-24","47.27","47.27","46.86","46.89","2800","45.10","false"
"JPP","2008-07-23","46.90","46.90","46.89","46.90","1300","45.11","false"
"JPP","2008-07-22","46.32","46.32","46.13","46.13","1500","44.37","false"
"JPP","2008-07-21","46.45","46.45","46.16","46.16","600","44.39","false"
"JPP","2008-07-18","45.99","45.99","45.99","45.99","100","44.23","false"
"JPP","2008-07-17","46.62","46.62","46.07","46.22","28900","44.45","false"
"JPP","2008-07-16","45.88","46.51","45.88","46.51","2300","44.73","false"
"JPP","2008-07-15","45.23","45.73","45.23","45.73","4400","43.98","false"
"JPP","2008-07-14","46.17","46.17","46.17","46.17","100","44.40","false"
"JPP","2008-07-11","45.90","45.90","45.65","45.65","10500","43.90","false"
"JPP","2008-07-10","46.45","46.45","46.15","46.40","10100","44.63","false"
"JPP","2008-07-09","46.64","46.85","46.02","46.02","38400","44.26","false"
"JPP","2008-07-08","46.36","46.96","46.30","46.86","97600","45.07","false"
"JPP","2008-07-07","47.69","47.69","46.94","47.22","17100","45.41","false"
"JPP","2008-07-03","46.97","46.97","46.92","46.92","900","45.13","false"
"JPP","2008-07-02","47.50","47.50","46.80","46.80","2900","45.01","false"
"JPP","2008-07-01","47.41","47.89","47.10","47.77","76400","45.94","false"
"JPP","2008-06-30","46.67","48.02","46.67","47.76","20300","45.93","false"
"JPP","2008-06-27","47.45","47.54","47.40","47.50","6000","45.68","false"
"JPP","2008-06-26","47.65","47.67","47.16","47.16","45800","45.36","false"
"JPP","2008-06-25","47.99","48.55","47.99","48.53","27200","46.67","false"
"JPP","2008-06-24","47.85","47.85","47.75","47.75","6000","45.92","false"
"JPP","2008-06-23","46.07","47.99","46.07","47.88","1600","46.05","false"
"JPP","2008-06-20","47.91","47.91","47.77","47.80","5600","45.97","false"
"JPP","2008-06-19","49.14","49.25","48.96","49.20","31000","47.32","false"
"JPP","2008-06-18","49.71","49.71","49.62","49.67","2000","47.77","false"
"JPP","2008-06-17","50.04","50.10","50.04","50.08","10000","48.16","false"
"JPP","2008-06-16","49.52","49.67","49.21","49.67","5800","47.77","false"
"JPP","2008-06-13","49.26","49.26","49.03","49.15","6200","47.27","false"
"JPP","2008-06-12","48.90","49.10","48.82","48.82","18200","46.95","false"
"JPP","2008-06-11","49.44","49.44","48.82","48.82","1300","46.95","false"
"JPP","2008-06-10","49.60","49.68","49.57","49.68","4500","47.78","false"
"JPP","2008-06-09","50.82","50.82","50.55","50.57","700","48.64","false"
"JPP","2008-06-06","51.55","51.55","50.64","50.64","4300","48.70","false"
"JPP","2008-06-05","52.01","52.40","52.01","52.37","8000","50.37","false"
"JPP","2008-06-04","52.18","52.18","52.00","52.00","200","50.01","false"
"JPP","2008-06-03","51.28","51.54","51.28","51.54","200","49.57","false"
"JPP","2008-06-02","51.64","51.64","51.43","51.43","1100","49.46","false"
"JPP","2008-05-30","51.45","51.45","51.42","51.42","5000","49.45","false"
"JPP","2008-05-29","50.54","50.78","50.54","50.78","2200","48.84","false"
"JPP","2008-05-28","50.00","50.27","50.00","50.27","20100","48.35","false"
"JPP","2008-05-27","50.75","50.75","50.55","50.68","22000","48.74","false"
"JPP","2008-05-23","50.68","50.73","50.68","50.73","10500","48.79","false"
"JPP","2008-05-22","51.11","51.23","50.97","51.05","23800","49.10","false"
"JPP","2008-05-21","50.93","50.93","50.34","50.45","10400","48.52","false"
"JPP","2008-05-20","51.80","51.80","51.30","51.33","11300","49.37","false"
"JPP","2008-05-19","51.83","51.88","51.83","51.88","200","49.90","false"
"JPP","2008-05-16","51.77","51.92","51.77","51.79","19600","49.81","false"
"JPP","2008-05-15","51.03","51.64","51.03","51.59","24300","49.62","false"
"JPP","2008-05-14","50.84","50.92","50.57","50.57","39100","48.64","false"
"JPP","2008-05-13","50.43","50.43","50.00","50.04","800","48.13","false"
"JPP","2008-05-12","49.90","50.28","49.90","50.28","1600","48.36","false"
"JPP","2008-05-09","49.98","49.98","49.75","49.75","1400","47.85","false"
"JPP","2008-05-08","49.57","50.79","49.57","50.53","18400","48.60","false"
"JPP","2008-05-07","50.90","50.95","50.40","50.41","7500","48.48","false"
"JPP","2008-05-06","51.00","51.00","51.00","51.00","100","49.05","false"
"JPP","2008-05-05","51.55","51.55","50.88","50.88","600","48.93","false"
"JPP","2008-05-02","50.90","50.90","50.57","50.57","400","48.64","false"
"JPP","2008-05-01","50.18","50.67","50.13","50.67","10200","48.73","false"
"JPP","2008-04-30","50.69","50.69","50.69","50.69","100","48.75","false"
"JPP","2008-04-29","50.38","50.38","50.07","50.07","1000","48.15","false"
"JPP","2008-04-28","50.51","50.51","50.51","50.51","300","48.58","false"
"JPP","2008-04-25","49.86","49.86","49.51","49.51","3100","47.62","false"
"JPP","2008-04-24","48.82","49.00","48.62","49.00","21500","47.13","false"
"JPP","2008-04-23","48.93","49.08","48.90","49.02","11700","47.15","false"
"JPP","2008-04-22","48.72","48.72","48.54","48.54","3600","46.68","false"
"JPP","2008-04-21","49.20","49.20","49.20","49.20","1200","47.32","false"
"JPP","2008-04-18","49.31","49.33","49.31","49.33","400","47.44","false"
"JPP","2008-04-17","48.62","48.62","48.62","48.62","500","46.76","false"
"JPP","2008-04-16","48.73","48.99","48.72","48.99","14200","47.12","false"
"JPP","2008-04-15","47.67","47.67","47.54","47.60","11400","45.78","false"
"JPP","2008-04-14","47.65","47.65","47.50","47.50","8100","45.68","false"
"JPP","2008-04-11","47.77","47.86","47.44","47.44","10500","45.63","false"
"JPP","2008-04-10","47.56","47.56","47.50","47.50","3100","45.68","false"
"JPP","2008-04-09","48.30","48.30","48.30","48.30","0","46.45","false"
"JPP","2008-04-08","48.30","48.30","48.30","48.30","200","46.45","false"
"JPP","2008-04-07","49.47","49.47","48.96","48.96","2300","47.09","false"
"JPP","2008-04-04","48.76","48.85","48.70","48.70","6400","46.84","false"
"JPP","2008-04-03","48.43","48.43","48.43","48.43","100","46.58","false"
"JPP","2008-04-02","48.41","48.41","48.30","48.30","3400","46.45","false"
"JPP","2008-04-01","47.86","48.27","47.86","48.27","1700","46.42","false"
"JPP","2008-03-31","47.20","47.25","47.20","47.25","5400","45.44","false"
"JPP","2008-03-28","47.72","47.72","47.72","47.72","100","45.89","false"
"JPP","2008-03-27","47.96","48.09","47.30","47.30","21600","45.49","false"
"JPP","2008-03-26","47.41","47.61","47.13","47.13","4200","45.33","false"
"JPP","2008-03-25","47.20","47.20","47.20","47.20","700","45.39","false"
"JPP","2008-03-24","46.84","47.09","46.84","47.01","5800","45.21","false"
"JPP","2008-03-20","45.01","46.07","45.01","46.07","900","44.31","false"
"JPP","2008-03-19","46.39","46.50","45.50","45.55","36900","43.81","false"
"JPP","2008-03-18","45.87","46.35","45.87","46.24","1800","44.47","false"
"JPP","2008-03-17","45.08","45.09","44.79","45.09","5200","43.37","false"
"JPP","2008-03-14","45.60","45.60","45.30","45.30","2900","43.57","false"
"JPP","2008-03-13","46.18","46.82","45.77","46.66","12900","44.88","false"
"JPP","2008-03-12","47.00","47.00","46.80","46.82","10900","45.03","false"
"JPP","2008-03-11","46.05","46.86","46.01","46.86","32200","45.07","false"
"JPP","2008-03-10","45.69","45.69","45.69","45.69","0","43.94","false"
"JPP","2008-03-07","45.59","45.71","45.53","45.69","32300","43.94","false"
"JPP","2008-03-06","46.59","46.59","46.26","46.26","10200","44.49","false"
"JPP","2008-03-05","46.75","46.75","46.40","46.40","300","44.63","false"
"JPP","2008-03-04","46.41","46.47","46.38","46.38","1100","44.61","false"
"JPP","2008-03-03","47.28","47.37","47.05","47.23","16700","45.42","false"
"JPP","2008-02-29","47.43","47.48","47.38","47.41","20600","45.60","false"
"JPP","2008-02-28","48.48","48.48","48.02","48.02","31200","46.18","false"
"JPP","2008-02-27","48.78","48.78","48.40","48.42","32800","46.57","false"
"JPP","2008-02-26","47.91","48.75","47.91","48.67","12600","46.81","false"
"JPP","2008-02-25","47.50","48.15","47.50","48.15","3900","46.31","false"
"JPP","2008-02-22","47.00","47.00","46.39","46.39","5300","44.62","false"
"JPP","2008-02-21","47.33","47.33","46.72","46.72","7200","44.93","false"
"JPP","2008-02-20","46.29","46.58","46.29","46.58","6500","44.80","false"
"JPP","2008-02-19","47.89","47.89","47.61","47.61","600","45.79","false"
"JPP","2008-02-15","46.66","46.76","46.42","46.75","9700","44.96","false"
"JPP","2008-02-14","46.88","46.92","46.37","46.39","7600","44.62","false"
"JPP","2008-02-13","45.97","46.08","45.97","46.08","6700","44.32","false"
"JPP","2008-02-12","46.23","46.41","46.23","46.41","2100","44.63","false"
"JPP","2008-02-11","45.85","45.85","45.31","45.33","1700","43.60","false"
"JPP","2008-02-08","45.37","45.37","45.10","45.10","14200","43.37","false"
"JPP","2008-02-07","46.08","46.52","46.08","46.21","10700","44.44","false"
"JPP","2008-02-06","46.57","46.57","46.13","46.13","3100","44.37","false"
"JPP","2008-02-05","47.80","47.80","46.67","46.67","10100","44.88","false"
"JPP","2008-02-04","48.44","48.55","48.31","48.31","12300","46.46","false"
"JPP","2008-02-01","48.52","48.72","48.52","48.58","6500","46.72","false"
"JPP","2008-01-31","47.73","48.33","47.73","48.29","6600","46.44","false"
"JPP","2008-01-30","48.17","48.19","47.56","47.56","4100","45.74","false"
"JPP","2008-01-29","47.43","47.43","47.37","47.37","5000","45.56","false"
"JPP","2008-01-28","46.84","46.84","46.84","46.84","5000","45.05","false"
"JPP","2008-01-25","47.42","47.42","47.42","47.42","200","45.61","false"
"JPP","2008-01-24","46.47","46.51","46.40","46.41","33400","44.63","false"
"JPP","2008-01-23","44.40","45.39","44.40","45.27","3900","43.54","false"
"JPP","2008-01-22","44.80","45.61","44.80","45.37","4500","43.63","false"
"JPP","2008-01-18","47.30","47.30","47.03","47.03","5300","45.23","false"
"JPP","2008-01-17","46.36","46.36","46.27","46.28","5200","44.51","false"
"JPP","2008-01-16","47.00","47.00","46.49","46.49","3700","44.71","false"
"JPP","2008-01-15","47.01","47.01","47.01","47.01","100","45.21","false"
"JPP","2008-01-14","48.97","49.11","48.97","49.11","300","47.23","false"
"JPP","2008-01-11","48.43","48.55","48.43","48.43","900","46.58","false"
"JPP","2008-01-10","48.92","49.26","48.92","49.26","2000","47.38","false"
"JPP","2008-01-09","49.55","49.70","49.55","49.70","300","47.80","false"
"JPP","2008-01-08","49.30","49.30","49.17","49.17","600","47.29","false"
"JPP","2008-01-07","49.07","49.09","48.52","48.52","2400","46.66","false"
"JPP","2008-01-04","49.90","49.90","48.78","48.85","4800","46.98","false"
"JPP","2008-01-03","51.20","51.20","50.07","50.07","2700","48.15","false"
"JPP","2008-01-02","50.32","50.39","49.83","50.31","17300","48.39","false"
"JPP","2009-12-31","37.45","37.45","37.45","37.45","0","36.33","false"
"JPP","2009-12-30","37.45","37.45","37.45","37.45","0","36.33","false"
"JPP","2009-12-29","37.45","37.45","37.45","37.45","300","36.33","false"
"JPP","2009-12-28","37.26","37.32","37.26","37.28","700","36.17","false"
"JPP","2009-12-24","37.32","37.41","37.32","37.40","3700","36.28","false"
"JPP","2009-12-23","36.86","36.86","36.86","36.86","0","35.76","false"
"JPP","2009-12-22","36.87","36.87","36.86","36.86","1000","35.76","false"
"JPP","2009-12-21","37.29","37.29","36.75","36.79","3000","35.69","false"
"JPP","2009-12-18","36.86","36.86","36.83","36.83","500","35.73","false"
"JPP","2009-12-17","37.19","37.20","37.19","37.20","1000","35.78","false"
"JPP","2009-12-16","37.18","37.18","37.18","37.18","0","35.76","false"
"JPP","2009-12-15","37.18","37.18","37.18","37.18","200","35.76","false"
"JPP","2009-12-14","37.63","37.65","37.63","37.65","2600","36.21","false"
"JPP","2009-12-11","37.53","37.53","37.53","37.53","0","36.09","false"
"JPP","2009-12-10","37.53","37.53","37.53","37.53","0","36.09","false"
"JPP","2009-12-09","37.53","37.53","37.53","37.53","0","36.09","false"
"JPP","2009-12-08","37.53","37.53","37.53","37.53","200","36.09","false"
"JPP","2009-12-07","37.59","37.60","37.55","37.55","800","36.11","false"
"JPP","2009-12-04","37.95","37.95","37.62","37.62","1100","36.18","false"
"JPP","2009-12-03","37.29","37.29","37.29","37.29","0","35.86","false"
"JPP","2009-12-02","37.03","37.29","37.03","37.29","800","35.86","false"
"JPP","2009-12-01","36.23","36.23","36.23","36.23","0","34.84","false"
"JPP","2009-11-30","36.23","36.23","36.23","36.23","100","34.84","false"
"JPP","2009-11-27","35.35","35.69","35.35","35.51","4300","34.15","false"
"JPP","2009-11-25","35.22","35.22","35.22","35.22","0","33.87","false"
"JPP","2009-11-24","35.22","35.22","35.22","35.22","100","33.87","false"
"JPP","2009-11-23","35.50","35.50","35.50","35.50","100","34.14","false"
"JPP","2009-11-20","35.18","35.25","35.18","35.25","400","33.90","false"
"JPP","2009-11-19","35.67","35.67","35.67","35.67","0","34.31","false"
"JPP","2009-11-18","36.03","36.03","35.67","35.67","500","34.31","false"
"JPP","2009-11-17","36.48","36.48","36.48","36.48","0","35.08","false"
"JPP","2009-11-16","36.15","36.52","36.15","36.48","1100","35.08","false"
"JPP","2009-11-13","36.81","36.81","36.81","36.81","0","35.40","false"
"JPP","2009-11-12","36.81","36.81","36.81","36.81","0","35.40","false"
"JPP","2009-11-11","36.81","36.81","36.81","36.81","0","35.40","false"
"JPP","2009-11-10","36.81","36.81","36.81","36.81","0","35.40","false"
"JPP","2009-11-09","36.57","36.81","36.57","36.81","500","35.40","false"
"JPP","2009-11-06","36.08","36.40","36.08","36.40","500","35.01","false"
"JPP","2009-11-05","36.83","36.95","36.70","36.81","6800","35.40","false"
"JPP","2009-11-04","36.00","36.76","36.00","36.49","16600","35.09","false"
"JPP","2009-11-03","36.22","36.22","36.19","36.19","600","34.81","false"
"JPP","2009-11-02","36.71","36.71","36.71","36.71","300","35.31","false"
"JPP","2009-10-30","36.57","36.57","36.14","36.14","5800","34.76","false"
"JPP","2009-10-29","36.72","36.73","36.65","36.73","700","35.33","false"
"JPP","2009-10-28","36.39","36.39","36.39","36.39","0","35.00","false"
"JPP","2009-10-27","36.48","36.48","36.39","36.39","200","35.00","false"
"JPP","2009-10-26","36.67","36.67","36.67","36.67","0","35.27","false"
"JPP","2009-10-23","36.83","36.84","36.57","36.67","4800","35.27","false"
"JPP","2009-10-22","38.01","38.01","38.01","38.01","0","36.56","false"
"JPP","2009-10-21","38.01","38.01","38.01","38.01","0","36.56","false"
"JPP","2009-10-20","38.01","38.01","38.01","38.01","0","36.56","false"
"JPP","2009-10-19","37.77","38.01","37.77","38.01","500","36.56","false"
"JPP","2009-10-16","36.90","36.90","36.90","36.90","100","35.49","false"
"JPP","2009-10-15","37.68","37.71","37.57","37.71","1600","36.27","false"
"JPP","2009-10-14","38.08","38.08","37.87","37.90","600","36.45","false"
"JPP","2009-10-13","37.99","37.99","37.99","37.99","0","36.54","false"
"JPP","2009-10-12","37.99","37.99","37.99","37.99","0","36.54","false"
"JPP","2009-10-09","37.99","37.99","37.99","37.99","0","36.54","false"
"JPP","2009-10-08","37.84","37.99","37.84","37.99","4200","36.54","false"
"JPP","2009-10-07","37.23","37.23","37.19","37.19","700","35.77","false"
"JPP","2009-10-06","37.27","37.42","37.27","37.42","900","35.99","false"
"JPP","2009-10-05","36.68","36.74","36.58","36.74","1500","35.33","false"
"JPP","2009-10-02","36.70","36.83","36.70","36.83","200","35.42","false"
"JPP","2009-10-01","37.59","37.59","37.15","37.15","1800","35.73","false"
"JPP","2009-09-30","38.09","38.09","37.97","37.97","1500","36.52","false"
"JPP","2009-09-29","38.00","38.00","38.00","38.00","800","36.55","false"
"JPP","2009-09-28","38.44","38.44","38.44","38.44","1400","36.97","false"
"JPP","2009-09-25","38.37","38.42","38.35","38.37","7100","36.90","false"
"JPP","2009-09-24","38.99","38.99","38.31","38.31","1800","36.84","false"
"JPP","2009-09-23","38.60","38.60","38.59","38.59","3600","37.11","false"
"JPP","2009-09-22","38.63","38.63","38.63","38.63","200","37.15","false"
"JPP","2009-09-21","38.21","38.29","37.99","38.23","1800","36.77","false"
"JPP","2009-09-18","38.43","38.43","38.43","38.43","0","36.96","false"
"JPP","2009-09-17","38.64","38.64","38.43","38.43","1200","36.96","false"
"JPP","2009-09-16","38.72","38.88","38.60","38.60","1000","37.12","false"
"JPP","2009-09-15","38.89","38.89","38.89","38.89","0","37.40","false"
"JPP","2009-09-14","38.87","38.89","38.87","38.89","800","37.40","false"
"JPP","2009-09-11","39.30","39.30","39.30","39.30","0","37.80","false"
"JPP","2009-09-10","38.97","39.30","38.94","39.30","2100","37.80","false"
"JPP","2009-09-09","38.51","38.51","38.51","38.51","0","37.04","false"
"JPP","2009-09-08","38.51","38.51","38.51","38.51","200","37.04","false"
"JPP","2009-09-04","37.84","38.10","37.76","38.10","2600","36.64","false"
"JPP","2009-09-03","38.14","38.14","38.14","38.14","4000","36.68","false"
"JPP","2009-09-02","38.16","38.47","38.16","38.47","1800","37.00","false"
"JPP","2009-09-01","38.20","38.20","38.18","38.20","1200","36.74","false"
"JPP","2009-08-31","38.50","38.50","38.50","38.50","0","37.03","false"
"JPP","2009-08-28","38.50","38.50","38.50","38.50","0","37.03","false"
"JPP","2009-08-27","38.50","38.50","38.50","38.50","7700","37.03","false"
"JPP","2009-08-26","38.71","38.71","38.62","38.62","1300","37.14","false"
"JPP","2009-08-25","38.46","38.46","38.46","38.46","0","36.99","false"
"JPP","2009-08-24","38.42","38.46","38.42","38.46","900","36.99","false"
"JPP","2009-08-21","38.43","38.63","38.40","38.63","700","37.15","false"
"JPP","2009-08-20","37.65","37.65","37.65","37.65","0","36.21","false"
"JPP","2009-08-19","37.65","37.65","37.65","37.65","200","36.21","false"
"JPP","2009-08-18","37.47","37.47","37.47","37.47","500","36.04","false"
"JPP","2009-08-17","37.60","37.60","37.13","37.13","4500","35.71","false"
"JPP","2009-08-14","37.86","37.86","37.67","37.67","700","36.23","false"
"JPP","2009-08-13","38.02","38.21","37.93","38.21","500","36.75","false"
"JPP","2009-08-12","37.50","37.50","37.50","37.50","0","36.07","false"
"JPP","2009-08-11","37.52","37.52","37.50","37.50","1000","36.07","false"
"JPP","2009-08-10","37.53","37.53","37.53","37.53","1300","36.09","false"
"JPP","2009-08-07","37.49","37.49","37.49","37.49","300","36.06","false"
"JPP","2009-08-06","37.38","37.38","37.38","37.38","0","35.95","false"
"JPP","2009-08-05","37.38","37.38","37.38","37.38","500","35.95","false"
"JPP","2009-08-04","38.02","38.06","37.99","38.04","8300","36.59","false"
"JPP","2009-08-03","38.00","38.00","38.00","38.00","200","36.55","false"
"JPP","2009-07-31","37.65","37.65","37.65","37.65","0","36.21","false"
"JPP","2009-07-30","37.32","37.66","37.32","37.65","3000","36.21","false"
"JPP","2009-07-29","36.72","36.72","36.65","36.65","400","35.25","false"
"JPP","2009-07-28","36.33","36.33","36.33","36.33","0","34.94","false"
"JPP","2009-07-27","36.33","36.33","36.33","36.33","100","34.94","false"
"JPP","2009-07-24","36.65","36.65","36.65","36.65","200","35.25","false"
"JPP","2009-07-23","36.30","36.50","36.30","36.50","3600","35.10","false"
"JPP","2009-07-22","36.09","36.09","36.09","36.09","100","34.71","false"
"JPP","2009-07-21","35.93","35.93","35.93","35.93","100","34.56","false"
"JPP","2009-07-20","35.54","35.54","35.54","35.54","100","34.18","false"
"JPP","2009-07-17","35.17","35.17","35.17","35.17","100","33.82","false"
"JPP","2009-07-16","35.33","35.39","35.14","35.39","13800","34.04","false"
"JPP","2009-07-15","35.41","35.41","35.41","35.41","4000","34.06","false"
"JPP","2009-07-14","35.72","35.72","35.15","35.15","700","33.81","false"
"JPP","2009-07-13","35.00","35.15","33.24","35.15","2300","33.81","false"
"JPP","2009-07-10","35.37","35.37","35.37","35.37","0","34.02","false"
"JPP","2009-07-09","35.31","35.37","35.31","35.37","1200","34.02","false"
"JPP","2009-07-08","35.15","35.30","35.15","35.30","1800","33.95","false"
"JPP","2009-07-07","35.54","35.54","35.54","35.54","200","34.18","false"
"JPP","2009-07-06","35.73","35.74","35.73","35.74","1000","34.37","false"
"JPP","2009-07-02","36.09","36.09","36.09","36.09","0","34.71","false"
"JPP","2009-07-01","36.03","36.10","36.03","36.09","800","34.71","false"
"JPP","2009-06-30","36.25","36.25","36.25","36.25","0","34.86","false"
"JPP","2009-06-29","36.25","36.25","36.25","36.25","0","34.86","false"
"JPP","2009-06-26","36.25","36.25","36.25","36.25","0","34.86","false"
"JPP","2009-06-25","36.01","36.25","36.00","36.25","2500","34.86","false"
"JPP","2009-06-24","36.00","36.00","35.64","35.64","900","34.28","false"
"JPP","2009-06-23","35.22","35.54","35.22","35.54","600","34.18","false"
"JPP","2009-06-22","35.49","35.49","34.99","35.07","2800","33.73","false"
"JPP","2009-06-19","35.27","35.27","35.27","35.27","0","33.92","false"
"JPP","2009-06-18","35.73","35.73","35.27","35.27","900","33.92","false"
"JPP","2009-06-17","35.72","35.72","35.49","35.49","300","34.13","false"
"JPP","2009-06-16","35.06","35.06","35.06","35.06","100","33.72","false"
"JPP","2009-06-15","35.93","35.93","35.93","35.93","0","34.56","false"
"JPP","2009-06-12","35.93","35.93","35.93","35.93","100","34.56","false"
"JPP","2009-06-11","35.99","36.30","35.99","36.30","1100","34.91","false"
"JPP","2009-06-10","35.58","35.58","35.45","35.45","800","34.09","false"
"JPP","2009-06-09","35.24","35.24","35.24","35.24","0","33.89","false"
"JPP","2009-06-08","34.95","35.24","34.95","35.24","1500","33.89","false"
"JPP","2009-06-05","35.35","35.35","34.87","35.07","1900","33.73","false"
"JPP","2009-06-04","35.44","35.62","35.40","35.62","1600","34.26","false"
"JPP","2009-06-03","35.58","35.58","35.03","35.03","1500","33.69","false"
"JPP","2009-06-02","36.01","36.01","36.01","36.01","400","34.63","false"
"JPP","2009-06-01","36.05","36.05","36.05","36.05","500","34.67","false"
"JPP","2009-05-29","35.06","35.06","35.06","35.06","500","33.72","false"
"JPP","2009-05-28","34.76","35.08","34.76","35.08","1600","33.74","false"
"JPP","2009-05-27","35.49","35.49","35.49","35.49","200","34.13","false"
"JPP","2009-05-26","35.15","35.52","35.15","35.52","2000","34.16","false"
"JPP","2009-05-22","34.82","34.95","34.82","34.95","600","33.61","false"
"JPP","2009-05-21","34.81","34.81","34.46","34.46","1800","33.14","false"
"JPP","2009-05-20","34.61","34.61","34.61","34.61","0","33.29","false"
"JPP","2009-05-19","34.39","34.61","34.39","34.61","800","33.29","false"
"JPP","2009-05-18","34.27","34.51","34.27","34.51","1700","33.19","false"
"JPP","2009-05-15","34.37","34.37","34.37","34.37","300","33.06","false"
"JPP","2009-05-14","33.85","33.85","33.85","33.85","0","32.56","false"
"JPP","2009-05-13","33.85","33.85","33.85","33.85","500","32.56","false"
"JPP","2009-05-12","34.40","34.49","34.30","34.49","1400","33.17","false"
"JPP","2009-05-11","34.16","34.20","34.16","34.20","800","32.89","false"
"JPP","2009-05-08","34.00","34.26","34.00","34.15","900","32.84","false"
"JPP","2009-05-07","33.53","33.53","33.12","33.12","2200","31.85","false"
"JPP","2009-05-06","33.68","33.68","33.68","33.68","100","32.39","false"
"JPP","2009-05-05","33.29","33.29","33.29","33.29","300","32.02","false"
"JPP","2009-05-04","32.78","33.00","32.77","33.00","900","31.74","false"
"JPP","2009-05-01","32.13","32.32","32.13","32.32","200","31.08","false"
"JPP","2009-04-30","31.87","31.87","31.87","31.87","0","30.65","false"
"JPP","2009-04-29","31.87","31.87","31.87","31.87","0","30.65","false"
"JPP","2009-04-28","31.87","31.87","31.87","31.87","800","30.65","false"
"JPP","2009-04-27","32.50","32.50","32.49","32.49","300","31.25","false"
"JPP","2009-04-24","32.51","32.69","32.51","32.69","400","31.44","false"
"JPP","2009-04-23","31.75","31.75","31.75","31.75","0","30.54","false"
"JPP","2009-04-22","31.75","31.75","31.75","31.75","0","30.54","false"
"JPP","2009-04-21","31.39","31.79","31.39","31.75","2500","30.54","false"
"JPP","2009-04-20","31.70","31.70","31.50","31.50","4100","30.30","false"
"JPP","2009-04-17","32.04","32.08","32.04","32.08","400","30.85","false"
"JPP","2009-04-16","32.00","32.09","31.87","32.09","300","30.86","false"
"JPP","2009-04-15","31.95","31.95","31.95","31.95","0","30.73","false"
"JPP","2009-04-14","31.95","31.95","31.95","31.95","0","30.73","false"
"JPP","2009-04-13","31.95","31.95","31.95","31.95","200","30.73","false"
"JPP","2009-04-09","31.75","31.79","31.75","31.79","400","30.57","false"
"JPP","2009-04-08","30.93","30.93","30.93","30.93","0","29.75","false"
"JPP","2009-04-07","30.93","30.93","30.93","30.93","0","29.75","false"
"JPP","2009-04-06","31.09","31.09","30.93","30.93","400","29.75","false"
"JPP","2009-04-03","31.29","31.29","31.20","31.20","1700","30.01","false"
"JPP","2009-04-02","31.27","31.99","31.27","31.99","3800","30.77","false"
"JPP","2009-04-01","30.05","30.05","30.05","30.05","0","28.90","false"
"JPP","2009-03-31","29.80","30.05","29.80","30.05","900","28.90","false"
"JPP","2009-03-30","29.93","29.93","29.60","29.71","800","28.57","false"
"JPP","2009-03-27","31.02","31.08","31.02","31.06","2600","29.87","false"
"JPP","2009-03-26","31.27","31.27","31.27","31.27","5900","30.07","false"
"JPP","2009-03-25","31.04","31.55","30.74","30.74","2000","29.56","false"
"JPP","2009-03-24","29.94","30.39","29.94","30.39","900","29.23","false"
"JPP","2009-03-23","30.30","30.72","30.30","30.49","1100","29.32","false"
"JPP","2009-03-20","29.34","29.38","29.05","29.05","500","27.94","false"
"JPP","2009-03-19","29.96","29.96","29.96","29.96","100","28.81","false"
"JPP","2009-03-18","28.81","29.78","28.81","29.78","4900","28.64","false"
"JPP","2009-03-17","28.33","28.33","28.33","28.33","500","27.25","false"
"JPP","2009-03-16","28.25","28.57","28.25","28.57","300","27.48","false"
"JPP","2009-03-13","26.81","26.81","26.81","26.81","0","25.78","false"
"JPP","2009-03-12","26.78","26.81","26.74","26.81","7400","25.78","false"
"JPP","2009-03-11","27.43","27.63","27.40","27.63","900","26.57","false"
"JPP","2009-03-10","27.34","27.46","27.34","27.46","3000","26.41","false"
"JPP","2009-03-09","26.08","26.54","26.08","26.50","2300","25.49","false"
"JPP","2009-03-06","26.86","26.86","26.83","26.83","5200","25.80","false"
"JPP","2009-03-05","27.30","27.30","27.25","27.25","300","26.21","false"
"JPP","2009-03-04","27.53","27.53","27.53","27.53","100","26.48","false"
"JPP","2009-03-03","26.96","27.09","26.52","26.56","1500","25.54","false"
"JPP","2009-03-02","27.25","27.25","27.25","27.25","1000","26.21","false"
"JPP","2009-02-27","28.16","28.22","27.96","27.96","1400","26.89","false"
"JPP","2009-02-26","28.14","28.14","28.14","28.14","3600","27.06","false"
"JPP","2009-02-25","27.96","28.00","27.90","27.98","2700","26.91","false"
"JPP","2009-02-24","28.00","28.59","28.00","28.59","3700","27.50","false"
"JPP","2009-02-23","28.49","28.53","27.98","27.98","2100","26.91","false"
"JPP","2009-02-20","28.66","29.09","28.54","29.09","2200","27.98","false"
"JPP","2009-02-19","29.83","29.83","29.83","29.83","0","28.69","false"
"JPP","2009-02-18","29.60","29.83","29.60","29.83","3900","28.69","false"
"JPP","2009-02-17","29.68","29.68","29.57","29.57","1000","28.44","false"
"JPP","2009-02-13","30.80","30.82","30.72","30.72","900","29.55","false"
"JPP","2009-02-12","30.63","30.92","30.55","30.92","1200","29.74","false"
"JPP","2009-02-11","31.24","31.24","31.05","31.05","300","29.86","false"
"JPP","2009-02-10","31.57","31.57","30.89","30.93","2200","29.75","false"
"JPP","2009-02-09","32.39","32.39","32.17","32.17","400","30.94","false"
"JPP","2009-02-06","32.55","32.70","32.46","32.47","29100","31.23","false"
"JPP","2009-02-05","32.13","32.74","32.13","32.74","1700","31.49","false"
"JPP","2009-02-04","32.88","33.10","32.88","33.10","1200","31.83","false"
"JPP","2009-02-03","32.18","32.50","32.15","32.50","10500","31.26","false"
"JPP","2009-02-02","31.86","32.09","31.86","32.09","600","30.86","false"
"JPP","2009-01-30","32.16","32.18","32.16","32.18","300","30.95","false"
"JPP","2009-01-29","32.99","32.99","32.70","32.70","800","31.45","false"
"JPP","2009-01-28","33.92","33.92","33.92","33.92","600","32.62","false"
"JPP","2009-01-27","33.42","33.52","33.42","33.50","3400","32.22","false"
"JPP","2009-01-26","32.67","32.67","32.67","32.67","0","31.42","false"
"JPP","2009-01-23","32.67","32.67","32.67","32.67","0","31.42","false"
"JPP","2009-01-22","32.67","32.67","32.67","32.67","0","31.42","false"
"JPP","2009-01-21","32.38","32.71","32.38","32.67","1700","31.42","false"
"JPP","2009-01-20","32.87","32.87","32.87","32.87","100","31.61","false"
"JPP","2009-01-16","33.46","33.48","33.16","33.16","600","31.89","false"
"JPP","2009-01-15","32.94","33.06","32.47","32.47","700","31.23","false"
"JPP","2009-01-14","32.59","32.74","32.37","32.53","22500","31.29","false"
"JPP","2009-01-13","33.81","33.81","33.81","33.81","0","32.52","false"
"JPP","2009-01-12","34.38","34.38","33.81","33.81","500","32.52","false"
"JPP","2009-01-09","34.52","34.85","34.52","34.85","400","33.52","false"
"JPP","2009-01-08","35.01","35.01","35.00","35.00","1000","33.66","false"
"JPP","2009-01-07","37.10","37.11","34.49","34.80","4500","33.47","false"
"JPP","2009-01-06","35.77","35.77","35.33","35.33","800","33.98","false"
"JPP","2009-01-05","36.08","36.10","35.50","36.10","26600","34.72","false"
"JPP","2009-01-02","36.56","36.56","36.12","36.12","400","34.74","false"
"JPP","2010-12-31","41.06","41.06","41.06","41.06","100","40.74","false"
"JPP","2010-12-30","41.12","41.12","40.71","40.71","1700","40.40","false"
"JPP","2010-12-29","40.27","40.27","40.27","40.27","0","39.96","false"
"JPP","2010-12-28","40.27","40.27","40.27","40.27","0","39.96","false"
"JPP","2010-12-27","40.27","40.27","40.27","40.27","0","39.96","false"
"JPP","2010-12-23","40.27","40.27","40.27","40.27","0","39.96","false"
"JPP","2010-12-22","40.27","40.27","40.27","40.27","0","39.96","false"
"JPP","2010-12-21","40.27","40.27","40.27","40.27","100","39.96","false"
"JPP","2010-12-20","40.05","40.09","40.05","40.09","1500","39.78","false"
"JPP","2010-12-17","39.93","39.93","39.93","39.93","100","39.62","false"
"JPP","2010-12-16","40.48","40.52","40.48","40.52","1400","39.53","false"
"JPP","2010-12-15","40.50","40.50","40.50","40.50","800","39.52","false"
"JPP","2010-12-14","40.87","41.14","40.84","40.85","3000","39.86","false"
"JPP","2010-12-13","40.59","40.83","40.59","40.83","300","39.84","false"
"JPP","2010-12-10","40.22","40.22","40.22","40.22","0","39.24","false"
"JPP","2010-12-09","40.21","40.22","40.21","40.22","1000","39.24","false"
"JPP","2010-12-08","40.31","40.31","40.31","40.31","0","39.33","false"
"JPP","2010-12-07","40.30","40.33","40.30","40.31","2200","39.33","false"
"JPP","2010-12-06","40.58","40.58","40.58","40.58","200","39.59","false"
"JPP","2010-12-03","39.63","39.63","39.63","39.63","0","38.67","false"
"JPP","2010-12-02","39.63","39.63","39.63","39.63","0","38.67","false"
"JPP","2010-12-01","39.51","39.70","39.51","39.63","1600","38.67","false"
"JPP","2010-11-30","38.93","39.15","38.93","39.15","600","38.20","false"
"JPP","2010-11-29","39.18","39.18","39.04","39.04","800","38.09","false"
"JPP","2010-11-26","39.11","39.17","39.11","39.17","800","38.22","false"
"JPP","2010-11-24","39.05","39.05","39.05","39.05","0","38.10","false"
"JPP","2010-11-23","39.25","39.25","38.85","39.05","2500","38.10","false"
"JPP","2010-11-22","39.51","39.73","39.37","39.63","2900","38.67","false"
"JPP","2010-11-19","39.80","39.80","39.80","39.80","0","38.83","false"
"JPP","2010-11-18","39.83","39.84","39.80","39.80","3100","38.83","false"
"JPP","2010-11-17","38.85","38.87","38.79","38.79","2600","37.85","false"
"JPP","2010-11-16","39.16","39.16","39.16","39.16","0","38.21","false"
"JPP","2010-11-15","39.16","39.16","39.16","39.16","500","38.21","false"
"JPP","2010-11-12","39.40","39.40","39.24","39.24","800","38.29","false"
"JPP","2010-11-11","39.41","39.41","39.19","39.19","1800","38.24","false"
"JPP","2010-11-10","39.49","39.49","39.49","39.49","100","38.53","false"
"JPP","2010-11-09","39.36","39.43","39.08","39.08","6400","38.13","false"
"JPP","2010-11-08","39.52","39.52","39.25","39.31","2300","38.35","false"
"JPP","2010-11-05","37.96","37.96","37.96","37.96","0","37.04","false"
"JPP","2010-11-04","37.96","37.96","37.96","37.96","0","37.04","false"
"JPP","2010-11-03","37.84","37.96","37.75","37.96","1500","37.04","false"
"JPP","2010-11-02","37.97","37.97","37.95","37.95","400","37.03","false"
"JPP","2010-11-01","38.00","38.00","38.00","38.00","0","37.08","false"
"JPP","2010-10-29","38.12","38.12","38.00","38.00","26000","37.08","false"
"JPP","2010-10-28","38.10","38.26","38.10","38.21","5300","37.28","false"
"JPP","2010-10-27","37.93","37.93","37.91","37.91","2900","36.99","false"
"JPP","2010-10-26","38.09","38.18","38.09","38.18","1100","37.25","false"
"JPP","2010-10-25","38.99","38.99","38.99","38.99","0","38.04","false"
"JPP","2010-10-22","38.99","38.99","38.99","38.99","0","38.04","false"
"JPP","2010-10-21","38.99","38.99","38.99","38.99","0","38.04","false"
"JPP","2010-10-20","39.03","39.03","38.99","38.99","300","38.04","false"
"JPP","2010-10-19","38.75","38.81","38.56","38.59","2300","37.65","false"
"JPP","2010-10-18","38.85","38.85","38.85","38.85","0","37.91","false"
"JPP","2010-10-15","38.85","38.85","38.85","38.85","0","37.91","false"
"JPP","2010-10-14","38.91","38.91","38.85","38.85","700","37.91","false"
"JPP","2010-10-13","38.70","38.70","38.70","38.70","200","37.76","false"
"JPP","2010-10-12","38.47","38.47","38.13","38.42","3000","37.49","false"
"JPP","2010-10-11","38.95","38.95","38.95","38.95","100","38.00","false"
"JPP","2010-10-08","38.83","38.83","38.83","38.83","0","37.89","false"
"JPP","2010-10-07","38.83","38.83","38.83","38.83","300","37.89","false"
"JPP","2010-10-06","38.67","38.67","38.55","38.56","21000","37.62","false"
"JPP","2010-10-05","37.70","37.70","37.70","37.70","0","36.78","false"
"JPP","2010-10-04","37.70","37.70","37.70","37.70","0","36.78","false"
"JPP","2010-10-01","37.70","37.70","37.70","37.70","0","36.78","false"
"JPP","2010-09-30","37.95","37.98","37.70","37.70","1100","36.78","false"
"JPP","2010-09-29","38.52","38.52","38.27","38.30","2600","37.37","false"
"JPP","2010-09-28","37.88","37.98","37.82","37.98","1800","37.06","false"
"JPP","2010-09-27","37.83","37.86","37.83","37.86","300","36.94","false"
"JPP","2010-09-24","37.72","37.74","37.72","37.74","900","36.82","false"
"JPP","2010-09-23","37.25","37.25","37.21","37.21","800","36.31","false"
"JPP","2010-09-22","37.51","37.65","37.38","37.38","6900","36.47","false"
"JPP","2010-09-21","37.38","37.49","37.38","37.49","500","36.58","false"
"JPP","2010-09-20","37.57","37.59","37.57","37.59","3900","36.68","false"
"JPP","2010-09-17","37.42","37.65","37.42","37.63","20600","36.71","false"
"JPP","2010-09-16","37.27","37.27","37.27","37.27","100","36.36","false"
"JPP","2010-09-15","37.91","37.91","37.91","37.91","0","36.99","false"
"JPP","2010-09-14","37.84","37.91","37.83","37.91","10700","36.99","false"
"JPP","2010-09-13","38.01","38.01","38.01","38.01","600","37.09","false"
"JPP","2010-09-10","37.49","37.49","37.49","37.49","700","36.58","false"
"JPP","2010-09-09","37.36","37.37","37.31","37.35","4600","36.44","false"
"JPP","2010-09-08","37.00","37.00","37.00","37.00","0","36.10","false"
"JPP","2010-09-07","37.67","37.67","37.00","37.00","1600","36.10","false"
"JPP","2010-09-03","36.67","36.67","36.67","36.67","0","35.78","false"
"JPP","2010-09-02","36.67","36.67","36.67","36.67","1300","35.78","false"
"JPP","2010-09-01","36.54","36.77","36.54","36.77","2300","35.88","false"
"JPP","2010-08-31","36.50","36.50","36.50","36.50","0","35.61","false"
"JPP","2010-08-30","36.80","36.80","36.50","36.50","1900","35.61","false"
"JPP","2010-08-27","36.49","36.49","36.49","36.49","100","35.60","false"
"JPP","2010-08-26","36.05","36.05","36.05","36.05","0","35.17","false"
"JPP","2010-08-25","36.03","36.07","36.03","36.05","2000","35.17","false"
"JPP","2010-08-24","36.30","36.30","36.30","36.30","0","35.42","false"
"JPP","2010-08-23","36.30","36.30","36.30","36.30","0","35.42","false"
"JPP","2010-08-20","36.49","36.49","36.30","36.30","200","35.42","false"
"JPP","2010-08-19","36.77","36.77","36.70","36.70","900","35.81","false"
"JPP","2010-08-18","36.70","36.72","36.70","36.72","900","35.83","false"
"JPP","2010-08-17","36.65","36.78","36.65","36.78","2400","35.89","false"
"JPP","2010-08-16","36.25","36.35","36.25","36.35","1000","35.47","false"
"JPP","2010-08-13","36.21","36.21","36.21","36.21","0","35.33","false"
"JPP","2010-08-12","36.21","36.21","36.21","36.21","0","35.33","false"
"JPP","2010-08-11","36.21","36.21","36.21","36.21","100","35.33","false"
"JPP","2010-08-10","37.14","37.14","37.14","37.14","300","36.24","false"
"JPP","2010-08-09","37.57","37.69","37.57","37.69","4800","36.77","false"
"JPP","2010-08-06","37.35","37.35","37.35","37.35","0","36.44","false"
"JPP","2010-08-05","37.33","37.35","37.30","37.35","3000","36.44","false"
"JPP","2010-08-04","37.35","37.35","37.35","37.35","0","36.44","false"
"JPP","2010-08-03","37.35","37.35","37.35","37.35","0","36.44","false"
"JPP","2010-08-02","37.19","37.35","37.19","37.35","2100","36.44","false"
"JPP","2010-07-30","36.94","36.94","36.94","36.94","1000","36.04","false"
"JPP","2010-07-29","37.45","37.45","37.40","37.40","600","36.49","false"
"JPP","2010-07-28","37.06","37.06","36.99","36.99","1000","36.09","false"
"JPP","2010-07-27","36.26","36.26","36.26","36.26","0","35.38","false"
"JPP","2010-07-26","36.26","36.26","36.26","36.26","0","35.38","false"
"JPP","2010-07-23","36.26","36.26","36.26","36.26","0","35.38","false"
"JPP","2010-07-22","36.26","36.26","36.26","36.26","500","35.38","false"
"JPP","2010-07-21","35.85","35.85","35.85","35.85","400","34.98","false"
"JPP","2010-07-20","36.08","36.19","36.08","36.19","1900","35.31","false"
"JPP","2010-07-19","35.87","35.87","35.87","35.87","0","35.00","false"
"JPP","2010-07-16","35.82","35.87","35.82","35.87","1000","35.00","false"
"JPP","2010-07-15","36.45","36.45","36.44","36.44","200","35.55","false"
"JPP","2010-07-14","37.13","37.13","37.10","37.10","500","36.20","false"
"JPP","2010-07-13","36.89","36.93","36.89","36.93","2000","36.03","false"
"JPP","2010-07-12","36.71","36.71","36.71","36.71","0","35.82","false"
"JPP","2010-07-09","36.71","36.71","36.71","36.71","0","35.82","false"
"JPP","2010-07-08","36.71","36.71","36.71","36.71","1900","35.82","false"
"JPP","2010-07-07","36.77","36.97","36.77","36.97","4200","36.07","false"
"JPP","2010-07-06","36.89","36.89","36.76","36.76","1600","35.87","false"
"JPP","2010-07-02","35.47","35.69","35.46","35.69","3400","34.82","false"
"JPP","2010-07-01","35.48","35.48","35.43","35.43","1100","34.57","false"
"JPP","2010-06-30","35.49","35.49","35.49","35.49","0","34.63","false"
"JPP","2010-06-29","35.51","35.51","35.49","35.49","400","34.63","false"
"JPP","2010-06-28","36.43","36.43","36.43","36.43","0","35.54","false"
"JPP","2010-06-25","36.48","36.48","36.43","36.43","400","35.54","false"
"JPP","2010-06-24","36.33","36.33","36.33","36.33","500","35.45","false"
"JPP","2010-06-23","36.53","36.54","36.47","36.47","400","35.58","false"
"JPP","2010-06-22","36.82","36.82","36.55","36.55","700","35.66","false"
"JPP","2010-06-21","37.13","37.13","37.13","37.13","400","36.23","false"
"JPP","2010-06-18","36.86","36.86","36.86","36.86","0","35.96","false"
"JPP","2010-06-17","36.86","36.86","36.86","36.86","0","35.76","false"
"JPP","2010-06-16","36.86","36.86","36.86","36.86","0","35.76","false"
"JPP","2010-06-15","36.67","36.86","36.67","36.86","7400","35.76","false"
"JPP","2010-06-14","36.08","36.08","36.08","36.08","100","35.00","false"
"JPP","2010-06-11","35.76","35.82","35.73","35.82","2200","34.75","false"
"JPP","2010-06-10","36.15","36.15","36.15","36.15","1200","35.07","false"
"JPP","2010-06-09","35.51","35.61","35.51","35.61","1100","34.55","false"
"JPP","2010-06-08","34.89","35.38","34.89","35.38","600","34.32","false"
"JPP","2010-06-07","35.21","35.21","35.21","35.21","100","34.16","false"
"JPP","2010-06-04","35.85","35.85","35.78","35.78","2700","34.71","false"
"JPP","2010-06-03","36.13","36.14","36.13","36.14","300","35.06","false"
"JPP","2010-06-02","35.92","36.17","35.90","36.17","3200","35.09","false"
"JPP","2010-06-01","36.11","36.11","36.11","36.11","0","35.03","false"
"JPP","2010-05-28","36.41","36.45","36.11","36.11","11000","35.03","false"
"JPP","2010-05-27","36.38","36.77","36.38","36.76","10600","35.66","false"
"JPP","2010-05-26","36.23","36.23","36.14","36.18","6800","35.10","false"
"JPP","2010-05-25","35.99","36.25","35.99","36.25","1300","35.17","false"
"JPP","2010-05-24","36.43","36.72","36.43","36.72","900","35.62","false"
"JPP","2010-05-21","36.40","37.00","36.40","37.00","1000","35.89","false"
"JPP","2010-05-20","36.61","37.00","36.61","37.00","2700","35.89","false"
"JPP","2010-05-19","37.32","37.33","37.17","37.33","9300","36.21","false"
"JPP","2010-05-18","37.30","37.58","37.21","37.21","1200","36.10","false"
"JPP","2010-05-17","37.77","37.77","37.35","37.35","800","36.23","false"
"JPP","2010-05-14","37.71","37.71","37.36","37.36","1000","36.24","false"
"JPP","2010-05-13","38.19","38.30","38.19","38.19","4300","37.05","false"
"JPP","2010-05-12","38.30","38.31","38.18","38.31","900","37.16","false"
"JPP","2010-05-11","38.73","38.73","38.73","38.73","0","37.57","false"
"JPP","2010-05-10","39.25","39.25","38.59","38.73","3800","37.57","false"
"JPP","2010-05-07","38.20","38.20","36.48","36.48","400","35.39","false"
"JPP","2010-05-06","37.98","38.13","37.21","37.21","1900","36.10","false"
"JPP","2010-05-05","37.80","38.20","37.80","38.20","1100","37.06","false"
"JPP","2010-05-04","38.83","38.84","38.35","38.35","8800","37.20","false"
"JPP","2010-05-03","39.43","39.59","39.19","39.59","1700","38.41","false"
"JPP","2010-04-30","39.38","39.38","39.24","39.24","2000","38.07","false"
"JPP","2010-04-29","39.23","39.49","39.23","39.49","2100","38.31","false"
"JPP","2010-04-28","39.22","39.22","38.95","39.10","3400","37.93","false"
"JPP","2010-04-27","39.85","39.86","39.85","39.85","2000","38.66","false"
"JPP","2010-04-26","40.05","40.05","39.95","40.02","1100","38.82","false"
"JPP","2010-04-23","39.16","39.36","38.88","39.36","4100","38.18","false"
"JPP","2010-04-22","39.29","39.29","39.15","39.25","1700","38.08","false"
"JPP","2010-04-21","39.69","39.78","39.65","39.65","1200","38.46","false"
"JPP","2010-04-20","39.55","39.62","39.53","39.62","1000","38.44","false"
"JPP","2010-04-19","39.61","39.61","39.61","39.61","400","38.43","false"
"JPP","2010-04-16","40.42","40.42","39.69","39.69","15400","38.50","false"
"JPP","2010-04-15","40.58","40.58","40.58","40.58","100","39.37","false"
"JPP","2010-04-14","40.10","40.40","40.07","40.39","35900","39.18","false"
"JPP","2010-04-13","40.35","40.35","40.35","40.35","0","39.14","false"
"JPP","2010-04-12","40.35","40.46","40.35","40.35","5000","39.14","false"
"JPP","2010-04-09","39.99","39.99","39.99","39.99","0","38.79","false"
"JPP","2010-04-08","39.81","40.02","39.79","39.99","900","38.79","false"
"JPP","2010-04-07","40.15","40.21","40.12","40.21","700","39.01","false"
"JPP","2010-04-06","39.85","40.15","39.83","40.15","8100","38.95","false"
"JPP","2010-04-05","39.97","40.10","39.96","40.01","1900","38.81","false"
"JPP","2010-04-01","39.78","39.78","39.73","39.75","7900","38.56","false"
"JPP","2010-03-31","39.81","39.81","39.81","39.81","0","38.62","false"
"JPP","2010-03-30","39.64","40.01","39.64","39.81","7500","38.62","false"
"JPP","2010-03-29","39.44","39.70","39.37","39.66","33800","38.47","false"
"JPP","2010-03-26","39.25","39.25","39.13","39.22","2700","38.05","false"
"JPP","2010-03-25","38.94","39.08","38.94","39.03","1900","37.86","false"
"JPP","2010-03-24","38.75","38.86","38.75","38.86","400","37.70","false"
"JPP","2010-03-23","39.26","39.49","39.13","39.49","1300","38.31","false"
"JPP","2010-03-22","38.94","38.94","38.94","38.94","300","37.78","false"
"JPP","2010-03-19","38.97","38.97","38.97","38.97","300","37.80","false"
"JPP","2010-03-18","39.24","39.25","39.24","39.25","200","38.08","false"
"JPP","2010-03-17","39.09","39.09","39.09","39.09","0","37.92","false"
"JPP","2010-03-16","39.07","39.09","39.07","39.09","500","37.92","false"
"JPP","2010-03-15","38.88","38.88","38.88","38.88","0","37.72","false"
"JPP","2010-03-12","39.72","39.72","38.84","38.88","2600","37.72","false"
"JPP","2010-03-11","38.65","38.65","38.54","38.54","200","37.39","false"
"JPP","2010-03-10","38.34","38.38","38.34","38.37","4100","37.22","false"
"JPP","2010-03-09","38.61","38.61","38.61","38.61","0","37.46","false"
"JPP","2010-03-08","38.70","38.70","38.60","38.61","1300","37.46","false"
"JPP","2010-03-05","38.29","38.29","38.29","38.29","100","37.14","false"
"JPP","2010-03-04","38.43","38.43","38.43","38.43","0","37.28","false"
"JPP","2010-03-03","38.50","38.61","38.43","38.43","4300","37.28","false"
"JPP","2010-03-02","37.99","37.99","37.99","37.99","0","36.85","false"
"JPP","2010-03-01","37.92","38.05","37.92","37.99","2600","36.85","false"
"JPP","2010-02-26","37.12","37.12","37.12","37.12","0","36.01","false"
"JPP","2010-02-25","37.12","37.12","37.12","37.12","1400","36.01","false"
"JPP","2010-02-24","37.05","37.35","37.05","37.35","1200","36.23","false"
"JPP","2010-02-23","37.03","37.03","37.03","37.03","100","35.92","false"
"JPP","2010-02-22","37.14","37.21","37.14","37.21","600","36.10","false"
"JPP","2010-02-19","36.70","37.00","36.64","36.89","700","35.79","false"
"JPP","2010-02-18","37.30","37.30","37.29","37.29","4000","36.17","false"
"JPP","2010-02-17","37.54","37.59","37.54","37.54","1200","36.42","false"
"JPP","2010-02-16","36.98","37.27","36.98","37.27","1800","36.16","false"
"JPP","2010-02-12","36.95","37.02","36.82","36.98","2700","35.87","false"
"JPP","2010-02-11","37.17","37.30","37.17","37.30","500","36.18","false"
"JPP","2010-02-10","37.13","37.13","37.13","37.13","300","36.02","false"
"JPP","2010-02-09","37.23","37.23","36.96","37.15","1200","36.04","false"
"JPP","2010-02-08","37.06","37.19","37.06","37.19","1300","36.08","false"
"JPP","2010-02-05","36.87","37.08","36.70","37.08","4100","35.97","false"
"JPP","2010-02-04","37.27","37.27","37.01","37.18","2900","36.07","false"
"JPP","2010-02-03","37.95","37.95","37.75","37.88","800","36.75","false"
"JPP","2010-02-02","37.98","37.98","37.84","37.84","300","36.71","false"
"JPP","2010-02-01","37.39","37.46","37.39","37.46","1200","36.34","false"
"JPP","2010-01-29","37.56","37.56","37.25","37.25","800","36.14","false"
"JPP","2010-01-28","37.72","37.89","37.55","37.61","2100","36.49","false"
"JPP","2010-01-27","38.02","38.04","37.71","37.71","1100","36.58","false"
"JPP","2010-01-26","38.45","38.45","38.21","38.21","900","37.07","false"
"JPP","2010-01-25","38.72","38.72","38.63","38.65","400","37.49","false"
"JPP","2010-01-22","38.83","38.83","38.51","38.51","800","37.36","false"
"JPP","2010-01-21","38.53","38.80","38.53","38.77","8100","37.61","false"
"JPP","2010-01-20","38.49","38.53","38.17","38.53","3600","37.38","false"
"JPP","2010-01-19","39.28","39.57","39.28","39.57","6700","38.39","false"
"JPP","2010-01-15","39.28","39.30","39.22","39.30","1100","38.12","false"
"JPP","2010-01-14","39.38","39.38","39.31","39.31","300","38.13","false"
"JPP","2010-01-13","38.78","38.78","38.78","38.78","500","37.62","false"
"JPP","2010-01-12","38.81","38.96","38.67","38.80","3700","37.64","false"
"JPP","2010-01-11","38.49","38.49","38.49","38.49","200","37.34","false"
"JPP","2010-01-08","38.11","38.15","38.11","38.15","1300","37.01","false"
"JPP","2010-01-07","37.66","37.78","37.66","37.78","2000","36.65","false"
"JPP","2010-01-06","37.88","37.88","37.88","37.88","0","36.75","false"
"JPP","2010-01-05","37.85","38.02","37.78","37.88","3000","36.75","false"
"JPP","2010-01-04","37.63","37.63","37.60","37.60","700","36.48","false"
"JPP","2011-06-24","38.40","38.40","38.40","38.40","0","38.40","false"
"JPP","2011-06-23","38.40","38.40","38.40","38.40","0","38.40","false"
"JPP","2011-06-22","38.21","38.46","38.02","38.40","4300","38.40","false"
"JPP","2011-06-21","37.52","37.52","37.52","37.52","0","37.52","false"
"JPP","2011-06-20","37.23","37.62","37.23","37.52","1100","37.52","false"
"JPP","2011-06-17","37.32","37.40","37.23","37.39","4600","37.39","false"
"JPP","2011-06-16","37.31","38.14","37.31","37.45","800","37.16","false"
"JPP","2011-06-15","38.03","38.03","37.57","37.57","1600","37.28","false"
"JPP","2011-06-14","37.64","37.64","37.64","37.64","0","37.35","false"
"JPP","2011-06-13","37.78","37.79","37.64","37.64","1800","37.35","false"
"JPP","2011-06-10","37.78","38.01","37.68","37.68","1500","37.39","false"
"JPP","2011-06-09","38.05","38.36","38.05","38.09","4000","37.80","false"
"JPP","2011-06-08","38.00","38.00","38.00","38.00","500","37.71","false"
"JPP","2011-06-07","37.69","38.00","37.69","38.00","900","37.71","false"
"JPP","2011-06-06","37.91","37.91","37.91","37.91","0","37.62","false"
"JPP","2011-06-03","37.66","38.07","37.66","37.91","7200","37.62","false"
"JPP","2011-06-02","38.16","38.16","38.16","38.16","100","37.87","false"
"JPP","2011-06-01","38.63","38.63","38.63","38.63","0","38.33","false"
"JPP","2011-05-31","38.32","38.64","38.32","38.63","3100","38.33","false"
"JPP","2011-05-27","37.97","37.97","37.97","37.97","0","37.68","false"
"JPP","2011-05-26","37.97","37.97","37.97","37.97","300","37.68","false"
"JPP","2011-05-25","37.48","37.58","37.46","37.58","4200","37.29","false"
"JPP","2011-05-24","38.00","38.00","38.00","38.00","0","37.71","false"
"JPP","2011-05-23","38.00","38.00","38.00","38.00","0","37.71","false"
"JPP","2011-05-20","38.00","38.00","38.00","38.00","2500","37.71","false"
"JPP","2011-05-19","38.32","38.32","38.27","38.27","200","37.98","false"
"JPP","2011-05-18","38.50","38.50","38.50","38.50","100","38.20","false"
"JPP","2011-05-17","38.16","38.25","38.00","38.25","4300","37.96","false"
"JPP","2011-05-16","38.83","38.83","38.67","38.67","800","38.37","false"
"JPP","2011-05-13","38.88","39.14","38.88","38.89","800","38.59","false"
"JPP","2011-05-12","39.24","39.24","39.24","39.24","200","38.94","false"
"JPP","2011-05-11","39.72","39.72","39.29","39.29","1100","38.99","false"
"JPP","2011-05-10","39.73","39.97","39.73","39.97","1000","39.66","false"
"JPP","2011-05-09","39.84","39.84","39.84","39.84","100","39.53","false"
"JPP","2011-05-06","40.27","40.27","40.08","40.08","600","39.77","false"
"JPP","2011-05-05","39.96","39.96","39.49","39.49","2400","39.19","false"
"JPP","2011-05-04","39.75","39.94","39.59","39.92","1300","39.61","false"
"JPP","2011-05-03","40.00","40.05","39.98","40.03","4100","39.72","false"
"JPP","2011-05-02","40.35","40.35","39.72","39.90","2400","39.59","false"
"JPP","2011-04-29","39.59","39.66","39.57","39.58","1700","39.28","false"
"JPP","2011-04-28","39.05","39.61","39.05","39.61","7800","39.31","false"
"JPP","2011-04-27","38.26","38.49","38.26","38.47","2100","38.17","false"
"JPP","2011-04-26","38.83","38.83","38.47","38.47","300","38.17","false"
"JPP","2011-04-25","38.75","38.75","38.35","38.53","1700","38.23","false"
"JPP","2011-04-21","38.52","38.52","38.44","38.44","2000","38.14","false"
"JPP","2011-04-20","38.50","38.50","38.39","38.43","2400","38.13","false"
"JPP","2011-04-19","37.88","37.94","37.88","37.94","500","37.65","false"
"JPP","2011-04-18","37.94","37.97","37.47","37.76","2600","37.47","false"
"JPP","2011-04-15","38.10","38.10","38.05","38.05","300","37.76","false"
"JPP","2011-04-14","38.03","38.15","37.84","38.15","12500","37.86","false"
"JPP","2011-04-13","37.76","37.76","37.66","37.66","300","37.37","false"
"JPP","2011-04-12","37.12","37.51","37.05","37.49","2700","37.20","false"
"JPP","2011-04-11","37.85","37.90","37.60","37.60","3800","37.31","false"
"JPP","2011-04-08","37.99","37.99","37.63","37.64","700","37.35","false"
"JPP","2011-04-07","37.14","37.15","36.76","36.96","4100","36.68","false"
"JPP","2011-04-06","37.52","37.52","37.13","37.21","13200","36.92","false"
"JPP","2011-04-05","37.98","37.98","37.62","37.62","6800","37.33","false"
"JPP","2011-04-04","38.92","38.92","38.50","38.51","3600","38.21","false"
"JPP","2011-04-01","39.23","39.23","38.64","39.06","6200","38.76","false"
"JPP","2011-03-31","39.30","39.42","38.97","39.00","2500","38.70","false"
"JPP","2011-03-30","39.29","39.55","39.27","39.53","6100","39.23","false"
"JPP","2011-03-29","38.82","39.35","38.82","39.16","6700","38.86","false"
"JPP","2011-03-28","39.66","39.66","38.76","39.00","13800","38.70","false"
"JPP","2011-03-25","39.78","39.78","39.30","39.30","15900","39.00","false"
"JPP","2011-03-24","39.92","40.23","39.78","40.10","14800","39.79","false"
"JPP","2011-03-23","40.00","40.31","39.49","40.01","25700","39.70","false"
"JPP","2011-03-22","40.35","40.35","39.72","40.08","27600","39.77","false"
"JPP","2011-03-21","40.07","40.45","39.81","40.43","69200","40.12","false"
"JPP","2011-03-18","38.75","39.32","38.08","39.32","26900","39.02","false"
"JPP","2011-03-17","38.25","38.73","37.81","38.12","53100","37.83","false"
"JPP","2011-03-16","37.58","37.78","35.98","36.70","36000","36.42","false"
"JPP","2011-03-15","35.30","38.33","35.30","37.96","49200","37.67","false"
"JPP","2011-03-14","39.95","39.95","37.35","38.45","28500","38.15","false"
"JPP","2011-03-11","40.34","41.05","40.34","40.99","5400","40.67","false"
"JPP","2011-03-10","41.89","41.89","41.84","41.84","1000","41.52","false"
"JPP","2011-03-09","42.75","42.75","42.75","42.75","0","42.42","false"
"JPP","2011-03-08","42.28","42.75","42.28","42.75","800","42.42","false"
"JPP","2011-03-07","43.19","43.19","42.38","42.61","700","42.28","false"
"JPP","2011-03-04","42.71","43.03","42.67","42.68","3200","42.35","false"
"JPP","2011-03-03","43.25","43.25","43.23","43.23","700","42.90","false"
"JPP","2011-03-02","43.39","43.39","42.97","43.05","2500","42.72","false"
"JPP","2011-03-01","43.50","43.52","43.12","43.12","2300","42.79","false"
"JPP","2011-02-28","43.56","43.56","43.55","43.56","5200","43.23","false"
"JPP","2011-02-25","42.91","42.95","42.91","42.93","20600","42.60","false"
"JPP","2011-02-24","42.20","42.23","42.01","42.01","700","41.69","false"
"JPP","2011-02-23","42.46","42.50","42.46","42.50","400","42.17","false"
"JPP","2011-02-22","42.80","42.80","42.42","42.42","1600","42.09","false"
"JPP","2011-02-18","43.52","43.52","43.52","43.52","0","43.19","false"
"JPP","2011-02-17","43.52","43.52","43.52","43.52","100","43.19","false"
"JPP","2011-02-16","43.09","43.09","43.09","43.09","1000","42.76","false"
"JPP","2011-02-15","42.44","42.44","42.44","42.44","0","42.11","false"
"JPP","2011-02-14","42.44","42.44","42.44","42.44","0","42.11","false"
"JPP","2011-02-11","41.97","42.48","41.97","42.44","500","42.11","false"
"JPP","2011-02-10","42.30","42.30","42.27","42.27","200","41.94","false"
"JPP","2011-02-09","42.49","42.49","42.49","42.49","200","42.16","false"
"JPP","2011-02-08","42.67","42.67","42.67","42.67","0","42.34","false"
"JPP","2011-02-07","42.66","42.67","42.64","42.67","1500","42.34","false"
"JPP","2011-02-04","42.51","42.66","42.33","42.66","5500","42.33","false"
"JPP","2011-02-03","42.20","42.49","41.97","42.46","16100","42.13","false"
"JPP","2011-02-02","42.29","42.33","42.21","42.21","3000","41.89","false"
"JPP","2011-02-01","41.98","41.98","41.95","41.95","400","41.63","false"
"JPP","2011-01-31","41.34","41.35","41.31","41.31","4400","40.99","false"
"JPP","2011-01-28","41.23","41.23","41.19","41.19","800","40.87","false"
"JPP","2011-01-27","41.84","41.84","41.75","41.75","600","41.43","false"
"JPP","2011-01-26","41.90","41.90","41.90","41.90","0","41.58","false"
"JPP","2011-01-25","41.90","41.90","41.90","41.90","200","41.58","false"
"JPP","2011-01-24","41.47","41.47","41.47","41.47","200","41.15","false"
"JPP","2011-01-21","41.11","41.11","41.11","41.11","200","40.79","false"
"JPP","2011-01-20","41.50","41.76","41.50","41.76","3100","41.44","false"
"JPP","2011-01-19","42.10","42.10","42.10","42.10","0","41.78","false"
"JPP","2011-01-18","42.16","42.16","42.08","42.10","1200","41.78","false"
"JPP","2011-01-14","42.00","42.13","41.89","42.13","3200","41.81","false"
"JPP","2011-01-13","42.05","42.05","42.05","42.05","0","41.73","false"
"JPP","2011-01-12","41.87","42.11","41.75","42.05","6000","41.73","false"
"JPP","2011-01-11","42.20","42.20","41.56","41.76","8300","41.44","false"
"JPP","2011-01-10","40.98","41.36","40.98","41.36","2500","41.04","false"
"JPP","2011-01-07","41.35","41.35","41.26","41.26","3800","40.94","false"
"JPP","2011-01-06","41.60","41.60","41.23","41.23","1700","40.91","false"
"JPP","2011-01-05","41.25","41.26","41.23","41.23","600","40.91","false"
"JPP","2011-01-04","41.39","41.39","41.39","41.39","0","41.07","false"
"JPP","2011-01-03","41.25","41.39","41.25","41.39","800","41.07","false"
