"PFA","2007-12-31","23.89","24.04","23.56","23.75","31700","21.96","false"
"PFA","2007-12-28","23.84","24.02","23.84","23.88","38500","22.08","false"
"PFA","2007-12-27","23.01","24.31","22.70","24.30","54200","22.47","false"
"PFA","2007-12-26","23.56","24.41","21.91","23.86","47600","22.07","false"
"PFA","2007-12-24","22.33","25.83","21.32","23.70","24200","21.92","false"
"PFA","2007-12-21","23.53","24.97","22.67","23.22","144700","21.47","false"
"PFA","2007-12-20","23.30","23.30","22.90","23.22","43100","21.39","false"
"PFA","2007-12-19","23.44","23.46","23.14","23.29","20000","21.46","false"
"PFA","2007-12-18","23.65","23.65","23.25","23.31","23200","21.47","false"
"PFA","2007-12-17","23.49","23.61","23.26","23.39","21100","21.55","false"
"PFA","2007-12-14","24.21","24.43","24.03","24.10","15300","22.20","false"
"PFA","2007-12-13","24.82","24.82","24.50","24.74","16900","22.79","false"
"PFA","2007-12-12","25.21","25.26","24.33","25.12","29800","23.14","false"
"PFA","2007-12-11","25.29","25.65","24.68","24.69","31500","22.75","false"
"PFA","2007-12-10","25.20","25.29","25.08","25.23","19700","23.24","false"
"PFA","2007-12-07","32.00","32.00","25.02","25.08","32800","23.10","false"
"PFA","2007-12-06","24.97","30.49","24.61","30.49","28100","28.09","false"
"PFA","2007-12-05","24.64","24.72","24.55","24.67","31500","22.73","false"
"PFA","2007-12-04","24.42","24.56","24.42","24.50","21000","22.57","false"
"PFA","2007-12-03","24.80","24.84","24.72","24.79","82300","22.84","false"
"PFA","2007-11-30","25.09","25.10","24.74","24.84","20300","22.88","false"
"PFA","2007-11-29","26.92","26.92","24.45","24.58","24700","22.64","false"
"PFA","2007-11-28","23.53","24.76","23.53","24.70","16500","22.75","false"
"PFA","2007-11-27","23.42","23.71","23.19","23.69","14200","21.82","false"
"PFA","2007-11-26","24.05","24.14","23.43","23.63","23000","21.77","false"
"PFA","2007-11-23","23.88","23.99","23.86","23.99","15000","22.10","false"
"PFA","2007-11-21","23.73","23.73","23.41","23.50","27800","21.65","false"
"PFA","2007-11-20","24.05","24.27","23.01","24.27","12400","22.36","false"
"PFA","2007-11-19","24.20","24.20","22.39","23.76","63000","21.89","false"
"PFA","2007-11-16","24.71","24.76","24.55","24.75","13200","22.80","false"
"PFA","2007-11-15","24.91","25.26","24.57","24.76","18800","22.81","false"
"PFA","2007-11-14","25.56","25.56","25.16","25.22","19900","23.23","false"
"PFA","2007-11-13","24.69","25.45","24.69","25.45","27100","23.45","false"
"PFA","2007-11-12","24.42","25.18","23.06","24.81","23500","22.86","false"
"PFA","2007-11-09","25.44","26.17","25.31","25.31","12100","23.32","false"
"PFA","2007-11-08","25.93","25.97","25.53","25.97","29100","23.92","false"
"PFA","2007-11-07","26.29","26.32","25.82","25.82","22100","23.79","false"
"PFA","2007-11-06","25.99","26.09","25.86","26.09","52800","24.03","false"
"PFA","2007-11-05","26.12","26.26","26.02","26.21","23300","24.15","false"
"PFA","2007-11-02","26.64","26.71","26.46","26.69","21900","24.59","false"
"PFA","2007-11-01","27.01","27.13","26.86","26.88","22800","24.76","false"
"PFA","2007-10-31","27.11","27.45","27.05","27.23","29100","25.08","false"
"PFA","2007-10-30","26.93","27.00","26.88","26.92","46900","24.80","false"
"PFA","2007-10-29","27.02","27.13","25.90","27.12","48700","24.98","false"
"PFA","2007-10-26","26.61","29.99","26.60","27.00","150800","24.87","false"
"PFA","2007-10-25","26.19","27.45","26.10","26.39","21200","24.31","false"
"PFA","2007-10-24","26.34","26.51","26.10","26.35","36500","24.27","false"
"PFA","2007-10-23","26.33","26.37","26.15","26.26","27400","24.19","false"
"PFA","2007-10-22","24.50","26.35","24.50","26.00","49100","23.95","false"
"PFA","2007-10-19","26.83","26.83","26.39","26.46","84400","24.38","false"
"PFA","2007-10-18","26.78","27.49","26.78","27.00","59600","24.87","false"
"PFA","2007-10-17","26.81","26.81","26.08","26.70","31500","24.60","false"
"PFA","2007-10-16","26.61","26.66","26.52","26.58","27400","24.49","false"
"PFA","2007-10-15","27.00","27.02","26.76","26.83","18300","24.72","false"
"PFA","2007-10-12","26.95","27.08","26.93","27.05","14100","24.92","false"
"PFA","2007-10-11","27.16","27.34","26.96","27.08","19200","24.95","false"
"PFA","2007-10-10","26.92","26.92","26.75","26.83","54000","24.72","false"
"PFA","2007-10-09","26.51","26.68","26.48","26.67","31700","24.57","false"
"PFA","2007-10-08","26.71","26.99","26.40","26.61","14100","24.51","false"
"PFA","2007-10-05","26.59","26.78","26.59","26.76","11500","24.65","false"
"PFA","2007-10-04","26.31","26.42","26.31","26.41","12800","24.33","false"
"PFA","2007-10-03","26.36","26.36","26.18","26.18","6400","24.12","false"
"PFA","2007-10-02","25.78","26.38","25.65","26.38","19100","24.30","false"
"PFA","2007-10-01","25.88","26.23","25.88","26.17","23800","24.11","false"
"PFA","2007-09-28","25.85","25.97","25.75","25.88","21900","23.84","false"
"PFA","2007-09-27","25.70","25.73","25.62","25.69","16100","23.67","false"
"PFA","2007-09-26","25.42","25.45","25.36","25.43","9100","23.43","false"
"PFA","2007-09-25","25.12","25.25","25.08","25.25","8400","23.26","false"
"PFA","2007-09-24","25.48","25.50","25.30","25.37","14500","23.37","false"
"PFA","2007-09-21","25.60","25.70","25.60","25.63","12800","23.58","false"
"PFA","2007-09-20","25.22","25.50","25.20","25.30","11700","23.27","false"
"PFA","2007-09-19","25.18","25.24","25.05","25.12","18200","23.11","false"
"PFA","2007-09-18","24.12","24.93","24.12","24.90","20700","22.91","false"
"PFA","2007-09-17","24.14","24.19","23.80","23.99","28200","22.07","false"
"PFA","2007-09-14","24.44","24.58","24.39","24.53","20000","22.57","false"
"PFA","2007-09-13","24.72","24.84","24.66","24.77","16200","22.79","false"
"PFA","2007-09-12","24.60","24.81","24.60","24.74","7200","22.76","false"
"PFA","2007-09-11","24.61","24.72","24.56","24.72","26600","22.74","false"
"PFA","2007-09-10","24.36","25.20","24.01","24.27","12300","22.33","false"
"PFA","2007-09-07","24.53","24.59","24.39","24.47","23200","22.51","false"
"PFA","2007-09-06","24.68","24.93","24.68","24.88","54300","22.89","false"
"PFA","2007-09-05","24.68","24.81","24.56","24.68","50900","22.70","false"
"PFA","2007-09-04","24.76","25.07","24.75","25.01","34500","23.01","false"
"PFA","2007-08-31","24.77","24.86","24.66","24.86","3700","22.87","false"
"PFA","2007-08-30","23.98","24.40","23.98","24.21","7700","22.27","false"
"PFA","2007-08-29","24.03","24.40","24.03","24.40","16400","22.45","false"
"PFA","2007-08-28","24.18","28.27","22.66","23.82","129100","21.91","false"
"PFA","2007-08-27","24.28","24.38","24.18","24.32","31600","22.37","false"
"PFA","2007-08-24","24.18","25.26","24.13","24.41","29300","22.45","false"
"PFA","2007-08-23","24.08","24.08","23.81","23.97","23600","22.05","false"
"PFA","2007-08-22","23.58","23.80","23.58","23.80","15100","21.89","false"
"PFA","2007-08-21","23.13","23.17","22.50","23.05","29800","21.20","false"
"PFA","2007-08-20","23.21","23.25","22.62","23.19","20000","21.33","false"
"PFA","2007-08-17","22.71","22.96","22.05","22.96","13700","21.12","false"
"PFA","2007-08-16","22.64","22.75","18.00","22.75","72300","20.93","false"
"PFA","2007-08-15","23.17","23.24","17.60","22.86","15300","21.03","false"
"PFA","2007-08-14","23.89","23.96","23.58","23.62","20700","21.73","false"
"PFA","2007-08-13","24.11","24.11","23.88","23.89","17900","21.98","false"
"PFA","2007-08-10","23.34","23.65","23.30","23.59","25900","21.70","false"
"PFA","2007-08-09","24.45","24.56","22.92","24.23","33100","22.29","false"
"PFA","2007-08-08","24.74","24.92","24.63","24.78","16900","22.80","false"
"PFA","2007-08-07","24.77","25.04","24.70","24.96","8300","22.96","false"
"PFA","2007-08-06","24.80","24.93","20.81","24.93","9300","22.93","false"
"PFA","2007-08-03","25.03","25.06","24.78","24.78","41200","22.80","false"
"PFA","2007-08-02","25.15","25.29","25.09","25.29","15100","23.26","false"
"PFA","2007-08-01","25.17","25.17","24.87","25.16","16200","23.14","false"
"PFA","2007-07-31","25.70","25.88","25.42","25.43","23000","23.39","false"
"PFA","2007-07-30","25.03","25.27","25.03","25.26","30800","23.24","false"
"PFA","2007-07-27","25.11","25.26","24.94","24.96","20400","22.96","false"
"PFA","2007-07-26","25.50","26.00","24.71","24.78","56500","22.80","false"
"PFA","2007-07-25","26.22","26.25","25.88","26.05","21800","23.96","false"
"PFA","2007-07-24","26.30","26.30","25.91","25.98","24600","23.90","false"
"PFA","2007-07-23","26.73","27.01","26.73","26.84","28800","24.69","false"
"PFA","2007-07-20","26.82","26.82","26.48","26.59","18000","24.46","false"
"PFA","2007-07-19","26.95","26.95","26.83","26.89","22700","24.74","false"
"PFA","2007-07-18","26.60","27.50","26.46","26.66","27800","24.52","false"
"PFA","2007-07-17","26.76","26.80","26.68","26.73","9900","24.59","false"
"PFA","2007-07-16","26.76","26.93","26.74","26.80","29000","24.65","false"
"PFA","2007-07-13","26.77","26.89","26.73","26.89","43600","24.74","false"
"PFA","2007-07-12","26.56","26.99","26.35","26.99","44600","24.83","false"
"PFA","2007-07-11","26.22","26.35","26.18","26.35","28600","24.24","false"
"PFA","2007-07-10","26.27","26.37","26.11","26.36","28700","24.25","false"
"PFA","2007-07-09","26.42","26.47","26.34","26.41","80900","24.29","false"
"PFA","2007-07-06","26.13","26.30","26.13","26.27","18900","24.17","false"
"PFA","2007-07-05","25.98","26.14","25.95","26.12","69400","24.03","false"
"PFA","2007-07-03","26.23","27.23","26.13","26.25","41100","24.15","false"
"PFA","2007-07-02","25.67","25.83","25.67","25.82","20700","23.75","false"
"PFA","2007-06-29","25.46","25.55","25.36","25.47","57100","23.43","false"
"PFA","2007-06-28","25.24","25.55","25.20","25.24","14000","23.22","false"
"PFA","2007-06-27","24.91","25.11","24.88","25.11","7300","23.10","false"
"PFA","2007-06-26","25.27","25.28","25.06","25.07","17700","23.06","false"
"PFA","2007-06-25","25.23","25.42","25.17","25.17","47400","23.15","false"
"PFA","2007-06-22","25.46","25.49","25.20","25.27","38400","23.25","false"
"PFA","2007-06-21","25.53","27.53","25.45","25.45","36200","23.41","false"
"PFA","2007-06-20","25.97","26.50","25.61","25.65","37500","23.60","false"
"PFA","2007-06-19","25.67","25.75","25.64","25.73","35100","23.67","false"
"PFA","2007-06-18","25.77","25.78","25.71","25.74","11400","23.68","false"
"PFA","2007-06-15","25.75","25.80","25.52","25.56","22800","23.51","false"
"PFA","2007-06-14","25.56","25.69","25.56","25.66","21800","23.60","false"
"PFA","2007-06-13","24.70","24.97","24.70","24.96","41100","22.96","false"
"PFA","2008-12-31","11.45","11.81","11.29","11.67","139500","11.01","false"
"PFA","2008-12-30","11.23","12.64","10.98","12.30","89800","11.60","false"
"PFA","2008-12-29","12.00","12.00","11.07","11.28","79700","10.64","false"
"PFA","2008-12-26","11.32","11.32","11.02","11.11","19900","10.48","false"
"PFA","2008-12-24","11.14","11.14","10.94","10.98","56400","10.36","false"
"PFA","2008-12-23","11.24","11.24","10.80","11.02","52700","10.40","false"
"PFA","2008-12-22","10.93","11.00","10.58","10.83","83500","10.22","false"
"PFA","2008-12-19","11.31","11.43","11.02","11.02","43600","10.40","false"
"PFA","2008-12-18","11.42","11.71","11.13","11.15","48700","10.52","false"
"PFA","2008-12-17","11.70","12.00","11.23","11.79","62800","11.12","false"
"PFA","2008-12-16","11.68","11.76","10.96","11.68","60400","11.02","false"
"PFA","2008-12-15","11.49","11.52","10.99","11.09","62100","10.46","false"
"PFA","2008-12-12","11.00","11.18","10.86","11.15","68900","10.52","false"
"PFA","2008-12-11","11.46","11.46","11.05","11.08","328700","10.45","false"
"PFA","2008-12-10","11.20","11.20","10.96","11.05","87900","10.42","false"
"PFA","2008-12-09","10.00","11.20","10.00","10.68","37200","10.08","false"
"PFA","2008-12-08","10.53","10.68","10.28","10.40","64200","9.81","false"
"PFA","2008-12-05","9.94","10.10","9.64","9.99","276000","9.42","false"
"PFA","2008-12-04","9.96","10.14","9.78","9.88","48300","9.32","false"
"PFA","2008-12-03","9.82","10.18","9.75","10.08","52000","9.51","false"
"PFA","2008-12-02","10.11","10.21","9.78","10.16","61600","9.59","false"
"PFA","2008-12-01","10.12","10.26","10.00","10.00","34500","9.43","false"
"PFA","2008-11-28","10.35","10.40","10.31","10.33","6900","9.75","false"
"PFA","2008-11-26","10.13","10.23","10.00","10.13","26500","9.56","false"
"PFA","2008-11-25","10.04","10.20","9.78","10.15","55400","9.58","false"
"PFA","2008-11-24","8.54","9.92","8.54","9.82","1182800","9.26","false"
"PFA","2008-11-21","9.57","9.58","8.65","8.99","39000","8.48","false"
"PFA","2008-11-20","9.66","10.86","9.00","9.00","48000","8.49","false"
"PFA","2008-11-19","10.16","10.78","9.57","9.66","112900","9.11","false"
"PFA","2008-11-18","11.40","11.40","9.91","10.19","47600","9.61","false"
"PFA","2008-11-17","10.38","10.45","10.14","10.20","54000","9.62","false"
"PFA","2008-11-14","10.75","10.79","10.50","10.61","21000","10.01","false"
"PFA","2008-11-13","10.63","11.04","10.30","11.04","33400","10.42","false"
"PFA","2008-11-12","11.55","11.55","10.60","10.72","28300","10.11","false"
"PFA","2008-11-11","11.12","11.22","10.91","11.16","43200","10.53","false"
"PFA","2008-11-10","12.01","12.01","11.37","11.48","27000","10.83","false"
"PFA","2008-11-07","11.44","11.58","11.29","11.54","24400","10.89","false"
"PFA","2008-11-06","11.78","11.78","11.02","11.17","26700","10.54","false"
"PFA","2008-11-05","12.24","13.00","12.02","12.08","11000","11.40","false"
"PFA","2008-11-04","13.71","13.71","11.88","12.18","226200","11.49","false"
"PFA","2008-11-03","11.26","11.52","11.18","11.25","8400","10.61","false"
"PFA","2008-10-31","10.92","11.56","10.78","10.85","49900","10.24","false"
"PFA","2008-10-30","11.26","11.53","10.63","10.83","23500","10.22","false"
"PFA","2008-10-29","10.30","10.82","10.30","10.77","40600","10.16","false"
"PFA","2008-10-28","9.75","11.45","9.38","10.51","194500","9.92","false"
"PFA","2008-10-27","9.60","9.87","8.70","8.70","72700","8.21","false"
"PFA","2008-10-24","10.49","11.14","9.67","10.33","18200","9.75","false"
"PFA","2008-10-23","11.08","11.10","10.52","10.75","22400","10.14","false"
"PFA","2008-10-22","11.40","11.40","11.00","11.00","14500","10.38","false"
"PFA","2008-10-21","11.81","12.88","11.81","12.00","129100","11.32","false"
"PFA","2008-10-20","11.88","12.74","11.36","12.12","5600","11.43","false"
"PFA","2008-10-17","11.09","11.88","11.09","11.81","110000","11.14","false"
"PFA","2008-10-16","11.65","13.17","11.25","11.74","27400","11.08","false"
"PFA","2008-10-15","12.03","13.76","11.57","12.00","97100","11.32","false"
"PFA","2008-10-14","13.00","13.50","12.02","12.36","48300","11.66","false"
"PFA","2008-10-13","12.65","12.89","11.55","12.66","40100","11.94","false"
"PFA","2008-10-10","11.56","11.81","10.92","11.81","46000","11.14","false"
"PFA","2008-10-09","11.75","13.14","11.56","12.16","36900","11.47","false"
"PFA","2008-10-08","13.96","13.96","11.97","12.24","76500","11.55","false"
"PFA","2008-10-07","13.15","13.75","12.98","13.15","109400","12.41","false"
"PFA","2008-10-06","14.01","14.01","12.85","13.19","32300","12.44","false"
"PFA","2008-10-03","14.52","15.12","14.52","14.67","12200","13.84","false"
"PFA","2008-10-02","14.88","15.20","14.74","14.97","8500","14.12","false"
"PFA","2008-10-01","15.28","16.85","14.93","15.42","21200","14.55","false"
"PFA","2008-09-30","16.03","16.03","14.22","15.85","37600","14.95","false"
"PFA","2008-09-29","16.43","16.43","13.65","14.71","10600","13.88","false"
"PFA","2008-09-26","16.74","17.65","16.74","17.14","18500","16.17","false"
"PFA","2008-09-25","17.57","19.46","16.60","17.59","37200","16.60","false"
"PFA","2008-09-24","18.04","18.28","17.40","17.68","6600","16.68","false"
"PFA","2008-09-23","17.25","18.78","17.05","17.18","15800","16.21","false"
"PFA","2008-09-22","18.85","18.86","17.80","18.25","17600","17.22","false"
"PFA","2008-09-19","16.54","18.50","16.54","18.24","14900","17.21","false"
"PFA","2008-09-18","16.16","16.85","15.88","16.69","16700","15.69","false"
"PFA","2008-09-17","16.38","16.66","14.94","16.37","68700","15.39","false"
"PFA","2008-09-16","16.56","17.05","16.09","16.92","35400","15.90","false"
"PFA","2008-09-15","17.27","18.14","16.33","17.39","44700","16.35","false"
"PFA","2008-09-12","17.84","18.13","17.84","18.10","5600","17.01","false"
"PFA","2008-09-11","17.43","17.80","17.39","17.67","25900","16.61","false"
"PFA","2008-09-10","17.70","19.32","17.55","18.16","34800","17.07","false"
"PFA","2008-09-09","17.56","18.39","17.56","17.93","6900","16.85","false"
"PFA","2008-09-08","17.66","19.14","17.66","18.33","13900","17.23","false"
"PFA","2008-09-05","17.82","18.21","17.79","18.11","15400","17.02","false"
"PFA","2008-09-04","18.75","19.96","18.16","18.17","33200","17.08","false"
"PFA","2008-09-03","18.71","19.05","18.71","19.01","11500","17.87","false"
"PFA","2008-09-02","19.17","19.53","19.04","19.06","17700","17.92","false"
"PFA","2008-08-29","19.35","20.11","19.20","19.25","19300","18.09","false"
"PFA","2008-08-28","19.24","19.35","19.17","19.21","8200","18.06","false"
"PFA","2008-08-27","18.63","19.18","18.63","19.15","29900","18.00","false"
"PFA","2008-08-26","18.83","20.06","18.71","18.81","19200","17.68","false"
"PFA","2008-08-25","19.11","19.11","18.71","18.71","21000","17.59","false"
"PFA","2008-08-22","18.99","19.28","18.99","19.15","11700","18.00","false"
"PFA","2008-08-21","18.85","19.04","18.78","18.98","21800","17.84","false"
"PFA","2008-08-20","18.64","18.90","18.59","18.75","65800","17.62","false"
"PFA","2008-08-19","19.00","19.00","18.63","18.76","22200","17.63","false"
"PFA","2008-08-18","20.74","20.74","19.13","19.14","22700","17.99","false"
"PFA","2008-08-15","19.30","19.47","19.08","19.30","112800","18.14","false"
"PFA","2008-08-14","19.39","19.47","18.91","19.30","8100","18.14","false"
"PFA","2008-08-13","19.51","19.59","19.24","19.50","10900","18.33","false"
"PFA","2008-08-12","19.52","19.84","19.52","19.68","35500","18.50","false"
"PFA","2008-08-11","19.89","20.15","19.72","19.74","243500","18.55","false"
"PFA","2008-08-08","19.75","19.86","18.53","19.86","168900","18.67","false"
"PFA","2008-08-07","20.07","20.09","19.85","19.87","14000","18.68","false"
"PFA","2008-08-06","20.16","20.26","20.04","20.25","8200","19.03","false"
"PFA","2008-08-05","20.00","20.26","19.87","20.25","38000","19.03","false"
"PFA","2008-08-04","19.70","19.88","19.69","19.76","3900","18.57","false"
"PFA","2008-08-01","19.97","19.97","19.70","19.96","20900","18.76","false"
"PFA","2008-07-31","20.40","20.40","18.35","19.63","123200","18.45","false"
"PFA","2008-07-30","20.24","20.37","19.90","19.90","125400","18.70","false"
"PFA","2008-07-29","19.80","20.18","19.80","20.18","13600","18.97","false"
"PFA","2008-07-28","20.60","20.61","19.82","19.91","21100","18.71","false"
"PFA","2008-07-25","20.76","20.76","20.41","20.52","15800","19.29","false"
"PFA","2008-07-24","21.61","21.61","20.65","20.75","35700","19.50","false"
"PFA","2008-07-23","20.82","21.32","20.78","21.28","28700","20.00","false"
"PFA","2008-07-22","20.54","21.25","20.52","20.90","94800","19.64","false"
"PFA","2008-07-21","20.78","20.79","19.91","20.74","13400","19.49","false"
"PFA","2008-07-18","20.47","20.56","20.26","20.54","25400","19.31","false"
"PFA","2008-07-17","20.70","20.70","19.04","20.29","22400","19.07","false"
"PFA","2008-07-16","18.75","20.05","18.49","19.92","87500","18.72","false"
"PFA","2008-07-15","18.97","20.25","18.97","19.38","31600","18.22","false"
"PFA","2008-07-14","20.80","20.80","19.70","19.84","17700","18.65","false"
"PFA","2008-07-11","18.81","20.30","18.81","20.30","42000","19.08","false"
"PFA","2008-07-10","20.06","20.14","19.20","20.11","31100","18.90","false"
"PFA","2008-07-09","20.36","21.68","19.68","19.88","48800","18.69","false"
"PFA","2008-07-08","19.96","20.87","19.77","20.18","51600","18.97","false"
"PFA","2008-07-07","21.02","21.15","19.89","20.07","15700","18.86","false"
"PFA","2008-07-03","20.28","21.50","20.04","20.80","34000","19.55","false"
"PFA","2008-07-02","20.59","22.03","19.52","20.28","60100","19.06","false"
"PFA","2008-07-01","20.60","20.68","20.04","20.57","29400","19.33","false"
"PFA","2008-06-30","21.18","21.18","20.93","21.00","10700","19.74","false"
"PFA","2008-06-27","21.21","21.40","20.86","21.40","51900","20.11","false"
"PFA","2008-06-26","21.33","21.33","21.02","21.09","19500","19.82","false"
"PFA","2008-06-25","21.88","21.88","21.26","21.78","34900","20.47","false"
"PFA","2008-06-24","20.79","21.33","20.79","21.20","36600","19.93","false"
"PFA","2008-06-23","22.11","22.11","21.01","21.20","41200","19.93","false"
"PFA","2008-06-20","23.01","23.01","21.61","21.67","35300","20.37","false"
"PFA","2008-06-19","22.20","22.35","21.60","22.35","34900","20.70","false"
"PFA","2008-06-18","22.86","22.86","22.41","22.44","19300","20.78","false"
"PFA","2008-06-17","22.81","22.99","22.67","22.80","16600","21.12","false"
"PFA","2008-06-16","21.73","22.74","21.73","22.69","34700","21.02","false"
"PFA","2008-06-13","22.82","22.82","22.19","22.33","12900","20.68","false"
"PFA","2008-06-12","23.15","24.79","21.75","22.30","30100","20.65","false"
"PFA","2008-06-11","23.05","23.05","21.88","22.33","45100","20.68","false"
"PFA","2008-06-10","22.71","22.77","22.50","22.50","12200","20.84","false"
"PFA","2008-06-09","24.06","24.42","22.90","22.97","40800","21.27","false"
"PFA","2008-06-06","23.61","27.63","23.14","23.14","34200","21.43","false"
"PFA","2008-06-05","23.17","24.40","22.54","23.90","107800","22.14","false"
"PFA","2008-06-04","23.63","23.80","23.28","23.47","21900","21.74","false"
"PFA","2008-06-03","23.63","23.80","23.40","23.55","27100","21.81","false"
"PFA","2008-06-02","23.67","23.73","23.50","23.63","13500","21.89","false"
"PFA","2008-05-30","23.81","23.96","23.65","23.87","97500","22.11","false"
"PFA","2008-05-29","23.50","23.69","23.50","23.62","13400","21.88","false"
"PFA","2008-05-28","23.51","23.96","23.41","23.63","15400","21.89","false"
"PFA","2008-05-27","23.69","24.40","23.41","23.67","18500","21.92","false"
"PFA","2008-05-23","23.99","24.00","23.71","23.89","13500","22.13","false"
"PFA","2008-05-22","24.09","24.21","23.95","24.04","126200","22.27","false"
"PFA","2008-05-21","24.64","24.64","23.90","23.97","35500","22.20","false"
"PFA","2008-05-20","24.38","24.44","24.13","24.25","21000","22.46","false"
"PFA","2008-05-19","24.73","24.73","24.26","24.26","14300","22.47","false"
"PFA","2008-05-16","24.24","24.61","24.21","24.57","26000","22.76","false"
"PFA","2008-05-15","23.86","24.18","23.86","24.18","6000","22.40","false"
"PFA","2008-05-14","23.87","24.00","23.68","23.68","20700","21.93","false"
"PFA","2008-05-13","23.62","23.73","23.62","23.62","3300","21.88","false"
"PFA","2008-05-12","23.99","23.99","22.85","23.69","8600","21.94","false"
"PFA","2008-05-09","23.63","23.64","23.45","23.57","9400","21.83","false"
"PFA","2008-05-08","24.13","24.24","23.65","23.65","8100","21.90","false"
"PFA","2008-05-07","23.79","23.79","23.39","23.72","24600","21.97","false"
"PFA","2008-05-06","23.68","24.10","23.68","23.86","20800","22.10","false"
"PFA","2008-05-05","23.66","23.96","23.66","23.77","8800","22.02","false"
"PFA","2008-05-02","23.55","24.00","23.55","23.64","18000","21.89","false"
"PFA","2008-05-01","23.69","23.69","23.19","23.37","36000","21.64","false"
"PFA","2008-04-30","23.06","23.71","23.06","23.40","14600","21.67","false"
"PFA","2008-04-29","23.32","23.35","23.19","23.24","10300","21.52","false"
"PFA","2008-04-28","23.40","23.90","23.36","23.38","11800","21.65","false"
"PFA","2008-04-25","22.23","23.31","22.23","23.21","45000","21.50","false"
"PFA","2008-04-24","22.94","23.45","22.89","23.06","9900","21.36","false"
"PFA","2008-04-23","23.15","23.70","23.12","23.27","13000","21.55","false"
"PFA","2008-04-22","23.28","23.42","23.03","23.28","19900","21.56","false"
"PFA","2008-04-21","23.48","23.48","21.90","23.48","11300","21.75","false"
"PFA","2008-04-18","23.10","23.38","23.10","23.38","11200","21.65","false"
"PFA","2008-04-17","23.40","23.40","22.93","23.07","10300","21.37","false"
"PFA","2008-04-16","23.02","23.26","22.92","23.26","10200","21.54","false"
"PFA","2008-04-15","22.26","22.95","22.26","22.45","10900","20.79","false"
"PFA","2008-04-14","22.34","22.70","22.34","22.51","15800","20.85","false"
"PFA","2008-04-11","22.49","22.78","22.41","22.56","40200","20.89","false"
"PFA","2008-04-10","22.60","22.69","22.42","22.50","6400","20.84","false"
"PFA","2008-04-09","22.70","22.74","22.56","22.56","6000","20.89","false"
"PFA","2008-04-08","22.67","24.12","22.67","22.85","30700","21.16","false"
"PFA","2008-04-07","23.89","23.89","23.01","23.04","8800","21.34","false"
"PFA","2008-04-04","22.89","23.05","22.85","22.86","15000","21.17","false"
"PFA","2008-04-03","22.93","23.44","22.65","22.93","12900","21.24","false"
"PFA","2008-04-02","23.11","25.31","22.93","23.20","40000","21.49","false"
"PFA","2008-04-01","22.41","22.75","22.32","22.64","7900","20.97","false"
"PFA","2008-03-31","22.00","22.22","21.98","22.05","4100","20.42","false"
"PFA","2008-03-28","22.39","22.80","22.25","22.25","3500","20.61","false"
"PFA","2008-03-27","22.35","22.49","22.20","22.20","32400","20.56","false"
"PFA","2008-03-26","21.98","22.13","21.96","22.06","23700","20.43","false"
"PFA","2008-03-25","21.83","21.88","21.70","21.84","49500","20.23","false"
"PFA","2008-03-24","20.42","21.55","20.41","21.47","60800","19.89","false"
"PFA","2008-03-20","20.75","21.43","20.75","21.28","6600","19.71","false"
"PFA","2008-03-19","21.66","21.66","20.79","21.00","12500","19.42","false"
"PFA","2008-03-18","21.59","21.80","21.48","21.60","7800","19.98","false"
"PFA","2008-03-17","21.12","24.00","20.93","21.40","29800","19.79","false"
"PFA","2008-03-14","21.82","21.93","21.43","21.53","10400","19.91","false"
"PFA","2008-03-13","21.72","21.98","21.58","21.90","18600","20.25","false"
"PFA","2008-03-12","22.00","22.11","21.99","21.99","11400","20.34","false"
"PFA","2008-03-11","21.97","21.97","20.80","21.73","21500","20.10","false"
"PFA","2008-03-10","21.64","21.64","20.95","21.22","23200","19.62","false"
"PFA","2008-03-07","23.07","23.07","21.25","21.81","34800","20.17","false"
"PFA","2008-03-06","22.30","22.36","22.06","22.10","27000","20.44","false"
"PFA","2008-03-05","21.96","22.25","21.96","22.14","16600","20.47","false"
"PFA","2008-03-04","21.94","21.95","21.53","21.95","18500","20.30","false"
"PFA","2008-03-03","22.28","22.28","22.04","22.13","6200","20.47","false"
"PFA","2008-02-29","22.38","22.42","21.32","22.15","34700","20.48","false"
"PFA","2008-02-28","22.80","23.00","22.79","22.99","10400","21.26","false"
"PFA","2008-02-27","22.73","23.09","22.69","22.98","29400","21.25","false"
"PFA","2008-02-26","21.70","23.01","21.70","22.90","24600","21.18","false"
"PFA","2008-02-25","21.13","23.58","21.13","21.60","93400","19.98","false"
"PFA","2008-02-22","22.27","22.27","21.85","21.96","15000","20.31","false"
"PFA","2008-02-21","22.20","22.28","22.09","22.14","20200","20.47","false"
"PFA","2008-02-20","21.86","22.07","21.69","21.91","10700","20.26","false"
"PFA","2008-02-19","22.05","22.33","22.04","22.10","17400","20.44","false"
"PFA","2008-02-15","21.76","21.84","20.77","21.69","44100","20.06","false"
"PFA","2008-02-14","21.89","21.96","21.67","21.71","6300","20.08","false"
"PFA","2008-02-13","21.30","21.60","21.15","21.50","21900","19.88","false"
"PFA","2008-02-12","21.25","21.66","21.23","21.66","10700","20.03","false"
"PFA","2008-02-11","20.93","21.07","20.71","20.98","8700","19.40","false"
"PFA","2008-02-08","20.84","20.94","20.67","20.89","100600","19.32","false"
"PFA","2008-02-07","21.07","21.17","20.86","21.00","10500","19.42","false"
"PFA","2008-02-06","21.17","21.41","21.05","21.10","25400","19.51","false"
"PFA","2008-02-05","21.47","21.64","21.25","21.25","30800","19.65","false"
"PFA","2008-02-04","22.25","22.28","22.16","22.17","13400","20.50","false"
"PFA","2008-02-01","21.78","22.15","21.78","22.11","11800","20.45","false"
"PFA","2008-01-31","22.20","22.20","21.11","21.65","30000","20.02","false"
"PFA","2008-01-30","21.59","21.66","21.50","21.65","86800","20.02","false"
"PFA","2008-01-29","21.77","22.50","21.67","21.72","36500","20.09","false"
"PFA","2008-01-28","21.34","24.58","20.97","21.51","48500","19.89","false"
"PFA","2008-01-25","23.31","24.29","21.14","21.14","19000","19.55","false"
"PFA","2008-01-24","21.06","21.39","21.04","21.39","14900","19.78","false"
"PFA","2008-01-23","20.12","20.74","19.69","20.74","56200","19.18","false"
"PFA","2008-01-22","19.78","21.11","19.78","20.60","54700","19.05","false"
"PFA","2008-01-18","21.67","21.67","21.10","21.29","15400","19.69","false"
"PFA","2008-01-17","21.65","21.79","21.10","21.10","38000","19.51","false"
"PFA","2008-01-16","22.45","22.45","21.34","21.45","42200","19.84","false"
"PFA","2008-01-15","22.41","23.00","22.15","22.30","115000","20.62","false"
"PFA","2008-01-14","22.88","22.88","22.64","22.76","14800","21.05","false"
"PFA","2008-01-11","22.44","22.73","22.42","22.67","97000","20.96","false"
"PFA","2008-01-10","22.57","23.80","21.72","22.55","20900","20.85","false"
"PFA","2008-01-09","22.82","23.02","21.91","22.83","40400","21.11","false"
"PFA","2008-01-08","23.08","23.11","22.50","22.50","23400","20.81","false"
"PFA","2008-01-07","23.09","23.09","22.59","22.59","32200","20.89","false"
"PFA","2008-01-04","26.05","26.05","23.12","23.28","41900","21.53","false"
"PFA","2008-01-03","24.18","24.40","23.68","23.90","39800","22.10","false"
"PFA","2008-01-02","23.48","26.33","23.33","24.18","130500","22.36","false"
"PFA","2009-12-31","16.18","16.18","15.95","15.96","5300","15.42","false"
"PFA","2009-12-30","16.01","16.05","15.90","15.90","3300","15.36","false"
"PFA","2009-12-29","16.01","16.16","15.77","16.07","3700","15.52","false"
"PFA","2009-12-28","16.40","16.40","15.89","15.94","8200","15.40","false"
"PFA","2009-12-24","15.96","16.05","15.96","16.05","300","15.50","false"
"PFA","2009-12-23","16.00","16.00","15.70","15.89","11800","15.35","false"
"PFA","2009-12-22","15.66","15.80","15.66","15.77","20300","15.23","false"
"PFA","2009-12-21","15.52","15.80","15.52","15.67","192200","15.14","false"
"PFA","2009-12-18","15.76","15.87","14.83","15.55","37300","15.02","false"
"PFA","2009-12-17","15.90","16.14","15.56","15.87","13300","15.10","false"
"PFA","2009-12-16","16.15","16.25","16.10","16.16","30200","15.38","false"
"PFA","2009-12-15","16.17","16.17","16.06","16.07","9200","15.29","false"
"PFA","2009-12-14","16.37","16.37","16.14","16.22","11200","15.44","false"
"PFA","2009-12-11","16.16","16.16","15.96","16.08","21000","15.30","false"
"PFA","2009-12-10","16.16","16.16","15.99","16.06","9600","15.29","false"
"PFA","2009-12-09","16.00","16.01","15.79","15.96","9800","15.19","false"
"PFA","2009-12-08","16.37","16.37","15.96","16.06","8800","15.29","false"
"PFA","2009-12-07","16.40","16.63","16.32","16.32","4900","15.53","false"
"PFA","2009-12-04","16.64","16.68","16.30","16.43","23500","15.64","false"
"PFA","2009-12-03","16.50","16.77","16.48","16.60","23700","15.80","false"
"PFA","2009-12-02","16.78","16.78","16.45","16.60","2500","15.80","false"
"PFA","2009-12-01","16.35","16.66","16.35","16.51","13200","15.71","false"
"PFA","2009-11-30","16.00","16.25","15.96","16.20","11900","15.42","false"
"PFA","2009-11-27","15.98","16.25","15.87","16.12","1100","15.34","false"
"PFA","2009-11-25","16.57","16.68","16.50","16.54","16800","15.74","false"
"PFA","2009-11-24","16.49","16.64","16.32","16.48","17400","15.69","false"
"PFA","2009-11-23","16.39","16.63","16.39","16.45","13800","15.66","false"
"PFA","2009-11-20","16.08","16.26","16.05","16.20","27800","15.42","false"
"PFA","2009-11-19","16.11","16.30","16.11","16.25","7300","15.47","false"
"PFA","2009-11-18","16.55","16.64","16.48","16.52","6500","15.72","false"
"PFA","2009-11-17","16.60","16.68","16.47","16.56","15200","15.76","false"
"PFA","2009-11-16","16.47","16.80","16.45","16.58","56400","15.78","false"
"PFA","2009-11-13","16.18","16.42","16.18","16.36","12200","15.57","false"
"PFA","2009-11-12","16.18","16.43","16.09","16.17","12200","15.39","false"
"PFA","2009-11-11","16.26","16.44","16.26","16.35","9700","15.56","false"
"PFA","2009-11-10","16.36","16.41","16.17","16.20","221600","15.42","false"
"PFA","2009-11-09","16.41","16.44","16.30","16.43","3400","15.64","false"
"PFA","2009-11-06","15.97","16.26","15.97","16.10","1400","15.32","false"
"PFA","2009-11-05","15.93","16.03","15.88","15.99","17600","15.22","false"
"PFA","2009-11-04","15.63","15.85","15.63","15.83","3800","15.07","false"
"PFA","2009-11-03","15.33","15.46","15.28","15.46","2200","14.71","false"
"PFA","2009-11-02","15.42","15.69","15.27","15.49","9100","14.74","false"
"PFA","2009-10-30","15.90","15.90","15.39","15.48","20100","14.73","false"
"PFA","2009-10-29","15.58","16.05","15.58","16.00","23000","15.23","false"
"PFA","2009-10-28","15.70","15.76","15.29","15.29","32900","14.55","false"
"PFA","2009-10-27","16.11","16.13","15.90","15.91","9700","15.14","false"
"PFA","2009-10-26","16.36","16.54","15.91","16.17","17000","15.39","false"
"PFA","2009-10-23","16.72","16.74","16.31","16.40","178200","15.61","false"
"PFA","2009-10-22","16.53","16.80","16.47","16.77","10900","15.96","false"
"PFA","2009-10-21","16.81","16.87","16.60","16.60","18700","15.80","false"
"PFA","2009-10-20","16.98","16.98","16.60","16.70","11400","15.89","false"
"PFA","2009-10-19","16.67","16.88","16.67","16.81","10100","16.00","false"
"PFA","2009-10-16","16.69","16.71","16.51","16.67","44300","15.87","false"
"PFA","2009-10-15","16.78","16.89","16.69","16.89","15600","16.08","false"
"PFA","2009-10-14","16.50","16.80","16.50","16.79","26800","15.98","false"
"PFA","2009-10-13","16.39","16.44","16.19","16.42","33300","15.63","false"
"PFA","2009-10-12","16.36","16.51","16.26","16.39","11400","15.60","false"
"PFA","2009-10-09","16.16","16.44","16.11","16.14","18000","15.36","false"
"PFA","2009-10-08","16.29","16.77","16.19","16.39","14800","15.60","false"
"PFA","2009-10-07","15.94","16.03","15.81","16.03","32100","15.26","false"
"PFA","2009-10-06","15.78","16.05","15.78","15.84","28300","15.08","false"
"PFA","2009-10-05","15.41","15.71","15.41","15.71","48300","14.95","false"
"PFA","2009-10-02","15.08","15.52","15.00","15.38","56600","14.64","false"
"PFA","2009-10-01","15.51","15.53","15.13","15.34","50400","14.60","false"
"PFA","2009-09-30","15.76","16.00","15.76","15.95","11500","15.18","false"
"PFA","2009-09-29","15.83","15.96","15.75","15.86","21400","15.10","false"
"PFA","2009-09-28","15.77","15.95","15.74","15.79","28700","15.03","false"
"PFA","2009-09-25","15.69","15.72","15.49","15.55","30500","14.80","false"
"PFA","2009-09-24","15.68","16.29","15.54","15.61","9700","14.86","false"
"PFA","2009-09-23","16.17","16.25","15.97","16.01","38800","15.24","false"
"PFA","2009-09-22","16.12","16.19","16.10","16.12","14000","15.34","false"
"PFA","2009-09-21","16.00","16.00","15.35","15.99","10700","15.22","false"
"PFA","2009-09-18","16.24","16.31","16.06","16.17","8700","15.39","false"
"PFA","2009-09-17","16.05","16.33","16.05","16.11","24100","15.29","false"
"PFA","2009-09-16","16.06","16.27","16.06","16.27","24800","15.44","false"
"PFA","2009-09-15","15.43","16.05","14.83","15.88","56500","15.07","false"
"PFA","2009-09-14","15.87","15.91","15.73","15.82","4300","15.02","false"
"PFA","2009-09-11","15.72","15.88","15.65","15.88","35900","15.07","false"
"PFA","2009-09-10","15.53","15.84","15.50","15.75","13500","14.95","false"
"PFA","2009-09-09","15.63","15.79","15.50","15.58","96600","14.79","false"
"PFA","2009-09-08","15.49","15.49","15.31","15.34","10000","14.56","false"
"PFA","2009-09-04","14.81","15.07","14.80","15.07","58300","14.30","false"
"PFA","2009-09-03","14.77","14.87","14.64","14.68","64000","13.93","false"
"PFA","2009-09-02","14.65","14.66","14.50","14.50","21400","13.76","false"
"PFA","2009-09-01","14.81","14.91","14.55","14.55","14300","13.81","false"
"PFA","2009-08-31","15.05","15.05","14.92","14.98","40500","14.22","false"
"PFA","2009-08-28","15.36","15.36","15.13","15.13","12800","14.36","false"
"PFA","2009-08-27","14.85","15.29","14.84","15.27","57700","14.49","false"
"PFA","2009-08-26","15.15","15.16","14.94","15.16","4200","14.39","false"
"PFA","2009-08-25","15.34","15.34","15.15","15.31","8000","14.53","false"
"PFA","2009-08-24","15.01","15.33","15.01","15.03","36200","14.27","false"
"PFA","2009-08-21","14.88","15.03","14.88","14.90","13700","14.14","false"
"PFA","2009-08-20","14.43","14.69","14.43","14.63","61200","13.89","false"
"PFA","2009-08-19","14.24","14.51","14.24","14.51","7100","13.77","false"
"PFA","2009-08-18","14.36","14.48","14.33","14.36","3900","13.63","false"
"PFA","2009-08-17","14.22","14.22","14.07","14.07","4000","13.36","false"
"PFA","2009-08-14","14.70","14.70","14.57","14.64","15100","13.90","false"
"PFA","2009-08-13","14.83","14.83","14.71","14.78","12000","14.03","false"
"PFA","2009-08-12","14.47","14.60","14.42","14.48","2400","13.74","false"
"PFA","2009-08-11","14.35","14.43","14.04","14.23","30000","13.51","false"
"PFA","2009-08-10","14.49","14.66","14.37","14.61","28500","13.87","false"
"PFA","2009-08-07","14.55","14.84","14.51","14.74","14900","13.99","false"
"PFA","2009-08-06","14.45","14.83","14.34","14.66","15700","13.92","false"
"PFA","2009-08-05","14.71","14.81","14.55","14.70","10800","13.95","false"
"PFA","2009-08-04","14.47","15.03","14.47","14.70","29200","13.95","false"
"PFA","2009-08-03","14.68","14.84","14.31","14.81","11300","14.06","false"
"PFA","2009-07-31","14.37","14.41","14.05","14.37","10600","13.64","false"
"PFA","2009-07-30","13.89","14.25","13.89","14.17","8200","13.45","false"
"PFA","2009-07-29","14.08","14.08","13.59","13.71","43500","13.01","false"
"PFA","2009-07-28","14.01","14.69","13.71","14.14","37100","13.42","false"
"PFA","2009-07-27","14.21","14.21","13.95","14.13","15300","13.41","false"
"PFA","2009-07-24","13.92","14.10","13.82","13.96","4400","13.25","false"
"PFA","2009-07-23","13.84","14.13","13.79","14.07","32400","13.36","false"
"PFA","2009-07-22","13.51","13.82","13.51","13.66","12300","12.97","false"
"PFA","2009-07-21","13.76","13.77","13.57","13.63","8300","12.94","false"
"PFA","2009-07-20","13.51","13.76","13.20","13.64","31600","12.95","false"
"PFA","2009-07-17","13.20","13.37","13.20","13.31","2700","12.63","false"
"PFA","2009-07-16","13.30","13.52","13.18","13.31","20000","12.63","false"
"PFA","2009-07-15","12.97","13.43","12.97","13.33","53700","12.65","false"
"PFA","2009-07-14","12.81","12.81","12.60","12.64","12800","12.00","false"
"PFA","2009-07-13","12.10","12.64","11.71","12.55","9500","11.91","false"
"PFA","2009-07-10","12.22","12.26","12.19","12.25","2400","11.63","false"
"PFA","2009-07-09","12.20","12.67","12.20","12.41","16400","11.78","false"
"PFA","2009-07-08","12.59","12.59","12.14","12.21","8300","11.59","false"
"PFA","2009-07-07","12.49","12.67","12.45","12.58","9300","11.94","false"
"PFA","2009-07-06","12.81","12.81","12.51","12.73","7000","12.08","false"
"PFA","2009-07-02","13.10","13.10","12.74","12.77","35600","12.12","false"
"PFA","2009-07-01","13.26","13.51","13.09","13.10","13600","12.43","false"
"PFA","2009-06-30","13.25","13.92","12.63","12.84","33300","12.19","false"
"PFA","2009-06-29","12.80","13.08","12.80","13.08","15900","12.42","false"
"PFA","2009-06-26","13.14","13.14","12.76","12.94","37500","12.28","false"
"PFA","2009-06-25","12.43","12.83","12.37","12.67","35700","12.03","false"
"PFA","2009-06-24","12.48","12.61","11.62","12.31","128600","11.69","false"
"PFA","2009-06-23","12.37","12.82","12.36","12.55","53700","11.91","false"
"PFA","2009-06-22","12.77","12.78","12.43","12.55","15300","11.91","false"
"PFA","2009-06-19","12.96","13.26","12.86","13.13","20500","12.46","false"
"PFA","2009-06-18","12.94","12.96","12.71","12.78","13900","12.06","false"
"PFA","2009-06-17","12.97","13.13","12.61","12.77","27300","12.05","false"
"PFA","2009-06-16","13.18","13.18","12.92","12.99","15800","12.26","false"
"PFA","2009-06-15","17.96","17.96","13.02","13.24","10400","12.49","false"
"PFA","2009-06-12","14.11","14.11","13.56","13.82","13700","13.04","false"
"PFA","2009-06-11","13.18","14.02","13.18","13.75","16600","12.97","false"
"PFA","2009-06-10","13.78","13.78","13.38","13.38","21200","12.62","false"
"PFA","2009-06-09","13.51","13.75","13.26","13.39","28400","12.63","false"
"PFA","2009-06-08","13.32","13.42","13.08","13.42","13200","12.66","false"
"PFA","2009-06-05","13.06","13.57","13.06","13.53","19800","12.76","false"
"PFA","2009-06-04","13.32","14.43","13.32","13.43","10600","12.67","false"
"PFA","2009-06-03","13.67","13.67","13.38","13.40","3100","12.64","false"
"PFA","2009-06-02","13.84","13.96","13.64","13.73","28300","12.95","false"
"PFA","2009-06-01","13.57","13.80","13.57","13.70","27200","12.93","false"
"PFA","2009-05-29","13.17","13.34","13.10","13.10","12000","12.36","false"
"PFA","2009-05-28","12.99","13.13","12.88","12.96","13200","12.23","false"
"PFA","2009-05-27","13.06","13.23","12.94","13.02","13900","12.28","false"
"PFA","2009-05-26","12.44","13.23","12.44","13.14","11400","12.40","false"
"PFA","2009-05-22","12.78","13.06","12.78","12.84","19500","12.11","false"
"PFA","2009-05-21","12.69","13.76","12.61","12.71","79500","11.99","false"
"PFA","2009-05-20","12.59","13.06","12.59","12.87","15300","12.14","false"
"PFA","2009-05-19","12.77","12.83","12.54","12.65","37200","11.93","false"
"PFA","2009-05-18","12.36","12.60","12.31","12.60","4700","11.89","false"
"PFA","2009-05-15","12.32","12.32","12.00","12.13","23000","11.44","false"
"PFA","2009-05-14","12.07","12.29","11.92","12.29","5000","11.59","false"
"PFA","2009-05-13","12.00","12.17","11.84","11.84","9300","11.17","false"
"PFA","2009-05-12","12.97","12.97","12.31","12.52","7400","11.81","false"
"PFA","2009-05-11","12.97","13.03","12.47","12.61","25700","11.90","false"
"PFA","2009-05-08","12.60","12.79","12.49","12.78","7000","12.06","false"
"PFA","2009-05-07","12.49","12.72","12.20","12.27","17100","11.58","false"
"PFA","2009-05-06","12.45","12.78","12.45","12.56","27700","11.85","false"
"PFA","2009-05-05","12.42","12.47","12.05","12.39","18600","11.69","false"
"PFA","2009-05-04","11.66","12.29","11.18","12.12","55900","11.43","false"
"PFA","2009-05-01","11.57","11.87","11.57","11.75","5000","11.09","false"
"PFA","2009-04-30","11.65","11.72","11.44","11.44","8900","10.79","false"
"PFA","2009-04-29","11.29","11.59","11.27","11.46","5200","10.81","false"
"PFA","2009-04-28","10.79","11.15","10.79","11.02","10900","10.40","false"
"PFA","2009-04-27","11.05","11.22","11.00","11.21","15200","10.58","false"
"PFA","2009-04-24","11.37","11.43","11.21","11.35","7700","10.71","false"
"PFA","2009-04-23","11.03","11.15","10.87","11.02","7200","10.40","false"
"PFA","2009-04-22","11.03","11.76","10.70","10.70","6100","10.09","false"
"PFA","2009-04-21","10.62","10.95","10.60","10.82","29800","10.21","false"
"PFA","2009-04-20","10.75","11.30","10.57","10.60","14400","10.00","false"
"PFA","2009-04-17","11.76","11.76","11.13","11.20","4500","10.57","false"
"PFA","2009-04-16","11.42","11.42","10.45","11.16","9700","10.53","false"
"PFA","2009-04-15","10.68","11.76","10.32","11.14","13500","10.51","false"
"PFA","2009-04-14","10.45","11.08","10.45","10.86","24000","10.25","false"
"PFA","2009-04-13","10.66","10.95","10.65","10.80","2700","10.19","false"
"PFA","2009-04-09","10.62","10.70","10.56","10.63","2400","10.03","false"
"PFA","2009-04-08","10.34","10.44","10.27","10.39","8100","9.80","false"
"PFA","2009-04-07","10.10","10.28","10.10","10.28","2200","9.70","false"
"PFA","2009-04-06","10.61","10.61","10.32","10.42","14500","9.83","false"
"PFA","2009-04-03","10.48","10.99","10.47","10.70","38000","10.09","false"
"PFA","2009-04-02","11.96","11.96","10.30","10.55","55100","9.95","false"
"PFA","2009-04-01","9.66","9.91","9.66","9.87","8500","9.31","false"
"PFA","2009-03-31","9.65","9.80","9.51","9.58","17000","9.04","false"
"PFA","2009-03-30","9.50","9.50","9.25","9.28","3700","8.76","false"
"PFA","2009-03-27","9.80","9.84","9.70","9.75","4700","9.20","false"
"PFA","2009-03-26","10.04","10.09","9.89","10.09","17600","9.52","false"
"PFA","2009-03-25","9.97","10.06","9.61","9.69","3600","9.14","false"
"PFA","2009-03-24","9.94","9.94","9.83","9.83","8900","9.27","false"
"PFA","2009-03-23","9.77","10.19","9.37","9.95","9900","9.39","false"
"PFA","2009-03-20","9.21","9.57","9.21","9.48","13900","8.94","false"
"PFA","2009-03-19","9.41","9.70","9.41","9.45","12700","8.92","false"
"PFA","2009-03-18","8.96","9.34","8.94","9.34","5600","8.81","false"
"PFA","2009-03-17","8.96","9.16","8.86","9.16","17800","8.64","false"
"PFA","2009-03-16","9.09","9.19","9.00","9.00","12500","8.49","false"
"PFA","2009-03-13","9.03","9.03","8.61","8.83","18000","8.33","false"
"PFA","2009-03-12","8.35","8.79","8.28","8.74","202900","8.25","false"
"PFA","2009-03-11","8.66","8.66","8.38","8.48","35800","8.00","false"
"PFA","2009-03-10","7.92","8.47","7.92","8.28","36400","7.81","false"
"PFA","2009-03-09","7.73","7.98","7.59","7.78","149300","7.34","false"
"PFA","2009-03-06","8.03","8.15","7.81","7.97","22100","7.52","false"
"PFA","2009-03-05","8.03","8.33","7.96","8.10","28200","7.64","false"
"PFA","2009-03-04","7.82","8.58","7.82","8.50","18900","8.02","false"
"PFA","2009-03-03","8.03","8.27","7.82","8.14","134500","7.68","false"
"PFA","2009-03-02","8.34","8.43","8.09","8.10","23700","7.64","false"
"PFA","2009-02-27","8.47","8.82","8.47","8.71","21900","8.22","false"
"PFA","2009-02-26","8.87","9.08","8.75","8.75","30400","8.26","false"
"PFA","2009-02-25","8.89","8.89","8.56","8.80","12100","8.30","false"
"PFA","2009-02-24","8.80","8.95","8.57","8.95","44300","8.44","false"
"PFA","2009-02-23","8.97","8.97","8.56","8.56","10200","8.08","false"
"PFA","2009-02-20","8.86","9.05","8.79","8.88","30200","8.38","false"
"PFA","2009-02-19","9.50","9.50","9.08","9.17","9300","8.65","false"
"PFA","2009-02-18","9.03","9.38","9.02","9.16","31500","8.64","false"
"PFA","2009-02-17","9.28","9.36","9.10","9.23","18000","8.71","false"
"PFA","2009-02-13","9.98","10.06","9.69","9.84","83100","9.28","false"
"PFA","2009-02-12","10.00","10.07","9.77","10.03","7600","9.46","false"
"PFA","2009-02-11","10.50","10.50","9.96","10.09","15800","9.52","false"
"PFA","2009-02-10","10.55","10.60","9.97","10.15","14800","9.58","false"
"PFA","2009-02-09","10.64","10.73","10.47","10.69","24100","10.09","false"
"PFA","2009-02-06","10.48","10.59","10.30","10.56","31000","9.96","false"
"PFA","2009-02-05","9.80","10.27","9.80","10.25","24400","9.67","false"
"PFA","2009-02-04","10.08","10.27","9.90","9.94","17800","9.38","false"
"PFA","2009-02-03","9.93","10.11","9.69","9.96","52400","9.40","false"
"PFA","2009-02-02","9.25","9.69","9.25","9.69","19300","9.14","false"
"PFA","2009-01-30","9.90","9.93","9.68","9.89","61200","9.33","false"
"PFA","2009-01-29","10.28","10.28","9.71","9.84","17300","9.28","false"
"PFA","2009-01-28","9.89","10.33","9.89","10.31","15900","9.73","false"
"PFA","2009-01-27","9.69","9.88","9.53","9.78","24200","9.23","false"
"PFA","2009-01-26","9.67","9.81","9.51","9.59","13600","9.05","false"
"PFA","2009-01-23","9.19","9.54","9.19","9.47","14500","8.93","false"
"PFA","2009-01-22","9.43","9.84","9.42","9.64","31900","9.09","false"
"PFA","2009-01-21","9.39","9.92","9.39","9.80","76500","9.25","false"
"PFA","2009-01-20","10.00","10.00","9.39","9.39","29200","8.86","false"
"PFA","2009-01-16","10.29","10.29","10.08","10.29","26200","9.71","false"
"PFA","2009-01-15","10.18","10.34","9.48","10.06","41200","9.49","false"
"PFA","2009-01-14","10.81","10.81","10.23","10.32","23500","9.74","false"
"PFA","2009-01-13","11.87","11.87","10.66","10.89","26800","10.27","false"
"PFA","2009-01-12","11.18","11.23","10.98","11.00","314800","10.38","false"
"PFA","2009-01-09","12.01","12.01","11.27","11.27","67400","10.63","false"
"PFA","2009-01-08","11.45","11.85","10.90","11.60","592800","10.94","false"
"PFA","2009-01-07","11.63","12.20","11.62","11.66","37800","11.00","false"
"PFA","2009-01-06","12.11","12.11","11.82","11.99","34300","11.31","false"
"PFA","2009-01-05","11.62","11.70","11.62","11.70","800","11.04","false"
"PFA","2009-01-02","11.40","11.79","11.40","11.65","6600","10.99","false"
"PFA","2010-12-31","17.50","17.53","17.45","17.48","4300","17.45","false"
"PFA","2010-12-30","17.42","17.42","17.28","17.35","5400","17.33","false"
"PFA","2010-12-29","17.33","17.48","17.33","17.46","5800","17.43","false"
"PFA","2010-12-28","17.25","17.25","17.06","17.17","8400","17.15","false"
"PFA","2010-12-27","17.07","17.15","17.05","17.12","13100","17.10","false"
"PFA","2010-12-23","17.40","17.40","17.25","17.29","3600","17.27","false"
"PFA","2010-12-22","17.33","17.35","17.25","17.27","113400","17.25","false"
"PFA","2010-12-21","17.18","17.27","17.18","17.27","39600","17.25","false"
"PFA","2010-12-20","17.18","17.19","17.04","17.07","5400","17.05","false"
"PFA","2010-12-17","17.11","17.14","17.04","17.10","15100","17.08","false"
"PFA","2010-12-16","17.60","17.64","17.50","17.64","8000","17.13","false"
"PFA","2010-12-15","17.62","17.74","17.52","17.57","13400","17.06","false"
"PFA","2010-12-14","17.74","17.84","17.72","17.76","5100","17.24","false"
"PFA","2010-12-13","17.73","17.84","17.69","17.75","5200","17.24","false"
"PFA","2010-12-10","17.45","17.50","17.45","17.50","1800","16.99","false"
"PFA","2010-12-09","17.45","17.55","17.40","17.47","12700","16.96","false"
"PFA","2010-12-08","17.49","17.56","17.44","17.56","13000","17.05","false"
"PFA","2010-12-07","17.63","17.76","17.52","17.52","3900","17.01","false"
"PFA","2010-12-06","17.36","17.53","17.36","17.53","11600","17.02","false"
"PFA","2010-12-03","17.30","17.48","17.30","17.48","6100","16.97","false"
"PFA","2010-12-02","16.94","17.28","16.94","17.26","5600","16.76","false"
"PFA","2010-12-01","16.77","16.91","16.77","16.91","6500","16.42","false"
"PFA","2010-11-30","16.37","16.46","16.35","16.46","3200","15.98","false"
"PFA","2010-11-29","16.58","16.60","16.43","16.56","10100","16.08","false"
"PFA","2010-11-26","16.79","16.79","16.79","16.79","300","16.30","false"
"PFA","2010-11-24","16.85","16.93","16.85","16.93","2500","16.44","false"
"PFA","2010-11-23","16.82","16.82","16.65","16.65","5400","16.17","false"
"PFA","2010-11-22","17.16","17.22","17.07","17.17","5300","16.67","false"
"PFA","2010-11-19","17.14","17.23","17.12","17.23","4200","16.73","false"
"PFA","2010-11-18","17.27","17.28","17.21","17.28","18000","16.78","false"
"PFA","2010-11-17","16.78","16.78","16.76","16.76","1300","16.27","false"
"PFA","2010-11-16","16.85","16.85","16.64","16.64","3400","16.16","false"
"PFA","2010-11-15","17.09","17.11","17.06","17.08","2400","16.58","false"
"PFA","2010-11-12","17.07","17.21","16.99","16.99","13300","16.50","false"
"PFA","2010-11-11","17.16","17.20","17.16","17.20","700","16.70","false"
"PFA","2010-11-10","17.21","17.38","17.19","17.37","4400","16.87","false"
"PFA","2010-11-09","17.56","17.56","17.40","17.40","800","16.90","false"
"PFA","2010-11-08","17.42","17.48","17.41","17.48","3400","16.97","false"
"PFA","2010-11-05","17.46","17.57","17.40","17.56","11400","17.05","false"
"PFA","2010-11-04","17.49","17.62","17.49","17.57","12200","17.06","false"
"PFA","2010-11-03","17.06","17.25","17.03","17.25","18900","16.75","false"
"PFA","2010-11-02","17.05","17.21","17.05","17.12","5000","16.62","false"
"PFA","2010-11-01","16.96","17.00","16.89","16.97","12100","16.48","false"
"PFA","2010-10-29","17.04","17.04","16.97","17.02","23200","16.53","false"
"PFA","2010-10-28","17.00","17.02","16.95","17.02","3200","16.53","false"
"PFA","2010-10-27","17.00","17.00","16.82","16.90","4500","16.41","false"
"PFA","2010-10-26","17.00","17.06","16.98","17.06","4100","16.57","false"
"PFA","2010-10-25","17.13","17.23","17.11","17.12","5300","16.62","false"
"PFA","2010-10-22","17.20","17.20","17.05","17.06","2200","16.57","false"
"PFA","2010-10-21","17.08","17.13","16.94","16.94","1400","16.45","false"
"PFA","2010-10-20","16.93","17.13","16.93","17.08","6900","16.58","false"
"PFA","2010-10-19","16.89","16.94","16.76","16.76","4600","16.27","false"
"PFA","2010-10-18","17.13","17.15","17.05","17.14","3300","16.64","false"
"PFA","2010-10-15","17.16","17.16","17.07","17.07","2600","16.57","false"
"PFA","2010-10-14","17.11","17.13","17.10","17.13","2900","16.63","false"
"PFA","2010-10-13","17.08","17.09","17.02","17.05","5000","16.56","false"
"PFA","2010-10-12","16.68","16.81","16.64","16.79","3400","16.30","false"
"PFA","2010-10-11","16.88","16.88","16.79","16.83","5400","16.34","false"
"PFA","2010-10-08","16.71","16.79","16.71","16.77","1700","16.28","false"
"PFA","2010-10-07","16.96","16.96","16.60","16.76","6000","16.27","false"
"PFA","2010-10-06","16.73","16.78","16.69","16.76","4700","16.27","false"
"PFA","2010-10-05","16.55","16.65","16.55","16.65","1800","16.17","false"
"PFA","2010-10-04","16.26","16.28","16.18","16.18","4100","15.71","false"
"PFA","2010-10-01","16.28","16.45","16.28","16.45","600","15.97","false"
"PFA","2010-09-30","16.40","16.49","16.30","16.30","9600","15.83","false"
"PFA","2010-09-29","16.43","16.46","16.40","16.46","2000","15.98","false"
"PFA","2010-09-28","16.23","16.40","16.20","16.36","26600","15.89","false"
"PFA","2010-09-27","16.37","16.37","16.23","16.24","1600","15.77","false"
"PFA","2010-09-24","16.11","16.21","16.11","16.20","4700","15.73","false"
"PFA","2010-09-23","15.93","15.98","15.80","15.80","20800","15.34","false"
"PFA","2010-09-22","16.07","16.07","15.99","16.02","3500","15.56","false"
"PFA","2010-09-21","15.99","16.11","15.94","16.00","8500","15.54","false"
"PFA","2010-09-20","15.89","15.93","15.88","15.93","6800","15.47","false"
"PFA","2010-09-17","15.79","15.87","15.72","15.72","17000","15.26","false"
"PFA","2010-09-16","15.79","15.85","15.79","15.85","2200","15.39","false"
"PFA","2010-09-15","15.78","15.89","15.75","15.88","27800","15.42","false"
"PFA","2010-09-14","15.64","15.93","15.64","15.90","59900","15.44","false"
"PFA","2010-09-13","15.77","15.84","15.70","15.75","40500","15.29","false"
"PFA","2010-09-10","15.42","15.47","15.42","15.42","1200","14.97","false"
"PFA","2010-09-09","15.57","15.57","15.42","15.42","1100","14.97","false"
"PFA","2010-09-08","15.27","15.35","15.27","15.28","2300","14.84","false"
"PFA","2010-09-07","15.32","15.32","15.15","15.20","7100","14.76","false"
"PFA","2010-09-03","15.36","15.40","15.36","15.37","7800","14.92","false"
"PFA","2010-09-02","15.06","15.16","15.06","15.16","4500","14.72","false"
"PFA","2010-09-01","15.08","15.10","15.02","15.05","7600","14.61","false"
"PFA","2010-08-31","14.52","14.66","14.52","14.52","3400","14.10","false"
"PFA","2010-08-30","14.65","14.65","14.58","14.61","3900","14.19","false"
"PFA","2010-08-27","14.58","14.72","14.50","14.72","3900","14.29","false"
"PFA","2010-08-26","14.46","14.46","14.42","14.42","4700","14.00","false"
"PFA","2010-08-25","14.25","14.43","14.19","14.43","7900","14.01","false"
"PFA","2010-08-24","14.52","14.52","14.40","14.43","9100","14.01","false"
"PFA","2010-08-23","14.83","14.83","14.70","14.74","12800","14.31","false"
"PFA","2010-08-20","14.78","14.78","14.62","14.71","2200","14.28","false"
"PFA","2010-08-19","15.26","15.26","15.11","15.11","3600","14.67","false"
"PFA","2010-08-18","15.10","15.26","15.10","15.26","6600","14.82","false"
"PFA","2010-08-17","15.12","15.24","15.08","15.20","17500","14.76","false"
"PFA","2010-08-16","14.82","15.02","14.82","14.96","5400","14.53","false"
"PFA","2010-08-13","14.97","14.97","14.88","14.88","11900","14.45","false"
"PFA","2010-08-12","14.78","14.87","14.78","14.87","1300","14.44","false"
"PFA","2010-08-11","15.30","15.30","14.98","14.98","1300","14.55","false"
"PFA","2010-08-10","15.62","15.78","15.58","15.78","9300","15.32","false"
"PFA","2010-08-09","15.89","15.90","15.88","15.90","1500","15.44","false"
"PFA","2010-08-06","15.82","15.94","15.77","15.91","13000","15.45","false"
"PFA","2010-08-05","15.75","15.84","15.75","15.82","2100","15.36","false"
"PFA","2010-08-04","15.77","15.85","15.77","15.84","1800","15.38","false"
"PFA","2010-08-03","15.78","15.94","15.76","15.88","1900","15.42","false"
"PFA","2010-08-02","15.64","15.86","15.64","15.82","7500","15.36","false"
"PFA","2010-07-30","15.30","15.38","15.30","15.33","5000","14.89","false"
"PFA","2010-07-29","15.45","15.48","15.33","15.37","5900","14.92","false"
"PFA","2010-07-28","15.42","15.42","15.29","15.30","8800","14.86","false"
"PFA","2010-07-27","15.33","15.37","15.30","15.37","4400","14.92","false"
"PFA","2010-07-26","15.15","15.29","15.15","15.28","4300","14.84","false"
"PFA","2010-07-23","15.00","15.15","14.96","15.11","11200","14.67","false"
"PFA","2010-07-22","14.91","14.95","14.91","14.95","4400","14.52","false"
"PFA","2010-07-21","14.70","14.70","14.62","14.67","13300","14.24","false"
"PFA","2010-07-20","14.50","14.68","14.49","14.68","4100","14.25","false"
"PFA","2010-07-19","14.63","14.75","14.61","14.71","5200","14.28","false"
"PFA","2010-07-16","14.80","14.80","14.64","14.64","2700","14.22","false"
"PFA","2010-07-15","14.97","14.97","14.84","14.93","2500","14.50","false"
"PFA","2010-07-14","14.82","14.98","14.82","14.89","4500","14.46","false"
"PFA","2010-07-13","14.83","14.95","14.83","14.91","6300","14.48","false"
"PFA","2010-07-12","14.72","14.72","14.58","14.66","6000","14.23","false"
"PFA","2010-07-09","14.68","14.79","14.62","14.79","2800","14.36","false"
"PFA","2010-07-08","14.56","14.58","14.55","14.57","600","14.15","false"
"PFA","2010-07-07","14.31","14.41","14.29","14.41","4800","13.99","false"
"PFA","2010-07-06","14.23","14.29","14.07","14.07","8500","13.66","false"
"PFA","2010-07-02","13.96","13.96","13.78","13.85","2800","13.45","false"
"PFA","2010-07-01","13.82","13.83","13.73","13.73","2200","13.33","false"
"PFA","2010-06-30","13.89","13.95","13.66","13.67","3400","13.27","false"
"PFA","2010-06-29","14.14","14.14","13.80","13.82","2800","13.42","false"
"PFA","2010-06-28","14.55","14.55","14.37","14.37","2600","13.95","false"
"PFA","2010-06-25","14.47","14.50","14.44","14.44","12400","14.02","false"
"PFA","2010-06-24","14.59","14.61","14.46","14.55","10800","14.13","false"
"PFA","2010-06-23","14.75","14.75","14.71","14.71","500","14.28","false"
"PFA","2010-06-22","14.83","14.92","14.66","14.67","2800","14.24","false"
"PFA","2010-06-21","15.14","15.16","14.85","14.85","9600","14.42","false"
"PFA","2010-06-18","14.92","14.95","14.87","14.94","11000","14.51","false"
"PFA","2010-06-17","15.02","15.02","14.83","14.83","1500","14.32","false"
"PFA","2010-06-16","14.85","14.97","14.73","14.97","7200","14.46","false"
"PFA","2010-06-15","14.86","14.92","14.81","14.90","10200","14.39","false"
"PFA","2010-06-14","14.73","14.73","14.51","14.51","7300","14.02","false"
"PFA","2010-06-11","14.24","14.37","14.21","14.27","4200","13.78","false"
"PFA","2010-06-10","14.25","14.31","14.09","14.31","36600","13.82","false"
"PFA","2010-06-09","13.88","14.00","13.73","13.73","1800","13.26","false"
"PFA","2010-06-08","13.65","13.70","13.51","13.70","8900","13.23","false"
"PFA","2010-06-07","13.80","13.89","13.56","13.56","9900","13.10","false"
"PFA","2010-06-04","14.24","14.24","13.79","13.79","11200","13.32","false"
"PFA","2010-06-03","14.66","14.66","14.34","14.44","18200","13.95","false"
"PFA","2010-06-02","14.19","14.47","14.10","14.47","5300","13.98","false"
"PFA","2010-06-01","14.12","14.32","14.03","14.03","34600","13.55","false"
"PFA","2010-05-28","14.41","14.46","14.26","14.26","20600","13.77","false"
"PFA","2010-05-27","14.14","14.42","14.14","14.42","4900","13.93","false"
"PFA","2010-05-26","13.77","13.90","13.65","13.68","6900","13.21","false"
"PFA","2010-05-25","13.41","13.70","13.34","13.70","52100","13.23","false"
"PFA","2010-05-24","14.27","14.27","13.94","14.00","2900","13.52","false"
"PFA","2010-05-21","13.78","14.24","13.78","14.23","8400","13.74","false"
"PFA","2010-05-20","14.03","14.14","13.77","13.91","37800","13.44","false"
"PFA","2010-05-19","14.36","14.49","14.28","14.48","42800","13.99","false"
"PFA","2010-05-18","15.01","15.01","14.43","14.44","5900","13.95","false"
"PFA","2010-05-17","15.00","15.00","14.49","14.74","12000","14.24","false"
"PFA","2010-05-14","15.27","15.27","14.79","14.88","18700","14.37","false"
"PFA","2010-05-13","15.56","15.56","15.25","15.28","33900","14.76","false"
"PFA","2010-05-12","15.73","15.73","15.49","15.55","20700","15.02","false"
"PFA","2010-05-11","15.14","15.49","15.13","15.31","28100","14.79","false"
"PFA","2010-05-10","15.61","15.65","15.35","15.39","39900","14.87","false"
"PFA","2010-05-07","13.71","14.66","13.71","14.37","18500","13.88","false"
"PFA","2010-05-06","15.09","15.10","10.00","14.26","101200","13.77","false"
"PFA","2010-05-05","15.43","15.46","15.06","15.32","13900","14.80","false"
"PFA","2010-05-04","15.89","15.89","15.69","15.70","16000","15.16","false"
"PFA","2010-05-03","16.59","16.59","16.35","16.44","19200","15.88","false"
"PFA","2010-04-30","16.38","16.51","16.35","16.37","6100","15.81","false"
"PFA","2010-04-29","16.55","16.55","16.42","16.48","13400","15.92","false"
"PFA","2010-04-28","16.22","16.22","15.95","16.09","11300","15.54","false"
"PFA","2010-04-27","16.61","16.63","16.19","16.19","35600","15.64","false"
"PFA","2010-04-26","17.04","17.04","16.86","16.86","4200","16.28","false"
"PFA","2010-04-23","16.81","16.98","16.80","16.91","6800","16.33","false"
"PFA","2010-04-22","16.70","16.71","16.44","16.69","4300","16.12","false"
"PFA","2010-04-21","16.93","16.93","16.71","16.80","6500","16.23","false"
"PFA","2010-04-20","16.80","17.02","16.80","16.90","5300","16.32","false"
"PFA","2010-04-19","16.45","16.70","16.45","16.63","5600","16.06","false"
"PFA","2010-04-16","16.88","16.96","16.70","16.78","10200","16.21","false"
"PFA","2010-04-15","17.01","17.07","17.01","17.05","6900","16.47","false"
"PFA","2010-04-14","17.08","17.10","16.91","17.04","9000","16.46","false"
"PFA","2010-04-13","16.93","16.93","16.75","16.84","5900","16.27","false"
"PFA","2010-04-12","16.85","16.87","16.82","16.83","4600","16.26","false"
"PFA","2010-04-09","16.63","16.81","16.57","16.78","19900","16.21","false"
"PFA","2010-04-08","16.47","16.63","16.46","16.58","10000","16.01","false"
"PFA","2010-04-07","16.49","16.84","16.49","16.57","8100","16.00","false"
"PFA","2010-04-06","16.45","16.71","16.45","16.70","4700","16.13","false"
"PFA","2010-04-05","16.65","16.68","16.62","16.66","3000","16.09","false"
"PFA","2010-04-01","16.54","16.65","16.54","16.62","21100","16.05","false"
"PFA","2010-03-31","16.30","16.41","16.29","16.37","5600","15.81","false"
"PFA","2010-03-30","16.52","16.52","16.31","16.33","1700","15.77","false"
"PFA","2010-03-29","16.48","16.48","16.29","16.33","9700","15.77","false"
"PFA","2010-03-26","16.07","16.18","16.07","16.15","4700","15.60","false"
"PFA","2010-03-25","16.07","16.13","15.98","15.98","43600","15.43","false"
"PFA","2010-03-24","15.95","16.09","15.93","15.97","53600","15.43","false"
"PFA","2010-03-23","16.20","16.20","16.13","16.20","123200","15.65","false"
"PFA","2010-03-22","16.04","16.21","15.96","16.21","10100","15.66","false"
"PFA","2010-03-19","16.22","16.22","16.06","16.10","11200","15.55","false"
"PFA","2010-03-18","16.52","16.52","16.19","16.27","3400","15.72","false"
"PFA","2010-03-17","16.39","16.48","16.39","16.41","8300","15.85","false"
"PFA","2010-03-16","16.20","16.33","16.20","16.33","3000","15.77","false"
"PFA","2010-03-15","16.13","16.13","16.07","16.13","4400","15.58","false"
"PFA","2010-03-12","16.49","16.49","16.22","16.24","5700","15.69","false"
"PFA","2010-03-11","16.11","16.17","16.06","16.17","2300","15.62","false"
"PFA","2010-03-10","16.12","16.12","16.03","16.07","5000","15.52","false"
"PFA","2010-03-09","15.77","15.96","15.77","15.96","14400","15.42","false"
"PFA","2010-03-08","16.18","16.18","15.96","16.04","4300","15.49","false"
"PFA","2010-03-05","15.97","15.99","15.81","15.98","9100","15.43","false"
"PFA","2010-03-04","15.81","15.81","15.62","15.72","12500","15.18","false"
"PFA","2010-03-03","15.78","15.82","15.63","15.76","4900","15.22","false"
"PFA","2010-03-02","15.58","15.66","15.48","15.52","31500","14.99","false"
"PFA","2010-03-01","15.23","15.48","15.23","15.39","30100","14.87","false"
"PFA","2010-02-26","15.03","15.36","15.03","15.36","33600","14.84","false"
"PFA","2010-02-25","15.00","15.14","14.90","15.14","32300","14.62","false"
"PFA","2010-02-24","15.32","15.36","15.18","15.24","57300","14.72","false"
"PFA","2010-02-23","15.33","15.40","15.25","15.29","655800","14.77","false"
"PFA","2010-02-22","15.48","15.55","15.45","15.49","9500","14.96","false"
"PFA","2010-02-19","15.38","15.46","15.35","15.45","2600","14.92","false"
"PFA","2010-02-18","15.19","15.58","15.19","15.58","35600","15.05","false"
"PFA","2010-02-17","15.39","15.39","15.21","15.33","3000","14.81","false"
"PFA","2010-02-16","14.96","15.30","14.96","15.21","66900","14.69","false"
"PFA","2010-02-12","15.01","15.06","14.85","14.96","14500","14.45","false"
"PFA","2010-02-11","14.98","15.33","14.90","15.29","37100","14.77","false"
"PFA","2010-02-10","15.20","15.20","14.97","15.07","13100","14.56","false"
"PFA","2010-02-09","14.93","15.26","14.84","15.05","87600","14.54","false"
"PFA","2010-02-08","14.65","14.91","14.55","14.55","97600","14.05","false"
"PFA","2010-02-05","14.94","15.00","14.54","14.86","89600","14.35","false"
"PFA","2010-02-04","15.53","15.54","15.15","15.15","17500","14.63","false"
"PFA","2010-02-03","16.02","16.02","15.74","15.89","7100","15.35","false"
"PFA","2010-02-02","15.96","16.12","15.75","16.05","22800","15.50","false"
"PFA","2010-02-01","15.53","15.83","15.53","15.65","27100","15.12","false"
"PFA","2010-01-29","15.57","15.70","15.39","15.43","24600","14.90","false"
"PFA","2010-01-28","15.74","15.75","15.53","15.55","15900","15.02","false"
"PFA","2010-01-27","15.66","15.82","15.43","15.74","29100","15.20","false"
"PFA","2010-01-26","15.64","15.85","15.62","15.65","24100","15.12","false"
"PFA","2010-01-25","15.86","16.07","15.85","15.90","17100","15.36","false"
"PFA","2010-01-22","15.81","15.99","15.39","15.51","34800","14.98","false"
"PFA","2010-01-21","16.09","16.29","15.93","16.05","46400","15.50","false"
"PFA","2010-01-20","16.52","16.52","16.23","16.33","10300","15.77","false"
"PFA","2010-01-19","16.48","16.86","16.48","16.73","6800","16.16","false"
"PFA","2010-01-15","16.84","16.85","16.58","16.65","10000","16.08","false"
"PFA","2010-01-14","16.83","16.95","16.75","16.86","8900","16.28","false"
"PFA","2010-01-13","16.79","16.86","16.58","16.73","28600","16.16","false"
"PFA","2010-01-12","16.71","17.19","16.52","16.57","20000","16.00","false"
"PFA","2010-01-11","16.82","17.01","16.78","16.91","24900","16.33","false"
"PFA","2010-01-08","16.46","16.81","16.46","16.70","18700","16.13","false"
"PFA","2010-01-07","16.73","16.73","16.49","16.65","7000","16.08","false"
"PFA","2010-01-06","16.44","16.73","16.44","16.58","12500","16.01","false"
"PFA","2010-01-05","16.47","16.67","16.42","16.58","10900","16.01","false"
"PFA","2010-01-04","16.10","16.51","16.10","16.36","25100","15.80","false"
"PFA","2011-06-24","18.39","18.42","18.24","18.25","2300","18.25","false"
"PFA","2011-06-23","18.16","18.25","18.16","18.18","1600","18.18","false"
"PFA","2011-06-22","18.70","18.70","18.62","18.62","5000","18.62","false"
"PFA","2011-06-21","18.51","18.69","18.51","18.65","1600","18.65","false"
"PFA","2011-06-20","18.22","18.28","18.19","18.25","5000","18.25","false"
"PFA","2011-06-17","18.35","18.38","18.31","18.31","1500","18.31","false"
"PFA","2011-06-16","18.12","18.28","18.12","18.15","2300","18.12","false"
"PFA","2011-06-15","18.51","18.51","18.21","18.21","3000","18.18","false"
"PFA","2011-06-14","18.71","18.84","18.71","18.81","2000","18.78","false"
"PFA","2011-06-13","18.60","18.64","18.49","18.49","7800","18.46","false"
"PFA","2011-06-10","18.77","18.77","18.53","18.55","1900","18.52","false"
"PFA","2011-06-09","18.70","18.98","18.69","18.98","12500","18.95","false"
"PFA","2011-06-08","18.80","18.81","18.71","18.73","3800","18.70","false"
"PFA","2011-06-07","18.91","18.99","18.89","18.99","2300","18.96","false"
"PFA","2011-06-06","18.72","18.77","18.64","18.64","15800","18.61","false"
"PFA","2011-06-03","18.86","18.92","18.86","18.91","1400","18.88","false"
"PFA","2011-06-02","18.87","18.95","18.87","18.88","3200","18.85","false"
"PFA","2011-06-01","19.05","19.05","18.84","18.84","5900","18.81","false"
"PFA","2011-05-31","19.13","19.17","19.06","19.16","2800","19.13","false"
"PFA","2011-05-27","18.89","18.91","18.89","18.91","4100","18.88","false"
"PFA","2011-05-26","18.55","18.67","18.53","18.64","2300","18.61","false"
"PFA","2011-05-25","18.38","18.54","18.31","18.53","3600","18.50","false"
"PFA","2011-05-24","18.42","18.50","18.37","18.37","9000","18.34","false"
"PFA","2011-05-23","18.38","18.38","18.21","18.34","10300","18.31","false"
"PFA","2011-05-20","18.69","18.84","18.69","18.71","25000","18.68","false"
"PFA","2011-05-19","18.89","18.96","18.79","18.92","12800","18.89","false"
"PFA","2011-05-18","18.80","18.87","18.80","18.87","7600","18.84","false"
"PFA","2011-05-17","18.69","18.76","18.52","18.76","4600","18.73","false"
"PFA","2011-05-16","18.63","18.91","18.58","18.69","204000","18.66","false"
"PFA","2011-05-13","18.91","18.91","18.74","18.76","2200","18.73","false"
"PFA","2011-05-12","19.06","19.11","19.06","19.11","1500","19.08","false"
"PFA","2011-05-11","19.27","19.27","19.00","19.08","6800","19.05","false"
"PFA","2011-05-10","19.19","19.36","19.19","19.33","9200","19.30","false"
"PFA","2011-05-09","18.97","19.13","18.97","19.13","6400","19.10","false"
"PFA","2011-05-06","19.22","19.22","18.91","18.91","1200","18.88","false"
"PFA","2011-05-05","19.22","19.22","19.08","19.19","2000","19.16","false"
"PFA","2011-05-04","19.48","19.48","19.30","19.32","6300","19.29","false"
"PFA","2011-05-03","19.66","19.66","19.37","19.37","6200","19.34","false"
"PFA","2011-05-02","19.78","19.79","19.71","19.71","1600","19.68","false"
"PFA","2011-04-29","19.55","19.65","19.55","19.58","800","19.55","false"
"PFA","2011-04-28","19.41","19.48","19.41","19.48","2300","19.45","false"
"PFA","2011-04-27","19.12","19.33","19.12","19.33","6000","19.30","false"
"PFA","2011-04-26","19.02","19.12","18.99","19.12","4500","19.09","false"
"PFA","2011-04-25","18.94","19.00","18.94","19.00","1200","18.97","false"
"PFA","2011-04-21","18.91","18.99","18.91","18.93","3000","18.90","false"
"PFA","2011-04-20","18.69","18.87","18.69","18.86","3000","18.83","false"
"PFA","2011-04-19","18.39","18.49","18.27","18.37","9000","18.34","false"
"PFA","2011-04-18","18.16","18.30","18.16","18.24","5100","18.21","false"
"PFA","2011-04-15","18.62","18.62","18.55","18.56","3100","18.53","false"
"PFA","2011-04-14","18.53","18.62","18.53","18.57","2100","18.54","false"
"PFA","2011-04-13","18.51","18.55","18.36","18.44","9400","18.41","false"
"PFA","2011-04-12","18.36","18.47","18.34","18.46","8900","18.43","false"
"PFA","2011-04-11","18.75","18.75","18.47","18.47","21200","18.44","false"
"PFA","2011-04-08","18.68","18.70","18.61","18.63","13500","18.60","false"
"PFA","2011-04-07","18.36","18.39","18.27","18.29","14300","18.26","false"
"PFA","2011-04-06","18.59","18.59","18.50","18.50","1600","18.47","false"
"PFA","2011-04-05","18.47","18.54","18.43","18.45","4700","18.42","false"
"PFA","2011-04-04","18.61","18.73","18.57","18.61","3400","18.58","false"
"PFA","2011-04-01","18.60","18.74","18.45","18.64","5700","18.61","false"
"PFA","2011-03-31","18.48","18.66","18.48","18.50","8800","18.47","false"
"PFA","2011-03-30","18.57","18.70","18.55","18.61","4800","18.58","false"
"PFA","2011-03-29","18.25","18.44","18.17","18.33","5600","18.30","false"
"PFA","2011-03-28","18.40","18.40","18.27","18.27","15700","18.24","false"
"PFA","2011-03-25","18.27","18.43","18.21","18.21","5200","18.18","false"
"PFA","2011-03-24","18.31","18.51","18.31","18.46","2800","18.43","false"
"PFA","2011-03-23","18.29","18.34","18.20","18.27","3100","18.24","false"
"PFA","2011-03-22","18.33","18.34","18.24","18.28","8500","18.25","false"
"PFA","2011-03-21","18.16","18.50","18.16","18.50","9200","18.47","false"
"PFA","2011-03-18","17.88","17.92","17.78","17.90","18400","17.87","false"
"PFA","2011-03-17","17.56","17.62","17.47","17.58","16700","17.55","false"
"PFA","2011-03-16","17.33","17.41","16.81","16.92","14000","16.90","false"
"PFA","2011-03-15","16.84","17.54","16.82","17.41","21900","17.39","false"
"PFA","2011-03-14","17.71","17.98","17.58","17.79","55200","17.76","false"
"PFA","2011-03-11","18.17","18.30","18.09","18.27","23400","18.24","false"
"PFA","2011-03-10","18.56","18.56","18.31","18.45","10000","18.42","false"
"PFA","2011-03-09","18.86","18.86","18.74","18.80","10900","18.77","false"
"PFA","2011-03-08","18.73","18.79","18.69","18.69","15400","18.66","false"
"PFA","2011-03-07","18.62","18.70","18.61","18.67","5200","18.64","false"
"PFA","2011-03-04","18.89","18.91","18.69","18.78","31900","18.75","false"
"PFA","2011-03-03","18.88","19.06","18.87","18.95","13400","18.92","false"
"PFA","2011-03-02","18.79","18.84","18.75","18.82","2000","18.79","false"
"PFA","2011-03-01","19.03","19.03","18.71","18.76","9800","18.73","false"
"PFA","2011-02-28","19.01","19.20","18.85","18.89","22600","18.86","false"
"PFA","2011-02-25","18.75","18.75","18.65","18.75","3200","18.72","false"
"PFA","2011-02-24","18.43","18.54","18.37","18.54","5700","18.51","false"
"PFA","2011-02-23","18.48","18.48","18.36","18.44","1100","18.41","false"
"PFA","2011-02-22","18.76","18.84","18.44","18.44","28500","18.41","false"
"PFA","2011-02-18","19.15","19.25","19.07","19.17","9200","19.14","false"
"PFA","2011-02-17","19.08","19.16","19.01","19.16","4700","19.13","false"
"PFA","2011-02-16","18.98","19.02","18.89","19.00","13400","18.97","false"
"PFA","2011-02-15","18.83","18.87","18.80","18.80","4600","18.77","false"
"PFA","2011-02-14","18.86","18.87","18.73","18.81","4700","18.78","false"
"PFA","2011-02-11","18.74","18.78","18.71","18.73","5600","18.70","false"
"PFA","2011-02-10","18.83","18.83","18.63","18.69","20900","18.66","false"
"PFA","2011-02-09","19.04","19.10","18.82","18.89","4400","18.86","false"
"PFA","2011-02-08","18.89","19.08","18.89","19.01","11400","18.98","false"
"PFA","2011-02-07","18.67","18.82","18.66","18.79","5900","18.76","false"
"PFA","2011-02-04","18.66","18.71","18.66","18.71","2400","18.68","false"
"PFA","2011-02-03","18.68","18.70","18.60","18.69","3800","18.66","false"
"PFA","2011-02-02","18.69","18.84","18.69","18.72","7800","18.69","false"
"PFA","2011-02-01","18.65","18.83","18.65","18.77","2900","18.74","false"
"PFA","2011-01-31","18.49","18.49","17.33","18.44","17200","18.41","false"
"PFA","2011-01-28","18.56","18.56","18.19","18.25","2400","18.22","false"
"PFA","2011-01-27","18.55","18.58","18.46","18.56","6100","18.53","false"
"PFA","2011-01-26","18.45","18.48","18.39","18.42","5200","18.39","false"
"PFA","2011-01-25","18.32","18.32","18.15","18.27","900","18.24","false"
"PFA","2011-01-24","18.07","18.30","18.07","18.23","3800","18.20","false"
"PFA","2011-01-21","18.08","18.08","18.08","18.08","600","18.05","false"
"PFA","2011-01-20","18.09","18.13","17.99","18.08","6800","18.05","false"
"PFA","2011-01-19","18.34","18.34","18.18","18.18","6500","18.15","false"
"PFA","2011-01-18","18.25","18.31","18.25","18.28","5700","18.25","false"
"PFA","2011-01-14","18.09","18.17","18.05","18.17","3700","18.14","false"
"PFA","2011-01-13","18.18","18.18","18.04","18.04","10300","18.01","false"
"PFA","2011-01-12","17.89","18.00","17.81","17.95","13300","17.92","false"
"PFA","2011-01-11","17.71","17.71","17.58","17.68","20600","17.65","false"
"PFA","2011-01-10","17.36","17.43","17.28","17.43","5400","17.41","false"
"PFA","2011-01-07","17.53","17.53","17.44","17.49","10400","17.46","false"
"PFA","2011-01-06","17.79","17.79","17.52","17.53","12300","17.50","false"
"PFA","2011-01-05","17.55","17.69","17.55","17.69","6300","17.66","false"
"PFA","2011-01-04","17.83","17.83","17.67","17.70","7500","17.67","false"
"PFA","2011-01-03","17.67","17.73","17.61","17.66","6800","17.63","false"
