"PTH","2006-12-29","26.02","26.05","25.92","25.92","2500","25.82","false"
"PTH","2006-12-28","26.02","26.02","26.02","26.02","100","25.92","false"
"PTH","2006-12-27","26.07","26.09","26.05","26.08","5400","25.98","false"
"PTH","2006-12-26","25.84","25.97","25.84","25.97","1400","25.87","false"
"PTH","2006-12-22","25.85","25.96","25.85","25.89","3000","25.79","false"
"PTH","2006-12-21","25.97","25.97","25.97","25.97","400","25.87","false"
"PTH","2006-12-20","26.04","26.04","25.98","26.02","600","25.92","false"
"PTH","2006-12-19","25.80","25.89","25.80","25.89","2800","25.79","false"
"PTH","2006-12-18","25.98","25.99","25.84","25.85","1100","25.75","false"
"PTH","2006-12-15","25.94","25.94","25.91","25.91","4000","25.81","false"
"PTH","2006-12-14","25.84","25.93","25.84","25.86","12200","25.76","false"
"PTH","2006-12-13","25.86","25.86","25.81","25.81","2000","25.71","false"
"PTH","2006-12-12","25.80","25.80","25.80","25.80","100","25.70","false"
"PTH","2006-12-11","25.86","25.86","25.81","25.86","600","25.76","false"
"PTH","2006-12-08","25.83","25.84","25.80","25.84","800","25.74","false"
"PTH","2006-12-07","25.81","25.84","25.79","25.79","1200","25.69","false"
"PTH","2006-12-06","25.70","25.83","25.70","25.83","2800","25.73","false"
"PTH","2006-12-05","25.62","25.74","25.62","25.74","1300","25.64","false"
"PTH","2006-12-04","25.55","25.66","25.55","25.66","3100","25.56","false"
"PTH","2006-12-01","25.25","25.40","25.24","25.40","122400","25.30","false"
"PTH","2006-11-30","25.13","25.13","25.13","25.13","0","25.03","false"
"PTH","2006-11-29","25.10","25.19","25.03","25.13","2300","25.03","false"
"PTH","2006-11-28","24.98","25.05","24.91","25.01","4600","24.91","false"
"PTH","2006-11-27","25.02","25.02","24.96","24.96","700","24.87","false"
"PTH","2006-11-24","25.30","25.34","25.30","25.34","400","25.24","false"
"PTH","2006-11-22","25.35","25.41","25.29","25.40","3800","25.30","false"
"PTH","2006-11-21","25.41","25.41","25.32","25.32","900","25.22","false"
"PTH","2006-11-20","25.52","25.56","25.39","25.39","1300","25.29","false"
"PTH","2006-11-17","25.43","25.47","25.40","25.47","1400","25.37","false"
"PTH","2006-11-16","25.58","25.58","25.50","25.56","2800","25.46","false"
"PTH","2006-11-15","25.52","25.52","25.51","25.51","400","25.41","false"
"PTH","2006-11-14","25.10","25.24","25.07","25.24","14900","25.14","false"
"PTH","2006-11-13","25.15","25.15","25.15","25.15","1000","25.05","false"
"PTH","2006-11-10","24.94","25.02","24.94","25.02","20600","24.92","false"
"PTH","2006-11-09","25.27","25.27","24.89","24.89","200","24.80","false"
"PTH","2006-11-08","25.34","25.36","25.18","25.30","32600","25.20","false"
"PTH","2006-11-07","25.48","25.59","25.48","25.56","91100","25.46","false"
"PTH","2006-11-06","25.30","25.30","25.30","25.30","300","25.20","false"
"PTH","2006-11-03","25.00","25.00","24.86","24.86","1200","24.77","false"
"PTH","2006-11-02","24.87","24.94","24.87","24.94","10400","24.85","false"
"PTH","2006-11-01","25.23","25.23","24.71","24.71","17600","24.62","false"
"PTH","2006-10-31","25.30","25.30","25.05","25.05","4800","24.95","false"
"PTH","2006-10-30","25.25","25.25","25.10","25.18","1600","25.08","false"
"PTH","2006-10-27","25.14","25.42","25.14","25.42","25200","25.32","false"
"PTH","2006-10-26","25.20","25.25","25.16","25.25","4100","25.15","false"
"PTH","2006-10-25","25.02","25.02","24.94","24.94","11700","24.85","false"
"PTH","2006-10-24","25.20","25.26","25.09","25.11","5300","25.01","false"
"PTH","2006-10-23","25.16","25.32","25.16","25.24","12600","25.14","false"
"PTH","2006-10-20","25.19","25.24","25.15","25.22","2400","25.12","false"
"PTH","2006-10-19","25.18","25.18","25.10","25.10","2000","25.00","false"
"PTH","2006-10-18","25.20","25.20","25.00","25.07","43300","24.97","false"
"PTH","2006-10-17","24.92","24.95","24.87","24.95","3300","24.86","false"
"PTH","2006-10-16","25.10","25.10","25.07","25.07","1900","24.97","false"
"PTH","2006-10-13","25.03","25.03","24.92","24.98","3600","24.88","false"
"PTH","2006-10-12","24.91","24.92","24.87","24.89","8500","24.80","false"
"PTH","2007-12-31","30.13","30.32","30.02","30.07","12700","29.96","false"
"PTH","2007-12-28","30.32","30.49","30.20","30.32","31800","30.20","false"
"PTH","2007-12-27","30.83","30.83","30.32","30.32","18700","30.20","false"
"PTH","2007-12-26","30.61","30.75","30.54","30.71","25000","30.59","false"
"PTH","2007-12-24","30.51","30.67","30.51","30.64","23900","30.52","false"
"PTH","2007-12-21","29.78","30.57","29.78","30.56","9700","30.44","false"
"PTH","2007-12-20","29.87","30.04","29.79","29.99","6000","29.88","false"
"PTH","2007-12-19","29.77","29.86","29.56","29.72","13000","29.61","false"
"PTH","2007-12-18","29.59","29.71","29.39","29.61","6500","29.50","false"
"PTH","2007-12-17","29.62","29.79","29.44","29.44","20300","29.33","false"
"PTH","2007-12-14","29.86","30.15","29.86","29.86","6400","29.75","false"
"PTH","2007-12-13","29.91","30.15","29.81","30.10","12700","29.99","false"
"PTH","2007-12-12","30.99","30.99","29.67","29.95","11700","29.84","false"
"PTH","2007-12-11","30.35","30.38","29.88","29.93","18000","29.82","false"
"PTH","2007-12-10","30.19","30.33","30.17","30.31","25100","30.19","false"
"PTH","2007-12-07","30.25","30.25","30.09","30.19","44900","30.08","false"
"PTH","2007-12-06","29.84","30.19","29.84","30.09","17700","29.98","false"
"PTH","2007-12-05","29.40","29.81","29.40","29.75","10200","29.64","false"
"PTH","2007-12-04","29.37","29.62","29.37","29.44","10800","29.33","false"
"PTH","2007-12-03","29.58","29.68","29.46","29.50","9300","29.39","false"
"PTH","2007-11-30","29.75","29.80","29.61","29.63","6000","29.52","false"
"PTH","2007-11-29","29.40","29.70","29.40","29.62","9800","29.51","false"
"PTH","2007-11-28","29.35","29.56","29.26","29.56","12900","29.45","false"
"PTH","2007-11-27","29.18","29.18","28.77","28.99","10800","28.88","false"
"PTH","2007-11-26","29.31","29.31","28.66","28.66","6500","28.55","false"
"PTH","2007-11-23","28.65","28.93","28.65","28.87","4400","28.76","false"
"PTH","2007-11-21","29.01","29.01","28.58","28.58","10200","28.47","false"
"PTH","2007-11-20","29.49","29.49","28.89","29.10","19600","28.99","false"
"PTH","2007-11-19","29.18","29.24","29.05","29.19","17400","29.08","false"
"PTH","2007-11-16","29.26","29.34","29.12","29.28","9300","29.17","false"
"PTH","2007-11-15","29.28","29.40","29.19","29.19","12600","29.08","false"
"PTH","2007-11-14","29.60","29.60","29.26","29.27","9200","29.16","false"
"PTH","2007-11-13","29.27","29.38","29.05","29.35","16300","29.24","false"
"PTH","2007-11-12","29.12","29.38","29.12","29.16","2200","29.05","false"
"PTH","2007-11-09","29.17","29.35","29.12","29.17","8300","29.06","false"
"PTH","2007-11-08","29.32","29.46","29.02","29.40","5800","29.29","false"
"PTH","2007-11-07","29.49","29.56","29.16","29.19","24700","29.08","false"
"PTH","2007-11-06","31.04","31.04","29.32","29.68","10300","29.57","false"
"PTH","2007-11-05","29.27","29.46","29.23","29.36","16400","29.25","false"
"PTH","2007-11-02","29.38","29.42","29.20","29.36","8900","29.25","false"
"PTH","2007-11-01","29.65","29.73","29.39","29.41","17800","29.30","false"
"PTH","2007-10-31","29.58","29.74","29.49","29.74","7700","29.63","false"
"PTH","2007-10-30","29.33","29.42","29.25","29.36","36800","29.25","false"
"PTH","2007-10-29","29.35","29.39","29.22","29.26","11100","29.15","false"
"PTH","2007-10-26","29.50","29.50","29.14","29.22","16000","29.11","false"
"PTH","2007-10-25","29.00","29.48","28.94","29.48","121800","29.37","false"
"PTH","2007-10-24","29.66","29.66","29.22","29.46","6100","29.35","false"
"PTH","2007-10-23","29.76","29.77","29.48","29.77","17300","29.66","false"
"PTH","2007-10-22","29.07","29.42","29.07","29.39","16000","29.28","false"
"PTH","2007-10-19","29.67","29.71","29.37","29.45","10400","29.34","false"
"PTH","2007-10-18","29.94","30.06","29.88","29.88","6600","29.77","false"
"PTH","2007-10-17","29.76","29.87","29.63","29.71","4200","29.60","false"
"PTH","2007-10-16","29.67","29.67","29.55","29.55","7400","29.44","false"
"PTH","2007-10-15","29.95","29.95","29.53","29.69","4300","29.58","false"
"PTH","2007-10-12","29.87","30.06","29.87","29.92","13900","29.81","false"
"PTH","2007-10-11","30.30","30.30","29.78","29.92","9400","29.81","false"
"PTH","2007-10-10","30.11","30.22","30.10","30.20","5300","30.09","false"
"PTH","2007-10-09","30.01","30.15","29.98","30.14","8800","30.03","false"
"PTH","2007-10-08","29.91","30.56","29.77","29.98","8400","29.87","false"
"PTH","2007-10-05","29.77","30.03","29.77","29.91","8900","29.80","false"
"PTH","2007-10-04","29.70","29.74","29.63","29.64","12600","29.53","false"
"PTH","2007-10-03","29.64","29.66","29.58","29.66","3100","29.55","false"
"PTH","2007-10-02","29.69","29.69","29.58","29.67","3000","29.56","false"
"PTH","2007-10-01","29.61","29.68","29.55","29.65","17900","29.54","false"
"PTH","2007-09-28","29.51","29.51","29.31","29.37","11200","29.26","false"
"PTH","2007-09-27","29.45","29.53","29.39","29.53","9800","29.42","false"
"PTH","2007-09-26","29.26","29.43","29.26","29.41","14400","29.30","false"
"PTH","2007-09-25","29.05","29.22","29.05","29.17","12700","29.06","false"
"PTH","2007-09-24","29.20","29.29","29.11","29.15","11900","29.04","false"
"PTH","2007-09-21","29.35","29.37","29.20","29.20","9200","29.09","false"
"PTH","2007-09-20","29.28","29.35","29.15","29.17","7900","29.06","false"
"PTH","2007-09-19","29.31","29.46","29.24","29.29","9500","29.18","false"
"PTH","2007-09-18","28.76","29.18","28.70","29.09","154100","28.98","false"
"PTH","2007-09-17","28.72","28.72","28.49","28.61","6100","28.50","false"
"PTH","2007-09-14","28.69","28.77","28.62","28.74","12800","28.63","false"
"PTH","2007-09-13","28.90","29.00","28.81","28.86","15400","28.75","false"
"PTH","2007-09-12","28.85","29.01","28.79","28.86","107800","28.75","false"
"PTH","2007-09-11","28.71","28.86","28.64","28.86","10600","28.75","false"
"PTH","2007-09-10","28.58","28.62","28.33","28.48","18700","28.37","false"
"PTH","2007-09-07","28.68","28.68","28.49","28.53","6100","28.42","false"
"PTH","2007-09-06","28.63","28.81","28.59","28.81","6600","28.70","false"
"PTH","2007-09-05","28.71","28.73","28.59","28.60","9500","28.49","false"
"PTH","2007-09-04","28.65","28.90","28.65","28.84","14500","28.73","false"
"PTH","2007-08-31","28.52","28.69","28.48","28.64","8100","28.53","false"
"PTH","2007-08-30","28.41","28.60","28.41","28.46","22000","28.35","false"
"PTH","2007-08-29","28.20","28.51","28.14","28.51","9100","28.40","false"
"PTH","2007-08-28","28.46","28.46","28.09","28.12","41500","28.01","false"
"PTH","2007-08-27","28.71","28.72","28.58","28.60","4200","28.49","false"
"PTH","2007-08-24","28.51","28.81","28.51","28.80","19700","28.69","false"
"PTH","2007-08-23","28.82","28.82","28.42","28.48","47700","28.37","false"
"PTH","2007-08-22","28.48","28.59","28.38","28.55","26600","28.44","false"
"PTH","2007-08-21","28.25","28.36","28.14","28.27","10900","28.16","false"
"PTH","2007-08-20","28.21","28.34","28.11","28.28","32300","28.17","false"
"PTH","2007-08-17","28.50","28.52","27.94","28.16","557800","28.05","false"
"PTH","2007-08-16","27.85","27.85","27.41","27.74","35000","27.63","false"
"PTH","2007-08-15","28.01","28.23","27.78","27.78","11200","27.67","false"
"PTH","2007-08-14","28.39","28.40","28.05","28.05","12400","27.94","false"
"PTH","2007-08-13","28.34","28.50","28.24","28.28","14400","28.17","false"
"PTH","2007-08-10","27.35","28.22","27.17","28.08","15000","27.97","false"
"PTH","2007-08-09","28.10","28.10","27.55","27.55","21800","27.45","false"
"PTH","2007-08-08","28.61","28.63","28.16","28.44","40600","28.33","false"
"PTH","2007-08-07","28.56","28.75","28.40","28.56","11200","28.45","false"
"PTH","2007-08-06","28.17","28.61","28.08","28.61","24300","28.50","false"
"PTH","2007-08-03","28.43","28.54","28.01","28.02","6200","27.91","false"
"PTH","2007-08-02","28.43","28.53","28.39","28.51","5200","28.40","false"
"PTH","2007-08-01","28.18","28.45","27.86","28.21","27400","28.10","false"
"PTH","2007-07-31","28.35","28.46","27.95","27.95","19100","27.84","false"
"PTH","2007-07-30","27.96","28.29","27.93","28.25","7400","28.14","false"
"PTH","2007-07-27","28.29","28.42","27.82","27.82","11200","27.71","false"
"PTH","2007-07-26","28.53","28.70","28.28","28.38","23600","28.27","false"
"PTH","2007-07-25","29.00","29.00","28.76","28.89","21500","28.78","false"
"PTH","2007-07-24","29.10","29.33","28.78","28.79","12300","28.68","false"
"PTH","2007-07-23","29.11","29.32","29.08","29.17","7500","29.06","false"
"PTH","2007-07-20","29.21","29.21","28.94","29.07","6400","28.96","false"
"PTH","2007-07-19","29.19","29.28","29.15","29.19","18300","29.08","false"
"PTH","2007-07-18","29.23","29.25","29.06","29.25","10500","29.14","false"
"PTH","2007-07-17","29.35","29.45","29.30","29.30","13900","29.19","false"
"PTH","2007-07-16","29.35","29.42","29.29","29.35","4600","29.24","false"
"PTH","2007-07-13","29.36","29.44","29.27","29.42","25200","29.31","false"
"PTH","2007-07-12","29.16","29.45","29.16","29.45","23000","29.34","false"
"PTH","2007-07-11","28.96","29.04","28.84","29.04","18200","28.93","false"
"PTH","2007-07-10","29.11","29.13","28.86","28.86","27700","28.75","false"
"PTH","2007-07-09","29.27","29.31","29.13","29.26","10700","29.15","false"
"PTH","2007-07-06","29.09","29.37","29.09","29.28","3300","29.17","false"
"PTH","2007-07-05","29.15","29.20","29.03","29.20","13900","29.09","false"
"PTH","2007-07-03","29.08","29.16","29.07","29.14","6400","29.03","false"
"PTH","2007-07-02","28.80","28.99","28.80","28.99","4200","28.88","false"
"PTH","2007-06-29","28.93","29.00","28.66","28.66","7600","28.55","false"
"PTH","2007-06-28","28.79","28.93","28.79","28.85","7700","28.74","false"
"PTH","2007-06-27","28.36","28.78","28.36","28.78","15800","28.67","false"
"PTH","2007-06-26","28.44","28.54","28.32","28.35","12000","28.24","false"
"PTH","2007-06-25","28.41","28.61","28.20","28.21","13700","28.10","false"
"PTH","2007-06-22","28.66","28.66","28.34","28.38","22600","28.27","false"
"PTH","2007-06-21","28.85","28.85","28.42","28.70","16700","28.59","false"
"PTH","2007-06-20","28.87","29.74","28.71","29.74","5200","29.63","false"
"PTH","2007-06-19","28.72","28.90","28.72","28.90","13200","28.79","false"
"PTH","2007-06-18","28.91","28.97","28.82","28.83","6300","28.72","false"
"PTH","2007-06-15","28.98","29.04","28.93","28.95","4200","28.84","false"
"PTH","2007-06-14","28.70","28.83","28.62","28.62","9200","28.51","false"
"PTH","2007-06-13","28.58","28.71","28.48","28.63","6000","28.52","false"
"PTH","2007-06-12","28.69","28.77","28.58","28.63","16800","28.52","false"
"PTH","2007-06-11","28.73","28.79","28.60","28.71","16600","28.60","false"
"PTH","2007-06-08","28.41","28.70","28.40","28.68","16900","28.57","false"
"PTH","2007-06-07","28.85","28.88","28.55","28.58","19800","28.47","false"
"PTH","2007-06-06","29.09","29.09","28.90","28.94","8200","28.83","false"
"PTH","2007-06-05","29.35","29.35","29.14","29.18","4000","29.07","false"
"PTH","2007-06-04","29.37","29.40","29.35","29.36","7600","29.25","false"
"PTH","2007-06-01","29.39","29.40","29.30","29.38","4400","29.27","false"
"PTH","2007-05-31","29.35","29.35","29.20","29.31","7500","29.20","false"
"PTH","2007-05-30","29.18","29.25","29.11","29.22","3000","29.11","false"
"PTH","2007-05-29","29.29","29.35","29.23","29.27","6400","29.16","false"
"PTH","2007-05-25","29.17","29.26","29.17","29.25","3900","29.14","false"
"PTH","2007-05-24","29.35","29.42","29.09","29.12","14100","29.01","false"
"PTH","2007-05-23","29.51","29.54","29.31","29.35","13000","29.24","false"
"PTH","2007-05-22","29.25","29.44","29.19","29.34","20400","29.23","false"
"PTH","2007-05-21","29.11","29.28","29.09","29.24","42500","29.13","false"
"PTH","2007-05-18","28.85","29.03","28.80","28.96","27600","28.85","false"
"PTH","2007-05-17","28.99","28.99","28.86","28.89","11600","28.78","false"
"PTH","2007-05-16","28.98","29.07","28.88","29.04","85500","28.93","false"
"PTH","2007-05-15","29.03","29.10","28.82","28.85","7000","28.74","false"
"PTH","2007-05-14","29.11","29.12","28.94","28.98","8500","28.87","false"
"PTH","2007-05-11","28.89","29.08","28.88","29.08","10500","28.97","false"
"PTH","2007-05-10","29.09","29.20","28.92","28.92","24800","28.81","false"
"PTH","2007-05-09","29.17","29.30","29.14","29.19","3700","29.08","false"
"PTH","2007-05-08","29.11","29.23","29.00","29.20","23600","29.09","false"
"PTH","2007-05-07","29.30","29.30","29.15","29.19","13400","29.08","false"
"PTH","2007-05-04","29.10","29.18","29.07","29.18","12400","29.07","false"
"PTH","2007-05-03","29.07","29.20","29.07","29.10","20000","28.99","false"
"PTH","2007-05-02","28.82","29.11","28.79","29.06","8500","28.95","false"
"PTH","2007-05-01","28.60","28.75","28.52","28.71","25800","28.60","false"
"PTH","2007-04-30","28.87","28.87","28.62","28.62","32700","28.51","false"
"PTH","2007-04-27","28.95","28.99","28.90","28.97","8800","28.86","false"
"PTH","2007-04-26","29.20","29.21","28.90","29.05","49700","28.94","false"
"PTH","2007-04-25","28.97","29.10","28.88","29.09","26100","28.98","false"
"PTH","2007-04-24","29.01","29.13","28.93","29.05","27700","28.94","false"
"PTH","2007-04-23","29.12","29.12","29.00","29.04","18000","28.93","false"
"PTH","2007-04-20","29.09","29.16","29.00","29.16","36300","29.05","false"
"PTH","2007-04-19","28.88","29.00","28.77","28.91","12700","28.80","false"
"PTH","2007-04-18","29.02","29.09","28.94","29.03","13600","28.92","false"
"PTH","2007-04-17","29.21","29.21","29.10","29.12","47700","29.01","false"
"PTH","2007-04-16","29.01","29.10","28.97","29.09","48200","28.98","false"
"PTH","2007-04-13","28.80","28.83","28.64","28.83","47300","28.72","false"
"PTH","2007-04-12","28.41","28.61","28.37","28.61","40500","28.50","false"
"PTH","2007-04-11","28.66","28.66","28.30","28.42","171800","28.31","false"
"PTH","2007-04-10","28.48","28.59","28.48","28.56","1235600","28.45","false"
"PTH","2007-04-09","28.43","28.43","28.35","28.40","7100","28.29","false"
"PTH","2007-04-05","28.19","28.41","28.19","28.41","5800","28.30","false"
"PTH","2007-04-04","28.16","28.20","28.10","28.17","3500","28.06","false"
"PTH","2007-04-03","28.06","28.37","28.06","28.15","16700","28.04","false"
"PTH","2007-04-02","27.62","27.74","27.62","27.73","8900","27.62","false"
"PTH","2007-03-30","27.63","27.63","27.45","27.59","18300","27.48","false"
"PTH","2007-03-29","27.52","27.54","27.36","27.38","5100","27.28","false"
"PTH","2007-03-28","27.56","27.58","27.41","27.48","6200","27.38","false"
"PTH","2007-03-27","27.68","27.70","27.57","27.68","4200","27.57","false"
"PTH","2007-03-26","27.81","27.81","27.73","27.80","2000","27.69","false"
"PTH","2007-03-23","27.61","27.64","27.58","27.63","2800","27.52","false"
"PTH","2007-03-22","27.54","27.59","27.48","27.58","7500","27.48","false"
"PTH","2007-03-21","27.09","27.48","27.09","27.48","2900","27.38","false"
"PTH","2007-03-20","27.09","27.15","27.09","27.15","1400","27.05","false"
"PTH","2007-03-19","26.95","27.21","26.95","27.21","5700","27.11","false"
"PTH","2007-03-16","26.79","26.91","26.76","26.81","5500","26.71","false"
"PTH","2007-03-15","26.71","26.82","26.65","26.70","7600","26.60","false"
"PTH","2007-03-14","26.60","26.62","26.37","26.56","2400","26.46","false"
"PTH","2007-03-13","26.94","26.94","26.53","26.61","5000","26.51","false"
"PTH","2007-03-12","26.95","27.05","26.90","27.05","3700","26.95","false"
"PTH","2007-03-09","26.98","26.98","26.81","26.88","3500","26.78","false"
"PTH","2007-03-08","26.97","26.97","26.77","26.80","17800","26.70","false"
"PTH","2007-03-07","26.68","26.71","26.64","26.65","5000","26.55","false"
"PTH","2007-03-06","26.67","26.78","26.55","26.76","4000","26.66","false"
"PTH","2007-03-05","26.48","26.63","26.44","26.44","13400","26.34","false"
"PTH","2007-03-02","27.02","27.04","26.74","26.74","19500","26.64","false"
"PTH","2007-03-01","26.57","27.22","26.57","27.14","8400","27.04","false"
"PTH","2007-02-28","26.97","27.27","26.97","27.20","17600","27.10","false"
"PTH","2007-02-27","27.53","27.61","27.03","27.12","35000","27.02","false"
"PTH","2007-02-26","28.01","28.01","27.89","27.95","6000","27.84","false"
"PTH","2007-02-23","28.03","28.09","27.96","28.09","9700","27.98","false"
"PTH","2007-02-22","28.25","28.25","28.11","28.20","11000","28.09","false"
"PTH","2007-02-21","28.22","28.22","28.10","28.18","33600","28.07","false"
"PTH","2007-02-20","28.13","28.26","28.02","28.25","7800","28.14","false"
"PTH","2007-02-16","28.07","28.12","28.02","28.12","11200","28.01","false"
"PTH","2007-02-15","27.88","28.10","27.88","28.09","29000","27.98","false"
"PTH","2007-02-14","27.75","27.81","27.68","27.75","9600","27.64","false"
"PTH","2007-02-13","27.70","27.70","27.59","27.68","21600","27.57","false"
"PTH","2007-02-12","27.64","27.64","27.55","27.56","5500","27.46","false"
"PTH","2007-02-09","27.71","27.71","27.53","27.55","31300","27.45","false"
"PTH","2007-02-08","27.71","27.77","27.66","27.72","13800","27.61","false"
"PTH","2007-02-07","27.66","27.66","27.57","27.60","3000","27.49","false"
"PTH","2007-02-06","27.51","27.52","27.45","27.52","5200","27.42","false"
"PTH","2007-02-05","27.45","27.51","27.45","27.48","900","27.38","false"
"PTH","2007-02-02","27.51","27.51","27.42","27.42","4600","27.32","false"
"PTH","2007-02-01","27.36","27.46","27.29","27.46","7800","27.36","false"
"PTH","2007-01-31","27.08","27.26","27.08","27.24","8100","27.14","false"
"PTH","2007-01-30","26.95","27.05","26.91","27.05","3800","26.95","false"
"PTH","2007-01-29","26.83","26.90","26.82","26.85","5300","26.75","false"
"PTH","2007-01-26","26.63","26.74","26.63","26.73","5700","26.63","false"
"PTH","2007-01-25","26.95","26.95","26.76","26.76","3700","26.66","false"
"PTH","2007-01-24","26.81","26.90","26.81","26.89","10500","26.79","false"
"PTH","2007-01-23","26.63","26.79","26.63","26.72","1300","26.62","false"
"PTH","2007-01-22","26.72","26.72","26.68","26.70","2200","26.60","false"
"PTH","2007-01-19","26.71","26.78","26.71","26.75","9100","26.65","false"
"PTH","2007-01-18","26.73","26.75","26.64","26.71","4000","26.61","false"
"PTH","2007-01-17","26.75","26.89","26.75","26.82","6800","26.72","false"
"PTH","2007-01-16","26.72","26.73","26.67","26.68","9700","26.58","false"
"PTH","2007-01-12","26.54","26.55","26.54","26.55","1600","26.45","false"
"PTH","2007-01-11","26.15","26.35","26.15","26.35","2100","26.25","false"
"PTH","2007-01-10","25.93","26.00","25.93","26.00","400","25.90","false"
"PTH","2007-01-09","26.07","26.07","25.93","25.96","4000","25.86","false"
"PTH","2007-01-08","25.87","26.01","25.87","26.01","200","25.91","false"
"PTH","2007-01-05","25.85","25.90","25.85","25.90","3200","25.80","false"
"PTH","2007-01-04","25.91","26.10","25.91","26.06","2200","25.96","false"
"PTH","2007-01-03","26.08","26.13","25.93","25.94","3000","25.84","false"
"PTH","2008-12-31","19.40","19.62","19.39","19.60","96700","19.53","false"
"PTH","2008-12-30","18.98","19.41","18.95","19.41","40800","19.34","false"
"PTH","2008-12-29","18.62","18.95","18.62","18.83","32100","18.76","false"
"PTH","2008-12-26","18.84","19.01","18.83","18.99","17700","18.92","false"
"PTH","2008-12-24","18.88","18.88","17.88","18.81","16100","18.74","false"
"PTH","2008-12-23","19.00","19.05","18.67","18.73","20700","18.66","false"
"PTH","2008-12-22","19.13","19.13","18.50","18.85","17800","18.78","false"
"PTH","2008-12-19","19.04","19.37","19.00","19.14","16600","19.07","false"
"PTH","2008-12-18","19.05","19.27","18.74","18.82","31800","18.75","false"
"PTH","2008-12-17","18.68","19.05","18.53","18.73","20300","18.66","false"
"PTH","2008-12-16","18.61","18.77","18.18","18.61","26600","18.54","false"
"PTH","2008-12-15","18.41","18.41","17.80","17.99","26600","17.92","false"
"PTH","2008-12-12","17.66","18.23","17.63","18.20","18800","18.13","false"
"PTH","2008-12-11","18.29","18.75","18.00","18.27","20600","18.20","false"
"PTH","2008-12-10","18.42","18.68","18.26","18.38","30700","18.31","false"
"PTH","2008-12-09","18.54","18.91","18.20","18.29","14000","18.22","false"
"PTH","2008-12-08","18.73","18.95","18.44","18.73","26400","18.66","false"
"PTH","2008-12-05","17.56","18.45","17.31","18.43","23500","18.36","false"
"PTH","2008-12-04","17.86","18.44","17.60","17.79","28900","17.72","false"
"PTH","2008-12-03","17.33","18.20","17.33","18.20","26100","18.13","false"
"PTH","2008-12-02","17.58","17.90","17.29","17.61","30800","17.54","false"
"PTH","2008-12-01","18.01","18.01","17.06","17.07","13000","17.01","false"
"PTH","2008-11-28","18.18","18.51","18.18","18.51","14700","18.44","false"
"PTH","2008-11-26","17.54","18.40","17.54","18.31","42800","18.24","false"
"PTH","2008-11-25","17.72","17.93","17.59","17.80","88500","17.73","false"
"PTH","2008-11-24","16.94","17.81","16.94","17.57","42000","17.50","false"
"PTH","2008-11-21","16.49","16.94","15.66","16.83","84000","16.77","false"
"PTH","2008-11-20","17.35","17.56","16.26","16.26","97700","16.20","false"
"PTH","2008-11-19","18.39","18.84","17.56","17.56","81400","17.49","false"
"PTH","2008-11-18","18.66","18.98","18.09","18.65","49600","18.58","false"
"PTH","2008-11-17","18.63","19.20","18.60","18.82","71600","18.75","false"
"PTH","2008-11-14","18.94","19.70","18.85","18.85","17900","18.78","false"
"PTH","2008-11-13","18.65","19.51","18.08","19.51","27800","19.44","false"
"PTH","2008-11-12","19.23","19.36","18.75","18.75","668000","18.68","false"
"PTH","2008-11-11","19.63","19.81","19.43","19.56","17700","19.49","false"
"PTH","2008-11-10","20.72","20.72","19.77","19.88","43400","19.80","false"
"PTH","2008-11-07","19.71","20.11","19.71","19.96","13200","19.88","false"
"PTH","2008-11-06","20.17","20.23","19.61","19.82","18400","19.74","false"
"PTH","2008-11-05","20.79","20.97","20.35","20.39","26800","20.31","false"
"PTH","2008-11-04","21.06","21.12","20.50","20.74","27800","20.66","false"
"PTH","2008-11-03","20.60","20.89","20.57","20.69","27700","20.61","false"
"PTH","2008-10-31","19.88","20.68","19.83","20.37","27200","20.29","false"
"PTH","2008-10-30","20.20","20.26","19.55","20.07","23500","19.99","false"
"PTH","2008-10-29","18.39","19.87","18.39","19.39","81400","19.32","false"
"PTH","2008-10-28","18.54","19.23","17.89","19.15","57500","19.08","false"
"PTH","2008-10-27","18.70","19.00","18.14","18.14","22400","18.07","false"
"PTH","2008-10-24","19.85","20.12","18.45","19.35","25300","19.28","false"
"PTH","2008-10-23","19.96","20.30","19.00","19.73","19300","19.65","false"
"PTH","2008-10-22","21.49","21.49","19.89","20.12","18700","20.04","false"
"PTH","2008-10-21","20.93","21.78","20.93","21.22","40400","21.14","false"
"PTH","2008-10-20","21.47","21.47","20.66","21.37","23500","21.29","false"
"PTH","2008-10-17","20.06","21.27","20.06","20.63","34200","20.55","false"
"PTH","2008-10-16","20.32","20.63","19.22","20.63","38900","20.55","false"
"PTH","2008-10-15","20.84","21.22","19.72","19.72","23100","19.64","false"
"PTH","2008-10-14","22.88","23.35","21.27","21.66","73400","21.58","false"
"PTH","2008-10-13","20.77","21.34","20.50","21.31","29300","21.23","false"
"PTH","2008-10-10","18.85","19.95","18.18","19.28","89700","19.21","false"
"PTH","2008-10-09","20.77","21.68","19.65","19.97","50400","19.89","false"
"PTH","2008-10-08","21.55","21.96","21.23","21.50","44500","21.42","false"
"PTH","2008-10-07","22.95","22.98","21.96","21.96","26600","21.88","false"
"PTH","2008-10-06","23.48","23.51","21.78","22.68","42300","22.59","false"
"PTH","2008-10-03","24.53","24.62","23.92","23.93","70600","23.84","false"
"PTH","2008-10-02","24.72","24.80","24.27","24.30","28300","24.21","false"
"PTH","2008-10-01","24.76","25.50","24.72","24.82","28500","24.73","false"
"PTH","2008-09-30","25.08","25.63","24.75","25.16","21800","25.06","false"
"PTH","2008-09-29","24.76","26.17","24.76","24.89","27700","24.80","false"
"PTH","2008-09-26","25.32","26.07","25.32","26.07","13200","25.97","false"
"PTH","2008-09-25","25.87","26.12","25.70","25.86","24100","25.76","false"
"PTH","2008-09-24","25.61","25.99","25.53","25.88","13700","25.78","false"
"PTH","2008-09-23","25.70","26.07","25.64","25.66","19000","25.56","false"
"PTH","2008-09-22","27.62","27.62","25.78","25.82","23400","25.72","false"
"PTH","2008-09-19","26.44","26.44","26.05","26.44","61500","26.34","false"
"PTH","2008-09-18","25.69","26.02","24.97","25.91","57600","25.81","false"
"PTH","2008-09-17","25.75","26.03","25.08","25.08","127600","24.98","false"
"PTH","2008-09-16","25.51","26.35","25.49","26.35","20300","26.25","false"
"PTH","2008-09-15","25.67","26.65","25.67","26.34","19300","26.24","false"
"PTH","2008-09-12","26.79","26.90","26.72","26.86","10700","26.76","false"
"PTH","2008-09-11","26.89","27.03","25.76","27.03","24700","26.93","false"
"PTH","2008-09-10","27.41","27.41","26.69","26.74","18600","26.64","false"
"PTH","2008-09-09","26.78","27.15","26.61","26.61","17500","26.51","false"
"PTH","2008-09-08","26.82","26.96","26.71","26.91","27400","26.81","false"
"PTH","2008-09-05","26.77","26.77","26.00","26.39","26100","26.29","false"
"PTH","2008-09-04","27.12","27.12","26.62","26.68","15100","26.58","false"
"PTH","2008-09-03","27.32","27.32","27.16","27.22","13300","27.12","false"
"PTH","2008-09-02","27.56","27.74","27.25","27.31","83900","27.21","false"
"PTH","2008-08-29","27.56","27.56","27.27","27.32","35600","27.22","false"
"PTH","2008-08-28","27.36","27.60","27.35","27.60","16100","27.49","false"
"PTH","2008-08-27","27.97","27.97","27.14","27.29","35000","27.19","false"
"PTH","2008-08-26","27.14","27.34","27.04","27.17","21400","27.07","false"
"PTH","2008-08-25","27.35","27.35","26.94","27.09","12000","26.99","false"
"PTH","2008-08-22","27.41","27.64","27.41","27.55","12400","27.45","false"
"PTH","2008-08-21","27.30","27.34","27.06","27.28","19400","27.18","false"
"PTH","2008-08-20","27.46","27.50","27.17","27.35","14500","27.25","false"
"PTH","2008-08-19","27.45","27.56","27.32","27.39","14300","27.29","false"
"PTH","2008-08-18","27.85","27.88","27.50","27.50","16800","27.40","false"
"PTH","2008-08-15","26.67","27.86","26.67","27.82","22900","27.71","false"
"PTH","2008-08-14","27.40","27.72","27.40","27.59","78600","27.48","false"
"PTH","2008-08-13","27.50","27.57","27.35","27.54","99800","27.44","false"
"PTH","2008-08-12","28.01","28.01","27.48","27.53","32600","27.43","false"
"PTH","2008-08-11","28.43","28.43","27.56","27.70","26600","27.59","false"
"PTH","2008-08-08","27.58","27.67","27.44","27.63","14200","27.52","false"
"PTH","2008-08-07","27.44","27.44","27.07","27.08","17400","26.98","false"
"PTH","2008-08-06","27.11","27.36","26.99","27.27","41600","27.17","false"
"PTH","2008-08-05","27.00","27.14","26.89","27.12","28700","27.02","false"
"PTH","2008-08-04","26.94","26.94","26.50","26.70","31200","26.60","false"
"PTH","2008-08-01","27.00","27.00","26.28","26.56","18600","26.46","false"
"PTH","2008-07-31","26.71","26.71","26.45","26.49","16100","26.39","false"
"PTH","2008-07-30","26.94","26.94","26.08","26.77","15200","26.67","false"
"PTH","2008-07-29","25.17","26.31","25.16","26.21","18400","26.11","false"
"PTH","2008-07-28","26.25","26.26","26.00","26.02","15800","25.92","false"
"PTH","2008-07-25","26.42","26.42","26.21","26.30","12000","26.20","false"
"PTH","2008-07-24","26.04","26.27","26.00","26.15","22100","26.05","false"
"PTH","2008-07-23","26.32","26.32","25.91","26.13","20100","26.03","false"
"PTH","2008-07-22","25.39","25.94","25.39","25.82","6400","25.72","false"
"PTH","2008-07-21","25.56","25.56","25.37","25.39","13400","25.29","false"
"PTH","2008-07-18","26.65","26.65","25.33","25.44","15000","25.34","false"
"PTH","2008-07-17","25.42","25.57","25.27","25.50","17700","25.40","false"
"PTH","2008-07-16","25.31","25.43","25.18","25.36","15500","25.26","false"
"PTH","2008-07-15","25.00","25.33","24.92","25.18","15900","25.08","false"
"PTH","2008-07-14","25.75","25.75","25.10","25.18","17900","25.08","false"
"PTH","2008-07-11","25.06","25.30","25.03","25.23","15900","25.13","false"
"PTH","2008-07-10","25.25","25.34","25.13","25.32","13500","25.22","false"
"PTH","2008-07-09","25.30","25.58","25.16","25.30","17200","25.20","false"
"PTH","2008-07-08","24.58","25.29","24.58","25.29","20000","25.19","false"
"PTH","2008-07-07","24.91","24.92","24.44","24.62","11900","24.53","false"
"PTH","2008-07-03","24.83","24.84","24.72","24.80","17800","24.71","false"
"PTH","2008-07-02","25.11","25.12","24.90","24.90","10800","24.81","false"
"PTH","2008-07-01","24.89","25.04","24.82","25.03","14300","24.93","false"
"PTH","2008-06-30","25.04","25.26","25.02","25.02","14100","24.92","false"
"PTH","2008-06-27","24.98","25.14","24.98","25.00","11900","24.90","false"
"PTH","2008-06-26","25.13","25.19","25.05","25.11","12300","25.01","false"
"PTH","2008-06-25","25.06","25.50","25.06","25.42","16200","25.32","false"
"PTH","2008-06-24","25.13","25.21","25.06","25.11","17800","25.01","false"
"PTH","2008-06-23","25.40","25.40","25.00","25.26","17700","25.16","false"
"PTH","2008-06-20","25.37","25.44","25.13","25.25","29600","25.15","false"
"PTH","2008-06-19","25.30","25.58","25.28","25.58","17000","25.48","false"
"PTH","2008-06-18","25.61","25.66","25.46","25.48","16100","25.38","false"
"PTH","2008-06-17","25.96","25.96","25.70","25.71","14300","25.61","false"
"PTH","2008-06-16","25.76","25.99","25.68","25.96","10000","25.86","false"
"PTH","2008-06-13","25.80","25.94","25.75","25.90","6700","25.80","false"
"PTH","2008-06-12","25.75","25.87","25.60","25.66","17300","25.56","false"
"PTH","2008-06-11","25.83","25.83","25.52","25.52","13800","25.42","false"
"PTH","2008-06-10","26.00","26.07","25.90","26.00","12700","25.90","false"
"PTH","2008-06-09","26.29","26.29","25.97","26.11","18700","26.01","false"
"PTH","2008-06-06","26.66","26.66","26.28","26.31","69600","26.21","false"
"PTH","2008-06-05","26.62","26.91","26.57","26.85","17900","26.75","false"
"PTH","2008-06-04","26.26","26.62","26.26","26.50","29900","26.40","false"
"PTH","2008-06-03","26.43","26.47","26.16","26.31","17100","26.21","false"
"PTH","2008-06-02","26.62","26.65","26.15","26.35","24000","26.25","false"
"PTH","2008-05-30","26.60","26.74","26.53","26.67","19300","26.57","false"
"PTH","2008-05-29","26.06","26.82","26.06","26.61","47200","26.51","false"
"PTH","2008-05-28","26.32","26.37","26.11","26.25","12200","26.15","false"
"PTH","2008-05-27","26.26","26.29","26.08","26.29","12500","26.19","false"
"PTH","2008-05-23","26.24","26.25","26.04","26.09","16600","25.99","false"
"PTH","2008-05-22","26.16","26.45","26.10","26.35","23800","26.25","false"
"PTH","2008-05-21","26.02","26.37","26.02","26.07","17300","25.97","false"
"PTH","2008-05-20","25.94","26.09","25.91","26.08","113300","25.98","false"
"PTH","2008-05-19","25.87","26.12","25.87","25.95","14700","25.85","false"
"PTH","2008-05-16","26.09","26.09","25.70","25.89","27500","25.79","false"
"PTH","2008-05-15","25.76","25.95","25.70","25.87","13400","25.77","false"
"PTH","2008-05-14","25.88","26.06","25.86","25.87","49200","25.77","false"
"PTH","2008-05-13","25.90","25.90","25.71","25.81","10100","25.71","false"
"PTH","2008-05-12","25.86","25.93","25.78","25.89","11100","25.79","false"
"PTH","2008-05-09","25.50","25.77","25.49","25.77","14700","25.67","false"
"PTH","2008-05-08","25.47","26.26","25.47","25.64","11000","25.54","false"
"PTH","2008-05-07","25.84","25.84","25.50","25.50","24700","25.40","false"
"PTH","2008-05-06","25.49","25.81","25.49","25.74","9800","25.64","false"
"PTH","2008-05-05","25.58","25.78","25.58","25.75","27500","25.65","false"
"PTH","2008-05-02","26.27","26.27","25.72","25.74","12200","25.64","false"
"PTH","2008-05-01","25.70","25.99","25.65","25.87","20600","25.77","false"
"PTH","2008-04-30","25.95","26.26","25.84","25.84","22500","25.74","false"
"PTH","2008-04-29","25.81","25.89","25.34","25.83","57500","25.73","false"
"PTH","2008-04-28","25.81","25.81","25.71","25.73","14300","25.63","false"
"PTH","2008-04-25","25.36","25.71","25.36","25.66","10300","25.56","false"
"PTH","2008-04-24","25.54","25.54","25.06","25.37","8000","25.27","false"
"PTH","2008-04-23","25.00","25.75","25.00","25.75","24200","25.65","false"
"PTH","2008-04-22","25.11","25.25","24.81","24.96","60000","24.87","false"
"PTH","2008-04-21","25.40","25.48","25.30","25.43","25200","25.33","false"
"PTH","2008-04-18","25.49","25.88","25.39","25.44","14100","25.34","false"
"PTH","2008-04-17","25.43","25.43","25.11","25.18","16200","25.08","false"
"PTH","2008-04-16","25.24","25.49","25.24","25.48","24100","25.38","false"
"PTH","2008-04-15","25.26","25.26","25.05","25.12","20000","25.02","false"
"PTH","2008-04-14","25.26","25.35","25.03","25.23","8800","25.13","false"
"PTH","2008-04-11","25.83","25.83","25.32","25.33","7200","25.23","false"
"PTH","2008-04-10","25.72","26.01","25.72","25.91","10800","25.81","false"
"PTH","2008-04-09","26.10","26.10","25.50","25.59","9100","25.49","false"
"PTH","2008-04-08","25.74","25.90","25.71","25.86","36600","25.76","false"
"PTH","2008-04-07","25.95","25.95","25.72","25.72","15900","25.62","false"
"PTH","2008-04-04","25.65","25.94","25.65","25.86","14900","25.76","false"
"PTH","2008-04-03","26.03","26.03","25.69","25.69","12400","25.59","false"
"PTH","2008-04-02","25.75","26.08","25.75","25.91","9500","25.81","false"
"PTH","2008-04-01","25.59","26.06","25.59","26.01","19500","25.91","false"
"PTH","2008-03-31","25.30","25.45","25.21","25.32","20200","25.22","false"
"PTH","2008-03-28","25.86","25.86","25.22","25.23","24300","25.13","false"
"PTH","2008-03-27","25.35","25.67","25.35","25.48","20600","25.38","false"
"PTH","2008-03-26","25.60","25.60","25.33","25.47","18200","25.37","false"
"PTH","2008-03-25","26.21","26.21","25.47","25.60","33500","25.50","false"
"PTH","2008-03-24","25.37","25.58","25.30","25.52","16700","25.42","false"
"PTH","2008-03-20","25.91","25.91","24.92","25.20","16700","25.10","false"
"PTH","2008-03-19","25.11","25.82","25.03","25.03","14900","24.93","false"
"PTH","2008-03-18","24.96","25.29","24.73","25.03","56200","24.93","false"
"PTH","2008-03-17","24.67","24.94","24.59","24.59","42800","24.50","false"
"PTH","2008-03-14","25.42","25.42","24.68","24.91","31500","24.82","false"
"PTH","2008-03-13","24.76","25.41","24.73","25.39","15400","25.29","false"
"PTH","2008-03-12","24.80","25.20","23.57","24.90","186800","24.81","false"
"PTH","2008-03-11","25.82","25.82","24.56","24.94","48400","24.85","false"
"PTH","2008-03-10","26.03","26.03","25.53","25.54","26200","25.44","false"
"PTH","2008-03-07","26.07","26.22","25.65","25.89","48900","25.79","false"
"PTH","2008-03-06","26.65","26.80","26.19","26.20","39700","26.10","false"
"PTH","2008-03-05","26.96","27.01","26.67","26.86","29000","26.76","false"
"PTH","2008-03-04","26.95","26.97","26.73","26.85","45900","26.75","false"
"PTH","2008-03-03","26.63","27.02","26.63","26.96","20500","26.86","false"
"PTH","2008-02-29","27.06","27.40","26.75","26.75","33900","26.65","false"
"PTH","2008-02-28","27.80","27.80","27.57","27.59","55800","27.48","false"
"PTH","2008-02-27","27.91","28.17","27.91","28.01","28700","27.90","false"
"PTH","2008-02-26","27.86","28.09","27.78","27.99","32900","27.88","false"
"PTH","2008-02-25","27.56","27.82","27.51","27.77","40500","27.66","false"
"PTH","2008-02-22","27.59","27.59","27.11","27.34","21800","27.24","false"
"PTH","2008-02-21","28.00","28.00","27.39","27.39","43500","27.29","false"
"PTH","2008-02-20","27.12","27.85","27.12","27.74","22200","27.63","false"
"PTH","2008-02-19","28.27","28.27","27.61","27.70","33200","27.59","false"
"PTH","2008-02-15","27.54","27.63","27.39","27.63","21800","27.52","false"
"PTH","2008-02-14","27.99","27.99","27.58","27.59","26300","27.48","false"
"PTH","2008-02-13","28.02","28.02","27.71","27.88","31400","27.77","false"
"PTH","2008-02-12","27.69","27.92","27.57","27.81","27300","27.70","false"
"PTH","2008-02-11","27.80","27.80","27.37","27.65","23800","27.54","false"
"PTH","2008-02-08","27.77","27.83","27.60","27.72","22500","27.61","false"
"PTH","2008-02-07","27.95","27.96","27.52","27.80","64000","27.69","false"
"PTH","2008-02-06","28.10","28.14","27.77","27.79","22500","27.68","false"
"PTH","2008-02-05","28.00","28.13","27.84","27.85","11000","27.74","false"
"PTH","2008-02-04","28.71","28.71","28.36","28.38","17700","28.27","false"
"PTH","2008-02-01","28.18","28.48","28.07","28.44","55300","28.33","false"
"PTH","2008-01-31","27.69","28.36","27.69","27.91","32900","27.80","false"
"PTH","2008-01-30","27.88","28.64","27.88","28.01","44800","27.90","false"
"PTH","2008-01-29","28.29","28.42","28.17","28.35","38800","28.24","false"
"PTH","2008-01-28","28.00","28.18","27.63","28.13","46300","28.02","false"
"PTH","2008-01-25","28.36","28.36","27.76","27.90","28100","27.79","false"
"PTH","2008-01-24","28.49","28.54","28.09","28.18","30800","28.07","false"
"PTH","2008-01-23","28.03","28.48","27.59","28.46","63900","28.35","false"
"PTH","2008-01-22","28.55","29.10","28.55","28.79","28300","28.68","false"
"PTH","2008-01-18","30.58","30.58","29.52","29.68","62200","29.57","false"
"PTH","2008-01-17","30.84","30.84","30.06","30.18","37600","30.07","false"
"PTH","2008-01-16","30.23","30.77","30.23","30.56","111000","30.44","false"
"PTH","2008-01-15","30.33","30.48","30.17","30.29","43500","30.17","false"
"PTH","2008-01-14","30.71","30.71","30.34","30.60","96700","30.48","false"
"PTH","2008-01-11","30.29","30.56","30.29","30.45","33300","30.33","false"
"PTH","2008-01-10","30.31","32.72","30.29","30.47","158600","30.35","false"
"PTH","2008-01-09","30.28","30.56","30.17","30.56","80200","30.44","false"
"PTH","2008-01-08","30.46","30.62","30.11","30.14","637400","30.03","false"
"PTH","2008-01-07","29.76","30.24","29.76","30.22","16700","30.10","false"
"PTH","2008-01-04","29.85","29.87","29.63","29.63","14900","29.52","false"
"PTH","2008-01-03","29.92","30.10","29.84","29.90","7600","29.79","false"
"PTH","2008-01-02","29.91","30.23","29.69","29.88","22500","29.77","false"
"PTH","2009-12-31","23.98","23.98","23.64","23.64","4400","23.64","false"
"PTH","2009-12-30","23.90","23.90","23.79","23.90","38000","23.90","false"
"PTH","2009-12-29","23.98","24.02","23.92","23.98","9200","23.98","false"
"PTH","2009-12-28","24.05","24.05","23.94","23.96","6000","23.96","false"
"PTH","2009-12-24","23.96","23.96","23.84","23.93","6500","23.93","false"
"PTH","2009-12-23","23.82","23.86","23.69","23.85","25800","23.85","false"
"PTH","2009-12-22","23.56","23.69","23.56","23.65","6900","23.65","false"
"PTH","2009-12-21","23.33","23.51","23.33","23.41","23000","23.41","false"
"PTH","2009-12-18","23.18","23.18","23.00","23.14","7100","23.14","false"
"PTH","2009-12-17","23.43","23.43","23.10","23.23","5300","23.17","false"
"PTH","2009-12-16","23.44","23.58","23.38","23.45","18800","23.39","false"
"PTH","2009-12-15","23.27","23.45","23.25","23.41","10500","23.35","false"
"PTH","2009-12-14","23.03","23.22","22.99","23.22","9000","23.16","false"
"PTH","2009-12-11","22.83","22.94","22.81","22.88","7300","22.82","false"
"PTH","2009-12-10","22.72","22.85","22.65","22.82","45700","22.76","false"
"PTH","2009-12-09","22.60","22.60","22.36","22.56","10600","22.50","false"
"PTH","2009-12-08","22.57","22.64","22.43","22.54","10100","22.48","false"
"PTH","2009-12-07","22.72","22.83","22.67","22.75","7900","22.69","false"
"PTH","2009-12-04","22.72","22.80","22.50","22.59","8600","22.53","false"
"PTH","2009-12-03","22.57","22.81","22.38","22.39","13300","22.33","false"
"PTH","2009-12-02","22.50","22.71","22.50","22.62","6000","22.56","false"
"PTH","2009-12-01","22.23","22.61","22.23","22.53","4400","22.47","false"
"PTH","2009-11-30","22.45","22.45","22.16","22.22","5400","22.16","false"
"PTH","2009-11-27","22.25","22.50","22.25","22.42","1300","22.36","false"
"PTH","2009-11-25","22.76","22.78","22.71","22.76","7000","22.70","false"
"PTH","2009-11-24","22.55","22.70","22.46","22.67","14100","22.61","false"
"PTH","2009-11-23","22.43","22.62","22.42","22.55","16600","22.49","false"
"PTH","2009-11-20","22.09","22.24","22.09","22.21","10600","22.15","false"
"PTH","2009-11-19","22.38","22.38","22.02","22.20","18300","22.14","false"
"PTH","2009-11-18","22.51","22.51","22.38","22.48","8800","22.42","false"
"PTH","2009-11-17","22.49","22.59","22.47","22.54","7000","22.48","false"
"PTH","2009-11-16","22.49","22.65","22.49","22.56","13100","22.50","false"
"PTH","2009-11-13","22.15","22.34","22.15","22.24","8000","22.18","false"
"PTH","2009-11-12","22.37","22.39","22.09","22.10","14100","22.04","false"
"PTH","2009-11-11","22.38","22.38","22.19","22.33","6800","22.27","false"
"PTH","2009-11-10","22.17","22.29","22.17","22.25","14000","22.19","false"
"PTH","2009-11-09","21.96","22.15","21.89","22.13","6800","22.07","false"
"PTH","2009-11-06","21.87","21.89","21.83","21.86","2200","21.81","false"
"PTH","2009-11-05","21.55","21.84","21.55","21.83","5900","21.78","false"
"PTH","2009-11-04","21.38","21.72","21.38","21.43","11000","21.38","false"
"PTH","2009-11-03","21.11","21.25","21.05","21.25","15900","21.20","false"
"PTH","2009-11-02","21.02","21.19","20.89","21.05","6000","21.00","false"
"PTH","2009-10-30","21.14","21.20","20.83","20.87","18100","20.82","false"
"PTH","2009-10-29","20.98","21.21","20.98","21.19","22000","21.14","false"
"PTH","2009-10-28","21.27","21.27","20.80","20.80","15700","20.75","false"
"PTH","2009-10-27","21.34","21.42","21.23","21.31","18500","21.26","false"
"PTH","2009-10-26","21.53","21.66","21.25","21.30","53000","21.25","false"
"PTH","2009-10-23","21.82","21.82","21.47","21.51","29100","21.46","false"
"PTH","2009-10-22","21.58","21.87","21.49","21.81","16400","21.76","false"
"PTH","2009-10-21","21.85","22.06","21.59","21.59","33400","21.54","false"
"PTH","2009-10-20","22.15","22.15","21.87","21.89","8400","21.84","false"
"PTH","2009-10-19","21.88","22.09","21.87","22.03","15300","21.97","false"
"PTH","2009-10-16","21.85","21.96","21.76","21.87","124300","21.82","false"
"PTH","2009-10-15","21.82","21.96","21.82","21.93","6900","21.88","false"
"PTH","2009-10-14","21.78","21.91","21.72","21.91","7900","21.86","false"
"PTH","2009-10-13","21.78","21.78","21.55","21.66","7800","21.61","false"
"PTH","2009-10-12","21.83","21.89","21.77","21.78","26200","21.73","false"
"PTH","2009-10-09","21.45","21.78","21.45","21.78","4100","21.73","false"
"PTH","2009-10-08","21.49","21.59","21.44","21.44","29200","21.39","false"
"PTH","2009-10-07","21.27","21.38","21.24","21.35","9400","21.30","false"
"PTH","2009-10-06","21.15","21.31","21.15","21.23","10000","21.18","false"
"PTH","2009-10-05","20.88","21.12","20.78","21.04","7400","20.99","false"
"PTH","2009-10-02","20.86","20.96","20.79","20.86","9600","20.81","false"
"PTH","2009-10-01","21.21","21.22","20.99","20.99","12900","20.94","false"
"PTH","2009-09-30","21.54","21.54","21.16","21.44","13300","21.39","false"
"PTH","2009-09-29","21.61","21.66","21.49","21.54","7400","21.49","false"
"PTH","2009-09-28","21.59","21.71","21.59","21.61","4800","21.56","false"
"PTH","2009-09-25","21.27","21.30","21.15","21.23","6700","21.18","false"
"PTH","2009-09-24","21.63","21.63","21.20","21.27","10000","21.22","false"
"PTH","2009-09-23","21.82","21.82","21.54","21.54","19600","21.49","false"
"PTH","2009-09-22","21.89","21.89","21.63","21.75","13500","21.70","false"
"PTH","2009-09-21","21.50","21.83","21.50","21.76","8800","21.71","false"
"PTH","2009-09-18","21.70","21.74","21.60","21.63","16500","21.58","false"
"PTH","2009-09-17","21.66","21.77","21.64","21.68","14000","21.63","false"
"PTH","2009-09-16","21.37","21.74","21.33","21.74","12200","21.69","false"
"PTH","2009-09-15","21.47","21.47","21.32","21.42","5200","21.37","false"
"PTH","2009-09-14","21.41","21.57","21.41","21.52","7500","21.47","false"
"PTH","2009-09-11","21.34","21.40","21.34","21.36","5900","21.31","false"
"PTH","2009-09-10","21.18","21.34","21.11","21.34","6100","21.29","false"
"PTH","2009-09-09","20.68","21.14","20.68","21.14","21200","21.09","false"
"PTH","2009-09-08","21.00","21.00","20.60","20.70","14400","20.65","false"
"PTH","2009-09-04","20.61","20.86","20.58","20.82","26600","20.77","false"
"PTH","2009-09-03","20.50","20.54","20.39","20.54","7200","20.49","false"
"PTH","2009-09-02","20.31","20.57","20.31","20.48","6500","20.43","false"
"PTH","2009-09-01","20.61","20.80","20.31","20.41","16700","20.36","false"
"PTH","2009-08-31","20.69","20.74","20.63","20.74","8600","20.69","false"
"PTH","2009-08-28","21.25","21.25","20.78","20.87","8500","20.82","false"
"PTH","2009-08-27","21.16","21.16","20.84","21.04","18300","20.99","false"
"PTH","2009-08-26","21.19","21.19","20.97","21.01","7700","20.96","false"
"PTH","2009-08-25","21.18","21.24","21.14","21.14","5600","21.09","false"
"PTH","2009-08-24","20.99","21.09","20.99","21.06","8000","21.01","false"
"PTH","2009-08-21","20.83","20.94","20.74","20.89","10600","20.84","false"
"PTH","2009-08-20","20.47","20.70","20.47","20.64","12500","20.59","false"
"PTH","2009-08-19","20.45","20.57","20.40","20.52","8500","20.47","false"
"PTH","2009-08-18","20.35","20.45","20.29","20.39","7200","20.34","false"
"PTH","2009-08-17","20.11","20.42","20.11","20.40","5800","20.35","false"
"PTH","2009-08-14","20.30","20.30","20.17","20.25","35000","20.20","false"
"PTH","2009-08-13","20.70","20.70","20.39","20.59","10500","20.54","false"
"PTH","2009-08-12","20.48","20.64","20.48","20.62","11000","20.57","false"
"PTH","2009-08-11","20.28","20.49","20.25","20.34","6800","20.29","false"
"PTH","2009-08-10","20.17","20.42","20.17","20.39","6100","20.34","false"
"PTH","2009-08-07","20.21","20.38","20.21","20.29","10300","20.24","false"
"PTH","2009-08-06","20.45","20.45","20.00","20.08","9400","20.03","false"
"PTH","2009-08-05","20.71","20.71","20.38","20.39","15100","20.34","false"
"PTH","2009-08-04","20.65","20.76","20.62","20.71","16800","20.66","false"
"PTH","2009-08-03","20.65","20.67","20.41","20.62","12300","20.57","false"
"PTH","2009-07-31","20.60","20.64","20.44","20.44","5500","20.39","false"
"PTH","2009-07-30","20.74","20.75","20.50","20.51","14800","20.46","false"
"PTH","2009-07-29","20.43","20.62","20.43","20.62","14700","20.57","false"
"PTH","2009-07-28","20.10","20.42","20.10","20.37","13800","20.32","false"
"PTH","2009-07-27","20.13","20.28","20.10","20.28","11100","20.23","false"
"PTH","2009-07-24","19.94","20.14","19.94","20.13","13800","20.08","false"
"PTH","2009-07-23","19.73","19.99","19.73","19.91","13200","19.86","false"
"PTH","2009-07-22","19.60","19.72","19.57","19.60","7300","19.55","false"
"PTH","2009-07-21","19.78","19.78","19.48","19.62","12200","19.57","false"
"PTH","2009-07-20","19.48","19.64","19.48","19.62","7700","19.57","false"
"PTH","2009-07-17","19.55","19.63","19.52","19.52","14500","19.47","false"
"PTH","2009-07-16","19.44","19.73","19.44","19.70","7700","19.65","false"
"PTH","2009-07-15","19.36","19.52","19.28","19.46","18200","19.41","false"
"PTH","2009-07-14","19.22","19.22","19.08","19.17","8800","19.12","false"
"PTH","2009-07-13","18.88","19.12","18.75","19.03","11500","18.98","false"
"PTH","2009-07-10","18.76","18.88","18.72","18.84","15000","18.79","false"
"PTH","2009-07-09","19.06","19.06","18.79","18.83","6100","18.78","false"
"PTH","2009-07-08","19.15","19.15","18.88","19.01","11800","18.96","false"
"PTH","2009-07-07","19.09","19.36","19.09","19.26","11000","19.21","false"
"PTH","2009-07-06","18.99","19.18","18.92","19.16","16700","19.11","false"
"PTH","2009-07-02","19.42","19.42","19.09","19.10","5600","19.05","false"
"PTH","2009-07-01","19.48","19.74","19.48","19.70","9200","19.65","false"
"PTH","2009-06-30","19.54","19.54","19.30","19.45","9000","19.40","false"
"PTH","2009-06-29","19.52","19.52","19.17","19.50","36300","19.45","false"
"PTH","2009-06-26","19.22","19.55","19.22","19.50","371000","19.45","false"
"PTH","2009-06-25","18.78","19.43","18.78","19.35","7300","19.30","false"
"PTH","2009-06-24","18.81","19.00","18.65","18.82","26900","18.77","false"
"PTH","2009-06-23","18.86","18.87","18.71","18.80","12000","18.75","false"
"PTH","2009-06-22","19.13","19.13","18.75","18.84","14600","18.79","false"
"PTH","2009-06-19","19.27","19.43","19.17","19.25","11500","19.20","false"
"PTH","2009-06-18","18.58","19.12","18.57","19.05","9700","18.98","false"
"PTH","2009-06-17","18.17","18.72","18.16","18.58","40200","18.51","false"
"PTH","2009-06-16","18.29","18.39","18.20","18.24","19800","18.17","false"
"PTH","2009-06-15","18.37","18.37","18.14","18.22","12100","18.15","false"
"PTH","2009-06-12","18.60","18.80","18.48","18.67","14100","18.60","false"
"PTH","2009-06-11","18.70","18.84","18.63","18.64","9400","18.57","false"
"PTH","2009-06-10","18.70","18.70","18.36","18.45","10700","18.38","false"
"PTH","2009-06-09","18.65","18.65","18.49","18.60","8000","18.53","false"
"PTH","2009-06-08","18.53","18.64","18.45","18.63","9500","18.56","false"
"PTH","2009-06-05","18.82","18.85","18.66","18.80","8600","18.73","false"
"PTH","2009-06-04","19.12","19.12","18.73","18.87","7400","18.80","false"
"PTH","2009-06-03","18.89","19.04","18.86","18.93","8700","18.86","false"
"PTH","2009-06-02","18.73","19.20","18.73","19.12","23100","19.05","false"
"PTH","2009-06-01","18.75","18.83","18.72","18.79","12500","18.72","false"
"PTH","2009-05-29","18.33","18.42","18.25","18.42","8300","18.35","false"
"PTH","2009-05-28","18.26","18.42","18.17","18.32","21200","18.25","false"
"PTH","2009-05-27","18.50","18.54","18.29","18.29","11200","18.22","false"
"PTH","2009-05-26","17.68","18.55","17.67","18.46","13800","18.39","false"
"PTH","2009-05-22","18.00","18.17","18.00","18.02","16700","17.95","false"
"PTH","2009-05-21","18.29","18.37","17.95","18.07","10900","18.00","false"
"PTH","2009-05-20","18.46","18.70","18.44","18.44","8300","18.37","false"
"PTH","2009-05-19","18.19","18.39","18.19","18.37","12000","18.30","false"
"PTH","2009-05-18","18.09","18.26","17.87","18.26","13800","18.19","false"
"PTH","2009-05-15","18.13","18.23","17.98","17.99","6800","17.92","false"
"PTH","2009-05-14","17.88","18.39","17.88","18.28","20000","18.21","false"
"PTH","2009-05-13","18.25","18.38","18.08","18.13","14800","18.06","false"
"PTH","2009-05-12","18.46","19.41","18.34","18.52","9700","18.45","false"
"PTH","2009-05-11","18.75","18.75","18.42","18.52","23000","18.45","false"
"PTH","2009-05-08","18.52","18.74","18.52","18.62","26000","18.55","false"
"PTH","2009-05-07","17.98","18.49","17.98","18.29","22000","18.22","false"
"PTH","2009-05-06","18.43","18.43","17.90","17.97","8500","17.90","false"
"PTH","2009-05-05","17.82","18.18","17.82","18.18","12600","18.11","false"
"PTH","2009-05-04","17.72","18.00","17.72","18.00","18200","17.93","false"
"PTH","2009-05-01","17.72","17.85","17.72","17.76","18600","17.69","false"
"PTH","2009-04-30","18.12","18.31","17.84","17.89","55000","17.82","false"
"PTH","2009-04-29","17.99","18.16","17.72","18.07","6000","18.00","false"
"PTH","2009-04-28","16.97","17.99","16.97","17.80","12000","17.73","false"
"PTH","2009-04-27","17.43","17.71","16.93","17.57","13000","17.50","false"
"PTH","2009-04-24","17.38","17.52","17.33","17.45","9000","17.38","false"
"PTH","2009-04-23","17.66","17.66","17.20","17.31","20100","17.24","false"
"PTH","2009-04-22","17.68","17.96","17.67","17.72","25200","17.65","false"
"PTH","2009-04-21","17.45","17.83","17.45","17.80","16400","17.73","false"
"PTH","2009-04-20","17.80","17.80","17.55","17.59","3800","17.52","false"
"PTH","2009-04-17","17.90","18.12","17.90","18.06","8300","17.99","false"
"PTH","2009-04-16","17.90","17.90","17.53","17.85","14400","17.78","false"
"PTH","2009-04-15","17.48","17.72","17.38","17.61","11200","17.54","false"
"PTH","2009-04-14","17.65","17.73","17.53","17.64","15400","17.57","false"
"PTH","2009-04-13","17.74","17.85","17.59","17.85","8500","17.78","false"
"PTH","2009-04-09","17.96","17.96","17.66","17.70","15300","17.63","false"
"PTH","2009-04-08","17.20","17.38","17.12","17.33","7700","17.26","false"
"PTH","2009-04-07","17.10","17.42","17.10","17.12","11600","17.05","false"
"PTH","2009-04-06","17.44","17.44","17.21","17.38","28000","17.31","false"
"PTH","2009-04-03","17.54","17.54","17.30","17.44","43500","17.37","false"
"PTH","2009-04-02","17.65","17.83","17.54","17.61","20900","17.54","false"
"PTH","2009-04-01","16.95","17.31","16.75","17.28","31900","17.21","false"
"PTH","2009-03-31","17.13","17.59","17.13","17.25","34600","17.18","false"
"PTH","2009-03-30","16.89","17.06","16.70","17.06","38300","17.00","false"
"PTH","2009-03-27","17.46","17.46","17.17","17.17","363400","17.10","false"
"PTH","2009-03-26","17.20","17.44","17.10","17.44","8600","17.37","false"
"PTH","2009-03-25","17.00","17.14","16.63","16.83","11500","16.77","false"
"PTH","2009-03-24","16.76","17.02","16.71","16.71","45300","16.65","false"
"PTH","2009-03-23","16.95","17.04","16.51","17.01","26800","16.95","false"
"PTH","2009-03-20","16.85","16.85","16.33","16.35","11800","16.29","false"
"PTH","2009-03-19","17.11","17.15","16.55","16.63","18200","16.57","false"
"PTH","2009-03-18","16.94","17.23","16.89","17.05","9500","16.99","false"
"PTH","2009-03-17","16.44","16.95","16.44","16.95","12800","16.89","false"
"PTH","2009-03-16","16.76","16.93","16.54","16.54","43600","16.48","false"
"PTH","2009-03-13","16.30","16.78","16.30","16.74","13300","16.68","false"
"PTH","2009-03-12","15.33","16.30","15.33","16.30","26100","16.24","false"
"PTH","2009-03-11","15.79","16.16","15.49","15.50","14200","15.44","false"
"PTH","2009-03-10","15.38","15.89","15.38","15.89","13900","15.83","false"
"PTH","2009-03-09","15.22","15.65","15.20","15.24","36100","15.18","false"
"PTH","2009-03-06","15.55","15.68","15.27","15.51","35000","15.45","false"
"PTH","2009-03-05","15.86","15.86","15.35","15.40","30200","15.34","false"
"PTH","2009-03-04","15.81","16.30","15.74","16.06","43500","16.00","false"
"PTH","2009-03-03","15.85","15.98","15.58","15.67","28900","15.61","false"
"PTH","2009-03-02","16.33","16.33","15.70","15.70","58500","15.64","false"
"PTH","2009-02-27","16.93","17.10","16.63","16.63","34100","16.57","false"
"PTH","2009-02-26","17.80","17.80","17.15","17.16","35100","17.09","false"
"PTH","2009-02-25","18.59","18.59","17.97","18.16","30300","18.09","false"
"PTH","2009-02-24","18.38","18.66","18.34","18.60","27600","18.53","false"
"PTH","2009-02-23","19.17","19.17","18.22","18.22","41700","18.15","false"
"PTH","2009-02-20","18.98","19.20","18.81","19.06","17300","18.99","false"
"PTH","2009-02-19","19.40","19.45","19.24","19.24","17700","19.17","false"
"PTH","2009-02-18","19.53","19.53","19.13","19.27","18000","19.20","false"
"PTH","2009-02-17","19.32","19.54","19.31","19.52","10900","19.45","false"
"PTH","2009-02-13","19.81","19.98","19.62","19.88","21700","19.80","false"
"PTH","2009-02-12","19.41","19.85","19.37","19.78","15500","19.70","false"
"PTH","2009-02-11","19.47","19.64","19.43","19.59","9700","19.52","false"
"PTH","2009-02-10","19.84","19.99","19.41","19.48","26700","19.41","false"
"PTH","2009-02-09","20.18","20.18","19.71","19.91","43600","19.83","false"
"PTH","2009-02-06","19.78","20.18","19.78","20.08","11200","20.00","false"
"PTH","2009-02-05","19.52","20.00","19.52","19.93","11700","19.85","false"
"PTH","2009-02-04","19.96","20.01","19.57","19.67","66800","19.60","false"
"PTH","2009-02-03","19.44","19.86","19.44","19.85","27600","19.77","false"
"PTH","2009-02-02","18.83","19.45","18.83","19.45","18700","19.38","false"
"PTH","2009-01-30","19.28","19.30","18.66","19.10","11800","19.03","false"
"PTH","2009-01-29","19.55","19.55","19.15","19.19","11400","19.12","false"
"PTH","2009-01-28","19.42","19.65","19.42","19.57","9000","19.50","false"
"PTH","2009-01-27","18.97","19.31","18.97","19.24","9000","19.17","false"
"PTH","2009-01-26","18.69","19.07","18.69","18.88","11600","18.81","false"
"PTH","2009-01-23","18.55","18.80","18.49","18.73","19900","18.66","false"
"PTH","2009-01-22","18.62","18.91","18.54","18.84","13100","18.77","false"
"PTH","2009-01-21","18.45","18.89","18.31","18.89","40300","18.82","false"
"PTH","2009-01-20","18.95","19.02","18.32","18.35","19700","18.28","false"
"PTH","2009-01-16","19.03","19.03","18.70","18.97","12700","18.90","false"
"PTH","2009-01-15","18.38","18.74","18.19","18.70","9200","18.63","false"
"PTH","2009-01-14","18.63","18.64","18.42","18.50","15000","18.43","false"
"PTH","2009-01-13","18.70","18.96","18.70","18.88","11700","18.81","false"
"PTH","2009-01-12","18.76","18.84","18.65","18.70","6800","18.63","false"
"PTH","2009-01-09","19.12","19.12","18.80","18.88","11900","18.81","false"
"PTH","2009-01-08","19.10","19.16","18.99","19.14","10300","19.07","false"
"PTH","2009-01-07","19.23","19.37","18.96","19.06","29800","18.99","false"
"PTH","2009-01-06","19.67","19.67","19.32","19.45","65600","19.38","false"
"PTH","2009-01-05","19.69","19.71","19.32","19.60","51300","19.53","false"
"PTH","2009-01-02","19.58","19.85","19.49","19.85","11800","19.77","false"
"PTH","2010-12-31","26.99","27.08","26.84","26.85","9900","26.85","false"
"PTH","2010-12-30","27.04","27.10","27.03","27.07","7000","27.07","false"
"PTH","2010-12-29","27.08","27.11","27.01","27.06","7400","27.06","false"
"PTH","2010-12-28","26.99","27.07","26.95","27.04","14900","27.04","false"
"PTH","2010-12-27","27.02","27.14","26.99","27.14","8200","27.14","false"
"PTH","2010-12-23","27.22","27.22","27.16","27.18","2400","27.18","false"
"PTH","2010-12-22","27.22","27.26","27.16","27.16","7700","27.16","false"
"PTH","2010-12-21","27.18","27.22","27.18","27.20","2300","27.20","false"
"PTH","2010-12-20","27.01","27.03","26.98","26.98","2400","26.98","false"
"PTH","2010-12-17","26.82","27.05","26.82","27.02","3600","27.02","false"
"PTH","2010-12-16","26.75","27.04","26.75","27.00","5500","27.00","false"
"PTH","2010-12-15","26.60","26.92","26.58","26.83","4700","26.83","false"
"PTH","2010-12-14","26.40","26.76","26.40","26.71","6800","26.71","false"
"PTH","2010-12-13","26.56","26.57","26.56","26.57","500","26.57","false"
"PTH","2010-12-10","26.18","26.60","26.18","26.49","7900","26.49","false"
"PTH","2010-12-09","26.20","26.24","26.14","26.16","5700","26.16","false"
"PTH","2010-12-08","26.22","26.28","26.18","26.18","3400","26.18","false"
"PTH","2010-12-07","26.26","26.27","26.20","26.26","5900","26.26","false"
"PTH","2010-12-06","26.04","26.15","26.04","26.12","11900","26.12","false"
"PTH","2010-12-03","26.19","26.19","25.98","26.11","4100","26.11","false"
"PTH","2010-12-02","26.04","26.11","26.04","26.10","1500","26.10","false"
"PTH","2010-12-01","25.95","26.01","25.91","25.92","13000","25.92","false"
"PTH","2010-11-30","25.38","25.55","25.38","25.49","3900","25.49","false"
"PTH","2010-11-29","25.76","25.76","25.40","25.69","7900","25.69","false"
"PTH","2010-11-26","25.96","25.96","25.92","25.94","700","25.94","false"
"PTH","2010-11-24","25.96","26.05","25.95","25.98","10700","25.98","false"
"PTH","2010-11-23","25.67","25.76","25.62","25.70","3700","25.70","false"
"PTH","2010-11-22","25.78","25.91","25.71","25.87","8000","25.87","false"
"PTH","2010-11-19","25.66","25.94","25.66","25.84","4300","25.84","false"
"PTH","2010-11-18","25.79","25.86","25.79","25.80","8500","25.80","false"
"PTH","2010-11-17","25.41","25.54","25.36","25.46","14700","25.46","false"
"PTH","2010-11-16","25.61","25.67","25.35","25.40","3400","25.40","false"
"PTH","2010-11-15","25.84","25.95","25.84","25.95","4900","25.95","false"
"PTH","2010-11-12","26.00","26.08","25.81","25.87","4700","25.87","false"
"PTH","2010-11-11","25.86","26.17","25.86","26.17","2900","26.17","false"
"PTH","2010-11-10","25.65","26.06","25.65","26.05","2500","26.05","false"
"PTH","2010-11-09","26.00","26.05","25.86","25.86","3800","25.86","false"
"PTH","2010-11-08","25.82","25.97","25.82","25.96","2900","25.96","false"
"PTH","2010-11-05","25.91","25.95","25.82","25.82","3000","25.82","false"
"PTH","2010-11-04","25.66","25.86","25.66","25.81","3400","25.81","false"
"PTH","2010-11-03","25.55","25.60","25.42","25.44","2600","25.44","false"
"PTH","2010-11-02","25.42","25.56","25.40","25.54","5400","25.54","false"
"PTH","2010-11-01","25.25","25.38","25.02","25.05","5400","25.05","false"
"PTH","2010-10-29","25.25","25.26","25.22","25.23","3600","25.23","false"
"PTH","2010-10-28","25.38","25.38","25.17","25.28","4700","25.28","false"
"PTH","2010-10-27","25.00","25.10","24.98","24.99","1000","24.99","false"
"PTH","2010-10-26","25.03","25.27","25.03","25.19","2700","25.19","false"
"PTH","2010-10-25","25.32","25.52","25.29","25.29","8200","25.29","false"
"PTH","2010-10-22","25.19","25.22","25.13","25.21","7300","25.21","false"
"PTH","2010-10-21","25.18","25.18","24.99","25.09","2500","25.09","false"
"PTH","2010-10-20","24.89","25.17","24.89","25.08","3300","25.08","false"
"PTH","2010-10-19","25.11","25.13","24.75","24.81","4300","24.81","false"
"PTH","2010-10-18","25.20","25.44","25.20","25.44","4200","25.44","false"
"PTH","2010-10-15","25.37","25.37","25.14","25.21","4100","25.21","false"
"PTH","2010-10-14","25.25","25.37","25.09","25.14","7000","25.14","false"
"PTH","2010-10-13","25.08","25.33","25.08","25.32","4600","25.32","false"
"PTH","2010-10-12","24.92","25.02","24.78","24.99","10600","24.99","false"
"PTH","2010-10-11","24.90","25.05","24.90","24.96","3200","24.96","false"
"PTH","2010-10-08","24.80","24.93","24.70","24.93","2800","24.93","false"
"PTH","2010-10-07","24.69","24.84","24.69","24.77","6000","24.77","false"
"PTH","2010-10-06","24.93","24.95","24.71","24.76","5400","24.76","false"
"PTH","2010-10-05","24.82","25.01","24.81","24.99","79000","24.99","false"
"PTH","2010-10-04","24.54","24.54","24.40","24.42","1600","24.42","false"
"PTH","2010-10-01","24.97","24.97","24.64","24.78","3400","24.78","false"
"PTH","2010-09-30","25.00","25.00","24.69","24.83","3200","24.83","false"
"PTH","2010-09-29","24.71","24.84","24.61","24.76","15900","24.76","false"
"PTH","2010-09-28","24.35","24.60","24.29","24.57","7100","24.57","false"
"PTH","2010-09-27","24.47","24.53","24.42","24.46","36500","24.46","false"
"PTH","2010-09-24","24.40","24.55","24.40","24.52","2000","24.52","false"
"PTH","2010-09-23","24.26","24.31","24.04","24.04","9000","24.04","false"
"PTH","2010-09-22","24.38","24.38","24.14","24.19","4600","24.19","false"
"PTH","2010-09-21","24.41","24.52","24.33","24.38","9300","24.38","false"
"PTH","2010-09-20","24.02","24.41","24.02","24.41","2800","24.41","false"
"PTH","2010-09-17","24.04","24.04","23.84","23.95","9600","23.95","false"
"PTH","2010-09-16","24.01","24.01","23.86","23.89","4400","23.89","false"
"PTH","2010-09-15","23.73","24.11","23.73","24.11","42500","24.11","false"
"PTH","2010-09-14","23.60","23.86","23.60","23.81","2700","23.81","false"
"PTH","2010-09-13","23.78","23.85","23.71","23.77","4400","23.77","false"
"PTH","2010-09-10","23.40","23.58","23.35","23.55","2200","23.55","false"
"PTH","2010-09-09","23.32","23.39","23.22","23.38","10800","23.38","false"
"PTH","2010-09-08","22.98","23.13","22.98","23.07","6800","23.07","false"
"PTH","2010-09-07","23.15","23.15","22.92","22.93","4400","22.93","false"
"PTH","2010-09-03","23.13","23.22","23.09","23.22","7400","23.22","false"
"PTH","2010-09-02","22.61","22.88","22.61","22.87","12800","22.87","false"
"PTH","2010-09-01","22.64","22.67","22.55","22.67","8500","22.67","false"
"PTH","2010-08-31","22.15","22.21","21.99","22.03","5500","22.03","false"
"PTH","2010-08-30","22.54","22.61","22.17","22.17","15800","22.17","false"
"PTH","2010-08-27","22.21","22.62","22.03","22.62","11600","22.62","false"
"PTH","2010-08-26","22.51","22.57","22.20","22.20","13300","22.20","false"
"PTH","2010-08-25","22.02","22.54","22.00","22.54","8100","22.54","false"
"PTH","2010-08-24","22.11","22.30","22.11","22.13","7200","22.13","false"
"PTH","2010-08-23","22.82","22.82","22.57","22.57","17300","22.57","false"
"PTH","2010-08-20","22.68","22.68","22.48","22.67","14800","22.67","false"
"PTH","2010-08-19","23.17","23.17","22.72","22.75","14700","22.75","false"
"PTH","2010-08-18","23.25","23.46","23.06","23.31","84200","23.31","false"
"PTH","2010-08-17","23.13","23.43","23.05","23.28","39400","23.28","false"
"PTH","2010-08-16","22.83","23.06","22.82","22.95","39300","22.95","false"
"PTH","2010-08-13","22.96","23.11","22.93","22.98","71500","22.98","false"
"PTH","2010-08-12","22.89","23.16","22.89","23.09","21100","23.09","false"
"PTH","2010-08-11","23.27","23.30","23.04","23.04","12600","23.04","false"
"PTH","2010-08-10","23.96","23.96","23.60","23.89","22800","23.89","false"
"PTH","2010-08-09","23.97","24.00","23.88","23.97","13000","23.97","false"
"PTH","2010-08-06","23.80","23.87","23.46","23.86","1475100","23.86","false"
"PTH","2010-08-05","23.69","23.90","23.69","23.81","8700","23.81","false"
"PTH","2010-08-04","23.51","23.93","23.51","23.92","8800","23.92","false"
"PTH","2010-08-03","23.28","23.71","23.28","23.52","8100","23.52","false"
"PTH","2010-08-02","23.44","23.54","23.39","23.43","4400","23.43","false"
"PTH","2010-07-30","22.62","23.14","22.56","23.14","7500","23.14","false"
"PTH","2010-07-29","22.83","23.02","22.58","22.82","13600","22.82","false"
"PTH","2010-07-28","23.01","23.01","22.66","22.69","16800","22.69","false"
"PTH","2010-07-27","23.31","23.31","23.07","23.09","6800","23.09","false"
"PTH","2010-07-26","22.91","23.30","22.91","23.30","7800","23.30","false"
"PTH","2010-07-23","22.64","22.95","22.64","22.86","9900","22.86","false"
"PTH","2010-07-22","22.74","22.99","22.67","22.70","7400","22.70","false"
"PTH","2010-07-21","23.06","23.10","22.45","22.52","13100","22.52","false"
"PTH","2010-07-20","22.77","23.06","22.77","23.03","3000","23.03","false"
"PTH","2010-07-19","22.97","23.05","22.88","22.97","9700","22.97","false"
"PTH","2010-07-16","23.50","23.52","23.01","23.02","7300","23.02","false"
"PTH","2010-07-15","23.62","23.69","23.41","23.68","8000","23.68","false"
"PTH","2010-07-14","23.54","23.69","23.51","23.58","5000","23.58","false"
"PTH","2010-07-13","23.43","23.66","23.40","23.59","10000","23.59","false"
"PTH","2010-07-12","23.37","23.40","23.18","23.25","9500","23.25","false"
"PTH","2010-07-09","23.29","23.42","23.29","23.42","3200","23.42","false"
"PTH","2010-07-08","23.30","23.35","23.18","23.32","6000","23.32","false"
"PTH","2010-07-07","22.65","23.15","22.65","23.15","6800","23.15","false"
"PTH","2010-07-06","22.97","23.13","22.61","22.73","6100","22.73","false"
"PTH","2010-07-02","22.91","22.91","22.69","22.86","4500","22.86","false"
"PTH","2010-07-01","22.93","22.93","22.35","22.86","51600","22.86","false"
"PTH","2010-06-30","23.58","23.69","23.27","23.33","24700","23.33","false"
"PTH","2010-06-29","23.81","23.81","23.41","23.58","55300","23.58","false"
"PTH","2010-06-28","24.35","24.37","24.29","24.34","2100","24.34","false"
"PTH","2010-06-25","24.00","24.36","24.00","24.26","9900","24.26","false"
"PTH","2010-06-24","24.19","24.32","24.07","24.10","24900","24.10","false"
"PTH","2010-06-23","24.42","24.50","24.20","24.41","7900","24.41","false"
"PTH","2010-06-22","24.91","25.01","24.55","24.55","12600","24.55","false"
"PTH","2010-06-21","25.21","25.25","24.78","24.82","23400","24.82","false"
"PTH","2010-06-18","25.12","25.12","24.93","24.96","19200","24.96","false"
"PTH","2010-06-17","25.08","25.15","24.94","25.04","17800","25.04","false"
"PTH","2010-06-16","24.95","25.11","24.92","25.06","32100","25.06","false"
"PTH","2010-06-15","24.69","24.99","24.69","24.98","7100","24.98","false"
"PTH","2010-06-14","24.65","24.81","24.55","24.55","10400","24.55","false"
"PTH","2010-06-11","24.43","24.43","24.26","24.36","4400","24.36","false"
"PTH","2010-06-10","24.03","24.23","23.99","24.22","14400","24.22","false"
"PTH","2010-06-09","23.85","24.09","23.63","23.73","18300","23.73","false"
"PTH","2010-06-08","23.78","23.84","23.40","23.71","13900","23.71","false"
"PTH","2010-06-07","24.07","24.23","23.80","23.80","6700","23.80","false"
"PTH","2010-06-04","24.53","24.70","24.04","24.05","6900","24.05","false"
"PTH","2010-06-03","24.64","24.93","24.64","24.93","29800","24.93","false"
"PTH","2010-06-02","24.14","24.60","24.14","24.60","4200","24.60","false"
"PTH","2010-06-01","24.36","24.50","24.10","24.10","9100","24.10","false"
"PTH","2010-05-28","24.64","24.78","24.58","24.77","16700","24.77","false"
"PTH","2010-05-27","24.55","24.63","24.34","24.63","8700","24.63","false"
"PTH","2010-05-26","24.13","24.41","23.98","24.08","17500","24.08","false"
"PTH","2010-05-25","23.64","23.98","23.44","23.98","26100","23.98","false"
"PTH","2010-05-24","24.08","24.38","24.07","24.16","11800","24.16","false"
"PTH","2010-05-21","23.58","24.10","23.54","24.01","38400","24.01","false"
"PTH","2010-05-20","24.36","24.47","24.00","24.00","27400","24.00","false"
"PTH","2010-05-19","25.05","25.05","24.71","24.90","57600","24.90","false"
"PTH","2010-05-18","25.50","25.50","24.94","25.00","12000","25.00","false"
"PTH","2010-05-17","25.31","25.32","24.76","25.27","10700","25.27","false"
"PTH","2010-05-14","25.39","25.47","24.93","25.12","47500","25.12","false"
"PTH","2010-05-13","25.70","25.75","25.49","25.52","13200","25.52","false"
"PTH","2010-05-12","25.40","25.72","25.28","25.71","11900","25.71","false"
"PTH","2010-05-11","25.00","25.46","25.00","25.28","16500","25.28","false"
"PTH","2010-05-10","25.17","25.20","24.90","25.15","46500","25.15","false"
"PTH","2010-05-07","24.48","24.58","24.05","24.18","36500","24.18","false"
"PTH","2010-05-06","25.32","25.41","23.87","24.77","11000","24.77","false"
"PTH","2010-05-05","25.45","25.50","25.23","25.42","10900","25.42","false"
"PTH","2010-05-04","25.69","25.73","25.47","25.52","11400","25.52","false"
"PTH","2010-05-03","25.78","25.95","25.70","25.95","16500","25.95","false"
"PTH","2010-04-30","26.15","26.25","25.65","25.65","21900","25.65","false"
"PTH","2010-04-29","26.00","26.19","25.96","26.19","12100","26.19","false"
"PTH","2010-04-28","25.74","25.87","25.70","25.80","11400","25.80","false"
"PTH","2010-04-27","25.94","26.02","25.61","25.61","10900","25.61","false"
"PTH","2010-04-26","26.02","26.13","25.83","25.85","19700","25.85","false"
"PTH","2010-04-23","25.95","26.08","25.88","26.08","6100","26.08","false"
"PTH","2010-04-22","25.83","25.91","25.69","25.91","16000","25.91","false"
"PTH","2010-04-21","26.05","26.12","25.85","25.98","8900","25.98","false"
"PTH","2010-04-20","25.90","26.17","25.85","26.17","6800","26.17","false"
"PTH","2010-04-19","25.56","25.82","25.56","25.76","9300","25.76","false"
"PTH","2010-04-16","25.79","25.86","25.54","25.70","9700","25.70","false"
"PTH","2010-04-15","25.75","25.85","25.70","25.79","23000","25.79","false"
"PTH","2010-04-14","25.69","25.75","25.60","25.74","8600","25.74","false"
"PTH","2010-04-13","25.55","25.63","25.41","25.63","5400","25.63","false"
"PTH","2010-04-12","25.55","25.63","25.55","25.61","9200","25.61","false"
"PTH","2010-04-09","25.39","25.55","25.39","25.55","9100","25.55","false"
"PTH","2010-04-08","25.46","25.47","25.24","25.44","7400","25.44","false"
"PTH","2010-04-07","25.46","25.53","25.40","25.41","9200","25.41","false"
"PTH","2010-04-06","25.55","25.66","25.54","25.58","6900","25.58","false"
"PTH","2010-04-05","25.63","25.67","25.56","25.57","12500","25.57","false"
"PTH","2010-04-01","25.45","25.51","25.37","25.43","5100","25.43","false"
"PTH","2010-03-31","25.36","25.47","25.27","25.27","22100","25.27","false"
"PTH","2010-03-30","25.39","25.49","25.36","25.43","18300","25.43","false"
"PTH","2010-03-29","25.23","25.35","25.23","25.35","5700","25.35","false"
"PTH","2010-03-26","25.28","25.34","25.15","25.15","11100","25.15","false"
"PTH","2010-03-25","25.70","25.70","25.32","25.32","13100","25.32","false"
"PTH","2010-03-24","25.76","25.76","25.44","25.45","10500","25.45","false"
"PTH","2010-03-23","25.92","25.92","25.49","25.75","15000","25.75","false"
"PTH","2010-03-22","25.10","25.66","25.10","25.64","22000","25.64","false"
"PTH","2010-03-19","25.23","25.25","25.19","25.25","4500","25.25","false"
"PTH","2010-03-18","25.15","25.33","25.14","25.31","25100","25.31","false"
"PTH","2010-03-17","25.15","25.24","25.10","25.19","10300","25.19","false"
"PTH","2010-03-16","24.88","25.10","24.88","25.10","8900","25.10","false"
"PTH","2010-03-15","24.64","24.96","24.64","24.94","33600","24.94","false"
"PTH","2010-03-12","24.96","24.96","24.70","24.81","9600","24.81","false"
"PTH","2010-03-11","24.69","24.85","24.68","24.85","10300","24.85","false"
"PTH","2010-03-10","24.57","24.74","24.57","24.66","25100","24.66","false"
"PTH","2010-03-09","24.64","24.67","24.55","24.56","5300","24.56","false"
"PTH","2010-03-08","24.79","24.84","24.68","24.69","6000","24.69","false"
"PTH","2010-03-05","24.58","24.84","24.58","24.84","10000","24.84","false"
"PTH","2010-03-04","24.51","24.51","24.34","24.46","13300","24.46","false"
"PTH","2010-03-03","24.61","24.69","24.41","24.41","15000","24.41","false"
"PTH","2010-03-02","24.45","24.64","24.45","24.59","8600","24.59","false"
"PTH","2010-03-01","23.97","24.33","23.97","24.29","11500","24.29","false"
"PTH","2010-02-26","23.89","24.03","23.85","23.96","11300","23.96","false"
"PTH","2010-02-25","23.63","23.85","23.62","23.84","13800","23.84","false"
"PTH","2010-02-24","23.96","23.98","23.82","23.94","8600","23.94","false"
"PTH","2010-02-23","24.03","24.05","23.81","23.82","10100","23.82","false"
"PTH","2010-02-22","24.09","24.16","24.04","24.08","9800","24.08","false"
"PTH","2010-02-19","23.92","24.09","23.92","24.08","10100","24.08","false"
"PTH","2010-02-18","24.01","24.16","23.97","24.16","11400","24.16","false"
"PTH","2010-02-17","23.84","24.00","23.83","23.90","8200","23.90","false"
"PTH","2010-02-16","23.75","23.75","23.51","23.67","7200","23.67","false"
"PTH","2010-02-12","23.22","23.44","23.22","23.43","6500","23.43","false"
"PTH","2010-02-11","23.09","23.42","22.99","23.41","8200","23.41","false"
"PTH","2010-02-10","23.07","23.17","22.85","23.05","4600","23.05","false"
"PTH","2010-02-09","23.13","23.24","22.93","23.15","8600","23.15","false"
"PTH","2010-02-08","22.85","23.08","22.85","22.95","5600","22.95","false"
"PTH","2010-02-05","22.94","22.94","22.51","22.87","66200","22.87","false"
"PTH","2010-02-04","23.37","23.37","23.00","23.00","15700","23.00","false"
"PTH","2010-02-03","23.70","23.71","23.45","23.54","134300","23.54","false"
"PTH","2010-02-02","23.44","23.81","23.42","23.78","13500","23.78","false"
"PTH","2010-02-01","23.32","23.46","23.24","23.41","26500","23.41","false"
"PTH","2010-01-29","23.46","23.59","23.33","23.33","10000","23.33","false"
"PTH","2010-01-28","23.69","23.69","23.30","23.48","16800","23.48","false"
"PTH","2010-01-27","23.47","23.66","23.47","23.66","9400","23.66","false"
"PTH","2010-01-26","23.45","23.72","23.45","23.57","11500","23.57","false"
"PTH","2010-01-25","23.71","23.72","23.52","23.60","12500","23.60","false"
"PTH","2010-01-22","23.87","24.02","23.59","23.59","12000","23.59","false"
"PTH","2010-01-21","24.41","24.41","23.88","23.94","14200","23.94","false"
"PTH","2010-01-20","24.68","24.71","24.33","24.51","7800","24.51","false"
"PTH","2010-01-19","24.42","24.78","24.32","24.78","37600","24.78","false"
"PTH","2010-01-15","24.45","24.45","24.21","24.32","11100","24.32","false"
"PTH","2010-01-14","24.44","24.60","24.44","24.57","5400","24.57","false"
"PTH","2010-01-13","24.13","24.41","24.13","24.36","8800","24.36","false"
"PTH","2010-01-12","24.16","24.18","23.98","23.99","16000","23.99","false"
"PTH","2010-01-11","24.15","24.25","24.14","24.20","12200","24.20","false"
"PTH","2010-01-08","23.98","24.08","23.92","24.05","9500","24.05","false"
"PTH","2010-01-07","23.82","24.02","23.76","24.00","11600","24.00","false"
"PTH","2010-01-06","24.00","24.00","23.81","23.81","11000","23.81","false"
"PTH","2010-01-05","24.08","24.08","23.88","23.91","16500","23.91","false"
"PTH","2010-01-04","24.02","24.03","23.94","24.01","9600","24.01","false"
"PTH","2011-06-24","31.25","31.25","30.74","30.82","8400","30.82","false"
"PTH","2011-06-23","30.59","31.10","30.58","31.02","15500","31.02","false"
"PTH","2011-06-22","31.28","31.44","31.17","31.19","7900","31.19","false"
"PTH","2011-06-21","30.99","31.37","30.95","31.33","17200","31.33","false"
"PTH","2011-06-20","30.59","30.82","30.59","30.79","5200","30.79","false"
"PTH","2011-06-17","30.72","30.72","30.38","30.39","2200","30.39","false"
"PTH","2011-06-16","30.39","30.63","30.24","30.44","4800","30.44","false"
"PTH","2011-06-15","30.77","30.90","30.45","30.45","5400","30.45","false"
"PTH","2011-06-14","30.69","31.07","30.69","30.98","8800","30.98","false"
"PTH","2011-06-13","30.48","30.63","30.46","30.46","2800","30.46","false"
"PTH","2011-06-10","30.85","30.85","30.33","30.54","8900","30.54","false"
"PTH","2011-06-09","30.64","31.14","30.64","30.96","4500","30.96","false"
"PTH","2011-06-08","30.63","30.77","30.53","30.63","4400","30.63","false"
"PTH","2011-06-07","30.69","30.89","30.69","30.77","6900","30.77","false"
"PTH","2011-06-06","30.74","30.74","30.55","30.60","8700","30.60","false"
"PTH","2011-06-03","30.94","31.22","30.94","31.04","7200","31.04","false"
"PTH","2011-06-02","31.40","31.46","31.19","31.30","24600","31.30","false"
"PTH","2011-06-01","31.65","31.65","31.44","31.44","8000","31.44","false"
"PTH","2011-05-31","31.83","31.93","31.65","31.93","37000","31.93","false"
"PTH","2011-05-27","31.60","31.65","31.50","31.54","44300","31.54","false"
"PTH","2011-05-26","31.18","31.54","31.07","31.50","65500","31.50","false"
"PTH","2011-05-25","31.04","31.30","30.91","31.24","6500","31.24","false"
"PTH","2011-05-24","31.26","31.26","30.99","31.22","30000","31.22","false"
"PTH","2011-05-23","31.37","31.37","31.07","31.22","35800","31.22","false"
"PTH","2011-05-20","31.98","31.98","31.68","31.78","44400","31.78","false"
"PTH","2011-05-19","32.14","32.14","31.87","32.05","13700","32.05","false"
"PTH","2011-05-18","31.56","31.95","31.56","31.95","20900","31.95","false"
"PTH","2011-05-17","31.48","31.54","31.28","31.45","9400","31.45","false"
"PTH","2011-05-16","31.59","31.82","31.59","31.62","47500","31.62","false"
"PTH","2011-05-13","32.19","32.19","31.63","31.75","4300","31.75","false"
"PTH","2011-05-12","31.64","31.99","31.43","31.95","7700","31.95","false"
"PTH","2011-05-11","31.90","31.90","31.53","31.66","36300","31.66","false"
"PTH","2011-05-10","31.81","31.95","31.65","31.95","9100","31.95","false"
"PTH","2011-05-09","31.33","31.65","31.33","31.64","3000","31.64","false"
"PTH","2011-05-06","31.44","31.63","31.30","31.43","6500","31.43","false"
"PTH","2011-05-05","30.95","31.44","30.95","31.20","8300","31.20","false"
"PTH","2011-05-04","31.32","31.34","31.03","31.18","19000","31.18","false"
"PTH","2011-05-03","31.35","31.47","31.24","31.29","3200","31.29","false"
"PTH","2011-05-02","31.59","31.79","31.56","31.60","7900","31.60","false"
"PTH","2011-04-29","31.50","31.54","31.40","31.47","34000","31.47","false"
"PTH","2011-04-28","31.40","31.71","31.40","31.71","26300","31.71","false"
"PTH","2011-04-27","31.26","31.50","31.15","31.47","37400","31.47","false"
"PTH","2011-04-26","30.96","31.13","30.93","31.12","87700","31.12","false"
"PTH","2011-04-25","30.60","30.60","30.40","30.51","3700","30.51","false"
"PTH","2011-04-21","30.58","30.79","30.58","30.68","8900","30.68","false"
"PTH","2011-04-20","30.27","30.36","30.18","30.32","20000","30.32","false"
"PTH","2011-04-19","29.86","30.00","29.78","30.00","4900","30.00","false"
"PTH","2011-04-18","30.21","30.21","29.54","29.75","6900","29.75","false"
"PTH","2011-04-15","30.16","30.36","30.15","30.36","3800","30.36","false"
"PTH","2011-04-14","30.29","30.29","29.89","30.14","20000","30.14","false"
"PTH","2011-04-13","30.00","30.08","29.91","30.08","2400","30.08","false"
"PTH","2011-04-12","30.04","30.04","29.87","29.96","1400","29.96","false"
"PTH","2011-04-11","30.05","30.05","29.82","29.89","9100","29.89","false"
"PTH","2011-04-08","30.03","30.08","29.85","29.97","5400","29.97","false"
"PTH","2011-04-07","30.36","30.42","30.06","30.11","94400","30.11","false"
"PTH","2011-04-06","30.31","30.31","30.13","30.20","4000","30.20","false"
"PTH","2011-04-05","30.10","30.38","30.10","30.19","2900","30.19","false"
"PTH","2011-04-04","30.01","30.13","30.01","30.06","9800","30.06","false"
"PTH","2011-04-01","29.81","29.91","29.81","29.87","3600","29.87","false"
"PTH","2011-03-31","29.51","29.64","29.51","29.64","5900","29.64","false"
"PTH","2011-03-30","29.37","29.65","29.37","29.54","2800","29.54","false"
"PTH","2011-03-29","29.05","29.22","29.04","29.16","4500","29.16","false"
"PTH","2011-03-28","29.00","29.00","28.89","28.89","3900","28.89","false"
"PTH","2011-03-25","28.83","29.09","28.83","28.97","3700","28.97","false"
"PTH","2011-03-24","28.59","28.69","28.53","28.69","2300","28.69","false"
"PTH","2011-03-23","28.64","28.64","28.03","28.42","3000","28.42","false"
"PTH","2011-03-22","28.50","28.50","28.38","28.42","1700","28.42","false"
"PTH","2011-03-21","28.43","28.58","28.43","28.47","5300","28.47","false"
"PTH","2011-03-18","28.33","28.35","28.07","28.07","1700","28.07","false"
"PTH","2011-03-17","28.11","28.14","28.00","28.02","4000","28.02","false"
"PTH","2011-03-16","28.22","28.32","27.84","27.84","16000","27.84","false"
"PTH","2011-03-15","27.94","28.39","27.94","28.26","7400","28.26","false"
"PTH","2011-03-14","28.66","28.69","28.32","28.45","2700","28.45","false"
"PTH","2011-03-11","28.46","28.79","28.46","28.79","4300","28.79","false"
"PTH","2011-03-10","28.73","28.77","28.53","28.69","3300","28.69","false"
"PTH","2011-03-09","29.33","29.33","29.10","29.21","5200","29.21","false"
"PTH","2011-03-08","28.96","29.18","28.96","29.10","3900","29.10","false"
"PTH","2011-03-07","29.11","29.11","28.46","28.68","4100","28.68","false"
"PTH","2011-03-04","29.10","29.10","28.81","28.99","5500","28.99","false"
"PTH","2011-03-03","28.63","29.13","28.63","29.10","12500","29.10","false"
"PTH","2011-03-02","28.15","28.48","28.15","28.48","1800","28.48","false"
"PTH","2011-03-01","28.37","28.43","28.19","28.25","2700","28.25","false"
"PTH","2011-02-28","28.39","28.59","28.30","28.38","10000","28.38","false"
"PTH","2011-02-25","28.11","28.35","28.11","28.32","3500","28.32","false"
"PTH","2011-02-24","28.00","28.00","27.76","27.85","2300","27.85","false"
"PTH","2011-02-23","28.19","28.19","27.88","27.90","11200","27.90","false"
"PTH","2011-02-22","28.64","28.64","28.18","28.29","14700","28.29","false"
"PTH","2011-02-18","28.70","28.74","28.59","28.64","171400","28.64","false"
"PTH","2011-02-17","28.40","28.57","28.36","28.53","22100","28.53","false"
"PTH","2011-02-16","28.25","28.33","28.21","28.33","1700","28.33","false"
"PTH","2011-02-15","28.07","28.23","27.30","28.16","3400","28.16","false"
"PTH","2011-02-14","28.03","28.24","28.03","28.24","2900","28.24","false"
"PTH","2011-02-11","27.88","28.10","27.88","28.06","4600","28.06","false"
"PTH","2011-02-10","27.82","27.94","27.82","27.83","3900","27.83","false"
"PTH","2011-02-09","27.75","27.88","27.70","27.81","3800","27.81","false"
"PTH","2011-02-08","27.75","27.80","27.72","27.76","3900","27.76","false"
"PTH","2011-02-07","27.65","27.80","27.65","27.70","3000","27.70","false"
"PTH","2011-02-04","27.70","27.78","27.50","27.59","4600","27.59","false"
"PTH","2011-02-03","27.37","27.68","27.37","27.67","5800","27.67","false"
"PTH","2011-02-02","27.47","27.52","27.47","27.47","1500","27.47","false"
"PTH","2011-02-01","27.47","27.62","27.45","27.62","9800","27.62","false"
"PTH","2011-01-31","27.11","27.29","27.11","27.17","9500","27.17","false"
"PTH","2011-01-28","27.61","27.61","27.13","27.19","15300","27.19","false"
"PTH","2011-01-27","27.59","27.82","27.59","27.82","11700","27.82","false"
"PTH","2011-01-26","27.45","27.69","27.45","27.69","10800","27.69","false"
"PTH","2011-01-25","27.21","27.40","27.21","27.40","10900","27.40","false"
"PTH","2011-01-24","27.24","27.28","27.18","27.18","6100","27.18","false"
"PTH","2011-01-21","27.37","27.37","27.13","27.13","3600","27.13","false"
"PTH","2011-01-20","27.31","27.31","27.14","27.22","1800","27.22","false"
"PTH","2011-01-19","27.65","27.65","27.27","27.31","7600","27.31","false"
"PTH","2011-01-18","27.75","27.77","27.62","27.77","3500","27.77","false"
"PTH","2011-01-14","27.32","27.66","27.32","27.66","7000","27.66","false"
"PTH","2011-01-13","27.47","27.55","27.43","27.43","13300","27.43","false"
"PTH","2011-01-12","27.38","27.49","27.38","27.41","3700","27.41","false"
"PTH","2011-01-11","27.28","27.37","27.27","27.30","2900","27.30","false"
"PTH","2011-01-10","27.02","27.20","26.90","27.20","3400","27.20","false"
"PTH","2011-01-07","27.10","27.16","26.89","27.00","10500","27.00","false"
"PTH","2011-01-06","27.14","27.19","27.07","27.11","5600","27.11","false"
"PTH","2011-01-05","26.87","27.11","26.87","27.07","8800","27.07","false"
"PTH","2011-01-04","27.16","27.18","26.80","26.91","43700","26.91","false"
"PTH","2011-01-03","27.05","27.31","27.05","27.23","11200","27.23","false"
