"RWJ","2008-12-31","17.10","17.73","17.09","17.73","11800","17.60","false"
"RWJ","2008-12-30","16.53","16.72","16.52","16.72","1300","16.60","false"
"RWJ","2008-12-29","16.27","16.27","16.09","16.09","3100","15.98","false"
"RWJ","2008-12-26","16.55","16.73","16.52","16.73","2700","16.56","false"
"RWJ","2008-12-24","16.40","16.53","16.40","16.51","800","16.34","false"
"RWJ","2008-12-23","16.79","16.82","16.42","16.42","29100","16.25","false"
"RWJ","2008-12-22","17.18","17.18","16.14","16.14","3300","15.97","false"
"RWJ","2008-12-19","16.80","17.18","16.80","17.18","13000","17.00","false"
"RWJ","2008-12-18","16.74","17.00","16.44","16.52","5300","16.35","false"
"RWJ","2008-12-17","16.28","16.99","16.27","16.99","3800","16.81","false"
"RWJ","2008-12-16","15.87","16.44","15.87","16.44","6200","16.27","false"
"RWJ","2008-12-15","15.54","15.58","15.47","15.47","1300","15.31","false"
"RWJ","2008-12-12","15.11","15.88","15.11","15.88","3800","15.71","false"
"RWJ","2008-12-11","16.05","16.05","15.58","15.58","400","15.42","false"
"RWJ","2008-12-10","16.16","16.29","16.16","16.25","4300","16.08","false"
"RWJ","2008-12-09","16.58","16.58","16.07","16.14","2700","15.97","false"
"RWJ","2008-12-08","16.30","16.59","16.30","16.57","4400","16.40","false"
"RWJ","2008-12-05","15.67","15.67","15.67","15.67","300","15.51","false"
"RWJ","2008-12-04","15.84","15.90","15.63","15.63","500","15.47","false"
"RWJ","2008-12-03","14.84","15.65","14.84","15.41","1400","15.25","false"
"RWJ","2008-12-02","14.91","14.91","14.90","14.90","6000","14.75","false"
"RWJ","2008-12-01","15.57","15.60","14.39","14.39","9300","14.24","false"
"RWJ","2008-11-28","16.32","16.38","16.32","16.38","4200","16.21","false"
"RWJ","2008-11-26","14.87","15.94","14.87","15.94","4000","15.77","false"
"RWJ","2008-11-25","14.75","14.98","14.75","14.79","9000","14.64","false"
"RWJ","2008-11-24","14.15","14.81","14.15","14.68","2700","14.53","false"
"RWJ","2008-11-21","13.34","13.69","12.97","13.69","6300","13.55","false"
"RWJ","2008-11-20","13.58","14.27","13.27","13.27","3500","13.13","false"
"RWJ","2008-11-19","15.12","15.32","14.38","14.56","34400","14.41","false"
"RWJ","2008-11-18","15.47","15.56","14.99","14.99","2000","14.83","false"
"RWJ","2008-11-17","15.48","15.67","15.26","15.67","2100","15.51","false"
"RWJ","2008-11-14","16.10","16.37","16.10","16.37","900","16.20","false"
"RWJ","2008-11-13","15.23","16.07","15.23","15.93","3500","15.76","false"
"RWJ","2008-11-12","15.85","15.98","15.47","15.84","3500","15.68","false"
"RWJ","2008-11-11","16.67","18.79","16.47","16.81","11000","16.64","false"
"RWJ","2008-11-10","17.32","17.67","16.85","16.85","29600","16.67","false"
"RWJ","2008-11-07","17.15","17.24","17.07","17.07","900","16.89","false"
"RWJ","2008-11-06","17.57","17.57","17.06","17.46","10600","17.28","false"
"RWJ","2008-11-05","36.85","36.88","36.23","36.26","6800","17.94","false"
"RWJ","2008-11-04","37.15","37.57","37.01","37.04","97000","18.33","false"
"RWJ","2008-11-03","37.49","37.49","36.76","36.90","100800","18.26","false"
"RWJ","2008-10-31","36.05","36.60","35.82","36.60","4800","18.11","false"
"RWJ","2008-10-30","34.80","35.00","34.18","35.00","1600","17.32","false"
"RWJ","2008-10-29","33.44","34.64","33.15","33.92","21400","16.78","false"
"RWJ","2008-10-28","30.83","32.03","30.66","32.03","5000","15.85","false"
"RWJ","2008-10-27","34.00","34.00","30.63","30.63","8000","15.16","false"
"RWJ","2008-10-24","27.00","32.40","27.00","32.40","8600","16.03","false"
"RWJ","2008-10-23","33.64","34.27","32.19","32.52","4000","16.09","false"
"RWJ","2008-10-22","35.03","35.39","34.19","34.30","7400","16.97","false"
"RWJ","2008-10-21","36.93","37.17","36.32","36.46","3200","18.04","false"
"RWJ","2008-10-20","36.84","36.94","36.43","36.94","22200","18.28","false"
"RWJ","2008-10-17","35.97","36.31","35.25","35.25","10400","17.44","false"
"RWJ","2008-10-16","34.45","34.93","34.45","34.67","1000","17.15","false"
"RWJ","2008-10-15","37.32","37.32","35.45","35.53","4400","17.58","false"
"RWJ","2008-10-14","41.98","41.98","38.60","38.60","11000","19.10","false"
"RWJ","2008-10-13","38.15","38.60","38.15","38.36","6000","18.98","false"
"RWJ","2008-10-10","32.99","35.58","32.99","35.26","5600","17.45","false"
"RWJ","2008-10-09","38.96","38.96","35.36","35.67","35800","17.65","false"
"RWJ","2008-10-08","38.20","40.02","37.80","39.99","8800","19.79","false"
"RWJ","2008-10-07","40.79","42.24","40.13","40.27","3800","19.93","false"
"RWJ","2008-10-06","41.04","41.86","40.24","41.86","3800","20.71","false"
"RWJ","2008-10-03","45.59","45.82","43.56","43.56","2800","21.55","false"
"RWJ","2008-10-02","46.12","46.12","44.46","44.54","6600","22.04","false"
"RWJ","2008-10-01","48.77","48.79","46.74","46.89","10400","23.20","false"
"RWJ","2008-09-30","46.66","47.10","46.66","47.08","7200","23.30","false"
"RWJ","2008-09-29","47.84","48.35","47.84","48.35","7200","23.92","false"
"RWJ","2008-09-26","49.06","49.44","48.71","49.44","11200","24.46","false"
"RWJ","2008-09-25","49.37","49.97","49.37","49.55","10200","24.52","false"
"RWJ","2008-09-24","48.95","49.38","48.95","49.38","1200","24.43","false"
"RWJ","2008-09-23","50.45","50.45","49.57","49.57","2600","24.53","false"
"RWJ","2008-09-22","51.89","51.89","50.93","50.93","1200","25.20","false"
"RWJ","2008-09-19","52.34","52.34","51.56","52.34","13000","25.90","false"
"RWJ","2008-09-18","48.53","50.64","48.06","50.64","4200","25.06","false"
"RWJ","2008-09-17","48.29","48.54","47.66","48.27","10000","23.88","false"
"RWJ","2008-09-16","48.97","49.39","48.81","48.81","14000","24.15","false"
"RWJ","2008-09-15","48.94","48.94","48.94","48.94","400","24.22","false"
"RWJ","2008-09-12","50.41","50.41","50.41","50.41","200","24.94","false"
"RWJ","2008-09-11","50.01","50.79","50.01","50.79","2000","25.13","false"
"RWJ","2008-09-10","50.28","50.28","50.28","50.28","800","24.88","false"
"RWJ","2008-09-09","51.58","51.75","49.88","49.88","39400","24.68","false"
"RWJ","2008-09-08","50.69","51.24","50.59","51.24","9600","25.35","false"
"RWJ","2008-09-05","49.10","49.10","49.10","49.10","1600","24.29","false"
"RWJ","2008-09-04","51.68","51.68","50.35","50.41","2000","24.94","false"
"RWJ","2008-09-03","51.49","51.71","51.34","51.34","13200","25.40","false"
"RWJ","2008-09-02","51.51","51.51","50.92","50.92","2200","25.20","false"
"RWJ","2008-08-29","51.04","51.20","51.04","51.20","2800","25.33","false"
"RWJ","2008-08-28","51.00","51.40","50.99","51.30","7200","25.38","false"
"RWJ","2008-08-27","49.46","49.46","49.46","49.46","0","24.47","false"
"RWJ","2008-08-26","49.70","49.75","49.46","49.46","3800","24.47","false"
"RWJ","2008-08-25","49.41","49.69","49.41","49.49","2600","24.49","false"
"RWJ","2008-08-22","50.64","50.73","50.38","50.38","2200","24.93","false"
"RWJ","2008-08-21","49.82","49.82","49.82","49.82","400","24.65","false"
"RWJ","2008-08-20","50.29","50.37","49.96","50.37","1400","24.92","false"
"RWJ","2008-08-19","51.31","51.31","50.27","50.27","15600","24.87","false"
"RWJ","2008-08-18","51.81","51.88","50.93","50.93","20000","25.20","false"
"RWJ","2008-08-15","51.99","52.00","51.39","51.39","7600","25.43","false"
"RWJ","2008-08-14","51.05","51.78","51.05","51.70","17800","25.58","false"
"RWJ","2008-08-13","51.20","51.41","50.67","51.19","7400","25.33","false"
"RWJ","2008-08-12","51.47","51.47","51.03","51.03","21800","25.25","false"
"RWJ","2008-08-11","50.63","51.70","50.61","51.56","5000","25.51","false"
"RWJ","2008-08-08","50.02","50.05","49.99","49.99","5600","24.74","false"
"RWJ","2008-08-07","48.74","48.78","48.50","48.55","3200","24.02","false"
"RWJ","2008-08-06","48.78","49.40","48.78","49.40","2200","24.44","false"
"RWJ","2008-08-05","48.66","48.69","48.58","48.69","1200","24.09","false"
"RWJ","2008-08-04","48.07","48.07","48.07","48.07","0","23.79","false"
"RWJ","2008-08-01","47.79","48.21","47.79","48.07","3600","23.79","false"
"RWJ","2008-07-31","48.61","48.61","48.33","48.33","8600","23.91","false"
"RWJ","2008-07-30","48.06","48.47","48.06","48.47","5000","23.98","false"
"RWJ","2008-07-29","48.15","48.66","48.15","48.54","5800","24.02","false"
"RWJ","2008-07-28","47.36","47.36","47.06","47.10","5800","23.31","false"
"RWJ","2008-07-25","47.70","48.36","47.70","47.99","54400","23.75","false"
"RWJ","2008-07-24","48.40","48.40","47.89","47.89","9600","23.70","false"
"RWJ","2008-07-23","48.76","48.85","48.76","48.85","5800","24.17","false"
"RWJ","2008-07-22","48.33","48.33","48.33","48.33","400","23.91","false"
"RWJ","2008-07-21","46.93","46.94","46.90","46.93","12800","23.22","false"
"RWJ","2008-07-18","46.92","46.92","46.66","46.71","1000","23.11","false"
"RWJ","2008-07-17","46.81","47.04","46.81","46.89","1600","23.20","false"
"RWJ","2008-07-16","44.68","44.68","44.68","44.68","400","22.11","false"
"RWJ","2008-07-15","44.50","44.97","44.30","44.79","2000","22.16","false"
"RWJ","2008-07-14","45.81","45.81","45.81","45.81","0","22.67","false"
"RWJ","2008-07-11","45.81","45.81","45.81","45.81","0","22.67","false"
"RWJ","2008-07-10","45.81","45.81","45.81","45.81","0","22.67","false"
"RWJ","2008-07-09","45.75","46.01","45.75","45.81","6400","22.67","false"
"RWJ","2008-07-08","44.53","44.53","44.53","44.53","200","22.03","false"
"RWJ","2008-07-07","45.16","45.16","45.16","45.16","0","22.35","false"
"RWJ","2008-07-03","45.16","45.16","45.16","45.16","400","22.35","false"
"RWJ","2008-07-02","46.37","46.40","44.88","44.88","2600","22.21","false"
"RWJ","2008-07-01","46.21","46.88","46.03","46.76","4000","23.14","false"
"RWJ","2008-06-30","47.33","47.49","46.95","46.95","15400","23.23","false"
"RWJ","2008-06-27","47.59","47.71","47.22","47.48","23200","23.49","false"
"RWJ","2008-06-26","48.31","48.31","47.66","47.66","400","23.58","false"
"RWJ","2008-06-25","49.10","49.10","49.10","49.10","200","24.29","false"
"RWJ","2008-06-24","48.17","48.17","48.17","48.17","200","23.83","false"
"RWJ","2008-06-23","49.00","49.00","49.00","49.00","200","24.25","false"
"RWJ","2008-06-20","50.07","50.19","49.24","49.28","46400","24.38","false"
"RWJ","2008-06-19","50.05","50.06","49.92","50.00","5400","24.74","false"
"RWJ","2008-06-18","50.21","50.21","49.74","49.95","8800","24.72","false"
"RWJ","2008-06-17","50.52","50.54","50.37","50.37","3200","24.92","false"
"RWJ","2008-06-16","50.66","50.74","50.66","50.67","8000","25.07","false"
"RWJ","2008-06-13","49.98","50.09","49.86","50.08","2800","24.78","false"
"RWJ","2008-06-12","49.89","49.89","49.44","49.74","5200","24.61","false"
"RWJ","2008-06-11","50.05","50.05","50.05","50.05","2200","24.76","false"
"RWJ","2008-06-10","50.36","50.52","50.29","50.50","7000","24.99","false"
"RWJ","2008-06-09","50.72","50.84","50.21","50.21","5000","24.84","false"
"RWJ","2008-06-06","51.34","51.34","50.93","50.93","3000","25.20","false"
"RWJ","2008-06-05","52.14","52.47","52.13","52.44","5800","25.95","false"
"RWJ","2008-06-04","51.04","51.44","51.04","51.35","9800","25.41","false"
"RWJ","2008-06-03","51.33","51.33","50.70","50.70","14400","25.09","false"
"RWJ","2008-06-02","50.85","50.85","50.85","50.85","400","25.16","false"
"RWJ","2008-05-30","51.37","51.46","51.37","51.43","10600","25.45","false"
"RWJ","2008-05-29","51.11","51.72","51.11","51.51","2400","25.49","false"
"RWJ","2008-05-28","50.56","50.95","50.56","50.95","4200","25.21","false"
"RWJ","2008-05-27","50.41","50.67","50.23","50.66","10000","25.07","false"
"RWJ","2008-05-23","50.12","50.12","49.48","49.84","45000","24.66","false"
"RWJ","2008-05-22","50.30","50.69","50.24","50.69","23600","25.08","false"
"RWJ","2008-05-21","51.09","51.09","50.00","50.22","24000","24.85","false"
"RWJ","2008-05-20","50.60","50.68","50.28","50.68","13800","25.08","false"
"RWJ","2008-05-19","51.51","51.56","50.97","50.97","1800","25.22","false"
"RWJ","2008-05-16","51.04","51.04","50.90","50.90","800","25.19","false"
"RWJ","2008-05-15","51.05","51.05","51.05","51.05","400","25.26","false"
"RWJ","2008-05-14","50.67","50.67","50.67","50.67","0","25.07","false"
"RWJ","2008-05-13","50.67","50.67","50.67","50.67","400","25.07","false"
"RWJ","2008-05-12","50.04","50.04","49.97","49.97","400","24.73","false"
"RWJ","2008-05-09","49.61","49.61","49.54","49.54","400","24.51","false"
"RWJ","2008-05-08","50.49","50.49","50.49","50.49","0","24.98","false"
"RWJ","2008-05-07","50.49","50.49","50.49","50.49","600","24.98","false"
"RWJ","2008-05-06","50.23","50.23","50.23","50.23","400","24.85","false"
"RWJ","2008-05-05","50.18","50.18","50.18","50.18","400","24.83","false"
"RWJ","2008-05-02","50.94","50.94","50.49","50.49","2200","24.98","false"
"RWJ","2008-05-01","50.81","50.81","50.81","50.81","1800","25.14","false"
"RWJ","2008-04-30","50.27","50.45","50.16","50.16","2000","24.82","false"
"RWJ","2008-04-29","51.12","51.12","50.18","50.26","2400","24.87","false"
"RWJ","2008-04-28","50.08","50.08","50.08","50.08","0","24.78","false"
"RWJ","2008-04-25","49.33","50.08","49.33","50.08","1400","24.78","false"
"RWJ","2008-04-24","49.01","50.05","48.84","50.05","2800","24.76","false"
"RWJ","2008-04-23","49.25","49.25","49.07","49.07","17400","24.28","false"
"RWJ","2008-04-22","50.15","50.15","50.15","50.15","0","24.81","false"
"RWJ","2008-04-21","50.15","50.15","50.15","50.15","400","24.81","false"
"RWJ","2008-04-18","49.85","49.85","49.85","49.85","0","24.67","false"
"RWJ","2008-04-17","49.68","49.85","49.65","49.85","2600","24.67","false"
"RWJ","2008-04-16","48.77","48.77","48.77","48.77","0","24.13","false"
"RWJ","2008-04-15","48.84","48.84","48.40","48.77","2200","24.13","false"
"RWJ","2008-04-14","48.60","48.63","48.60","48.63","2200","24.06","false"
"RWJ","2008-04-11","49.41","49.41","49.24","49.29","3000","24.39","false"
"RWJ","2008-04-10","49.55","49.97","49.55","49.97","7800","24.73","false"
"RWJ","2008-04-09","50.81","50.81","50.81","50.81","0","25.14","false"
"RWJ","2008-04-08","50.81","50.81","50.81","50.81","200","25.14","false"
"RWJ","2008-04-07","51.25","51.30","51.25","51.30","4000","25.38","false"
"RWJ","2008-04-04","51.21","51.21","51.09","51.09","400","25.28","false"
"RWJ","2008-04-03","50.87","51.10","50.74","51.10","12000","25.28","false"
"RWJ","2008-04-02","50.87","51.35","50.84","51.23","2200","25.35","false"
"RWJ","2008-04-01","49.39","49.39","49.39","49.39","0","24.44","false"
"RWJ","2008-03-31","49.39","49.39","49.39","49.39","800","24.44","false"
"RWJ","2008-03-28","50.06","50.06","50.06","50.06","0","24.77","false"
"RWJ","2008-03-27","49.57","50.06","49.57","50.06","30000","24.77","false"
"RWJ","2008-03-26","49.85","49.94","49.85","49.94","20000","24.71","false"
"RWJ","2008-03-25","47.39","47.39","47.39","47.39","0","23.45","false"
"RWJ","2008-03-24","47.39","47.39","47.39","47.39","0","23.45","false"
"RWJ","2008-03-20","47.39","47.39","47.39","47.39","0","23.45","false"
"RWJ","2008-03-19","47.39","47.39","47.39","47.39","0","23.45","false"
"RWJ","2008-03-18","47.39","47.39","47.39","47.39","0","23.45","false"
"RWJ","2008-03-17","47.39","47.39","47.39","47.39","0","23.45","false"
"RWJ","2009-12-31","26.33","26.34","25.90","25.90","13700","25.79","false"
"RWJ","2009-12-30","26.38","26.38","26.10","26.35","31900","26.23","false"
"RWJ","2009-12-29","26.31","26.40","26.25","26.34","18000","26.22","false"
"RWJ","2009-12-28","26.40","26.46","26.23","26.30","14400","26.16","false"
"RWJ","2009-12-24","26.28","26.38","26.27","26.38","7900","26.24","false"
"RWJ","2009-12-23","26.11","26.33","25.95","26.23","79700","26.09","false"
"RWJ","2009-12-22","25.73","25.93","25.73","25.93","32700","25.79","false"
"RWJ","2009-12-21","25.50","25.72","25.50","25.71","23100","25.57","false"
"RWJ","2009-12-18","25.29","25.29","24.90","25.19","21300","25.05","false"
"RWJ","2009-12-17","25.18","25.23","24.87","25.05","42400","24.91","false"
"RWJ","2009-12-16","25.33","25.45","25.24","25.33","73300","25.19","false"
"RWJ","2009-12-15","25.11","25.39","25.10","25.16","39800","25.02","false"
"RWJ","2009-12-14","24.92","25.25","24.68","25.25","14500","25.11","false"
"RWJ","2009-12-11","24.62","24.79","24.58","24.76","4300","24.63","false"
"RWJ","2009-12-10","24.64","24.71","24.45","24.45","28900","24.32","false"
"RWJ","2009-12-09","24.64","24.64","24.33","24.58","8700","24.45","false"
"RWJ","2009-12-08","24.56","24.79","24.38","24.58","16700","24.45","false"
"RWJ","2009-12-07","24.87","25.00","24.63","24.77","35800","24.64","false"
"RWJ","2009-12-04","24.56","24.95","24.42","24.70","27800","24.57","false"
"RWJ","2009-12-03","24.59","24.59","24.06","24.06","29600","23.93","false"
"RWJ","2009-12-02","24.25","24.75","24.25","24.46","12200","24.33","false"
"RWJ","2009-12-01","23.91","24.28","23.91","24.21","18300","24.08","false"
"RWJ","2009-11-30","23.79","23.81","23.24","23.81","50000","23.68","false"
"RWJ","2009-11-27","24.07","24.13","22.93","23.91","46400","23.78","false"
"RWJ","2009-11-25","24.71","24.71","24.55","24.55","23000","24.42","false"
"RWJ","2009-11-24","24.77","24.77","24.32","24.52","66200","24.39","false"
"RWJ","2009-11-23","24.80","25.07","24.68","24.72","14500","24.59","false"
"RWJ","2009-11-20","24.17","24.38","23.81","24.30","97600","24.17","false"
"RWJ","2009-11-19","24.87","24.93","24.08","24.33","35000","24.20","false"
"RWJ","2009-11-18","25.10","25.12","24.80","25.03","16100","24.89","false"
"RWJ","2009-11-17","25.04","25.16","24.90","25.11","43900","24.97","false"
"RWJ","2009-11-16","24.60","25.27","24.60","25.14","26500","25.00","false"
"RWJ","2009-11-13","24.18","24.51","23.84","24.35","96400","24.22","false"
"RWJ","2009-11-12","24.69","24.90","24.09","24.19","93200","24.06","false"
"RWJ","2009-11-11","24.71","24.90","24.43","24.63","22600","24.50","false"
"RWJ","2009-11-10","24.75","24.75","24.23","24.48","20000","24.35","false"
"RWJ","2009-11-09","24.44","24.63","24.44","24.58","18000","24.45","false"
"RWJ","2009-11-06","24.27","24.27","23.79","24.02","12300","23.89","false"
"RWJ","2009-11-05","23.59","24.14","23.48","24.12","71200","23.99","false"
"RWJ","2009-11-04","23.83","23.86","23.25","23.25","32900","23.12","false"
"RWJ","2009-11-03","22.94","23.63","22.94","23.63","91300","23.50","false"
"RWJ","2009-11-02","23.32","23.65","22.74","23.05","241300","22.92","false"
"RWJ","2009-10-30","23.74","23.80","23.18","23.24","158700","23.11","false"
"RWJ","2009-10-29","23.74","24.19","23.74","24.07","34100","23.94","false"
"RWJ","2009-10-28","24.42","24.42","23.53","23.55","114400","23.42","false"
"RWJ","2009-10-27","25.24","25.25","24.48","24.49","35400","24.36","false"
"RWJ","2009-10-26","25.69","26.01","25.11","25.19","30800","25.05","false"
"RWJ","2009-10-23","26.30","26.39","25.40","25.40","31400","25.26","false"
"RWJ","2009-10-22","25.73","26.33","25.53","26.17","86400","26.03","false"
"RWJ","2009-10-21","26.20","26.78","25.84","25.88","37400","25.74","false"
"RWJ","2009-10-20","26.68","26.68","26.09","26.26","34800","26.12","false"
"RWJ","2009-10-19","26.41","26.76","26.27","26.62","34800","26.48","false"
"RWJ","2009-10-16","26.41","26.45","26.06","26.34","24500","26.20","false"
"RWJ","2009-10-15","26.41","26.69","26.33","26.69","43700","26.54","false"
"RWJ","2009-10-14","26.43","26.65","26.28","26.60","52700","26.46","false"
"RWJ","2009-10-13","25.98","26.04","25.66","25.98","12000","25.84","false"
"RWJ","2009-10-12","26.14","26.36","25.93","26.05","70300","25.91","false"
"RWJ","2009-10-09","25.67","25.98","25.67","25.98","25900","25.84","false"
"RWJ","2009-10-08","25.52","25.84","25.41","25.64","35200","25.50","false"
"RWJ","2009-10-07","25.18","25.35","25.09","25.27","23900","25.13","false"
"RWJ","2009-10-06","25.05","25.36","24.94","25.22","16900","25.08","false"
"RWJ","2009-10-05","24.39","24.74","24.30","24.70","22700","24.57","false"
"RWJ","2009-10-02","24.16","24.37","23.81","24.21","48400","24.08","false"
"RWJ","2009-10-01","24.98","25.01","24.29","24.29","59400","24.16","false"
"RWJ","2009-09-30","25.65","25.68","25.02","25.34","40800","25.20","false"
"RWJ","2009-09-29","25.86","25.92","25.68","25.78","20700","25.64","false"
"RWJ","2009-09-28","25.12","25.81","25.12","25.71","12500","25.57","false"
"RWJ","2009-09-25","24.48","25.20","24.48","25.03","14000","24.89","false"
"RWJ","2009-09-24","25.71","25.71","24.93","25.08","26100","24.94","false"
"RWJ","2009-09-23","25.97","26.11","25.62","25.62","33200","25.48","false"
"RWJ","2009-09-22","25.96","25.96","25.74","25.90","24100","25.76","false"
"RWJ","2009-09-21","25.62","25.82","25.43","25.73","148800","25.59","false"
"RWJ","2009-09-18","25.97","25.97","25.61","25.87","23500","25.73","false"
"RWJ","2009-09-17","25.87","26.08","25.68","25.76","27600","25.62","false"
"RWJ","2009-09-16","25.45","25.92","25.33","25.86","84400","25.72","false"
"RWJ","2009-09-15","25.03","25.41","24.94","25.41","42800","25.27","false"
"RWJ","2009-09-14","24.67","25.06","24.59","25.06","48300","24.92","false"
"RWJ","2009-09-11","24.99","25.15","24.75","24.91","30600","24.77","false"
"RWJ","2009-09-10","24.45","24.92","24.45","24.92","121200","24.78","false"
"RWJ","2009-09-09","24.02","24.56","23.92","24.41","31000","24.28","false"
"RWJ","2009-09-08","24.04","24.05","23.78","24.05","36800","23.92","false"
"RWJ","2009-09-04","23.34","23.77","23.16","23.77","92400","23.64","false"
"RWJ","2009-09-03","23.26","23.29","22.89","23.29","10100","23.16","false"
"RWJ","2009-09-02","23.12","23.27","23.03","23.13","20400","23.00","false"
"RWJ","2009-09-01","24.21","24.22","23.14","23.25","27800","23.12","false"
"RWJ","2009-08-31","24.03","24.03","23.77","23.87","31000","23.74","false"
"RWJ","2009-08-28","24.74","24.89","24.21","24.38","21900","24.25","false"
"RWJ","2009-08-27","24.54","24.65","24.03","24.50","41900","24.37","false"
"RWJ","2009-08-26","24.57","24.69","24.43","24.59","17000","24.46","false"
"RWJ","2009-08-25","24.62","24.77","24.43","24.58","50500","24.45","false"
"RWJ","2009-08-24","24.52","24.66","24.28","24.35","26700","24.22","false"
"RWJ","2009-08-21","24.06","24.50","24.06","24.43","20200","24.30","false"
"RWJ","2009-08-20","23.65","23.87","23.56","23.84","9700","23.71","false"
"RWJ","2009-08-19","22.89","23.46","22.79","23.44","13000","23.31","false"
"RWJ","2009-08-18","22.90","23.28","22.73","23.16","19300","23.03","false"
"RWJ","2009-08-17","22.99","22.99","22.01","22.77","29900","22.65","false"
"RWJ","2009-08-14","23.73","23.73","23.22","23.36","39900","23.23","false"
"RWJ","2009-08-13","24.25","24.25","23.73","24.05","23700","23.92","false"
"RWJ","2009-08-12","23.54","24.18","23.54","24.00","26200","23.87","false"
"RWJ","2009-08-11","23.90","24.02","23.40","23.58","34200","23.45","false"
"RWJ","2009-08-10","23.77","24.09","23.65","23.94","41000","23.81","false"
"RWJ","2009-08-07","23.48","24.07","23.38","23.91","29800","23.78","false"
"RWJ","2009-08-06","23.54","23.57","22.92","23.03","92400","22.90","false"
"RWJ","2009-08-05","23.60","23.60","23.16","23.43","58500","23.30","false"
"RWJ","2009-08-04","23.33","23.72","23.33","23.60","35600","23.47","false"
"RWJ","2009-08-03","23.06","23.44","22.80","23.44","57600","23.31","false"
"RWJ","2009-07-31","22.62","23.06","22.54","22.82","31400","22.70","false"
"RWJ","2009-07-30","22.28","22.81","22.28","22.63","60200","22.51","false"
"RWJ","2009-07-29","22.10","22.11","21.85","22.01","33900","21.89","false"
"RWJ","2009-07-28","22.15","22.28","21.87","22.21","30900","22.09","false"
"RWJ","2009-07-27","23.06","23.06","21.99","22.25","30900","22.13","false"
"RWJ","2009-07-24","21.85","22.20","21.76","22.20","18100","22.08","false"
"RWJ","2009-07-23","21.30","22.12","21.22","21.98","122000","21.86","false"
"RWJ","2009-07-22","21.09","21.46","21.09","21.29","31000","21.17","false"
"RWJ","2009-07-21","21.44","21.44","21.02","21.17","13300","21.05","false"
"RWJ","2009-07-20","21.09","21.30","21.02","21.30","71700","21.18","false"
"RWJ","2009-07-17","20.96","21.02","20.84","21.00","32500","20.89","false"
"RWJ","2009-07-16","20.56","21.05","20.52","20.99","59900","20.88","false"
"RWJ","2009-07-15","20.14","20.69","20.14","20.69","74100","20.58","false"
"RWJ","2009-07-14","19.52","19.83","19.49","19.82","11400","19.71","false"
"RWJ","2009-07-13","19.03","19.58","18.72","19.56","21500","19.45","false"
"RWJ","2009-07-10","18.83","19.08","18.66","19.04","34300","18.94","false"
"RWJ","2009-07-09","19.13","19.13","18.87","18.91","38800","18.81","false"
"RWJ","2009-07-08","19.28","19.28","18.61","18.86","33700","18.76","false"
"RWJ","2009-07-07","19.45","19.45","19.09","19.09","6100","18.99","false"
"RWJ","2009-07-06","19.64","19.64","19.12","19.29","8500","19.18","false"
"RWJ","2009-07-02","20.36","20.36","19.72","19.72","7200","19.61","false"
"RWJ","2009-07-01","20.24","20.76","20.17","20.63","21700","20.50","false"
"RWJ","2009-06-30","20.24","20.29","19.94","20.10","36800","19.98","false"
"RWJ","2009-06-29","20.52","20.52","19.75","20.13","87400","20.01","false"
"RWJ","2009-06-26","19.60","20.17","19.60","20.03","43900","19.91","false"
"RWJ","2009-06-25","19.14","19.70","19.14","19.70","12900","19.58","false"
"RWJ","2009-06-24","19.02","19.46","19.02","19.07","11500","18.95","false"
"RWJ","2009-06-23","19.15","19.24","18.82","18.97","16600","18.85","false"
"RWJ","2009-06-22","19.79","19.79","19.00","19.03","39000","18.91","false"
"RWJ","2009-06-19","20.09","20.21","19.94","19.96","15400","19.84","false"
"RWJ","2009-06-18","19.75","19.89","19.50","19.82","7000","19.70","false"
"RWJ","2009-06-17","19.57","20.00","19.46","19.83","35000","19.71","false"
"RWJ","2009-06-16","20.34","20.34","19.67","19.73","22500","19.61","false"
"RWJ","2009-06-15","20.50","20.50","19.98","20.21","51800","20.09","false"
"RWJ","2009-06-12","20.65","20.73","20.49","20.73","6400","20.60","false"
"RWJ","2009-06-11","21.04","21.25","20.89","20.89","20500","20.76","false"
"RWJ","2009-06-10","21.24","21.24","20.73","21.02","24800","20.89","false"
"RWJ","2009-06-09","21.11","21.30","21.08","21.15","40500","21.02","false"
"RWJ","2009-06-08","21.14","21.25","20.75","21.04","15000","20.91","false"
"RWJ","2009-06-05","21.12","21.40","21.06","21.26","14700","21.13","false"
"RWJ","2009-06-04","20.91","21.15","20.64","21.15","10500","21.02","false"
"RWJ","2009-06-03","20.86","20.86","20.59","20.82","20400","20.69","false"
"RWJ","2009-06-02","20.75","21.27","20.75","21.20","11300","21.07","false"
"RWJ","2009-06-01","20.69","20.91","20.69","20.83","26000","20.70","false"
"RWJ","2009-05-29","19.71","19.89","19.61","19.83","14700","19.71","false"
"RWJ","2009-05-28","19.77","19.77","19.09","19.66","12800","19.54","false"
"RWJ","2009-05-27","19.78","20.10","19.55","19.55","17700","19.43","false"
"RWJ","2009-05-26","18.78","20.00","18.71","19.95","35800","19.83","false"
"RWJ","2009-05-22","19.25","19.25","18.88","18.88","19500","18.76","false"
"RWJ","2009-05-21","19.11","19.13","18.86","19.09","29900","18.97","false"
"RWJ","2009-05-20","19.75","20.20","19.36","19.36","27200","19.24","false"
"RWJ","2009-05-19","19.51","19.77","19.25","19.56","124800","19.44","false"
"RWJ","2009-05-18","18.92","19.46","18.78","19.46","14400","19.34","false"
"RWJ","2009-05-15","18.50","18.90","18.31","18.55","28000","18.44","false"
"RWJ","2009-05-14","18.30","18.90","18.30","18.56","30900","18.45","false"
"RWJ","2009-05-13","18.64","18.74","18.16","18.20","43300","18.09","false"
"RWJ","2009-05-12","19.58","20.01","18.99","19.29","28900","19.17","false"
"RWJ","2009-05-11","19.59","19.98","19.59","19.73","6000","19.61","false"
"RWJ","2009-05-08","19.95","20.24","19.57","20.24","14000","20.12","false"
"RWJ","2009-05-07","20.14","20.17","19.31","19.40","68100","19.28","false"
"RWJ","2009-05-06","18.93","20.09","18.93","19.93","37300","19.81","false"
"RWJ","2009-05-05","19.85","19.85","18.83","19.79","17000","19.67","false"
"RWJ","2009-05-04","19.31","19.83","19.31","19.83","41600","19.71","false"
"RWJ","2009-05-01","18.71","19.05","18.62","18.91","169600","18.79","false"
"RWJ","2009-04-30","19.14","19.27","18.75","18.75","70600","18.64","false"
"RWJ","2009-04-29","18.22","18.84","18.22","18.61","33100","18.50","false"
"RWJ","2009-04-28","17.59","18.13","17.52","17.85","16400","17.74","false"
"RWJ","2009-04-27","17.56","17.95","17.53","17.70","14100","17.59","false"
"RWJ","2009-04-24","17.92","18.14","17.88","17.97","5500","17.86","false"
"RWJ","2009-04-23","17.65","17.77","17.29","17.55","7400","17.44","false"
"RWJ","2009-04-22","17.48","17.92","17.12","17.69","11800","17.58","false"
"RWJ","2009-04-21","16.61","17.17","16.61","17.16","13900","17.05","false"
"RWJ","2009-04-20","17.04","17.04","16.53","16.60","73900","16.50","false"
"RWJ","2009-04-17","17.56","17.71","17.19","17.65","18800","17.54","false"
"RWJ","2009-04-16","16.78","17.37","16.66","17.37","29700","17.26","false"
"RWJ","2009-04-15","16.35","16.62","16.35","16.60","56800","16.50","false"
"RWJ","2009-04-14","16.58","16.81","16.36","16.40","4300","16.30","false"
"RWJ","2009-04-13","16.61","16.95","16.45","16.92","4300","16.82","false"
"RWJ","2009-04-09","16.64","16.66","16.11","16.65","1600","16.55","false"
"RWJ","2009-04-08","15.44","15.67","15.27","15.67","18100","15.57","false"
"RWJ","2009-04-07","15.60","15.64","15.20","15.31","5600","15.22","false"
"RWJ","2009-04-06","15.93","15.93","15.64","15.69","1700","15.59","false"
"RWJ","2009-04-03","15.88","16.15","15.72","16.15","7500","16.05","false"
"RWJ","2009-04-02","15.36","16.08","15.36","15.93","11300","15.83","false"
"RWJ","2009-04-01","14.34","14.80","14.33","14.79","1700","14.68","false"
"RWJ","2009-03-31","14.62","15.01","14.62","14.84","4200","14.73","false"
"RWJ","2009-03-30","14.35","14.49","14.28","14.46","2900","14.36","false"
"RWJ","2009-03-27","15.49","15.49","15.12","15.19","12600","15.08","false"
"RWJ","2009-03-26","15.12","15.53","15.12","15.37","3400","15.26","false"
"RWJ","2009-03-25","14.79","15.10","14.23","14.83","11000","14.72","false"
"RWJ","2009-03-24","14.73","14.86","14.62","14.62","7700","14.52","false"
"RWJ","2009-03-23","13.88","13.88","13.88","13.88","0","13.78","false"
"RWJ","2009-03-20","14.39","14.40","13.76","13.88","9700","13.78","false"
"RWJ","2009-03-19","14.40","14.42","14.25","14.25","4100","14.15","false"
"RWJ","2009-03-18","13.71","14.77","13.62","14.36","22400","14.26","false"
"RWJ","2009-03-17","13.11","13.76","13.09","13.76","7200","13.66","false"
"RWJ","2009-03-16","13.47","13.62","13.12","13.12","18300","13.03","false"
"RWJ","2009-03-13","13.25","13.34","13.08","13.32","10800","13.23","false"
"RWJ","2009-03-12","12.50","13.14","12.25","13.14","9200","13.05","false"
"RWJ","2009-03-11","12.49","12.70","12.31","12.37","5500","12.28","false"
"RWJ","2009-03-10","11.79","12.28","11.79","12.25","11400","12.16","false"
"RWJ","2009-03-09","11.63","11.87","11.47","11.47","8900","11.39","false"
"RWJ","2009-03-06","11.83","12.03","11.52","11.52","6500","11.44","false"
"RWJ","2009-03-05","12.25","12.34","11.78","11.81","3900","11.73","false"
"RWJ","2009-03-04","12.37","12.53","12.30","12.53","12000","12.44","false"
"RWJ","2009-03-03","12.57","12.57","12.13","12.13","12300","12.04","false"
"RWJ","2009-03-02","12.93","12.93","12.46","12.46","6700","12.37","false"
"RWJ","2009-02-27","13.43","13.43","13.26","13.30","3300","13.21","false"
"RWJ","2009-02-26","13.75","13.75","13.39","13.39","5900","13.29","false"
"RWJ","2009-02-25","13.76","13.76","13.45","13.71","3800","13.61","false"
"RWJ","2009-02-24","13.66","13.84","13.47","13.84","4000","13.74","false"
"RWJ","2009-02-23","13.97","13.97","13.38","13.40","2700","13.30","false"
"RWJ","2009-02-20","13.72","14.06","13.67","13.94","6200","13.84","false"
"RWJ","2009-02-19","14.47","14.50","14.14","14.14","1900","14.04","false"
"RWJ","2009-02-18","14.67","14.67","14.31","14.42","2100","14.32","false"
"RWJ","2009-02-17","14.51","14.72","14.51","14.65","5300","14.55","false"
"RWJ","2009-02-13","15.33","15.56","15.22","15.22","2000","15.11","false"
"RWJ","2009-02-12","15.05","15.26","14.80","15.26","5800","15.15","false"
"RWJ","2009-02-11","15.34","15.43","15.08","15.29","4400","15.18","false"
"RWJ","2009-02-10","16.14","16.14","15.25","15.30","15500","15.19","false"
"RWJ","2009-02-09","16.11","16.19","15.89","16.07","19900","15.96","false"
"RWJ","2009-02-06","15.94","16.23","15.89","16.19","7500","16.07","false"
"RWJ","2009-02-05","15.33","15.72","15.20","15.64","18600","15.53","false"
"RWJ","2009-02-04","15.51","15.77","15.51","15.68","2500","15.57","false"
"RWJ","2009-02-03","15.33","15.52","15.32","15.46","3300","15.35","false"
"RWJ","2009-02-02","15.00","15.26","14.94","15.17","8200","15.06","false"
"RWJ","2009-01-30","15.55","15.55","15.23","15.23","2600","15.12","false"
"RWJ","2009-01-29","15.88","15.99","15.63","15.63","1100","15.52","false"
"RWJ","2009-01-28","16.17","16.34","16.17","16.27","1500","16.15","false"
"RWJ","2009-01-27","15.71","15.77","15.70","15.71","1100","15.60","false"
"RWJ","2009-01-26","15.67","15.92","15.52","15.52","2400","15.41","false"
"RWJ","2009-01-23","15.02","15.48","15.02","15.48","1100","15.37","false"
"RWJ","2009-01-22","15.39","15.63","15.03","15.63","28000","15.52","false"
"RWJ","2009-01-21","15.17","15.57","15.17","15.56","4700","15.45","false"
"RWJ","2009-01-20","16.07","16.07","15.13","15.13","4100","15.02","false"
"RWJ","2009-01-16","16.23","16.23","15.76","15.94","900","15.83","false"
"RWJ","2009-01-15","15.76","15.99","15.32","15.99","1700","15.88","false"
"RWJ","2009-01-14","15.94","15.94","15.79","15.79","1400","15.68","false"
"RWJ","2009-01-13","16.43","16.60","16.43","16.60","1300","16.48","false"
"RWJ","2009-01-12","17.00","17.00","16.88","16.88","1500","16.76","false"
"RWJ","2009-01-09","17.53","17.53","17.32","17.32","500","17.20","false"
"RWJ","2009-01-08","17.62","17.71","17.62","17.71","1200","17.58","false"
"RWJ","2009-01-07","17.94","18.08","17.71","17.73","4100","17.60","false"
"RWJ","2009-01-06","18.17","18.65","18.17","18.65","1800","18.52","false"
"RWJ","2009-01-05","17.72","17.88","17.72","17.88","6500","17.75","false"
"RWJ","2009-01-02","17.64","18.03","17.64","18.03","2300","17.90","false"
"RWJ","2010-12-31","32.80","32.80","32.48","32.49","8700","32.48","false"
"RWJ","2010-12-30","32.91","32.96","32.82","32.84","6900","32.83","false"
"RWJ","2010-12-29","32.91","32.93","32.86","32.92","4000","32.90","false"
"RWJ","2010-12-28","33.03","33.03","32.80","32.93","12100","32.83","false"
"RWJ","2010-12-27","32.74","33.02","32.74","32.96","7400","32.86","false"
"RWJ","2010-12-23","32.92","33.00","32.85","32.92","9300","32.83","false"
"RWJ","2010-12-22","32.87","33.00","32.82","32.89","30200","32.80","false"
"RWJ","2010-12-21","32.70","32.83","32.68","32.79","167500","32.70","false"
"RWJ","2010-12-20","32.49","32.71","32.38","32.56","14300","32.47","false"
"RWJ","2010-12-17","31.91","32.34","31.91","32.34","11000","32.25","false"
"RWJ","2010-12-16","31.84","32.20","31.78","32.14","21200","32.05","false"
"RWJ","2010-12-15","31.93","32.19","31.82","31.83","51100","31.74","false"
"RWJ","2010-12-14","31.91","32.06","31.89","31.93","18900","31.84","false"
"RWJ","2010-12-13","32.26","32.26","31.96","31.96","20100","31.87","false"
"RWJ","2010-12-10","31.84","32.11","31.77","32.11","11500","32.02","false"
"RWJ","2010-12-09","31.90","31.90","31.75","31.88","78200","31.79","false"
"RWJ","2010-12-08","31.80","31.96","31.66","31.66","20800","31.57","false"
"RWJ","2010-12-07","31.93","32.03","31.74","31.74","29100","31.65","false"
"RWJ","2010-12-06","31.37","31.64","31.34","31.58","15700","31.49","false"
"RWJ","2010-12-03","31.02","31.39","31.02","31.39","12300","31.30","false"
"RWJ","2010-12-02","30.86","31.18","30.83","31.15","22800","31.06","false"
"RWJ","2010-12-01","30.62","30.89","30.62","30.76","52000","30.67","false"
"RWJ","2010-11-30","30.07","30.34","29.91","30.20","23100","30.11","false"
"RWJ","2010-11-29","30.36","30.49","29.91","30.45","15300","30.36","false"
"RWJ","2010-11-26","30.47","30.54","30.34","30.47","4200","30.38","false"
"RWJ","2010-11-24","30.30","30.58","30.30","30.58","9800","30.49","false"
"RWJ","2010-11-23","29.76","29.90","29.61","29.86","12500","29.77","false"
"RWJ","2010-11-22","29.99","30.20","29.72","30.13","11800","30.04","false"
"RWJ","2010-11-19","29.90","30.07","29.67","29.99","26200","29.90","false"
"RWJ","2010-11-18","29.84","30.10","29.78","29.89","9500","29.80","false"
"RWJ","2010-11-17","29.35","29.43","29.22","29.35","23700","29.27","false"
"RWJ","2010-11-16","29.59","29.64","29.16","29.32","19500","29.24","false"
"RWJ","2010-11-15","30.07","30.17","29.83","29.86","11400","29.77","false"
"RWJ","2010-11-12","30.16","30.26","29.90","29.92","8000","29.83","false"
"RWJ","2010-11-11","30.22","30.49","30.17","30.41","18200","30.32","false"
"RWJ","2010-11-10","30.17","30.50","29.95","30.50","10300","30.41","false"
"RWJ","2010-11-09","30.55","30.61","30.06","30.14","11200","30.05","false"
"RWJ","2010-11-08","30.40","30.53","30.26","30.51","53900","30.42","false"
"RWJ","2010-11-05","30.39","30.53","30.33","30.47","32000","30.38","false"
"RWJ","2010-11-04","30.02","30.35","30.02","30.30","13100","30.21","false"
"RWJ","2010-11-03","29.65","29.69","29.36","29.61","13800","29.52","false"
"RWJ","2010-11-02","29.16","29.60","29.16","29.60","8600","29.51","false"
"RWJ","2010-11-01","29.24","29.32","28.73","28.87","59200","28.79","false"
"RWJ","2010-10-29","28.93","29.17","28.93","29.09","14400","29.01","false"
"RWJ","2010-10-28","29.25","29.36","28.85","28.95","11500","28.87","false"
"RWJ","2010-10-27","29.12","29.16","28.72","29.08","8700","29.00","false"
"RWJ","2010-10-26","29.14","29.49","29.06","29.22","198400","29.14","false"
"RWJ","2010-10-25","29.43","29.63","29.26","29.29","161300","29.21","false"
"RWJ","2010-10-22","29.00","29.16","28.94","29.13","38400","29.05","false"
"RWJ","2010-10-21","29.31","29.40","28.58","28.99","35600","28.91","false"
"RWJ","2010-10-20","28.97","29.24","28.88","29.08","35300","29.00","false"
"RWJ","2010-10-19","29.09","29.39","28.67","28.85","30500","28.77","false"
"RWJ","2010-10-18","29.41","29.54","29.25","29.52","20000","29.43","false"
"RWJ","2010-10-15","29.62","29.62","29.07","29.30","35100","29.22","false"
"RWJ","2010-10-14","29.15","29.29","29.02","29.29","64300","29.21","false"
"RWJ","2010-10-13","29.11","29.52","29.00","29.28","32400","29.20","false"
"RWJ","2010-10-12","28.56","28.96","28.40","28.90","15600","28.82","false"
"RWJ","2010-10-11","28.80","29.03","28.68","28.81","30000","28.73","false"
"RWJ","2010-10-08","28.35","28.83","28.29","28.68","11500","28.60","false"
"RWJ","2010-10-07","28.43","28.59","28.08","28.29","64200","28.21","false"
"RWJ","2010-10-06","28.42","28.43","28.09","28.31","41500","28.23","false"
"RWJ","2010-10-05","27.88","28.39","27.77","28.39","8100","28.31","false"
"RWJ","2010-10-04","27.92","27.93","27.41","27.57","11600","27.49","false"
"RWJ","2010-10-01","28.05","28.08","27.77","28.03","29200","27.93","false"
"RWJ","2010-09-30","28.13","28.21","27.58","27.82","39300","27.72","false"
"RWJ","2010-09-29","27.75","28.06","27.70","27.92","31200","27.82","false"
"RWJ","2010-09-28","27.31","27.84","27.09","27.79","86900","27.69","false"
"RWJ","2010-09-27","27.56","27.71","27.42","27.56","115500","27.46","false"
"RWJ","2010-09-24","27.00","27.61","27.00","27.58","80100","27.48","false"
"RWJ","2010-09-23","26.79","27.22","26.65","26.70","21900","26.60","false"
"RWJ","2010-09-22","27.23","27.39","26.82","27.04","37500","26.94","false"
"RWJ","2010-09-21","27.38","27.69","27.29","27.32","32700","27.22","false"
"RWJ","2010-09-20","26.77","27.55","26.76","27.55","29000","27.45","false"
"RWJ","2010-09-17","26.97","26.97","26.50","26.85","13000","26.75","false"
"RWJ","2010-09-16","26.88","26.95","26.57","26.74","5400","26.64","false"
"RWJ","2010-09-15","26.67","27.04","26.64","27.02","14500","26.92","false"
"RWJ","2010-09-14","26.86","27.04","26.81","26.86","7200","26.76","false"
"RWJ","2010-09-13","26.65","26.96","26.52","26.93","15500","26.83","false"
"RWJ","2010-09-10","26.37","26.43","26.19","26.27","8200","26.17","false"
"RWJ","2010-09-09","26.57","26.58","26.02","26.19","16600","26.09","false"
"RWJ","2010-09-08","26.23","26.40","26.12","26.18","76000","26.08","false"
"RWJ","2010-09-07","26.47","26.47","26.02","26.04","26700","25.95","false"
"RWJ","2010-09-03","26.43","26.67","26.33","26.63","12300","26.53","false"
"RWJ","2010-09-02","25.81","26.13","25.74","26.13","20200","26.04","false"
"RWJ","2010-09-01","25.19","25.79","25.14","25.79","16300","25.70","false"
"RWJ","2010-08-31","24.65","25.00","24.65","24.74","20600","24.65","false"
"RWJ","2010-08-30","25.36","25.42","24.82","24.82","59300","24.73","false"
"RWJ","2010-08-27","25.07","25.52","24.57","25.46","24400","25.37","false"
"RWJ","2010-08-26","25.14","25.29","24.74","24.78","449400","24.69","false"
"RWJ","2010-08-25","24.48","25.04","24.33","24.97","55200","24.88","false"
"RWJ","2010-08-24","24.60","24.97","24.27","24.66","37300","24.57","false"
"RWJ","2010-08-23","25.50","25.66","24.98","24.98","15000","24.89","false"
"RWJ","2010-08-20","25.20","25.33","24.95","25.27","42200","25.18","false"
"RWJ","2010-08-19","25.95","25.95","25.24","25.32","31400","25.23","false"
"RWJ","2010-08-18","25.82","26.25","25.77","26.02","9900","25.93","false"
"RWJ","2010-08-17","25.68","26.07","25.64","25.86","23100","25.77","false"
"RWJ","2010-08-16","25.06","25.53","25.06","25.33","8000","25.24","false"
"RWJ","2010-08-13","25.55","25.55","25.24","25.24","87400","25.15","false"
"RWJ","2010-08-12","25.00","25.75","24.87","25.58","18600","25.49","false"
"RWJ","2010-08-11","26.13","26.19","25.69","25.72","18800","25.63","false"
"RWJ","2010-08-10","26.82","27.10","26.58","26.79","47600","26.69","false"
"RWJ","2010-08-09","27.27","27.41","27.15","27.36","46400","27.26","false"
"RWJ","2010-08-06","26.92","27.17","26.66","27.09","43500","26.99","false"
"RWJ","2010-08-05","27.35","27.46","27.22","27.25","21500","27.15","false"
"RWJ","2010-08-04","27.47","27.55","27.28","27.55","13100","27.45","false"
"RWJ","2010-08-03","27.34","27.55","26.99","27.23","18300","27.13","false"
"RWJ","2010-08-02","27.53","27.68","27.36","27.55","18000","27.45","false"
"RWJ","2010-07-30","26.65","27.27","26.65","27.14","15500","27.04","false"
"RWJ","2010-07-29","27.29","27.39","26.68","27.05","15200","26.95","false"
"RWJ","2010-07-28","27.34","27.34","26.85","26.96","14200","26.86","false"
"RWJ","2010-07-27","27.78","27.92","27.40","27.48","29800","27.38","false"
"RWJ","2010-07-26","27.05","27.61","26.97","27.58","21100","27.48","false"
"RWJ","2010-07-23","26.35","27.06","26.28","27.06","11300","26.96","false"
"RWJ","2010-07-22","26.13","26.52","26.13","26.49","72300","26.39","false"
"RWJ","2010-07-21","26.20","26.20","25.58","25.58","19700","25.49","false"
"RWJ","2010-07-20","25.21","25.99","25.21","25.96","18200","25.87","false"
"RWJ","2010-07-19","25.47","25.48","25.15","25.48","20700","25.39","false"
"RWJ","2010-07-16","26.17","26.17","25.35","25.43","44700","25.34","false"
"RWJ","2010-07-15","26.43","26.43","26.11","26.32","10600","26.22","false"
"RWJ","2010-07-14","26.58","26.82","26.46","26.68","36700","26.58","false"
"RWJ","2010-07-13","26.19","26.83","26.17","26.74","24700","26.64","false"
"RWJ","2010-07-12","26.12","26.31","25.66","25.86","11100","25.77","false"
"RWJ","2010-07-09","25.82","26.17","25.77","26.15","14700","26.06","false"
"RWJ","2010-07-08","25.56","25.80","25.40","25.75","15700","25.66","false"
"RWJ","2010-07-07","24.90","25.36","24.70","25.36","32600","25.27","false"
"RWJ","2010-07-06","25.36","25.53","24.44","24.55","24400","24.46","false"
"RWJ","2010-07-02","25.31","25.31","24.87","25.04","30700","24.95","false"
"RWJ","2010-07-01","25.40","25.47","24.62","25.23","191300","25.12","false"
"RWJ","2010-06-30","25.60","26.01","25.34","25.44","43000","25.33","false"
"RWJ","2010-06-29","26.28","26.28","25.62","25.71","52400","25.60","false"
"RWJ","2010-06-28","26.77","27.10","26.65","26.67","14800","26.55","false"
"RWJ","2010-06-25","26.50","26.91","26.37","26.81","25800","26.69","false"
"RWJ","2010-06-24","26.61","26.80","26.37","26.37","55600","26.25","false"
"RWJ","2010-06-23","26.73","27.04","26.63","26.85","17600","26.73","false"
"RWJ","2010-06-22","27.52","27.89","26.89","26.89","10200","26.77","false"
"RWJ","2010-06-21","28.25","28.39","27.33","27.48","17000","27.36","false"
"RWJ","2010-06-18","28.01","28.13","27.76","27.84","25600","27.72","false"
"RWJ","2010-06-17","28.08","28.08","27.57","27.89","13200","27.77","false"
"RWJ","2010-06-16","27.91","28.19","27.80","27.96","15000","27.84","false"
"RWJ","2010-06-15","27.72","28.12","27.60","28.06","32400","27.94","false"
"RWJ","2010-06-14","27.52","27.86","27.35","27.36","9300","27.24","false"
"RWJ","2010-06-11","26.57","27.21","26.57","27.18","7400","27.06","false"
"RWJ","2010-06-10","26.43","26.84","26.39","26.82","44500","26.70","false"
"RWJ","2010-06-09","26.19","26.61","25.89","25.98","25200","25.87","false"
"RWJ","2010-06-08","26.11","26.11","25.63","25.91","35200","25.80","false"
"RWJ","2010-06-07","26.84","26.96","26.09","26.09","32700","25.97","false"
"RWJ","2010-06-04","27.72","27.72","26.87","26.87","16600","26.75","false"
"RWJ","2010-06-03","28.13","28.34","27.97","28.33","6300","28.20","false"
"RWJ","2010-06-02","27.52","27.92","27.33","27.92","10800","27.80","false"
"RWJ","2010-06-01","27.96","28.22","27.27","27.27","135300","27.15","false"
"RWJ","2010-05-28","28.46","28.53","27.99","28.17","33700","28.05","false"
"RWJ","2010-05-27","28.13","28.53","27.82","28.53","31600","28.40","false"
"RWJ","2010-05-26","27.68","27.99","27.24","27.29","52200","27.17","false"
"RWJ","2010-05-25","26.70","27.35","26.35","27.35","70600","27.23","false"
"RWJ","2010-05-24","27.62","27.90","27.38","27.38","181100","27.26","false"
"RWJ","2010-05-21","26.93","28.01","26.04","27.75","147500","27.63","false"
"RWJ","2010-05-20","28.11","28.30","27.46","27.46","93700","27.34","false"
"RWJ","2010-05-19","29.19","29.46","28.64","29.02","44900","28.89","false"
"RWJ","2010-05-18","30.45","30.45","29.28","29.35","53200","29.22","false"
"RWJ","2010-05-17","29.90","30.13","28.99","29.94","29400","29.81","false"
"RWJ","2010-05-14","30.09","30.09","29.36","29.72","401200","29.59","false"
"RWJ","2010-05-13","30.59","30.80","30.20","30.33","34600","30.20","false"
"RWJ","2010-05-12","29.84","30.65","29.84","30.64","60600","30.50","false"
"RWJ","2010-05-11","29.20","30.08","29.10","29.63","57000","29.50","false"
"RWJ","2010-05-10","29.53","31.27","28.84","29.41","59300","29.28","false"
"RWJ","2010-05-07","28.68","28.94","27.62","27.84","126700","27.72","false"
"RWJ","2010-05-06","29.70","29.95","15.99","29.09","152500","28.96","false"
"RWJ","2010-05-05","30.21","30.38","29.77","29.95","50600","29.82","false"
"RWJ","2010-05-04","30.91","30.91","30.26","30.42","140300","30.29","false"
"RWJ","2010-05-03","30.80","31.42","30.80","31.41","131000","31.27","false"
"RWJ","2010-04-30","31.79","31.79","30.67","30.67","21600","30.53","false"
"RWJ","2010-04-29","31.25","31.78","31.10","31.78","45700","31.64","false"
"RWJ","2010-04-28","31.14","31.21","30.81","30.94","41900","30.80","false"
"RWJ","2010-04-27","31.63","31.91","30.90","30.97","75400","30.83","false"
"RWJ","2010-04-26","31.93","32.06","31.79","31.81","42800","31.67","false"
"RWJ","2010-04-23","31.58","31.90","31.39","31.90","41500","31.76","false"
"RWJ","2010-04-22","30.81","31.56","30.63","31.53","55500","31.39","false"
"RWJ","2010-04-21","30.86","31.12","30.76","31.10","28000","30.96","false"
"RWJ","2010-04-20","30.62","30.84","30.46","30.84","69800","30.70","false"
"RWJ","2010-04-19","30.33","30.54","29.97","30.36","31700","30.23","false"
"RWJ","2010-04-16","30.78","30.89","30.28","30.52","60700","30.39","false"
"RWJ","2010-04-15","30.82","30.92","30.75","30.87","19300","30.73","false"
"RWJ","2010-04-14","30.34","30.79","30.31","30.79","131400","30.65","false"
"RWJ","2010-04-13","29.96","30.15","29.83","30.15","19100","30.02","false"
"RWJ","2010-04-12","29.98","30.33","29.90","30.04","76100","29.91","false"
"RWJ","2010-04-09","29.85","29.95","29.69","29.95","24900","29.82","false"
"RWJ","2010-04-08","29.62","29.94","29.50","29.83","46600","29.70","false"
"RWJ","2010-04-07","29.81","29.99","29.69","29.88","28500","29.75","false"
"RWJ","2010-04-06","29.61","29.94","29.61","29.85","27000","29.72","false"
"RWJ","2010-04-05","29.18","29.74","29.11","29.74","92100","29.61","false"
"RWJ","2010-04-01","28.95","29.07","28.75","29.07","32000","28.94","false"
"RWJ","2010-03-31","29.01","29.22","28.77","28.77","50500","28.64","false"
"RWJ","2010-03-30","29.09","29.24","28.91","29.08","49200","28.95","false"
"RWJ","2010-03-29","29.05","29.11","28.88","29.04","27200","28.91","false"
"RWJ","2010-03-26","29.03","29.15","28.81","28.91","23700","28.78","false"
"RWJ","2010-03-25","29.33","29.49","28.86","28.88","30100","28.75","false"
"RWJ","2010-03-24","29.35","29.41","29.07","29.07","46500","28.94","false"
"RWJ","2010-03-23","29.14","29.51","29.00","29.51","46100","29.38","false"
"RWJ","2010-03-22","28.46","29.13","28.46","29.10","61300","28.97","false"
"RWJ","2010-03-19","28.96","28.96","28.55","28.63","29200","28.50","false"
"RWJ","2010-03-18","29.05","29.17","28.89","28.96","30700","28.83","false"
"RWJ","2010-03-17","28.85","29.13","28.85","29.02","71000","28.89","false"
"RWJ","2010-03-16","28.70","28.76","28.51","28.76","34800","28.63","false"
"RWJ","2010-03-15","28.62","28.62","28.34","28.56","9800","28.43","false"
"RWJ","2010-03-12","28.71","28.71","28.38","28.58","40400","28.45","false"
"RWJ","2010-03-11","28.38","28.57","28.25","28.56","47500","28.43","false"
"RWJ","2010-03-10","28.29","28.67","28.29","28.51","102100","28.38","false"
"RWJ","2010-03-09","28.06","28.46","28.06","28.31","67200","28.18","false"
"RWJ","2010-03-08","28.09","28.21","28.05","28.14","23800","28.02","false"
"RWJ","2010-03-05","27.70","28.06","27.61","28.05","36700","27.93","false"
"RWJ","2010-03-04","27.44","27.53","27.33","27.51","38900","27.39","false"
"RWJ","2010-03-03","27.36","27.53","27.27","27.36","16600","27.24","false"
"RWJ","2010-03-02","27.10","27.29","27.09","27.21","13900","27.09","false"
"RWJ","2010-03-01","26.61","27.04","26.61","26.98","197200","26.86","false"
"RWJ","2010-02-26","26.47","26.51","26.29","26.44","11200","26.32","false"
"RWJ","2010-02-25","26.13","26.51","26.06","26.51","23000","26.39","false"
"RWJ","2010-02-24","26.42","26.55","26.30","26.50","10200","26.38","false"
"RWJ","2010-02-23","26.39","26.48","26.10","26.24","13300","26.12","false"
"RWJ","2010-02-22","26.50","26.53","26.39","26.44","13700","26.32","false"
"RWJ","2010-02-19","26.13","26.39","26.11","26.38","10000","26.26","false"
"RWJ","2010-02-18","25.92","26.19","25.92","26.19","10800","26.07","false"
"RWJ","2010-02-17","25.89","25.97","25.80","25.97","16300","25.86","false"
"RWJ","2010-02-16","25.65","25.75","25.47","25.75","19500","25.64","false"
"RWJ","2010-02-12","24.92","25.33","24.89","25.33","10700","25.22","false"
"RWJ","2010-02-11","24.68","25.13","24.58","25.12","14100","25.01","false"
"RWJ","2010-02-10","24.69","24.87","24.51","24.84","13900","24.73","false"
"RWJ","2010-02-09","24.71","24.84","24.45","24.82","13300","24.71","false"
"RWJ","2010-02-08","24.58","24.69","24.36","24.36","23500","24.25","false"
"RWJ","2010-02-05","24.60","24.67","24.15","24.66","71000","24.55","false"
"RWJ","2010-02-04","25.00","25.00","24.55","24.56","14500","24.45","false"
"RWJ","2010-02-03","25.62","25.62","25.22","25.38","27200","25.27","false"
"RWJ","2010-02-02","25.30","25.63","25.30","25.63","73700","25.52","false"
"RWJ","2010-02-01","25.15","25.33","25.07","25.32","19500","25.21","false"
"RWJ","2010-01-29","25.43","25.61","25.00","25.02","45200","24.91","false"
"RWJ","2010-01-28","25.81","25.81","25.01","25.27","19000","25.16","false"
"RWJ","2010-01-27","25.42","25.74","25.34","25.74","58300","25.63","false"
"RWJ","2010-01-26","25.58","25.85","25.50","25.63","31400","25.52","false"
"RWJ","2010-01-25","25.80","25.80","25.50","25.70","28200","25.59","false"
"RWJ","2010-01-22","26.06","26.16","25.51","25.63","32800","25.52","false"
"RWJ","2010-01-21","26.55","26.57","25.98","26.11","47900","25.99","false"
"RWJ","2010-01-20","26.68","26.68","26.19","26.49","47600","26.37","false"
"RWJ","2010-01-19","26.57","26.88","26.57","26.88","34900","26.76","false"
"RWJ","2010-01-15","26.85","26.89","26.24","26.50","13700","26.38","false"
"RWJ","2010-01-14","26.66","26.87","26.66","26.85","21600","26.73","false"
"RWJ","2010-01-13","26.57","26.73","26.34","26.69","20600","26.57","false"
"RWJ","2010-01-12","26.55","26.68","26.35","26.41","29700","26.29","false"
"RWJ","2010-01-11","27.03","27.03","26.74","26.89","18700","26.77","false"
"RWJ","2010-01-08","26.74","26.89","26.66","26.89","18400","26.77","false"
"RWJ","2010-01-07","26.57","26.79","26.35","26.79","28600","26.67","false"
"RWJ","2010-01-06","26.54","26.68","26.50","26.52","21300","26.40","false"
"RWJ","2010-01-05","26.61","26.67","26.43","26.54","20500","26.42","false"
"RWJ","2010-01-04","26.54","27.10","26.37","26.66","62500","26.54","false"
"RWJ","2011-06-24","33.33","33.42","32.94","33.03","4200","33.03","false"
"RWJ","2011-06-23","32.73","33.36","32.57","33.35","16200","33.35","false"
"RWJ","2011-06-22","33.19","33.65","33.19","33.28","11700","33.28","false"
"RWJ","2011-06-21","33.00","33.49","33.00","33.46","36900","33.46","false"
"RWJ","2011-06-20","32.39","32.88","32.39","32.76","44800","32.76","false"
"RWJ","2011-06-17","32.59","32.80","32.38","32.39","53400","32.39","false"
"RWJ","2011-06-16","32.20","32.63","32.00","32.41","17200","32.41","false"
"RWJ","2011-06-15","32.40","32.67","32.12","32.27","25600","32.27","false"
"RWJ","2011-06-14","32.36","32.85","32.36","32.73","22400","32.73","false"
"RWJ","2011-06-13","32.01","32.26","31.85","32.03","19700","32.03","false"
"RWJ","2011-06-10","32.25","32.25","31.90","32.03","23600","32.03","false"
"RWJ","2011-06-09","32.35","32.74","32.34","32.55","15900","32.55","false"
"RWJ","2011-06-08","32.51","32.68","32.30","32.37","65000","32.37","false"
"RWJ","2011-06-07","32.86","33.05","32.77","32.78","20600","32.78","false"
"RWJ","2011-06-06","33.15","33.16","32.65","32.65","25900","32.65","false"
"RWJ","2011-06-03","33.30","33.47","32.94","33.14","24200","33.14","false"
"RWJ","2011-06-02","33.78","33.98","33.55","33.69","20400","33.69","false"
"RWJ","2011-06-01","34.45","34.47","33.75","33.82","26700","33.82","false"
"RWJ","2011-05-31","34.75","34.78","34.47","34.69","12400","34.69","false"
"RWJ","2011-05-27","34.10","34.46","34.10","34.33","6400","34.33","false"
"RWJ","2011-05-26","33.65","34.08","33.54","34.04","7000","34.04","false"
"RWJ","2011-05-25","33.11","33.79","33.11","33.76","16800","33.76","false"
"RWJ","2011-05-24","33.56","33.66","33.24","33.37","22500","33.37","false"
"RWJ","2011-05-23","33.50","33.69","33.22","33.48","16600","33.48","false"
"RWJ","2011-05-20","34.23","34.25","33.90","34.07","18600","34.07","false"
"RWJ","2011-05-19","34.38","34.45","34.05","34.34","3600","34.34","false"
"RWJ","2011-05-18","33.85","34.32","33.85","34.32","29100","34.32","false"
"RWJ","2011-05-17","33.75","33.89","33.74","33.78","14100","33.78","false"
"RWJ","2011-05-16","34.29","34.56","33.97","33.97","10100","33.97","false"
"RWJ","2011-05-13","34.90","34.93","34.44","34.50","10200","34.50","false"
"RWJ","2011-05-12","34.63","34.98","34.44","34.89","28000","34.89","false"
"RWJ","2011-05-11","35.12","35.12","34.43","34.66","17800","34.66","false"
"RWJ","2011-05-10","34.73","35.13","34.73","35.13","16300","35.13","false"
"RWJ","2011-05-09","34.22","34.62","34.10","34.59","13000","34.59","false"
"RWJ","2011-05-06","34.57","34.71","34.15","34.27","333000","34.27","false"
"RWJ","2011-05-05","33.98","34.55","33.83","34.16","16600","34.16","false"
"RWJ","2011-05-04","34.65","34.76","34.06","34.21","23000","34.21","false"
"RWJ","2011-05-03","34.92","34.92","34.47","34.58","25000","34.58","false"
"RWJ","2011-05-02","35.54","35.54","35.05","35.12","16000","35.12","false"
"RWJ","2011-04-29","35.47","35.52","35.35","35.50","4200","35.50","false"
"RWJ","2011-04-28","35.20","35.40","35.17","35.40","6900","35.40","false"
"RWJ","2011-04-27","35.19","35.37","35.06","35.37","9300","35.37","false"
"RWJ","2011-04-26","34.76","35.21","34.76","35.09","25300","35.09","false"
"RWJ","2011-04-25","34.85","34.85","34.55","34.67","107500","34.67","false"
"RWJ","2011-04-21","34.73","34.84","34.67","34.80","12000","34.80","false"
"RWJ","2011-04-20","38.00","38.00","34.27","34.59","10900","34.59","false"
"RWJ","2011-04-19","34.10","34.10","33.75","33.88","10800","33.88","false"
"RWJ","2011-04-18","33.83","33.92","33.67","33.90","104400","33.90","false"
"RWJ","2011-04-15","34.15","34.44","34.00","34.34","17900","34.34","false"
"RWJ","2011-04-14","33.79","34.15","33.58","34.15","26700","34.15","false"
"RWJ","2011-04-13","34.09","34.16","33.78","34.03","7100","34.03","false"
"RWJ","2011-04-12","34.44","34.44","34.01","34.01","312800","34.01","false"
"RWJ","2011-04-11","34.81","34.81","34.33","34.48","21500","34.48","false"
"RWJ","2011-04-08","35.34","35.37","34.70","34.78","10600","34.78","false"
"RWJ","2011-04-07","35.57","35.57","35.16","35.28","22800","35.28","false"
"RWJ","2011-04-06","35.59","35.59","35.32","35.44","25400","35.44","false"
"RWJ","2011-04-05","35.52","35.57","35.28","35.28","8900","35.28","false"
"RWJ","2011-04-04","35.16","35.17","35.04","35.16","13900","35.16","false"
"RWJ","2011-04-01","35.01","35.26","34.96","35.03","29300","35.01","false"
"RWJ","2011-03-31","34.81","34.92","34.67","34.83","27800","34.81","false"
"RWJ","2011-03-30","34.54","34.81","34.54","34.79","22000","34.77","false"
"RWJ","2011-03-29","34.05","34.38","34.01","34.36","34200","34.34","false"
"RWJ","2011-03-28","34.20","34.30","33.99","33.99","23400","33.97","false"
"RWJ","2011-03-25","34.02","34.45","33.93","34.14","27200","34.12","false"
"RWJ","2011-03-24","33.87","34.05","33.57","33.86","62500","33.84","false"
"RWJ","2011-03-23","33.54","33.72","33.18","33.72","9600","33.70","false"
"RWJ","2011-03-22","33.85","33.85","33.55","33.63","18800","33.61","false"
"RWJ","2011-03-21","33.52","33.76","33.52","33.69","18500","33.67","false"
"RWJ","2011-03-18","33.02","33.13","32.94","33.11","10000","33.09","false"
"RWJ","2011-03-17","33.02","33.05","32.67","32.74","12400","32.73","false"
"RWJ","2011-03-16","32.83","32.96","32.54","32.60","70200","32.59","false"
"RWJ","2011-03-15","32.43","33.22","32.26","33.09","23200","33.07","false"
"RWJ","2011-03-14","33.23","33.45","33.07","33.34","82700","33.32","false"
"RWJ","2011-03-11","33.22","33.75","33.15","33.64","42300","33.62","false"
"RWJ","2011-03-10","33.76","33.76","33.40","33.51","44600","33.49","false"
"RWJ","2011-03-09","34.23","34.42","34.23","34.32","9000","34.30","false"
"RWJ","2011-03-08","33.68","34.39","33.43","34.32","5700","34.30","false"
"RWJ","2011-03-07","34.48","34.48","33.43","33.84","18500","33.82","false"
"RWJ","2011-03-04","34.43","34.43","33.95","34.22","11900","34.20","false"
"RWJ","2011-03-03","34.18","34.62","34.18","34.50","13900","34.48","false"
"RWJ","2011-03-02","33.58","33.74","33.48","33.68","25900","33.66","false"
"RWJ","2011-03-01","34.18","34.18","33.47","33.47","18000","33.45","false"
"RWJ","2011-02-28","34.30","34.40","33.98","34.18","19700","34.16","false"
"RWJ","2011-02-25","33.58","34.18","33.58","34.16","4600","34.14","false"
"RWJ","2011-02-24","33.15","33.50","32.96","33.34","18700","33.32","false"
"RWJ","2011-02-23","33.94","33.94","33.10","33.19","21800","33.17","false"
"RWJ","2011-02-22","34.49","34.52","33.86","33.88","27500","33.86","false"
"RWJ","2011-02-18","34.69","34.91","34.67","34.81","10900","34.79","false"
"RWJ","2011-02-17","34.51","34.88","34.51","34.70","21900","34.68","false"
"RWJ","2011-02-16","34.26","34.53","34.26","34.53","9900","34.51","false"
"RWJ","2011-02-15","34.33","34.43","34.20","34.20","25200","34.18","false"
"RWJ","2011-02-14","34.30","34.44","34.30","34.44","42400","34.42","false"
"RWJ","2011-02-11","33.83","34.25","33.76","34.22","11300","34.20","false"
"RWJ","2011-02-10","33.58","33.93","33.58","33.83","10600","33.81","false"
"RWJ","2011-02-09","33.86","33.99","33.67","33.68","8000","33.66","false"
"RWJ","2011-02-08","33.64","33.89","33.52","33.89","23300","33.87","false"
"RWJ","2011-02-07","33.31","33.77","33.29","33.64","55400","33.62","false"
"RWJ","2011-02-04","33.17","33.29","33.00","33.26","13300","33.24","false"
"RWJ","2011-02-03","32.89","33.18","32.65","33.16","15700","33.14","false"
"RWJ","2011-02-02","33.04","33.20","32.95","32.95","9400","32.93","false"
"RWJ","2011-02-01","32.55","33.18","32.53","33.11","9100","33.09","false"
"RWJ","2011-01-31","32.27","32.58","32.11","32.39","9700","32.38","false"
"RWJ","2011-01-28","33.00","33.01","32.13","32.16","20500","32.15","false"
"RWJ","2011-01-27","32.87","33.10","32.75","33.07","11000","33.05","false"
"RWJ","2011-01-26","32.33","32.95","32.28","32.93","28500","32.91","false"
"RWJ","2011-01-25","31.95","32.30","31.92","32.29","17800","32.28","false"
"RWJ","2011-01-24","31.99","32.27","31.85","32.18","7500","32.17","false"
"RWJ","2011-01-21","32.08","32.15","31.85","31.87","26700","31.86","false"
"RWJ","2011-01-20","32.25","32.33","31.96","32.10","45700","32.09","false"
"RWJ","2011-01-19","33.12","33.17","32.33","32.33","36500","32.32","false"
"RWJ","2011-01-18","33.19","33.19","32.98","33.16","75100","33.14","false"
"RWJ","2011-01-14","33.01","33.32","32.91","33.32","11200","33.30","false"
"RWJ","2011-01-13","32.93","33.12","32.92","32.95","19800","32.93","false"
"RWJ","2011-01-12","32.85","33.06","32.78","32.97","19500","32.95","false"
"RWJ","2011-01-11","32.67","32.70","32.43","32.61","11800","32.60","false"
"RWJ","2011-01-10","32.46","32.69","32.13","32.51","27100","32.50","false"
"RWJ","2011-01-07","32.86","32.86","32.08","32.42","159200","32.41","false"
"RWJ","2011-01-06","32.87","32.91","32.57","32.68","28400","32.67","false"
"RWJ","2011-01-05","32.47","32.87","32.47","32.85","31600","32.83","false"
"RWJ","2011-01-04","33.13","33.13","32.24","32.56","21700","32.55","false"
"RWJ","2011-01-03","32.80","33.24","32.73","33.09","84200","33.07","false"
