"SCHG","2010-12-31","30.22","30.22","30.08","30.16","35700","30.04","false"
"SCHG","2010-12-30","30.30","30.30","30.15","30.20","81500","30.08","false"
"SCHG","2010-12-29","30.23","30.28","30.18","30.23","50200","30.11","false"
"SCHG","2010-12-28","30.26","30.26","30.10","30.16","44300","30.04","false"
"SCHG","2010-12-27","30.12","30.18","29.94","30.14","52900","30.02","false"
"SCHG","2010-12-23","30.22","30.22","30.10","30.15","168300","30.03","false"
"SCHG","2010-12-22","30.23","30.23","30.15","30.22","470800","30.10","false"
"SCHG","2010-12-21","30.10","30.18","30.05","30.17","87600","30.05","false"
"SCHG","2010-12-20","30.24","30.24","29.81","29.99","378000","29.87","false"
"SCHG","2010-12-17","30.00","30.02","29.88","29.97","66600","29.79","false"
"SCHG","2010-12-16","29.74","29.90","29.55","29.90","52900","29.72","false"
"SCHG","2010-12-15","29.84","29.95","29.65","29.71","45400","29.53","false"
"SCHG","2010-12-14","29.90","29.97","29.76","29.83","149400","29.65","false"
"SCHG","2010-12-13","29.99","29.99","29.79","29.80","105100","29.62","false"
"SCHG","2010-12-10","29.71","29.82","29.62","29.80","29600","29.62","false"
"SCHG","2010-12-09","29.80","29.80","29.54","29.61","25100","29.43","false"
"SCHG","2010-12-08","29.67","29.67","29.44","29.58","42900","29.40","false"
"SCHG","2010-12-07","29.94","29.94","29.52","29.52","95600","29.34","false"
"SCHG","2010-12-06","29.61","29.63","29.46","29.58","39200","29.40","false"
"SCHG","2010-12-03","29.31","29.61","29.30","29.58","102500","29.40","false"
"SCHG","2010-12-02","29.20","29.48","29.17","29.46","118500","29.28","false"
"SCHG","2010-12-01","28.87","29.19","28.87","29.12","95000","28.95","false"
"SCHG","2010-11-30","28.36","28.62","28.35","28.51","29300","28.34","false"
"SCHG","2010-11-29","28.60","28.70","28.30","28.67","43200","28.50","false"
"SCHG","2010-11-26","28.73","28.81","28.69","28.73","11000","28.56","false"
"SCHG","2010-11-24","28.62","28.89","28.62","28.89","24100","28.72","false"
"SCHG","2010-11-23","28.45","28.52","28.26","28.40","51600","28.23","false"
"SCHG","2010-11-22","28.67","28.82","28.50","28.80","44300","28.63","false"
"SCHG","2010-11-19","28.55","28.72","28.46","28.70","38200","28.53","false"
"SCHG","2010-11-18","28.47","28.70","28.45","28.58","52200","28.41","false"
"SCHG","2010-11-17","28.13","28.22","28.00","28.13","80300","27.96","false"
"SCHG","2010-11-16","28.45","28.45","27.94","28.06","58600","27.89","false"
"SCHG","2010-11-15","28.73","28.74","28.53","28.53","39600","28.36","false"
"SCHG","2010-11-12","28.89","28.89","28.45","28.55","69500","28.38","false"
"SCHG","2010-11-11","28.85","29.06","28.73","29.02","32100","28.85","false"
"SCHG","2010-11-10","29.07","29.17","28.81","29.17","25000","29.00","false"
"SCHG","2010-11-09","29.33","29.36","28.88","28.98","37100","28.81","false"
"SCHG","2010-11-08","29.14","29.21","29.03","29.15","31400","28.98","false"
"SCHG","2010-11-05","29.14","29.24","29.08","29.19","66500","29.02","false"
"SCHG","2010-11-04","29.00","29.11","28.91","29.11","100900","28.94","false"
"SCHG","2010-11-03","28.60","28.65","28.37","28.59","31600","28.42","false"
"SCHG","2010-11-02","28.50","28.59","28.43","28.52","32800","28.35","false"
"SCHG","2010-11-01","28.41","28.46","28.11","28.20","92200","28.03","false"
"SCHG","2010-10-29","28.16","28.24","28.10","28.19","29200","28.02","false"
"SCHG","2010-10-28","28.25","28.27","27.99","28.16","17100","27.99","false"
"SCHG","2010-10-27","27.98","28.16","27.86","28.16","27300","27.99","false"
"SCHG","2010-10-26","28.06","28.21","27.94","28.16","17200","27.99","false"
"SCHG","2010-10-25","28.27","28.37","28.15","28.15","38200","27.98","false"
"SCHG","2010-10-22","27.94","28.03","27.89","28.02","56400","27.85","false"
"SCHG","2010-10-21","28.06","28.11","27.68","27.88","45400","27.71","false"
"SCHG","2010-10-20","27.67","27.95","27.67","27.81","23300","27.64","false"
"SCHG","2010-10-19","27.74","27.81","27.39","27.55","49600","27.39","false"
"SCHG","2010-10-18","28.00","28.07","27.91","28.04","76500","27.87","false"
"SCHG","2010-10-15","27.92","27.96","27.67","27.95","75800","27.78","false"
"SCHG","2010-10-14","27.79","27.82","27.53","27.67","49000","27.50","false"
"SCHG","2010-10-13","27.66","27.87","27.66","27.75","53000","27.58","false"
"SCHG","2010-10-12","27.35","27.53","27.10","27.48","57800","27.32","false"
"SCHG","2010-10-11","27.35","27.46","27.31","27.35","50200","27.19","false"
"SCHG","2010-10-08","27.22","27.41","27.08","27.36","44200","27.20","false"
"SCHG","2010-10-07","27.32","27.32","26.96","27.14","108000","26.98","false"
"SCHG","2010-10-06","27.23","27.31","27.05","27.18","28500","27.02","false"
"SCHG","2010-10-05","26.93","27.33","26.93","27.27","110500","27.11","false"
"SCHG","2010-10-04","26.96","26.97","26.59","26.71","45900","26.55","false"
"SCHG","2010-10-01","27.09","27.09","26.85","26.96","34300","26.80","false"
"SCHG","2010-09-30","27.09","27.21","26.77","26.89","102400","26.73","false"
"SCHG","2010-09-29","26.95","27.04","26.85","26.96","50800","26.80","false"
"SCHG","2010-09-28","26.92","27.02","26.58","27.00","37800","26.84","false"
"SCHG","2010-09-27","27.00","27.02","26.82","26.84","49600","26.68","false"
"SCHG","2010-09-24","26.72","26.98","26.72","26.96","54400","26.80","false"
"SCHG","2010-09-23","26.35","26.62","26.27","26.37","83300","26.21","false"
"SCHG","2010-09-22","26.54","26.70","26.40","26.52","67800","26.36","false"
"SCHG","2010-09-21","26.64","26.80","26.50","26.62","82300","26.46","false"
"SCHG","2010-09-20","26.39","26.70","26.36","26.66","45800","26.50","false"
"SCHG","2010-09-17","26.47","26.47","26.26","26.33","55100","26.12","false"
"SCHG","2010-09-16","26.23","26.28","26.13","26.28","53000","26.07","false"
"SCHG","2010-09-15","26.14","26.29","26.03","26.26","160100","26.05","false"
"SCHG","2010-09-14","26.07","26.30","25.99","26.14","335000","25.93","false"
"SCHG","2010-09-13","25.96","26.11","25.96","26.07","152800","25.87","false"
"SCHG","2010-09-10","25.64","25.79","25.61","25.73","400200","25.53","false"
"SCHG","2010-09-09","25.83","25.87","25.57","25.62","273200","25.42","false"
"SCHG","2010-09-08","25.46","25.64","25.46","25.53","111700","25.33","false"
"SCHG","2010-09-07","25.48","25.50","25.39","25.39","84400","25.19","false"
"SCHG","2010-09-03","25.53","25.62","25.43","25.62","29400","25.42","false"
"SCHG","2010-09-02","24.97","25.27","24.97","25.26","63600","25.06","false"
"SCHG","2010-09-01","24.56","24.96","24.56","24.96","24700","24.76","false"
"SCHG","2010-08-31","24.20","24.34","24.10","24.19","12300","24.00","false"
"SCHG","2010-08-30","24.59","24.65","24.38","24.40","24100","24.21","false"
"SCHG","2010-08-27","24.41","24.63","24.00","24.62","22400","24.43","false"
"SCHG","2010-08-26","24.50","24.56","24.18","24.23","63200","24.04","false"
"SCHG","2010-08-25","24.12","24.50","24.00","24.43","43700","24.24","false"
"SCHG","2010-08-24","24.48","24.54","24.20","24.30","58700","24.11","false"
"SCHG","2010-08-23","25.03","25.07","24.73","24.74","16300","24.55","false"
"SCHG","2010-08-20","24.84","24.91","24.70","24.87","33700","24.67","false"
"SCHG","2010-08-19","25.21","25.29","24.84","24.96","18200","24.76","false"
"SCHG","2010-08-18","25.28","25.46","25.16","25.34","14400","25.14","false"
"SCHG","2010-08-17","25.09","25.45","25.09","25.29","20000","25.09","false"
"SCHG","2010-08-16","24.76","24.99","24.68","24.92","22400","24.72","false"
"SCHG","2010-08-13","24.94","25.03","24.89","24.90","13500","24.70","false"
"SCHG","2010-08-12","24.89","25.09","24.74","25.03","50000","24.83","false"
"SCHG","2010-08-11","25.52","25.52","25.13","25.19","34600","24.99","false"
"SCHG","2010-08-10","25.93","26.03","25.74","25.95","15000","25.75","false"
"SCHG","2010-08-09","26.24","26.24","26.03","26.16","30700","25.95","false"
"SCHG","2010-08-06","25.95","26.05","25.74","26.03","19700","25.83","false"
"SCHG","2010-08-05","26.07","26.14","25.98","26.12","11700","25.91","false"
"SCHG","2010-08-04","26.06","26.20","25.96","26.19","18500","25.98","false"
"SCHG","2010-08-03","26.05","26.05","25.82","25.92","45500","25.72","false"
"SCHG","2010-08-02","25.86","26.11","25.82","26.09","20800","25.88","false"
"SCHG","2010-07-30","25.28","25.61","25.17","25.56","75000","25.36","false"
"SCHG","2010-07-29","25.76","25.76","25.29","25.51","35500","25.31","false"
"SCHG","2010-07-28","25.77","25.82","25.61","25.64","38500","25.44","false"
"SCHG","2010-07-27","26.09","26.09","25.73","25.79","23200","25.59","false"
"SCHG","2010-07-26","25.77","25.96","25.67","25.96","90600","25.76","false"
"SCHG","2010-07-23","25.37","25.73","25.34","25.73","7100","25.53","false"
"SCHG","2010-07-22","25.20","25.54","25.20","25.43","32500","25.23","false"
"SCHG","2010-07-21","25.43","25.43","24.83","24.86","17500","24.66","false"
"SCHG","2010-07-20","24.57","25.26","24.53","25.26","49200","25.06","false"
"SCHG","2010-07-19","24.83","24.91","24.65","24.88","24700","24.68","false"
"SCHG","2010-07-16","25.30","25.30","24.70","24.74","42100","24.55","false"
"SCHG","2010-07-15","25.41","25.49","25.09","25.49","18800","25.29","false"
"SCHG","2010-07-14","25.32","25.52","25.28","25.42","196100","25.22","false"
"SCHG","2010-07-13","25.22","25.43","25.19","25.36","33700","25.16","false"
"SCHG","2010-07-12","24.96","25.04","24.83","24.98","28100","24.78","false"
"SCHG","2010-07-09","24.83","24.97","24.80","24.97","20500","24.77","false"
"SCHG","2010-07-08","24.83","24.86","24.56","24.77","32700","24.58","false"
"SCHG","2010-07-07","23.80","24.59","23.80","24.57","45600","24.38","false"
"SCHG","2010-07-06","24.05","24.19","23.63","23.80","25200","23.61","false"
"SCHG","2010-07-02","23.96","23.97","23.59","23.78","140500","23.59","false"
"SCHG","2010-07-01","23.85","23.92","23.42","23.84","99000","23.65","false"
"SCHG","2010-06-30","24.05","24.33","23.87","23.91","56100","23.72","false"
"SCHG","2010-06-29","24.64","24.64","24.00","24.15","66500","23.96","false"
"SCHG","2010-06-28","25.15","25.24","24.95","25.03","718600","24.83","false"
"SCHG","2010-06-25","25.06","25.24","24.89","25.10","23300","24.90","false"
"SCHG","2010-06-24","25.32","25.33","24.96","25.02","302200","24.82","false"
"SCHG","2010-06-23","25.59","25.62","25.25","25.46","64900","25.26","false"
"SCHG","2010-06-22","26.07","26.11","25.52","25.55","26900","25.35","false"
"SCHG","2010-06-21","26.43","26.46","25.85","25.98","53300","25.78","false"
"SCHG","2010-06-18","26.21","26.27","26.08","26.16","30800","25.90","false"
"SCHG","2010-06-17","26.21","26.21","25.92","26.12","28200","25.87","false"
"SCHG","2010-06-16","25.98","26.21","25.92","26.10","49400","25.85","false"
"SCHG","2010-06-15","25.66","26.12","25.66","26.09","29700","25.84","false"
"SCHG","2010-06-14","25.74","25.84","25.49","25.51","37900","25.26","false"
"SCHG","2010-06-11","25.04","25.49","25.04","25.49","83500","25.24","false"
"SCHG","2010-06-10","24.95","25.29","24.95","25.29","12800","25.04","false"
"SCHG","2010-06-09","24.83","25.10","24.47","24.56","25200","24.32","false"
"SCHG","2010-06-08","24.50","24.71","24.29","24.65","31000","24.41","false"
"SCHG","2010-06-07","24.99","25.05","24.54","24.56","43100","24.32","false"
"SCHG","2010-06-04","25.32","25.57","24.84","24.90","66800","24.66","false"
"SCHG","2010-06-03","25.69","25.83","25.51","25.83","21000","25.58","false"
"SCHG","2010-06-02","24.99","25.56","24.98","25.56","58100","25.31","false"
"SCHG","2010-06-01","25.15","25.40","24.96","24.96","25900","24.72","false"
"SCHG","2010-05-28","25.71","25.71","25.30","25.40","32500","25.15","false"
"SCHG","2010-05-27","25.34","25.69","25.29","25.69","23900","25.44","false"
"SCHG","2010-05-26","25.16","25.44","24.88","24.89","57000","24.65","false"
"SCHG","2010-05-25","24.31","24.99","24.13","24.98","57600","24.74","false"
"SCHG","2010-05-24","25.15","25.31","25.00","25.01","21000","24.77","false"
"SCHG","2010-05-21","24.47","25.29","24.41","25.20","84400","24.95","false"
"SCHG","2010-05-20","25.31","25.36","24.88","24.92","65800","24.68","false"
"SCHG","2010-05-19","26.02","26.10","25.56","25.96","43900","25.71","false"
"SCHG","2010-05-18","26.65","26.71","26.00","26.11","50900","25.86","false"
"SCHG","2010-05-17","26.54","26.54","25.88","26.41","30900","26.15","false"
"SCHG","2010-05-14","26.75","26.75","26.20","26.41","50100","26.15","false"
"SCHG","2010-05-13","27.26","27.33","26.96","26.96","40900","26.70","false"
"SCHG","2010-05-12","26.91","27.27","26.89","27.24","58400","26.97","false"
"SCHG","2010-05-11","26.63","27.10","26.62","26.78","78200","26.52","false"
"SCHG","2010-05-10","26.75","26.94","26.60","26.84","67600","26.58","false"
"SCHG","2010-05-07","26.49","26.49","25.30","25.76","198400","25.51","false"
"SCHG","2010-05-06","26.96","27.39","11.23","26.22","168200","25.96","false"
"SCHG","2010-05-05","27.01","27.30","26.83","27.07","89800","26.81","false"
"SCHG","2010-05-04","27.65","27.68","27.10","27.28","81600","27.01","false"
"SCHG","2010-05-03","27.83","28.07","27.75","28.01","20300","27.74","false"
"SCHG","2010-04-30","28.23","28.23","27.67","27.69","39000","27.42","false"
"SCHG","2010-04-29","27.99","28.23","27.99","28.14","56500","27.87","false"
"SCHG","2010-04-28","27.89","27.92","27.68","27.83","59500","27.56","false"
"SCHG","2010-04-27","28.30","28.32","27.69","27.77","74600","27.50","false"
"SCHG","2010-04-26","28.55","28.55","28.38","28.39","43000","28.11","false"
"SCHG","2010-04-23","28.29","28.45","28.17","28.45","48700","28.17","false"
"SCHG","2010-04-22","28.00","28.26","27.72","28.23","85300","27.95","false"
"SCHG","2010-04-21","28.20","28.20","27.95","28.11","127800","27.84","false"
"SCHG","2010-04-20","28.02","28.16","27.95","28.07","44000","27.80","false"
"SCHG","2010-04-19","27.78","27.90","27.57","27.84","70800","27.57","false"
"SCHG","2010-04-16","28.15","28.20","27.70","27.86","57200","27.59","false"
"SCHG","2010-04-15","28.23","28.31","28.16","28.24","56400","27.96","false"
"SCHG","2010-04-14","28.06","28.23","28.00","28.23","74500","27.95","false"
"SCHG","2010-04-13","27.90","27.95","27.71","27.91","47300","27.64","false"
"SCHG","2010-04-12","27.90","27.97","27.86","27.92","30700","27.65","false"
"SCHG","2010-04-09","27.78","27.87","27.72","27.86","37500","27.59","false"
"SCHG","2010-04-08","27.57","27.74","27.48","27.72","31700","27.45","false"
"SCHG","2010-04-07","27.78","27.78","27.49","27.62","40700","27.35","false"
"SCHG","2010-04-06","27.68","27.84","27.64","27.79","42500","27.52","false"
"SCHG","2010-04-05","27.67","27.76","27.51","27.73","127500","27.46","false"
"SCHG","2010-04-01","27.51","27.59","27.30","27.46","25600","27.19","false"
"SCHG","2010-03-31","27.36","27.45","27.30","27.32","49000","27.05","false"
"SCHG","2010-03-30","27.44","27.50","27.30","27.44","58000","27.17","false"
"SCHG","2010-03-29","27.29","27.37","27.27","27.34","33500","27.07","false"
"SCHG","2010-03-26","27.25","27.28","27.05","27.15","25800","26.89","false"
"SCHG","2010-03-25","27.42","27.48","27.12","27.12","42400","26.86","false"
"SCHG","2010-03-24","27.31","27.31","27.16","27.21","53900","26.94","false"
"SCHG","2010-03-23","27.25","27.40","27.16","27.39","58200","27.12","false"
"SCHG","2010-03-22","26.92","27.26","26.82","27.17","50300","26.90","false"
"SCHG","2010-03-19","27.34","27.34","27.00","27.07","60400","26.76","false"
"SCHG","2010-03-18","27.30","27.32","27.18","27.25","44000","26.93","false"
"SCHG","2010-03-17","27.24","27.39","27.21","27.28","59900","26.96","false"
"SCHG","2010-03-16","27.03","27.17","26.94","27.17","40200","26.86","false"
"SCHG","2010-03-15","26.99","26.99","26.74","26.93","32200","26.62","false"
"SCHG","2010-03-12","27.09","27.09","26.88","27.01","45200","26.70","false"
"SCHG","2010-03-11","26.85","26.96","26.75","26.96","35800","26.65","false"
"SCHG","2010-03-10","26.77","26.93","26.74","26.88","23400","26.57","false"
"SCHG","2010-03-09","26.65","26.90","26.65","26.77","52100","26.46","false"
"SCHG","2010-03-08","26.74","26.77","26.68","26.74","42900","26.43","false"
"SCHG","2010-03-05","26.53","26.74","26.50","26.70","48300","26.39","false"
"SCHG","2010-03-04","26.38","26.41","26.26","26.35","32400","26.04","false"
"SCHG","2010-03-03","26.34","26.44","26.26","26.34","30000","26.03","false"
"SCHG","2010-03-02","26.30","26.39","26.21","26.26","60100","25.96","false"
"SCHG","2010-03-01","25.95","26.20","25.95","26.20","33500","25.90","false"
"SCHG","2010-02-26","25.82","25.88","25.69","25.85","34300","25.55","false"
"SCHG","2010-02-25","25.46","25.78","25.35","25.78","55800","25.48","false"
"SCHG","2010-02-24","25.64","25.78","25.61","25.75","39000","25.45","false"
"SCHG","2010-02-23","25.81","25.83","25.48","25.55","50300","25.25","false"
"SCHG","2010-02-22","26.07","26.08","25.83","25.86","48900","25.56","false"
"SCHG","2010-02-19","25.80","26.00","25.76","25.95","23000","25.65","false"
"SCHG","2010-02-18","25.69","25.91","25.69","25.87","134900","25.57","false"
"SCHG","2010-02-17","25.69","25.72","25.58","25.72","37400","25.42","false"
"SCHG","2010-02-16","25.40","25.57","25.28","25.53","26500","25.23","false"
"SCHG","2010-02-12","24.98","25.17","24.86","25.17","26100","24.88","false"
"SCHG","2010-02-11","24.83","25.21","24.68","25.19","86600","24.90","false"
"SCHG","2010-02-10","24.90","24.95","24.63","24.81","34700","24.52","false"
"SCHG","2010-02-09","24.88","25.08","24.69","24.88","60900","24.59","false"
"SCHG","2010-02-08","24.74","24.89","24.60","24.60","56000","24.32","false"
"SCHG","2010-02-05","24.68","24.72","24.20","24.72","138600","24.43","false"
"SCHG","2010-02-04","25.23","25.23","24.57","24.61","62100","24.32","false"
"SCHG","2010-02-03","25.41","25.51","25.36","25.43","37400","25.14","false"
"SCHG","2010-02-02","25.29","25.51","25.22","25.51","306100","25.21","false"
"SCHG","2010-02-01","24.97","25.18","24.96","25.18","29800","24.89","false"
"SCHG","2010-01-29","25.29","25.39","24.80","24.87","40600","24.58","false"
"SCHG","2010-01-28","25.57","25.58","25.00","25.17","42400","24.88","false"
"SCHG","2010-01-27","25.47","25.59","25.22","25.57","27200","25.27","false"
"SCHG","2010-01-26","25.41","25.72","25.31","25.46","81500","25.17","false"
"SCHG","2010-01-25","25.60","25.68","25.44","25.51","68900","25.21","false"
"SCHG","2010-01-22","25.97","25.97","25.36","25.41","115900","25.12","false"
"SCHG","2010-01-21","26.50","26.58","26.00","26.06","91200","25.76","false"
"SCHG","2010-01-20","26.61","26.61","26.23","26.44","99500","26.13","false"
"SCHG","2010-01-19","26.50","26.76","26.43","26.76","122700","26.45","false"
"SCHG","2010-01-15","26.73","26.73","26.34","26.43","87900","26.12","false"
"SCHG","2010-01-14","26.60","26.72","26.57","26.71","67000","26.40","false"
"SCHG","2010-01-13","26.45","26.68","26.28","26.65","36000","26.34","false"
"SCHG","2010-01-12","26.58","26.58","26.30","26.38","98700","26.07","false"
"SCHG","2010-01-11","26.87","26.87","26.60","26.76","88200","26.45","false"
"SCHG","2010-01-08","26.56","26.76","26.48","26.75","59400","26.44","false"
"SCHG","2010-01-07","26.51","26.59","26.38","26.58","64300","26.27","false"
"SCHG","2010-01-06","26.52","26.60","26.49","26.50","36200","26.19","false"
"SCHG","2010-01-05","26.50","26.56","26.37","26.52","46500","26.21","false"
"SCHG","2010-01-04","26.25","26.48","26.25","26.45","60100","26.14","false"
"SCHG","2011-06-24","30.82","30.82","30.40","30.45","22700","30.45","false"
"SCHG","2011-06-23","30.35","30.84","30.22","30.84","56900","30.84","false"
"SCHG","2011-06-22","30.93","31.06","30.79","30.79","35300","30.79","false"
"SCHG","2011-06-21","30.62","31.01","30.60","30.96","36600","30.96","false"
"SCHG","2011-06-20","30.11","30.47","30.11","30.40","30900","30.40","false"
"SCHG","2011-06-17","30.67","30.67","30.25","30.31","34300","30.24","false"
"SCHG","2011-06-16","30.37","30.48","30.06","30.29","61700","30.22","false"
"SCHG","2011-06-15","30.69","30.76","30.30","30.35","49900","30.28","false"
"SCHG","2011-06-14","30.71","30.96","30.71","30.87","64900","30.80","false"
"SCHG","2011-06-13","30.55","30.67","30.25","30.39","40300","30.32","false"
"SCHG","2011-06-10","30.90","30.90","30.47","30.51","56600","30.44","false"
"SCHG","2011-06-09","30.93","31.12","30.80","31.01","72300","30.94","false"
"SCHG","2011-06-08","30.91","30.97","30.72","30.77","47600","30.70","false"
"SCHG","2011-06-07","31.10","31.23","30.96","30.96","62300","30.89","false"
"SCHG","2011-06-06","31.29","31.39","30.95","31.01","69200","30.94","false"
"SCHG","2011-06-03","31.30","31.58","31.27","31.37","124000","31.30","false"
"SCHG","2011-06-02","31.76","31.86","31.55","31.74","103100","31.67","false"
"SCHG","2011-06-01","32.35","32.36","31.68","31.69","54500","31.62","false"
"SCHG","2011-05-31","32.44","32.44","32.14","32.39","47200","32.31","false"
"SCHG","2011-05-27","32.05","32.17","32.00","32.06","32300","31.98","false"
"SCHG","2011-05-26","31.67","31.98","31.66","31.94","20800","31.87","false"
"SCHG","2011-05-25","31.37","31.82","31.37","31.78","45000","31.71","false"
"SCHG","2011-05-24","31.63","31.72","31.48","31.53","28000","31.46","false"
"SCHG","2011-05-23","31.55","31.66","31.45","31.57","85800","31.50","false"
"SCHG","2011-05-20","32.13","32.18","31.90","31.98","28800","31.91","false"
"SCHG","2011-05-19","32.25","32.28","32.06","32.17","54000","32.09","false"
"SCHG","2011-05-18","31.79","32.14","31.77","32.11","41200","32.03","false"
"SCHG","2011-05-17","31.67","31.80","31.47","31.72","152200","31.65","false"
"SCHG","2011-05-16","32.01","32.24","31.79","31.84","162000","31.77","false"
"SCHG","2011-05-13","32.51","32.51","32.12","32.18","25900","32.10","false"
"SCHG","2011-05-12","32.23","32.49","32.05","32.48","29300","32.40","false"
"SCHG","2011-05-11","32.65","32.65","32.16","32.32","49000","32.24","false"
"SCHG","2011-05-10","32.56","32.75","32.50","32.70","75900","32.62","false"
"SCHG","2011-05-09","32.28","32.49","32.22","32.40","59400","32.32","false"
"SCHG","2011-05-06","32.39","32.54","32.06","32.18","119000","32.10","false"
"SCHG","2011-05-05","31.96","32.37","31.92","32.00","152300","31.93","false"
"SCHG","2011-05-04","32.43","32.44","32.06","32.22","57000","32.14","false"
"SCHG","2011-05-03","32.61","32.61","32.30","32.47","34700","32.39","false"
"SCHG","2011-05-02","32.97","32.97","32.61","32.70","191500","32.62","false"
"SCHG","2011-04-29","32.66","32.81","32.65","32.77","42000","32.69","false"
"SCHG","2011-04-28","32.54","32.69","32.52","32.68","64500","32.60","false"
"SCHG","2011-04-27","32.47","32.60","32.29","32.57","58600","32.49","false"
"SCHG","2011-04-26","32.19","32.48","32.18","32.39","57800","32.31","false"
"SCHG","2011-04-25","32.20","32.20","32.02","32.10","50200","32.02","false"
"SCHG","2011-04-21","32.16","32.18","32.04","32.17","40700","32.09","false"
"SCHG","2011-04-20","31.87","31.95","31.81","31.94","115700","31.87","false"
"SCHG","2011-04-19","31.21","31.40","31.18","31.40","53300","31.33","false"
"SCHG","2011-04-18","31.27","31.27","30.90","31.18","77500","31.11","false"
"SCHG","2011-04-15","31.49","31.62","31.38","31.54","29600","31.47","false"
"SCHG","2011-04-14","31.25","31.50","31.14","31.44","29000","31.37","false"
"SCHG","2011-04-13","31.49","31.56","31.30","31.46","42700","31.39","false"
"SCHG","2011-04-12","31.47","31.50","31.25","31.35","86700","31.28","false"
"SCHG","2011-04-11","31.82","31.86","31.50","31.60","93900","31.53","false"
"SCHG","2011-04-08","32.06","32.06","31.60","31.73","69900","31.66","false"
"SCHG","2011-04-07","31.93","32.06","31.73","31.88","83200","31.81","false"
"SCHG","2011-04-06","32.15","32.15","31.83","31.94","56800","31.87","false"
"SCHG","2011-04-05","31.94","32.09","31.90","31.92","47300","31.85","false"
"SCHG","2011-04-04","32.12","32.12","31.88","31.96","63400","31.89","false"
"SCHG","2011-04-01","32.00","32.12","31.87","31.95","115400","31.88","false"
"SCHG","2011-03-31","31.82","31.89","31.78","31.85","84500","31.78","false"
"SCHG","2011-03-30","31.86","31.92","31.73","31.85","113900","31.78","false"
"SCHG","2011-03-29","31.41","31.66","31.33","31.66","53800","31.59","false"
"SCHG","2011-03-28","31.60","31.65","31.38","31.38","60500","31.31","false"
"SCHG","2011-03-25","31.56","31.65","31.44","31.50","234500","31.43","false"
"SCHG","2011-03-24","31.22","31.44","31.05","31.40","118400","31.33","false"
"SCHG","2011-03-23","30.84","31.08","30.66","31.00","61000","30.93","false"
"SCHG","2011-03-22","31.03","31.04","30.85","30.91","43200","30.84","false"
"SCHG","2011-03-21","30.89","31.05","30.83","31.01","122000","30.94","false"
"SCHG","2011-03-18","30.87","30.87","30.46","30.52","162800","30.40","false"
"SCHG","2011-03-17","30.57","30.65","30.39","30.47","79500","30.35","false"
"SCHG","2011-03-16","30.59","30.68","29.91","30.09","89900","29.97","false"
"SCHG","2011-03-15","30.12","30.78","30.04","30.73","121500","30.61","false"
"SCHG","2011-03-14","30.93","31.07","30.74","30.96","253700","30.84","false"
"SCHG","2011-03-11","30.81","31.23","30.72","31.15","210500","31.03","false"
"SCHG","2011-03-10","31.21","31.21","30.85","30.91","115700","30.79","false"
"SCHG","2011-03-09","31.58","31.60","31.39","31.50","57400","31.37","false"
"SCHG","2011-03-08","31.47","31.71","31.30","31.63","61400","31.50","false"
"SCHG","2011-03-07","32.36","32.36","31.23","31.42","112800","31.29","false"
"SCHG","2011-03-04","31.91","31.94","31.56","31.71","106100","31.58","false"
"SCHG","2011-03-03","31.69","31.98","31.69","31.96","90900","31.83","false"
"SCHG","2011-03-02","31.27","31.50","31.25","31.34","109000","31.21","false"
"SCHG","2011-03-01","31.95","31.96","31.25","31.26","160000","31.13","false"
"SCHG","2011-02-28","31.86","31.88","31.63","31.76","80400","31.63","false"
"SCHG","2011-02-25","31.43","31.68","31.40","31.68","68700","31.55","false"
"SCHG","2011-02-24","31.15","31.38","30.92","31.20","96500","31.07","false"
"SCHG","2011-02-23","31.50","31.52","30.99","31.23","141000","31.10","false"
"SCHG","2011-02-22","31.99","32.08","31.42","31.50","110400","31.37","false"
"SCHG","2011-02-18","32.37","32.39","32.22","32.32","65100","32.19","false"
"SCHG","2011-02-17","32.15","32.33","32.11","32.30","67300","32.17","false"
"SCHG","2011-02-16","32.16","32.28","32.08","32.21","112300","32.08","false"
"SCHG","2011-02-15","32.03","32.05","31.90","32.00","61700","31.87","false"
"SCHG","2011-02-14","32.03","32.12","31.99","32.09","104100","31.96","false"
"SCHG","2011-02-11","31.72","32.01","31.70","31.98","230700","31.85","false"
"SCHG","2011-02-10","31.59","31.81","31.51","31.78","292800","31.65","false"
"SCHG","2011-02-09","31.78","31.85","31.63","31.75","82200","31.62","false"
"SCHG","2011-02-08","31.72","31.82","31.66","31.82","120500","31.69","false"
"SCHG","2011-02-07","31.63","31.84","31.61","31.70","170100","31.57","false"
"SCHG","2011-02-04","31.43","31.51","31.32","31.51","251100","31.38","false"
"SCHG","2011-02-03","31.35","31.43","31.07","31.40","131200","31.27","false"
"SCHG","2011-02-02","31.32","31.41","31.28","31.32","179100","31.19","false"
"SCHG","2011-02-01","31.10","31.42","31.10","31.39","121600","31.26","false"
"SCHG","2011-01-31","30.71","30.92","30.64","30.90","96100","30.78","false"
"SCHG","2011-01-28","31.25","31.27","30.58","30.61","108700","30.49","false"
"SCHG","2011-01-27","31.18","31.30","31.09","31.24","81200","31.11","false"
"SCHG","2011-01-26","31.00","31.22","30.94","31.17","107200","31.05","false"
"SCHG","2011-01-25","30.84","30.89","30.63","30.89","46200","30.77","false"
"SCHG","2011-01-24","30.61","30.89","30.60","30.84","42900","30.72","false"
"SCHG","2011-01-21","30.91","30.94","30.59","30.61","61700","30.49","false"
"SCHG","2011-01-20","30.75","30.76","30.48","30.69","127100","30.57","false"
"SCHG","2011-01-19","31.29","31.30","30.78","30.84","99700","30.72","false"
"SCHG","2011-01-18","31.11","31.29","31.08","31.29","143600","31.16","false"
"SCHG","2011-01-14","30.92","31.13","30.85","31.13","64400","31.01","false"
"SCHG","2011-01-13","30.86","31.00","30.84","30.90","106700","30.78","false"
"SCHG","2011-01-12","30.92","30.95","30.78","30.92","63100","30.80","false"
"SCHG","2011-01-11","30.65","30.74","30.56","30.67","159300","30.55","false"
"SCHG","2011-01-10","30.43","30.57","30.30","30.53","31500","30.41","false"
"SCHG","2011-01-07","30.60","30.60","30.27","30.47","28300","30.35","false"
"SCHG","2011-01-06","30.60","30.60","30.40","30.50","69100","30.38","false"
"SCHG","2011-01-05","30.28","30.53","30.25","30.52","32900","30.40","false"
"SCHG","2011-01-04","30.57","30.57","30.13","30.31","408500","30.19","false"
"SCHG","2011-01-03","30.46","30.63","30.44","30.47","118100","30.35","false"
