"UKW","2007-12-31","68.10","68.10","67.65","68.10","2200","67.91","false"
"UKW","2007-12-28","68.56","68.56","68.43","68.43","400","68.24","false"
"UKW","2007-12-27","68.30","68.30","68.07","68.07","600","67.88","false"
"UKW","2007-12-26","69.61","70.15","69.47","70.15","4900","69.95","false"
"UKW","2007-12-24","69.76","69.76","69.70","69.71","4800","69.51","false"
"UKW","2007-12-21","68.10","69.14","68.10","69.14","1800","68.94","false"
"UKW","2007-12-20","65.93","67.21","65.70","67.21","5000","67.02","false"
"UKW","2007-12-19","68.13","68.14","67.50","68.12","2400","65.82","false"
"UKW","2007-12-18","67.08","67.75","66.33","67.75","1300","65.47","false"
"UKW","2007-12-17","68.70","68.71","66.92","66.92","40900","64.66","false"
"UKW","2007-12-14","70.54","71.20","69.89","69.91","2100","67.55","false"
"UKW","2007-12-13","71.30","71.54","69.88","71.54","88800","69.13","false"
"UKW","2007-12-12","73.55","73.55","69.86","70.55","16400","68.17","false"
"UKW","2007-12-11","75.00","75.00","70.70","70.70","45100","68.32","false"
"UKW","2007-12-10","74.04","74.79","73.85","74.52","11700","72.01","false"
"UKW","2007-12-07","74.00","74.00","72.98","73.65","48100","71.17","false"
"UKW","2007-12-06","68.69","73.01","68.69","73.01","7600","70.55","false"
"UKW","2007-12-05","70.10","71.14","69.87","69.87","15600","67.51","false"
"UKW","2007-12-04","69.32","69.32","69.32","69.32","0","66.98","false"
"UKW","2007-12-03","69.90","70.18","69.32","69.32","2500","66.98","false"
"UKW","2007-11-30","70.99","70.99","69.63","69.63","3500","67.28","false"
"UKW","2007-11-29","68.66","69.66","68.66","69.40","800","67.06","false"
"UKW","2007-11-28","68.15","69.31","68.15","69.31","1000","66.97","false"
"UKW","2007-11-27","64.01","65.03","63.79","64.11","1500","61.95","false"
"UKW","2007-11-26","63.37","63.37","63.37","63.37","100","61.23","false"
"UKW","2007-11-23","64.34","64.34","64.34","64.34","100","62.17","false"
"UKW","2007-11-21","63.53","65.01","63.27","65.01","1600","62.82","false"
"UKW","2007-11-20","66.72","66.78","63.96","64.96","900","62.77","false"
"UKW","2007-11-19","65.95","65.96","65.77","65.77","1400","63.55","false"
"UKW","2007-11-16","68.04","68.04","67.07","67.87","300","65.58","false"
"UKW","2007-11-15","69.25","70.76","66.57","66.94","1700","64.68","false"
"UKW","2007-11-14","70.32","70.53","69.72","69.97","2800","67.61","false"
"UKW","2007-11-13","67.47","67.47","67.47","67.47","400","65.20","false"
"UKW","2007-11-12","68.62","68.85","66.40","66.52","2000","64.28","false"
"UKW","2007-11-09","69.50","69.50","69.00","69.47","8500","67.13","false"
"UKW","2007-11-08","71.50","71.54","69.00","71.50","15300","69.09","false"
"UKW","2007-11-07","73.94","74.27","71.93","72.04","6500","69.61","false"
"UKW","2007-11-06","73.30","74.62","73.25","74.62","3800","72.10","false"
"UKW","2007-11-05","73.21","73.66","72.27","73.26","23100","70.79","false"
"UKW","2007-11-02","73.60","73.72","72.98","73.50","6800","71.02","false"
"UKW","2007-11-01","74.75","75.78","73.68","73.68","6500","71.20","false"
"UKW","2007-10-31","76.27","77.18","75.97","77.18","600","74.58","false"
"UKW","2007-10-30","75.44","75.80","75.44","75.80","600","73.24","false"
"UKW","2007-10-29","75.80","75.80","75.80","75.80","200","73.24","false"
"UKW","2007-10-26","75.37","75.70","74.86","75.18","11300","72.65","false"
"UKW","2007-10-25","74.95","74.95","73.17","74.01","4900","71.52","false"
"UKW","2007-10-24","74.01","74.42","72.00","74.30","6500","71.80","false"
"UKW","2007-10-23","73.87","74.75","73.25","74.50","24800","71.99","false"
"UKW","2007-10-22","72.15","73.66","71.85","73.59","14400","71.11","false"
"UKW","2007-10-19","75.17","75.17","72.88","72.88","1400","70.42","false"
"UKW","2007-10-18","76.35","76.35","76.35","76.35","100","73.78","false"
"UKW","2007-10-17","77.45","77.54","75.34","76.58","2900","74.00","false"
"UKW","2007-10-16","76.85","76.85","76.80","76.80","200","74.21","false"
"UKW","2007-10-15","78.76","78.76","76.97","76.97","2700","74.38","false"
"UKW","2007-10-12","77.85","78.60","77.00","78.34","23500","75.70","false"
"UKW","2007-10-11","79.97","80.17","76.80","77.56","16400","74.95","false"
"UKW","2007-10-10","78.21","78.84","78.14","78.84","2000","76.18","false"
"UKW","2007-10-09","77.91","78.80","77.63","78.80","2400","76.14","false"
"UKW","2007-10-08","77.62","77.90","77.02","77.68","2000","75.06","false"
"UKW","2007-10-05","76.87","100.91","75.04","78.00","14400","75.37","false"
"UKW","2007-10-04","75.45","75.83","75.45","75.80","7100","73.24","false"
"UKW","2007-10-03","76.00","76.42","75.52","75.90","6600","73.34","false"
"UKW","2007-10-02","75.88","76.50","75.88","76.50","2400","73.92","false"
"UKW","2007-10-01","75.08","75.50","75.08","75.50","500","72.95","false"
"UKW","2007-09-28","74.55","74.55","74.27","74.27","400","71.77","false"
"UKW","2007-09-27","74.20","74.68","73.82","74.51","5200","72.00","false"
"UKW","2007-09-26","73.25","73.76","73.00","73.54","10500","71.06","false"
"UKW","2007-09-25","71.25","72.74","71.25","72.74","2300","70.29","false"
"UKW","2007-09-24","73.52","73.52","72.00","72.00","3100","69.54","false"
"UKW","2007-09-21","73.60","73.60","73.20","73.35","1500","70.84","false"
"UKW","2007-09-20","73.02","73.63","72.65","72.73","2600","70.24","false"
"UKW","2007-09-19","73.90","74.31","73.31","73.60","1600","71.08","false"
"UKW","2007-09-18","69.13","72.42","69.00","72.42","4200","69.94","false"
"UKW","2007-09-17","68.53","68.53","68.53","68.53","1000","66.19","false"
"UKW","2007-09-14","68.18","69.33","68.18","69.33","3700","66.96","false"
"UKW","2007-09-13","68.95","69.59","68.78","68.93","6100","66.57","false"
"UKW","2007-09-12","68.28","69.25","68.28","68.56","9100","66.22","false"
"UKW","2007-09-11","67.82","68.58","67.82","68.35","6500","66.01","false"
"UKW","2007-09-10","68.25","68.25","65.54","66.95","8600","64.66","false"
"UKW","2007-09-07","68.44","68.45","67.36","67.40","7600","65.10","false"
"UKW","2007-09-06","69.12","69.12","69.12","69.12","0","66.76","false"
"UKW","2007-09-05","69.85","69.93","69.12","69.12","3500","66.76","false"
"UKW","2007-09-04","69.69","71.30","69.69","70.65","1700","68.24","false"
"UKW","2007-08-31","68.57","69.50","68.57","69.16","1900","66.80","false"
"UKW","2007-08-30","67.82","67.95","67.00","67.00","1100","64.71","false"
"UKW","2007-08-29","65.82","65.93","65.76","65.76","600","63.51","false"
"UKW","2007-08-28","65.92","66.00","64.27","64.27","2100","62.07","false"
"UKW","2007-08-27","68.09","68.35","67.98","67.98","20100","65.66","false"
"UKW","2007-08-24","67.35","68.16","67.35","67.99","7000","65.67","false"
"UKW","2007-08-23","68.01","68.01","67.00","67.35","2900","65.05","false"
"UKW","2007-08-22","66.85","67.86","66.85","67.46","1700","65.15","false"
"UKW","2007-08-21","64.58","65.64","64.58","65.64","4300","63.40","false"
"UKW","2007-08-20","64.60","64.78","64.57","64.78","2000","62.57","false"
"UKW","2007-08-17","62.25","64.05","62.16","64.05","2000","61.86","false"
"UKW","2007-08-16","61.08","61.58","57.58","61.58","15700","59.48","false"
"UKW","2007-08-15","65.28","65.73","64.92","64.92","4600","62.70","false"
"UKW","2007-08-14","68.17","68.17","65.54","65.54","400","63.30","false"
"UKW","2007-08-13","69.34","69.34","68.22","68.22","2600","65.89","false"
"UKW","2007-08-10","64.90","68.33","64.90","67.87","7000","65.55","false"
"UKW","2007-08-09","70.41","70.41","70.41","70.41","900","68.00","false"
"UKW","2007-08-08","71.05","71.97","70.76","71.20","2900","68.77","false"
"UKW","2007-08-07","67.92","68.71","67.92","68.40","8700","66.06","false"
"UKW","2007-08-06","66.10","67.90","65.78","67.90","1400","65.58","false"
"UKW","2007-08-03","69.46","69.46","69.46","69.46","300","67.09","false"
"UKW","2007-08-02","70.50","70.50","70.50","70.50","100","68.09","false"
"UKW","2007-08-01","68.75","69.00","67.34","67.34","5200","65.04","false"
"UKW","2007-07-31","70.45","70.45","70.45","70.45","0","68.04","false"
"UKW","2007-07-30","69.71","70.45","69.59","70.45","1800","68.04","false"
"UKW","2007-07-27","69.30","69.30","69.30","69.30","1400","66.93","false"
"UKW","2007-07-26","71.78","71.78","69.45","71.07","1000","68.64","false"
"UKW","2007-07-25","73.50","74.50","73.50","74.50","500","71.95","false"
"UKW","2007-07-24","76.32","76.32","76.32","76.32","100","73.71","false"
"UKW","2007-07-23","78.10","78.10","78.10","78.10","200","75.43","false"
"UKW","2007-07-20","78.98","78.98","77.24","78.13","1300","75.46","false"
"UKW","2007-07-19","79.18","79.18","79.14","79.14","200","76.43","false"
"UKW","2007-07-18","77.43","77.43","77.43","77.43","100","74.78","false"
"UKW","2007-07-17","78.43","78.65","78.23","78.65","700","75.96","false"
"UKW","2007-07-16","78.48","79.06","78.48","78.95","1500","76.25","false"
"UKW","2007-07-13","78.48","78.65","78.48","78.65","400","75.96","false"
"UKW","2007-07-12","77.42","77.85","77.42","77.85","400","75.19","false"
"UKW","2007-07-11","75.80","75.80","75.80","75.80","800","73.21","false"
"UKW","2007-07-10","76.53","76.53","75.68","75.68","600","73.09","false"
"UKW","2007-07-09","77.47","77.47","77.40","77.40","400","74.75","false"
"UKW","2007-07-06","77.08","77.08","77.08","77.08","200","74.45","false"
"UKW","2007-07-05","74.59","74.59","74.59","74.59","0","72.04","false"
"UKW","2007-07-03","74.59","74.59","74.59","74.59","0","72.04","false"
"UKW","2007-07-02","73.91","74.59","73.91","74.59","900","72.04","false"
"UKW","2007-06-29","73.18","73.18","73.18","73.18","0","70.68","false"
"UKW","2007-06-28","73.50","73.74","73.18","73.18","700","70.68","false"
"UKW","2007-06-27","70.63","73.04","70.63","73.04","1700","70.54","false"
"UKW","2007-06-26","72.35","72.35","71.43","71.55","1800","69.10","false"
"UKW","2007-06-25","73.23","74.00","72.26","72.66","5200","70.03","false"
"UKW","2007-06-22","74.81","74.81","74.81","74.81","0","71.96","false"
"UKW","2007-06-21","74.20","75.01","73.35","74.81","12600","71.96","false"
"UKW","2007-06-20","75.60","75.82","75.60","75.82","1200","72.93","false"
"UKW","2007-06-19","75.35","75.74","75.35","75.74","700","72.85","false"
"UKW","2007-06-18","75.79","75.79","75.58","75.75","600","72.86","false"
"UKW","2007-06-15","76.48","76.84","76.04","76.04","3700","73.14","false"
"UKW","2007-06-14","74.92","75.11","74.92","75.00","1300","72.14","false"
"UKW","2007-06-13","72.94","74.10","72.60","74.10","2900","71.27","false"
"UKW","2007-06-12","73.17","73.75","72.49","73.75","900","70.94","false"
"UKW","2007-06-11","74.12","74.12","74.12","74.12","200","71.29","false"
"UKW","2007-06-08","71.45","73.53","71.31","73.53","1400","70.73","false"
"UKW","2007-06-07","72.93","73.00","72.09","72.09","1400","69.34","false"
"UKW","2007-06-06","75.29","75.29","74.75","74.92","1200","72.06","false"
"UKW","2007-06-05","77.00","77.00","76.32","76.55","700","73.63","false"
"UKW","2007-06-04","76.79","77.52","76.72","77.52","400","74.56","false"
"UKW","2007-06-01","77.19","77.20","76.92","76.92","2100","73.99","false"
"UKW","2007-05-31","76.23","76.43","76.23","76.24","1200","73.33","false"
"UKW","2007-05-30","73.25","73.25","73.25","73.25","100","70.46","false"
"UKW","2007-05-29","74.31","74.31","74.12","74.12","2700","71.29","false"
"UKW","2007-05-25","73.24","73.24","73.07","73.07","1000","70.28","false"
"UKW","2007-05-24","73.06","73.14","73.02","73.13","1700","70.34","false"
"UKW","2007-05-23","75.15","75.65","74.97","75.02","5500","72.16","false"
"UKW","2007-05-22","74.07","74.07","74.07","74.07","0","71.25","false"
"UKW","2007-05-21","73.56","74.07","73.56","74.07","300","71.25","false"
"UKW","2007-05-18","72.86","72.86","72.86","72.86","100","70.08","false"
"UKW","2007-05-17","72.49","72.49","72.49","72.49","0","69.73","false"
"UKW","2007-05-16","72.49","72.49","72.49","72.49","0","69.73","false"
"UKW","2007-05-15","72.49","72.49","72.49","72.49","0","69.73","false"
"UKW","2007-05-14","73.50","73.50","72.49","72.49","1100","69.73","false"
"UKW","2007-05-11","74.23","74.23","74.23","74.23","0","71.40","false"
"UKW","2007-05-10","74.23","74.23","74.23","74.23","0","71.40","false"
"UKW","2007-05-09","74.23","74.23","74.23","74.23","100","71.40","false"
"UKW","2007-05-08","72.42","73.20","71.97","73.20","600","70.41","false"
"UKW","2007-05-07","73.20","73.20","73.20","73.20","0","70.41","false"
"UKW","2007-05-04","73.20","73.20","73.20","73.20","200","70.41","false"
"UKW","2007-05-03","72.75","72.75","72.75","72.75","400","69.98","false"
"UKW","2007-05-02","71.79","72.80","71.79","72.74","2400","69.97","false"
"UKW","2007-05-01","70.95","71.13","70.76","71.13","1800","68.42","false"
"UKW","2007-04-30","72.65","72.65","72.65","72.65","500","69.88","false"
"UKW","2007-04-27","72.80","72.90","72.80","72.90","800","70.12","false"
"UKW","2007-04-26","73.00","73.35","73.00","73.35","500","70.55","false"
"UKW","2007-04-25","71.54","71.54","71.54","71.54","100","68.81","false"
"UKW","2007-04-24","71.70","71.70","71.28","71.28","1000","68.56","false"
"UKW","2007-04-23","71.62","71.62","71.54","71.54","500","68.81","false"
"UKW","2007-04-20","70.57","71.08","70.57","71.08","1100","68.37","false"
"UKW","2007-04-19","70.26","70.26","70.26","70.26","0","67.58","false"
"UKW","2007-04-18","70.26","70.26","70.26","70.26","0","67.58","false"
"UKW","2007-04-17","70.33","70.33","70.26","70.26","200","67.58","false"
"UKW","2007-04-16","68.13","68.13","68.13","68.13","0","65.53","false"
"UKW","2007-04-13","68.13","68.13","68.13","68.13","0","65.53","false"
"UKW","2007-04-12","68.13","68.13","68.13","68.13","0","65.53","false"
"UKW","2007-04-11","67.99","68.13","67.99","68.13","300","65.53","false"
"UKW","2007-04-10","68.20","68.25","68.20","68.25","4200","65.65","false"
"UKW","2007-04-09","67.90","67.90","67.90","67.90","100","65.31","false"
"UKW","2007-04-05","64.85","64.85","64.85","64.85","0","62.38","false"
"UKW","2007-04-04","64.85","64.85","64.85","64.85","0","62.38","false"
"UKW","2007-04-03","64.85","64.85","64.85","64.85","0","62.38","false"
"UKW","2007-04-02","64.85","64.85","64.85","64.85","0","62.38","false"
"UKW","2007-03-30","64.85","64.85","64.85","64.85","0","62.38","false"
"UKW","2007-03-29","64.85","64.85","64.85","64.85","100","62.38","false"
"UKW","2007-03-28","65.50","65.74","65.37","65.51","3400","63.01","false"
"UKW","2007-03-27","67.28","67.28","67.28","67.28","0","64.71","false"
"UKW","2007-03-26","67.28","67.28","67.28","67.28","0","64.71","false"
"UKW","2007-03-23","67.30","67.49","67.26","67.28","1500","64.71","false"
"UKW","2007-03-22","67.30","67.30","66.98","66.98","600","64.43","false"
"UKW","2007-03-21","65.33","67.06","65.33","67.06","2500","64.50","false"
"UKW","2007-03-20","60.73","60.73","60.73","60.73","0","58.41","false"
"UKW","2007-03-19","60.73","60.73","60.73","60.73","0","58.41","false"
"UKW","2007-03-16","60.73","60.73","60.73","60.73","0","58.41","false"
"UKW","2007-03-15","60.73","60.73","60.73","60.73","0","58.41","false"
"UKW","2007-03-14","61.34","61.50","60.73","60.73","600","58.41","false"
"UKW","2007-03-13","62.70","62.70","62.70","62.70","0","60.31","false"
"UKW","2007-03-12","62.70","62.70","62.70","62.70","0","60.31","false"
"UKW","2007-03-09","62.70","62.70","62.70","62.70","0","60.31","false"
"UKW","2007-03-08","62.70","62.70","62.70","62.70","0","60.31","false"
"UKW","2007-03-07","62.70","62.70","62.70","62.70","0","60.31","false"
"UKW","2007-03-06","62.70","62.70","62.70","62.70","0","60.31","false"
"UKW","2007-03-05","62.70","62.70","62.70","62.70","0","60.31","false"
"UKW","2007-03-02","63.58","63.58","62.70","62.70","200","60.31","false"
"UKW","2007-03-01","65.24","65.24","65.24","65.24","0","62.75","false"
"UKW","2007-02-28","65.24","65.24","65.24","65.24","0","62.75","false"
"UKW","2007-02-27","64.75","65.24","64.57","65.24","500","62.75","false"
"UKW","2007-02-26","70.55","70.62","69.49","69.49","400","66.84","false"
"UKW","2007-02-23","70.46","70.46","70.46","70.46","0","67.77","false"
"UKW","2007-02-22","70.68","70.68","70.46","70.46","2100","67.77","false"
"UKW","2008-12-31","15.98","16.62","15.98","16.47","54400","16.43","false"
"UKW","2008-12-30","15.08","15.79","14.98","15.79","37900","15.75","false"
"UKW","2008-12-29","15.12","15.12","14.47","14.79","47600","14.75","false"
"UKW","2008-12-26","15.19","15.19","14.86","15.19","8000","15.15","false"
"UKW","2008-12-24","14.22","14.93","14.22","14.86","14900","14.82","false"
"UKW","2008-12-23","15.09","15.34","14.68","14.71","45800","14.67","false"
"UKW","2008-12-22","16.01","16.01","14.50","15.13","38200","15.08","false"
"UKW","2008-12-19","16.09","16.31","15.69","15.90","21900","15.85","false"
"UKW","2008-12-18","16.70","16.72","15.66","15.79","48600","15.74","false"
"UKW","2008-12-17","15.93","16.97","15.93","16.78","26800","16.72","false"
"UKW","2008-12-16","16.12","16.24","15.06","16.12","71900","16.06","false"
"UKW","2008-12-15","15.48","15.48","14.25","14.69","14200","14.64","false"
"UKW","2008-12-12","14.58","15.16","13.19","15.05","18000","15.00","false"
"UKW","2008-12-11","15.84","16.00","14.60","14.83","23700","14.78","false"
"UKW","2008-12-10","15.61","16.22","15.43","16.02","21900","15.96","false"
"UKW","2008-12-09","15.50","16.24","15.14","15.23","38700","15.18","false"
"UKW","2008-12-08","15.92","15.96","15.07","15.71","46800","15.66","false"
"UKW","2008-12-05","12.99","14.36","12.55","14.36","12300","14.31","false"
"UKW","2008-12-04","14.67","14.67","13.01","13.41","50000","13.36","false"
"UKW","2008-12-03","12.97","14.45","12.97","14.45","13200","14.40","false"
"UKW","2008-12-02","13.55","13.81","12.90","13.60","17000","13.55","false"
"UKW","2008-12-01","14.90","14.90","12.76","12.76","24200","12.72","false"
"UKW","2008-11-28","15.84","15.84","14.91","15.77","22000","15.72","false"
"UKW","2008-11-26","13.50","15.57","13.44","15.54","57500","15.49","false"
"UKW","2008-11-25","14.14","14.69","13.22","13.96","62900","13.91","false"
"UKW","2008-11-24","12.79","14.00","12.18","13.60","290900","13.55","false"
"UKW","2008-11-21","11.32","11.98","10.43","11.84","185600","11.80","false"
"UKW","2008-11-20","12.00","12.40","10.47","10.47","111500","10.43","false"
"UKW","2008-11-19","14.91","14.91","12.42","12.42","58500","12.38","false"
"UKW","2008-11-18","13.92","14.81","13.48","14.21","26400","14.16","false"
"UKW","2008-11-17","14.87","15.28","14.53","14.70","31200","14.65","false"
"UKW","2008-11-14","17.09","17.09","15.27","15.27","26700","15.22","false"
"UKW","2008-11-13","14.00","16.97","13.60","16.97","44100","16.91","false"
"UKW","2008-11-12","16.80","16.80","14.69","14.82","26800","14.77","false"
"UKW","2008-11-11","17.25","17.31","16.12","16.79","13300","16.73","false"
"UKW","2008-11-10","20.55","20.55","17.50","17.80","29300","17.74","false"
"UKW","2008-11-07","17.60","18.79","17.60","18.57","91800","18.51","false"
"UKW","2008-11-06","18.42","19.54","17.45","17.59","84300","17.53","false"
"UKW","2008-11-05","22.01","22.01","19.70","19.85","21500","19.78","false"
"UKW","2008-11-04","21.51","22.26","21.10","22.01","29800","21.93","false"
"UKW","2008-11-03","21.12","21.19","20.36","20.84","90700","20.77","false"
"UKW","2008-10-31","19.40","21.25","19.38","20.65","19900","20.58","false"
"UKW","2008-10-30","19.74","20.02","18.89","19.67","21700","19.60","false"
"UKW","2008-10-29","16.68","19.75","14.67","18.35","64100","18.29","false"
"UKW","2008-10-28","16.92","17.50","14.76","17.50","59800","17.44","false"
"UKW","2008-10-27","15.07","16.25","15.00","15.00","8200","14.95","false"
"UKW","2008-10-24","13.06","16.63","13.06","15.87","20900","15.82","false"
"UKW","2008-10-23","17.95","17.95","15.75","16.94","24300","16.88","false"
"UKW","2008-10-22","20.32","20.32","17.00","17.90","24800","17.84","false"
"UKW","2008-10-21","22.03","22.39","20.54","20.73","16300","20.66","false"
"UKW","2008-10-20","21.98","22.33","20.62","22.33","10800","22.25","false"
"UKW","2008-10-17","20.00","21.99","19.61","20.23","39500","20.16","false"
"UKW","2008-10-16","20.51","20.52","17.00","20.52","53200","20.45","false"
"UKW","2008-10-15","21.55","22.24","18.50","18.50","120800","18.44","false"
"UKW","2008-10-14","28.16","29.15","22.66","23.91","126800","23.83","false"
"UKW","2008-10-13","23.69","28.80","21.54","25.49","337800","25.40","false"
"UKW","2008-10-10","17.85","37.00","17.55","19.45","89800","19.38","false"
"UKW","2008-10-09","24.00","24.72","20.45","21.56","21500","21.49","false"
"UKW","2008-10-08","22.58","24.96","22.58","24.47","10600","24.39","false"
"UKW","2008-10-07","24.50","25.72","24.50","25.01","12400","24.92","false"
"UKW","2008-10-06","27.63","27.63","24.38","26.85","20500","26.76","false"
"UKW","2008-10-03","33.05","35.54","29.53","29.53","19700","29.43","false"
"UKW","2008-10-02","35.81","35.81","31.00","31.01","9200","30.90","false"
"UKW","2008-10-01","35.80","35.80","34.75","34.92","4100","34.80","false"
"UKW","2008-09-30","35.90","36.40","34.00","36.21","10400","36.09","false"
"UKW","2008-09-29","39.42","39.42","32.68","34.42","21300","34.30","false"
"UKW","2008-09-26","40.00","40.33","38.82","40.31","17200","40.17","false"
"UKW","2008-09-25","40.58","41.43","40.58","41.11","10900","40.97","false"
"UKW","2008-09-24","40.58","40.85","39.92","39.93","1500","39.79","false"
"UKW","2008-09-23","42.56","42.90","40.49","41.40","26100","41.26","false"
"UKW","2008-09-22","44.37","44.37","42.10","42.79","26700","42.64","false"
"UKW","2008-09-19","43.99","43.99","43.99","43.99","37500","43.84","false"
"UKW","2008-09-18","40.01","42.03","37.06","41.86","33300","41.72","false"
"UKW","2008-09-17","41.95","42.22","39.00","39.09","14100","38.96","false"
"UKW","2008-09-16","40.93","45.36","38.03","42.59","66300","42.44","false"
"UKW","2008-09-15","43.84","45.04","42.22","42.43","43200","42.28","false"
"UKW","2008-09-12","44.53","46.41","44.53","46.41","3700","46.25","false"
"UKW","2008-09-11","43.01","45.70","41.00","45.66","44200","45.50","false"
"UKW","2008-09-10","44.30","45.39","43.69","44.64","54200","44.49","false"
"UKW","2008-09-09","47.17","47.17","43.55","43.55","10900","43.40","false"
"UKW","2008-09-08","50.42","51.32","46.48","47.65","45400","47.49","false"
"UKW","2008-09-05","46.40","47.01","44.41","47.01","44300","46.85","false"
"UKW","2008-09-04","48.50","48.58","46.29","46.61","23000","46.45","false"
"UKW","2008-09-03","51.18","51.18","48.87","49.46","8500","49.29","false"
"UKW","2008-09-02","53.73","53.73","49.99","50.60","8600","50.43","false"
"UKW","2008-08-29","52.76","53.00","52.37","52.37","1200","52.19","false"
"UKW","2008-08-28","52.25","53.29","52.25","53.07","2000","52.89","false"
"UKW","2008-08-27","51.63","51.79","51.63","51.79","600","51.61","false"
"UKW","2008-08-26","50.79","50.79","50.22","50.45","4600","50.28","false"
"UKW","2008-08-25","51.40","51.67","50.17","50.44","2300","50.27","false"
"UKW","2008-08-22","51.75","52.75","51.75","52.24","1000","52.06","false"
"UKW","2008-08-21","51.30","51.42","51.03","51.42","1700","51.24","false"
"UKW","2008-08-20","50.93","51.38","50.64","51.36","4900","51.18","false"
"UKW","2008-08-19","50.69","51.06","50.50","50.88","8700","50.71","false"
"UKW","2008-08-18","53.36","53.36","51.75","51.77","6300","51.59","false"
"UKW","2008-08-15","53.61","53.72","52.84","53.39","6300","53.21","false"
"UKW","2008-08-14","52.15","53.31","52.15","53.12","9600","52.94","false"
"UKW","2008-08-13","51.70","52.67","51.27","52.49","2400","52.31","false"
"UKW","2008-08-12","53.00","53.00","51.85","51.85","4300","51.67","false"
"UKW","2008-08-11","52.38","53.58","51.69","52.90","8900","52.72","false"
"UKW","2008-08-08","51.39","52.38","51.39","52.23","19600","52.05","false"
"UKW","2008-08-07","51.04","51.43","50.32","50.32","37400","50.15","false"
"UKW","2008-08-06","50.47","52.01","50.46","52.01","47000","51.83","false"
"UKW","2008-08-05","51.86","51.86","49.75","50.49","7000","50.32","false"
"UKW","2008-08-04","50.69","50.69","48.27","48.58","4800","48.41","false"
"UKW","2008-08-01","50.58","51.15","50.58","50.80","13000","50.63","false"
"UKW","2008-07-31","52.70","52.99","51.42","51.42","13700","51.24","false"
"UKW","2008-07-30","52.65","52.93","51.50","52.93","6000","52.75","false"
"UKW","2008-07-29","50.00","51.20","50.00","51.20","10700","51.02","false"
"UKW","2008-07-28","50.04","50.74","49.42","49.46","5900","49.29","false"
"UKW","2008-07-25","50.46","50.95","50.46","50.60","5400","50.43","false"
"UKW","2008-07-24","52.90","52.90","49.81","49.93","21200","49.76","false"
"UKW","2008-07-23","53.28","54.17","52.96","53.15","40000","52.97","false"
"UKW","2008-07-22","52.06","52.73","52.04","52.68","3200","52.50","false"
"UKW","2008-07-21","52.42","52.82","52.02","52.80","1900","52.62","false"
"UKW","2008-07-18","52.29","52.36","51.64","51.92","2000","51.74","false"
"UKW","2008-07-17","51.98","52.49","51.59","52.29","28400","52.11","false"
"UKW","2008-07-16","50.08","51.28","49.60","51.28","3200","51.10","false"
"UKW","2008-07-15","49.10","49.96","47.70","49.96","3200","49.79","false"
"UKW","2008-07-14","51.00","51.54","49.78","50.26","80000","50.09","false"
"UKW","2008-07-11","49.86","50.73","48.94","50.45","59400","50.28","false"
"UKW","2008-07-10","49.51","51.07","49.51","51.07","900","50.89","false"
"UKW","2008-07-09","52.74","53.07","50.49","50.49","8700","50.32","false"
"UKW","2008-07-08","51.18","52.26","49.40","52.26","7900","52.08","false"
"UKW","2008-07-07","52.20","52.84","49.96","51.02","5400","50.84","false"
"UKW","2008-07-03","53.15","53.15","50.72","51.55","26000","51.37","false"
"UKW","2008-07-02","56.68","56.68","52.74","52.74","7500","52.56","false"
"UKW","2008-07-01","54.30","55.89","54.18","55.89","5500","55.70","false"
"UKW","2008-06-30","56.61","56.90","55.53","55.89","8600","55.70","false"
"UKW","2008-06-27","57.59","57.59","54.85","56.09","4500","55.90","false"
"UKW","2008-06-26","58.01","58.01","56.27","56.44","3100","56.25","false"
"UKW","2008-06-25","59.05","59.96","59.05","59.46","5400","59.26","false"
"UKW","2008-06-24","59.16","59.79","58.23","58.23","16700","58.03","false"
"UKW","2008-06-23","60.40","60.51","60.37","60.37","2300","60.28","false"
"UKW","2008-06-20","61.78","61.78","60.25","60.25","13900","60.16","false"
"UKW","2008-06-19","61.88","61.94","61.08","61.94","13400","61.85","false"
"UKW","2008-06-18","61.76","62.18","61.06","62.18","8000","62.09","false"
"UKW","2008-06-17","63.28","63.50","62.70","62.70","60500","62.61","false"
"UKW","2008-06-16","62.45","63.60","62.20","63.11","39500","63.02","false"
"UKW","2008-06-13","61.01","62.56","61.01","62.56","26000","62.47","false"
"UKW","2008-06-12","61.10","61.41","59.51","59.53","25000","59.45","false"
"UKW","2008-06-11","61.10","62.10","60.12","60.12","3700","60.03","false"
"UKW","2008-06-10","62.20","62.71","61.79","62.41","22500","62.32","false"
"UKW","2008-06-09","63.40","63.59","62.55","63.24","10400","63.15","false"
"UKW","2008-06-06","64.42","66.00","63.39","63.39","9700","63.30","false"
"UKW","2008-06-05","65.10","66.60","65.10","66.60","3500","66.51","false"
"UKW","2008-06-04","64.48","65.39","63.89","63.99","23600","63.90","false"
"UKW","2008-06-03","64.40","64.65","63.18","64.26","1100","64.17","false"
"UKW","2008-06-02","65.50","65.50","64.08","64.09","8200","64.00","false"
"UKW","2008-05-30","66.13","66.13","64.84","65.60","34100","65.51","false"
"UKW","2008-05-29","64.35","64.81","64.23","64.23","3300","64.14","false"
"UKW","2008-05-28","63.11","63.95","63.06","63.95","1800","63.86","false"
"UKW","2008-05-27","61.75","62.53","61.69","62.53","600","62.44","false"
"UKW","2008-05-23","62.52","62.61","60.99","61.65","14000","61.56","false"
"UKW","2008-05-22","63.35","63.44","62.68","62.95","4600","62.86","false"
"UKW","2008-05-21","65.31","65.70","63.14","63.40","63300","63.31","false"
"UKW","2008-05-20","65.83","65.83","64.85","65.30","6900","65.21","false"
"UKW","2008-05-19","68.34","68.34","65.63","65.92","10000","65.83","false"
"UKW","2008-05-16","68.25","68.25","65.55","66.76","7400","66.67","false"
"UKW","2008-05-15","65.40","66.08","65.40","66.04","700","65.95","false"
"UKW","2008-05-14","64.99","65.64","64.38","64.38","6600","64.29","false"
"UKW","2008-05-13","63.34","64.25","63.34","64.24","60200","64.15","false"
"UKW","2008-05-12","61.01","62.88","61.01","62.88","8900","62.79","false"
"UKW","2008-05-09","60.23","61.85","60.23","61.85","11100","61.76","false"
"UKW","2008-05-08","61.23","61.53","61.13","61.53","8100","61.44","false"
"UKW","2008-05-07","62.76","63.03","61.27","61.27","4100","61.18","false"
"UKW","2008-05-06","60.60","62.76","60.60","62.56","15000","62.47","false"
"UKW","2008-05-05","61.30","61.39","60.80","61.39","1400","61.30","false"
"UKW","2008-05-02","62.88","62.88","61.15","61.36","2700","61.27","false"
"UKW","2008-05-01","59.53","61.10","58.92","60.71","87900","60.62","false"
"UKW","2008-04-30","60.57","61.23","59.63","59.63","120200","59.55","false"
"UKW","2008-04-29","61.05","61.05","59.46","60.12","1800","60.03","false"
"UKW","2008-04-28","61.00","61.08","60.15","60.54","9200","60.45","false"
"UKW","2008-04-25","58.84","60.50","58.84","60.38","2400","60.29","false"
"UKW","2008-04-24","58.11","59.18","57.40","58.84","6200","58.76","false"
"UKW","2008-04-23","58.91","58.91","58.04","58.40","3200","58.32","false"
"UKW","2008-04-22","58.72","58.72","57.06","57.29","2800","57.21","false"
"UKW","2008-04-21","58.69","59.61","58.69","59.46","4500","59.38","false"
"UKW","2008-04-18","57.74","60.03","57.74","59.50","17800","59.42","false"
"UKW","2008-04-17","56.02","57.30","56.02","57.10","9300","57.02","false"
"UKW","2008-04-16","55.52","55.52","55.40","55.40","700","55.32","false"
"UKW","2008-04-15","54.18","54.39","53.59","54.39","5200","54.31","false"
"UKW","2008-04-14","54.23","54.29","53.96","54.29","5500","54.21","false"
"UKW","2008-04-11","55.03","55.03","54.59","54.59","1500","54.51","false"
"UKW","2008-04-10","55.50","56.31","55.23","56.31","1300","56.23","false"
"UKW","2008-04-09","56.46","56.72","55.44","55.62","1500","55.54","false"
"UKW","2008-04-08","56.40","57.16","56.37","56.68","7500","56.60","false"
"UKW","2008-04-07","58.06","58.36","57.19","57.19","6700","57.11","false"
"UKW","2008-04-04","56.81","57.94","56.81","57.46","3400","57.38","false"
"UKW","2008-04-03","55.70","56.88","55.70","56.88","5400","56.80","false"
"UKW","2008-04-02","56.47","57.13","55.75","56.39","11000","56.31","false"
"UKW","2008-04-01","53.15","55.72","53.15","55.72","7500","55.64","false"
"UKW","2008-03-31","51.51","52.14","51.51","51.92","7400","51.85","false"
"UKW","2008-03-28","52.17","52.64","51.18","51.18","9000","51.11","false"
"UKW","2008-03-27","53.87","53.87","52.54","52.54","7500","52.47","false"
"UKW","2008-03-26","52.77","54.23","52.77","53.54","21500","53.46","false"
"UKW","2008-03-25","55.10","55.54","53.52","54.64","37300","54.56","false"
"UKW","2008-03-24","52.56","54.18","51.71","53.56","23200","53.41","false"
"UKW","2008-03-20","48.88","50.73","48.67","50.45","7900","50.31","false"
"UKW","2008-03-19","53.61","53.61","49.28","49.28","1100","49.14","false"
"UKW","2008-03-18","52.04","52.26","49.97","51.72","6800","51.57","false"
"UKW","2008-03-17","48.60","49.30","47.00","48.01","2000","47.87","false"
"UKW","2008-03-14","50.49","50.92","49.56","50.72","12600","50.58","false"
"UKW","2008-03-13","49.90","52.72","49.83","52.72","1400","52.57","false"
"UKW","2008-03-12","51.82","52.25","51.15","51.15","2300","51.00","false"
"UKW","2008-03-11","49.50","51.36","49.50","51.36","57200","51.21","false"
"UKW","2008-03-10","50.54","50.54","48.63","48.76","5200","48.62","false"
"UKW","2008-03-07","52.41","52.41","50.92","50.92","18100","50.78","false"
"UKW","2008-03-06","53.33","53.65","52.46","52.46","15100","52.31","false"
"UKW","2008-03-05","55.07","55.98","55.07","55.40","3400","55.24","false"
"UKW","2008-03-04","54.10","54.57","52.96","54.57","18000","54.42","false"
"UKW","2008-03-03","54.54","54.77","54.00","54.64","2000","54.48","false"
"UKW","2008-02-29","56.88","56.88","54.13","54.48","2400","54.33","false"
"UKW","2008-02-28","58.47","58.47","57.85","57.85","7500","57.69","false"
"UKW","2008-02-27","59.97","60.17","59.09","59.09","4200","58.92","false"
"UKW","2008-02-26","58.60","59.64","58.60","59.64","5100","59.47","false"
"UKW","2008-02-25","57.80","58.09","57.18","58.09","4300","57.93","false"
"UKW","2008-02-22","54.83","56.68","54.83","56.68","2000","56.52","false"
"UKW","2008-02-21","57.80","57.80","56.17","56.17","700","56.01","false"
"UKW","2008-02-20","55.84","57.64","55.84","57.64","6700","57.48","false"
"UKW","2008-02-19","57.22","57.22","56.43","56.43","1400","56.27","false"
"UKW","2008-02-15","55.76","55.94","55.20","55.20","1300","55.04","false"
"UKW","2008-02-14","56.74","57.03","56.74","57.03","3000","56.87","false"
"UKW","2008-02-13","57.19","58.47","56.70","58.24","16200","58.07","false"
"UKW","2008-02-12","57.11","57.68","56.12","56.12","8700","55.96","false"
"UKW","2008-02-11","55.09","56.03","54.14","56.03","6400","55.87","false"
"UKW","2008-02-08","54.70","55.29","54.25","54.63","9400","54.47","false"
"UKW","2008-02-07","53.84","54.44","53.39","54.39","9900","54.24","false"
"UKW","2008-02-06","55.24","55.42","53.25","53.25","4500","53.10","false"
"UKW","2008-02-05","56.70","56.97","54.84","54.84","19000","54.68","false"
"UKW","2008-02-04","58.98","58.98","58.62","58.62","3600","58.45","false"
"UKW","2008-02-01","59.00","59.41","57.44","59.38","42600","59.21","false"
"UKW","2008-01-31","54.05","56.56","54.05","56.56","26300","56.40","false"
"UKW","2008-01-30","55.29","57.61","55.06","55.06","11000","54.90","false"
"UKW","2008-01-29","55.35","55.95","55.19","55.95","2000","55.79","false"
"UKW","2008-01-28","52.25","54.86","52.25","54.86","14500","54.70","false"
"UKW","2008-01-25","57.58","57.58","53.13","53.72","16100","53.57","false"
"UKW","2008-01-24","53.95","54.88","53.50","53.81","21100","53.66","false"
"UKW","2008-01-23","51.11","53.08","47.26","53.08","31500","52.93","false"
"UKW","2008-01-22","51.06","51.06","48.60","50.95","15800","50.81","false"
"UKW","2008-01-18","52.50","52.50","51.00","51.86","3800","51.71","false"
"UKW","2008-01-17","57.35","57.35","51.51","51.96","18900","51.81","false"
"UKW","2008-01-16","54.70","55.29","53.99","55.29","2600","55.13","false"
"UKW","2008-01-15","57.98","57.98","56.04","56.04","1400","55.88","false"
"UKW","2008-01-14","57.90","57.90","57.90","57.90","0","57.74","false"
"UKW","2008-01-11","58.68","58.68","57.56","57.90","1700","57.74","false"
"UKW","2008-01-10","58.29","60.70","58.29","59.80","29000","59.63","false"
"UKW","2008-01-09","58.23","58.58","56.44","58.53","3500","58.36","false"
"UKW","2008-01-08","61.49","61.51","58.36","58.36","7300","58.19","false"
"UKW","2008-01-07","61.51","61.51","60.47","60.47","3400","60.30","false"
"UKW","2008-01-04","63.20","63.20","61.38","61.38","2300","61.21","false"
"UKW","2008-01-03","65.83","66.33","65.70","65.95","4600","65.76","false"
"UKW","2008-01-02","67.33","67.33","65.50","65.76","2700","65.57","false"
"UKW","2009-12-31","32.44","32.44","31.66","31.66","4500","31.66","false"
"UKW","2009-12-30","32.24","32.32","32.07","32.32","7100","32.32","false"
"UKW","2009-12-29","32.59","32.59","32.31","32.39","13100","32.39","false"
"UKW","2009-12-28","32.64","32.64","32.28","32.45","17700","32.45","false"
"UKW","2009-12-24","32.42","32.45","32.32","32.45","4800","32.45","false"
"UKW","2009-12-23","32.01","32.18","31.73","32.16","17300","32.16","false"
"UKW","2009-12-22","31.42","31.76","31.29","31.73","15300","31.71","false"
"UKW","2009-12-21","31.07","31.31","31.07","31.21","3700","31.20","false"
"UKW","2009-12-18","30.71","30.71","30.08","30.62","3800","30.61","false"
"UKW","2009-12-17","30.43","30.58","30.29","30.39","25200","30.38","false"
"UKW","2009-12-16","31.00","31.22","31.00","31.02","11100","31.01","false"
"UKW","2009-12-15","30.56","30.80","30.49","30.60","28100","30.59","false"
"UKW","2009-12-14","30.25","30.72","30.20","30.72","28700","30.71","false"
"UKW","2009-12-11","29.82","29.91","29.75","29.86","4600","29.85","false"
"UKW","2009-12-10","29.31","29.72","29.31","29.55","2600","29.54","false"
"UKW","2009-12-09","29.04","29.13","28.70","29.13","2200","29.12","false"
"UKW","2009-12-08","28.99","29.16","28.89","29.03","2000","29.02","false"
"UKW","2009-12-07","29.72","29.72","29.34","29.48","1900","29.47","false"
"UKW","2009-12-04","29.84","30.09","29.10","29.53","16200","29.52","false"
"UKW","2009-12-03","29.50","29.50","28.88","28.94","11000","28.93","false"
"UKW","2009-12-02","29.25","29.62","29.21","29.42","13300","29.41","false"
"UKW","2009-12-01","28.82","29.23","28.80","29.05","45100","29.04","false"
"UKW","2009-11-30","28.06","28.26","27.72","28.17","13100","28.16","false"
"UKW","2009-11-27","27.29","28.49","26.91","28.39","16700","28.38","false"
"UKW","2009-11-25","28.78","29.25","28.78","29.23","3100","29.22","false"
"UKW","2009-11-24","28.40","28.67","28.40","28.67","4100","28.66","false"
"UKW","2009-11-23","29.13","29.36","28.77","28.77","8700","28.76","false"
"UKW","2009-11-20","28.14","28.31","28.14","28.28","2500","28.27","false"
"UKW","2009-11-19","28.66","28.66","28.00","28.38","3200","28.37","false"
"UKW","2009-11-18","29.85","29.85","29.37","29.59","11400","29.58","false"
"UKW","2009-11-17","29.85","29.99","29.77","29.97","4200","29.96","false"
"UKW","2009-11-16","29.59","30.25","29.57","30.15","21900","30.14","false"
"UKW","2009-11-13","28.64","29.20","28.50","28.97","2700","28.96","false"
"UKW","2009-11-12","29.45","29.45","28.62","28.62","2800","28.61","false"
"UKW","2009-11-11","29.59","29.74","29.26","29.33","3900","29.32","false"
"UKW","2009-11-10","28.98","29.23","28.88","29.02","10500","29.01","false"
"UKW","2009-11-09","28.24","29.09","28.24","29.09","8300","29.08","false"
"UKW","2009-11-06","27.29","27.78","27.18","27.78","5100","27.77","false"
"UKW","2009-11-05","26.99","27.69","26.99","27.69","3000","27.68","false"
"UKW","2009-11-04","27.03","27.20","26.80","26.80","1600","26.79","false"
"UKW","2009-11-03","25.84","26.60","25.77","26.53","12700","26.52","false"
"UKW","2009-11-02","25.97","26.26","25.24","26.15","19900","26.14","false"
"UKW","2009-10-30","27.10","27.15","25.76","25.89","12600","25.88","false"
"UKW","2009-10-29","26.60","27.34","26.60","27.23","9700","27.22","false"
"UKW","2009-10-28","27.62","27.63","26.09","26.16","26400","26.15","false"
"UKW","2009-10-27","28.78","28.82","28.00","28.00","10000","27.99","false"
"UKW","2009-10-26","29.22","29.22","28.48","28.58","3900","28.57","false"
"UKW","2009-10-23","29.50","29.50","29.00","29.14","3800","29.13","false"
"UKW","2009-10-22","29.50","29.94","28.72","29.94","6800","29.93","false"
"UKW","2009-10-21","29.77","30.32","29.30","29.30","32700","29.29","false"
"UKW","2009-10-20","30.45","30.45","29.61","29.79","5400","29.78","false"
"UKW","2009-10-19","29.90","30.47","29.75","30.36","7000","30.35","false"
"UKW","2009-10-16","29.80","29.85","29.19","29.68","8500","29.67","false"
"UKW","2009-10-15","29.82","30.14","29.70","30.13","35000","30.12","false"
"UKW","2009-10-14","29.71","30.00","29.38","29.99","12500","29.98","false"
"UKW","2009-10-13","28.91","29.03","28.78","28.97","18100","28.96","false"
"UKW","2009-10-12","29.18","29.46","29.07","29.11","7700","29.10","false"
"UKW","2009-10-09","28.64","28.91","28.61","28.89","4000","28.88","false"
"UKW","2009-10-08","28.29","28.67","28.15","28.46","6900","28.45","false"
"UKW","2009-10-07","27.88","27.88","27.62","27.84","9500","27.83","false"
"UKW","2009-10-06","27.53","27.98","27.53","27.90","3400","27.89","false"
"UKW","2009-10-05","26.30","26.99","26.18","26.99","9700","26.98","false"
"UKW","2009-10-02","25.91","26.36","25.88","25.98","7600","25.97","false"
"UKW","2009-10-01","27.19","27.31","26.49","26.49","17000","26.48","false"
"UKW","2009-09-30","28.49","28.57","27.18","28.22","18700","28.21","false"
"UKW","2009-09-29","28.34","28.64","28.13","28.26","21200","28.25","false"
"UKW","2009-09-28","27.31","28.31","27.31","28.09","9400","28.08","false"
"UKW","2009-09-25","27.28","27.49","26.95","27.14","17800","27.13","false"
"UKW","2009-09-24","28.56","28.56","27.23","27.43","17400","27.42","false"
"UKW","2009-09-23","29.00","29.00","28.39","28.39","2900","28.37","false"
"UKW","2009-09-22","28.82","29.06","28.82","28.97","1100","28.95","false"
"UKW","2009-09-21","28.24","28.66","28.10","28.59","10600","28.57","false"
"UKW","2009-09-18","28.94","28.94","28.40","28.71","4500","28.69","false"
"UKW","2009-09-17","28.82","29.85","28.50","28.58","16700","28.56","false"
"UKW","2009-09-16","28.10","28.75","27.96","28.75","10200","28.73","false"
"UKW","2009-09-15","27.80","27.94","27.47","27.94","3500","27.92","false"
"UKW","2009-09-14","26.57","27.63","26.57","27.63","6000","27.61","false"
"UKW","2009-09-11","27.29","27.41","26.91","27.14","4400","27.12","false"
"UKW","2009-09-10","26.50","27.18","26.50","27.16","10100","27.14","false"
"UKW","2009-09-09","26.06","26.62","26.06","26.28","5200","26.26","false"
"UKW","2009-09-08","25.86","25.86","25.70","25.86","6900","25.85","false"
"UKW","2009-09-04","24.80","25.34","24.75","25.34","7600","25.33","false"
"UKW","2009-09-03","24.24","24.29","24.00","24.29","2100","24.28","false"
"UKW","2009-09-02","24.05","24.20","23.91","24.04","8700","24.03","false"
"UKW","2009-09-01","25.46","25.83","24.26","24.34","13500","24.33","false"
"UKW","2009-08-31","25.40","25.40","24.98","25.29","5500","25.28","false"
"UKW","2009-08-28","26.35","26.46","25.75","25.82","13500","25.81","false"
"UKW","2009-08-27","25.61","25.95","24.91","25.82","17300","25.81","false"
"UKW","2009-08-26","25.59","25.82","25.53","25.55","4000","25.54","false"
"UKW","2009-08-25","25.93","26.02","25.67","25.67","4000","25.66","false"
"UKW","2009-08-24","25.90","25.98","25.35","25.48","5400","25.47","false"
"UKW","2009-08-21","25.13","25.65","25.03","25.65","34000","25.64","false"
"UKW","2009-08-20","24.11","24.79","24.11","24.79","6100","24.78","false"
"UKW","2009-08-19","23.39","24.26","23.38","24.26","14300","24.25","false"
"UKW","2009-08-18","23.51","23.96","23.46","23.88","3600","23.87","false"
"UKW","2009-08-17","23.67","23.78","23.38","23.45","24500","23.44","false"
"UKW","2009-08-14","25.25","25.25","24.32","24.59","22300","24.58","false"
"UKW","2009-08-13","25.25","25.29","24.68","25.29","6500","25.28","false"
"UKW","2009-08-12","24.26","25.33","24.26","24.97","27800","24.96","false"
"UKW","2009-08-11","24.62","24.64","24.23","24.34","11600","24.33","false"
"UKW","2009-08-10","24.91","25.03","24.65","24.88","9700","24.87","false"
"UKW","2009-08-07","24.75","25.31","24.56","25.13","15300","25.12","false"
"UKW","2009-08-06","24.60","24.60","24.04","24.19","13600","24.18","false"
"UKW","2009-08-05","24.42","24.75","24.23","24.58","13600","24.57","false"
"UKW","2009-08-04","24.65","25.12","24.65","24.83","10700","24.82","false"
"UKW","2009-08-03","24.41","24.70","24.19","24.61","15100","24.60","false"
"UKW","2009-07-31","23.89","24.12","23.82","23.88","4900","23.87","false"
"UKW","2009-07-30","24.00","24.35","23.80","23.80","13800","23.79","false"
"UKW","2009-07-29","23.39","23.39","23.05","23.31","13500","23.30","false"
"UKW","2009-07-28","23.35","23.51","22.99","23.38","11200","23.37","false"
"UKW","2009-07-27","23.58","23.69","23.16","23.49","5600","23.48","false"
"UKW","2009-07-24","23.08","23.50","22.86","23.50","13500","23.49","false"
"UKW","2009-07-23","22.27","23.42","22.27","23.19","10900","23.18","false"
"UKW","2009-07-22","22.11","22.40","22.11","22.25","5600","22.24","false"
"UKW","2009-07-21","22.22","22.27","21.60","21.91","8500","21.90","false"
"UKW","2009-07-20","21.67","21.89","21.49","21.89","8100","21.88","false"
"UKW","2009-07-17","21.02","21.29","21.02","21.29","7000","21.28","false"
"UKW","2009-07-16","20.54","21.37","20.54","21.36","17700","21.35","false"
"UKW","2009-07-15","20.42","20.76","20.25","20.65","9200","20.64","false"
"UKW","2009-07-14","19.35","19.73","19.20","19.73","11100","19.72","false"
"UKW","2009-07-13","18.70","19.29","18.35","19.29","12700","19.28","false"
"UKW","2009-07-10","18.47","18.70","18.29","18.60","18300","18.59","false"
"UKW","2009-07-09","18.70","18.88","18.53","18.61","6400","18.60","false"
"UKW","2009-07-08","18.62","18.73","18.00","18.28","44800","18.27","false"
"UKW","2009-07-07","19.08","19.08","18.52","18.52","6300","18.51","false"
"UKW","2009-07-06","19.39","19.48","19.00","19.38","14000","19.37","false"
"UKW","2009-07-02","19.98","19.98","19.67","19.70","15900","19.69","false"
"UKW","2009-07-01","20.96","21.23","20.83","20.83","9700","20.82","false"
"UKW","2009-06-30","21.03","21.03","20.39","20.62","14600","20.61","false"
"UKW","2009-06-29","20.44","20.94","20.44","20.78","3500","20.77","false"
"UKW","2009-06-26","20.37","20.37","20.34","20.36","1400","20.35","false"
"UKW","2009-06-25","19.85","20.55","19.85","20.48","3200","20.47","false"
"UKW","2009-06-24","19.75","19.90","19.44","19.45","13700","19.44","false"
"UKW","2009-06-23","19.18","19.18","18.71","18.89","11200","18.87","false"
"UKW","2009-06-22","20.09","20.09","19.10","19.20","38400","19.18","false"
"UKW","2009-06-19","20.78","20.82","20.49","20.50","10000","20.48","false"
"UKW","2009-06-18","20.24","20.47","19.28","20.33","17600","20.31","false"
"UKW","2009-06-17","20.08","20.50","19.75","20.50","25200","20.48","false"
"UKW","2009-06-16","21.03","21.14","20.09","20.22","40100","20.20","false"
"UKW","2009-06-15","21.36","21.38","20.58","20.88","17200","20.86","false"
"UKW","2009-06-12","21.80","22.00","21.58","21.89","15300","21.86","false"
"UKW","2009-06-11","22.38","22.47","22.10","22.11","5000","22.08","false"
"UKW","2009-06-10","22.39","22.60","21.40","21.94","8300","21.91","false"
"UKW","2009-06-09","21.86","22.30","21.80","22.15","7300","22.12","false"
"UKW","2009-06-08","21.32","21.65","20.96","21.60","9700","21.57","false"
"UKW","2009-06-05","22.19","22.28","21.54","21.54","12300","21.52","false"
"UKW","2009-06-04","21.31","21.78","21.18","21.78","12100","21.75","false"
"UKW","2009-06-03","21.84","21.84","20.93","21.25","14200","21.23","false"
"UKW","2009-06-02","21.95","22.49","21.90","22.22","27600","22.19","false"
"UKW","2009-06-01","21.50","22.35","21.50","22.05","27300","22.02","false"
"UKW","2009-05-29","20.38","20.67","20.00","20.67","8400","20.65","false"
"UKW","2009-05-28","19.84","19.99","19.60","19.88","7400","19.86","false"
"UKW","2009-05-27","20.04","20.39","19.72","19.75","18700","19.73","false"
"UKW","2009-05-26","18.35","20.10","18.35","20.01","11000","19.99","false"
"UKW","2009-05-22","19.06","19.16","18.82","18.82","3100","18.80","false"
"UKW","2009-05-21","19.05","19.05","18.44","18.81","12300","18.79","false"
"UKW","2009-05-20","20.50","20.65","19.59","19.60","5200","19.58","false"
"UKW","2009-05-19","19.40","20.00","19.32","19.75","13300","19.73","false"
"UKW","2009-05-18","18.69","19.35","18.69","19.28","28100","19.26","false"
"UKW","2009-05-15","18.40","18.83","18.16","18.29","13200","18.27","false"
"UKW","2009-05-14","18.15","18.80","18.01","18.46","13800","18.44","false"
"UKW","2009-05-13","18.85","18.85","17.96","18.05","70300","18.03","false"
"UKW","2009-05-12","19.97","19.97","18.86","19.11","17300","19.09","false"
"UKW","2009-05-11","19.79","20.14","19.45","19.91","20900","19.89","false"
"UKW","2009-05-08","20.14","20.57","19.79","20.50","39200","20.48","false"
"UKW","2009-05-07","21.00","21.05","19.34","19.34","34100","19.32","false"
"UKW","2009-05-06","20.99","20.99","19.90","20.47","36100","20.45","false"
"UKW","2009-05-05","20.10","20.38","19.81","20.36","38600","20.34","false"
"UKW","2009-05-04","19.55","20.28","19.32","20.28","34500","20.26","false"
"UKW","2009-05-01","18.50","19.04","18.50","18.85","13400","18.83","false"
"UKW","2009-04-30","19.33","19.58","18.70","18.74","13200","18.72","false"
"UKW","2009-04-29","18.01","18.87","17.99","18.52","21800","18.50","false"
"UKW","2009-04-28","17.50","18.08","17.46","18.08","7800","18.06","false"
"UKW","2009-04-27","19.08","19.08","17.63","18.02","22900","18.00","false"
"UKW","2009-04-24","18.07","18.54","18.03","18.41","15000","18.39","false"
"UKW","2009-04-23","17.65","17.65","16.93","17.60","14800","17.58","false"
"UKW","2009-04-22","16.53","18.12","16.53","17.40","24400","17.38","false"
"UKW","2009-04-21","16.34","17.09","16.34","17.04","19200","17.02","false"
"UKW","2009-04-20","17.27","17.35","16.49","16.49","83700","16.47","false"
"UKW","2009-04-17","18.05","18.22","17.62","18.22","18800","18.20","false"
"UKW","2009-04-16","17.28","17.93","17.13","17.76","14400","17.74","false"
"UKW","2009-04-15","16.44","16.91","16.37","16.86","15900","16.84","false"
"UKW","2009-04-14","16.70","17.04","16.58","16.70","25000","16.68","false"
"UKW","2009-04-13","16.82","17.30","16.18","17.13","45900","17.11","false"
"UKW","2009-04-09","16.40","17.23","16.40","17.23","35500","17.21","false"
"UKW","2009-04-08","15.55","15.95","15.45","15.91","11100","15.89","false"
"UKW","2009-04-07","15.75","15.75","15.30","15.30","9800","15.28","false"
"UKW","2009-04-06","16.31","16.36","15.84","16.36","39800","16.34","false"
"UKW","2009-04-03","16.34","16.69","15.99","16.69","25400","16.67","false"
"UKW","2009-04-02","15.78","16.64","15.73","16.19","39000","16.17","false"
"UKW","2009-04-01","14.09","14.98","13.88","14.89","23200","14.87","false"
"UKW","2009-03-31","14.70","15.03","14.48","14.67","8800","14.65","false"
"UKW","2009-03-30","14.59","14.67","13.98","14.21","60200","14.19","false"
"UKW","2009-03-27","15.60","15.71","15.32","15.36","28300","15.34","false"
"UKW","2009-03-26","16.14","16.14","15.42","16.08","31700","16.06","false"
"UKW","2009-03-25","15.29","15.65","14.28","15.14","30400","15.12","false"
"UKW","2009-03-24","15.27","15.42","14.89","14.89","22300","14.87","false"
"UKW","2009-03-23","14.57","15.48","14.09","15.48","39700","15.44","false"
"UKW","2009-03-20","14.71","14.71","13.44","13.64","13800","13.60","false"
"UKW","2009-03-19","14.76","14.80","14.32","14.37","41000","14.33","false"
"UKW","2009-03-18","13.66","14.75","13.43","14.46","36100","14.42","false"
"UKW","2009-03-17","12.89","13.79","12.89","13.79","30200","13.75","false"
"UKW","2009-03-16","13.55","13.79","13.00","13.02","62300","12.99","false"
"UKW","2009-03-13","13.44","13.44","12.60","13.21","42800","13.18","false"
"UKW","2009-03-12","12.26","13.18","11.86","13.10","53200","13.07","false"
"UKW","2009-03-11","12.26","12.41","11.88","12.23","51200","12.20","false"
"UKW","2009-03-10","11.48","11.97","11.48","11.94","86700","11.91","false"
"UKW","2009-03-09","10.67","11.17","10.54","10.54","11700","10.51","false"
"UKW","2009-03-06","11.04","11.29","10.36","10.82","18700","10.79","false"
"UKW","2009-03-05","11.47","11.57","10.76","10.89","62700","10.86","false"
"UKW","2009-03-04","11.48","12.15","11.48","11.83","67900","11.80","false"
"UKW","2009-03-03","11.61","11.61","10.84","11.12","41200","11.09","false"
"UKW","2009-03-02","11.82","12.05","11.02","11.10","64800","11.07","false"
"UKW","2009-02-27","12.32","13.06","12.13","12.54","11500","12.51","false"
"UKW","2009-02-26","13.62","13.62","12.78","12.84","6600","12.81","false"
"UKW","2009-02-25","13.33","13.73","12.91","13.31","14000","13.28","false"
"UKW","2009-02-24","12.68","13.60","12.50","13.56","25400","13.53","false"
"UKW","2009-02-23","13.89","13.89","12.53","12.57","17500","12.54","false"
"UKW","2009-02-20","13.12","13.76","12.98","13.50","51900","13.47","false"
"UKW","2009-02-19","14.33","14.35","13.70","13.81","24000","13.77","false"
"UKW","2009-02-18","14.25","14.41","13.80","14.08","16800","14.04","false"
"UKW","2009-02-17","14.51","14.88","14.38","14.38","68200","14.34","false"
"UKW","2009-02-13","14.60","16.14","14.60","15.74","12400","15.70","false"
"UKW","2009-02-12","14.90","15.78","14.20","15.75","23000","15.71","false"
"UKW","2009-02-11","15.01","15.94","15.01","15.48","13900","15.44","false"
"UKW","2009-02-10","16.76","16.88","15.53","15.64","16100","15.60","false"
"UKW","2009-02-09","17.06","17.23","16.68","16.98","20600","16.94","false"
"UKW","2009-02-06","16.15","17.08","16.13","16.93","28200","16.89","false"
"UKW","2009-02-05","15.29","16.25","15.29","16.13","13500","16.09","false"
"UKW","2009-02-04","15.49","15.98","15.20","15.47","22900","15.43","false"
"UKW","2009-02-03","14.79","15.37","14.73","15.36","18700","15.32","false"
"UKW","2009-02-02","14.04","14.88","14.04","14.83","15300","14.79","false"
"UKW","2009-01-30","15.40","15.43","14.79","14.82","12000","14.78","false"
"UKW","2009-01-29","16.26","16.26","15.60","15.64","39900","15.60","false"
"UKW","2009-01-28","16.34","16.82","16.14","16.61","22700","16.57","false"
"UKW","2009-01-27","15.47","15.66","15.36","15.55","23000","15.51","false"
"UKW","2009-01-26","14.94","15.82","14.94","15.38","22400","15.34","false"
"UKW","2009-01-23","13.97","15.20","13.97","15.12","13200","15.08","false"
"UKW","2009-01-22","14.51","15.04","14.25","14.82","20700","14.78","false"
"UKW","2009-01-21","14.22","15.30","14.11","15.08","22800","15.04","false"
"UKW","2009-01-20","15.31","16.17","14.11","14.11","68500","14.07","false"
"UKW","2009-01-16","16.07","16.07","15.16","15.84","39600","15.80","false"
"UKW","2009-01-15","14.68","15.71","14.15","15.40","63900","15.36","false"
"UKW","2009-01-14","15.19","15.23","14.58","14.77","40000","14.73","false"
"UKW","2009-01-13","15.62","16.21","15.56","15.78","55100","15.74","false"
"UKW","2009-01-12","16.77","16.77","15.72","15.87","73600","15.83","false"
"UKW","2009-01-09","17.72","17.72","16.63","16.89","81100","16.85","false"
"UKW","2009-01-08","17.14","17.64","16.89","17.61","20800","17.56","false"
"UKW","2009-01-07","18.42","18.42","17.16","17.40","92100","17.36","false"
"UKW","2009-01-06","18.46","18.91","18.10","18.57","94000","18.52","false"
"UKW","2009-01-05","17.77","18.11","17.34","18.02","51100","17.97","false"
"UKW","2009-01-02","16.63","17.95","16.57","17.75","41300","17.70","false"
"UKW","2010-12-31","48.00","48.08","47.82","48.03","9500","48.03","false"
"UKW","2010-12-30","48.28","48.29","48.26","48.27","3300","48.27","false"
"UKW","2010-12-29","48.20","48.32","48.02","48.32","1300","48.32","false"
"UKW","2010-12-28","47.91","47.95","47.91","47.95","400","47.95","false"
"UKW","2010-12-27","47.99","48.17","47.50","48.17","4400","48.17","false"
"UKW","2010-12-23","48.44","48.44","48.17","48.17","2900","48.17","false"
"UKW","2010-12-22","48.48","48.48","48.35","48.35","5300","48.35","false"
"UKW","2010-12-21","48.51","48.58","48.22","48.58","6900","48.58","false"
"UKW","2010-12-20","48.00","48.00","47.33","47.86","2700","47.86","false"
"UKW","2010-12-17","47.30","47.82","47.28","47.60","5200","47.60","false"
"UKW","2010-12-16","46.21","47.18","46.21","47.18","1700","47.18","false"
"UKW","2010-12-15","46.53","47.12","46.52","46.52","1900","46.52","false"
"UKW","2010-12-14","46.96","47.06","46.59","46.98","7300","46.98","false"
"UKW","2010-12-13","47.86","47.86","46.78","46.78","8400","46.78","false"
"UKW","2010-12-10","46.61","47.08","46.41","46.99","5700","46.99","false"
"UKW","2010-12-09","46.78","46.78","46.24","46.27","1100","46.27","false"
"UKW","2010-12-08","46.30","46.40","45.95","46.12","6200","46.12","false"
"UKW","2010-12-07","47.34","47.34","46.44","46.44","2500","46.44","false"
"UKW","2010-12-06","45.98","46.16","45.70","46.15","6100","46.15","false"
"UKW","2010-12-03","45.68","46.11","45.36","46.10","4600","46.10","false"
"UKW","2010-12-02","44.52","45.48","44.52","45.48","5100","45.48","false"
"UKW","2010-12-01","44.10","44.51","44.10","44.36","1000","44.36","false"
"UKW","2010-11-30","41.93","42.75","41.93","42.52","1600","42.52","false"
"UKW","2010-11-29","42.49","42.95","42.00","42.90","3900","42.90","false"
"UKW","2010-11-26","43.06","43.40","42.84","43.29","3000","43.29","false"
"UKW","2010-11-24","42.68","43.59","42.68","43.59","3400","43.59","false"
"UKW","2010-11-23","41.81","41.89","41.72","41.77","1800","41.77","false"
"UKW","2010-11-22","41.89","42.81","41.80","42.17","4600","42.17","false"
"UKW","2010-11-19","41.57","42.35","41.57","42.32","3400","42.32","false"
"UKW","2010-11-18","42.00","42.08","41.96","41.96","1300","41.96","false"
"UKW","2010-11-17","40.22","40.73","40.17","40.52","17000","40.52","false"
"UKW","2010-11-16","40.80","40.91","39.80","40.16","2200","40.16","false"
"UKW","2010-11-15","42.02","42.02","41.66","41.69","1500","41.69","false"
"UKW","2010-11-12","41.99","42.09","41.10","41.44","4600","41.44","false"
"UKW","2010-11-11","41.63","42.78","41.54","42.78","900","42.78","false"
"UKW","2010-11-10","41.69","42.61","41.48","42.61","9900","42.61","false"
"UKW","2010-11-09","42.87","42.98","41.85","41.85","2400","41.85","false"
"UKW","2010-11-08","42.58","42.83","42.26","42.74","28900","42.74","false"
"UKW","2010-11-05","42.47","42.84","42.47","42.78","900","42.78","false"
"UKW","2010-11-04","41.94","42.24","41.78","42.21","10100","42.21","false"
"UKW","2010-11-03","40.75","40.81","39.89","40.76","3800","40.76","false"
"UKW","2010-11-02","40.66","40.74","40.47","40.66","4500","40.66","false"
"UKW","2010-11-01","40.32","40.69","40.02","40.07","7500","40.07","false"
"UKW","2010-10-29","39.77","40.05","39.77","39.92","700","39.92","false"
"UKW","2010-10-28","39.35","39.55","39.17","39.17","1500","39.17","false"
"UKW","2010-10-27","38.87","39.67","38.85","39.67","2300","39.67","false"
"UKW","2010-10-26","39.02","39.71","38.90","39.52","2900","39.52","false"
"UKW","2010-10-25","39.69","40.02","39.59","39.60","2600","39.60","false"
"UKW","2010-10-22","38.34","38.34","38.34","38.34","0","38.34","false"
"UKW","2010-10-21","39.01","39.01","38.03","38.34","3500","38.34","false"
"UKW","2010-10-20","38.18","38.18","38.18","38.18","200","38.18","false"
"UKW","2010-10-19","37.73","38.15","37.20","37.39","4300","37.39","false"
"UKW","2010-10-18","38.63","38.80","38.63","38.80","1600","38.80","false"
"UKW","2010-10-15","38.10","38.84","38.10","38.80","4300","38.80","false"
"UKW","2010-10-14","38.93","38.93","38.17","38.33","2100","38.33","false"
"UKW","2010-10-13","38.78","39.34","38.78","39.11","4000","39.11","false"
"UKW","2010-10-12","37.85","38.50","37.29","38.42","4800","38.42","false"
"UKW","2010-10-11","38.14","38.35","37.96","37.99","14900","37.99","false"
"UKW","2010-10-08","37.10","38.13","37.10","37.95","2700","37.95","false"
"UKW","2010-10-07","37.13","37.23","37.13","37.23","900","37.23","false"
"UKW","2010-10-06","38.06","38.06","36.99","37.27","4300","37.27","false"
"UKW","2010-10-05","37.42","38.25","37.42","38.18","1600","38.18","false"
"UKW","2010-10-04","37.02","37.21","36.07","36.45","10000","36.45","false"
"UKW","2010-10-01","37.35","37.35","36.86","37.21","2600","37.21","false"
"UKW","2010-09-30","37.92","37.92","36.76","37.07","8200","37.07","false"
"UKW","2010-09-29","37.09","37.46","36.93","37.22","1800","37.22","false"
"UKW","2010-09-28","36.44","37.23","35.88","37.23","9200","37.23","false"
"UKW","2010-09-27","36.54","36.88","36.50","36.54","4900","36.54","false"
"UKW","2010-09-24","36.19","36.89","36.11","36.83","7200","36.83","false"
"UKW","2010-09-23","34.92","35.90","34.89","35.12","6500","35.12","false"
"UKW","2010-09-22","35.93","36.16","35.42","35.44","1300","35.44","false"
"UKW","2010-09-21","36.61","36.61","34.43","36.15","10300","36.15","false"
"UKW","2010-09-20","36.19","36.50","35.98","36.50","1300","36.50","false"
"UKW","2010-09-17","35.33","35.33","34.10","35.29","2900","35.29","false"
"UKW","2010-09-16","35.05","35.06","35.02","35.05","2100","35.05","false"
"UKW","2010-09-15","34.75","35.08","34.65","34.99","4000","34.99","false"
"UKW","2010-09-14","34.48","35.02","34.44","34.74","16500","34.74","false"
"UKW","2010-09-13","34.34","34.56","34.22","34.55","10700","34.55","false"
"UKW","2010-09-10","33.56","33.56","33.56","33.56","100","33.56","false"
"UKW","2010-09-09","34.00","34.00","33.17","33.17","3000","33.17","false"
"UKW","2010-09-08","33.23","33.23","33.20","33.20","500","33.20","false"
"UKW","2010-09-07","32.84","32.98","32.84","32.98","3200","32.98","false"
"UKW","2010-09-03","33.20","33.57","33.20","33.47","4700","33.47","false"
"UKW","2010-09-02","31.69","32.71","31.69","32.67","6800","32.67","false"
"UKW","2010-09-01","30.64","31.50","30.64","31.50","3300","31.50","false"
"UKW","2010-08-31","29.50","29.75","29.30","29.47","2000","29.47","false"
"UKW","2010-08-30","30.70","30.70","29.97","29.97","2900","29.97","false"
"UKW","2010-08-27","30.23","30.81","29.95","30.81","3100","30.81","false"
"UKW","2010-08-26","30.26","30.48","29.60","29.71","1700","29.71","false"
"UKW","2010-08-25","29.19","30.04","28.97","30.04","5000","30.04","false"
"UKW","2010-08-24","29.99","30.12","28.97","29.89","12100","29.89","false"
"UKW","2010-08-23","31.72","31.72","31.06","31.28","4500","31.28","false"
"UKW","2010-08-20","31.13","31.13","30.63","30.65","2900","30.65","false"
"UKW","2010-08-19","31.31","31.31","31.04","31.19","5900","31.19","false"
"UKW","2010-08-18","31.87","32.39","31.66","32.39","2000","32.39","false"
"UKW","2010-08-17","31.99","32.19","31.99","32.19","500","32.19","false"
"UKW","2010-08-16","30.53","31.00","30.53","30.60","1600","30.60","false"
"UKW","2010-08-13","30.90","31.10","30.90","31.00","1100","31.00","false"
"UKW","2010-08-12","29.95","31.15","29.95","30.88","9000","30.88","false"
"UKW","2010-08-11","32.10","32.22","31.29","31.30","5600","31.30","false"
"UKW","2010-08-10","33.25","33.77","33.10","33.39","1900","33.39","false"
"UKW","2010-08-09","34.19","34.35","33.92","34.25","1800","34.25","false"
"UKW","2010-08-06","33.15","33.49","32.93","33.42","3600","33.42","false"
"UKW","2010-08-05","33.76","33.93","33.61","33.93","1000","33.93","false"
"UKW","2010-08-04","33.65","34.15","33.56","34.15","5800","34.15","false"
"UKW","2010-08-03","33.39","33.39","33.25","33.25","300","33.25","false"
"UKW","2010-08-02","33.63","33.90","33.20","33.81","15800","33.81","false"
"UKW","2010-07-30","31.51","32.58","30.29","32.58","2800","32.58","false"
"UKW","2010-07-29","33.33","33.33","31.81","32.65","3100","32.65","false"
"UKW","2010-07-28","33.30","33.37","32.41","32.52","1400","32.52","false"
"UKW","2010-07-27","34.43","34.45","33.18","33.28","3700","33.28","false"
"UKW","2010-07-26","32.98","34.05","32.98","34.05","6300","34.05","false"
"UKW","2010-07-23","31.77","32.97","31.77","32.76","7700","32.76","false"
"UKW","2010-07-22","31.81","32.15","31.81","32.08","5500","32.08","false"
"UKW","2010-07-21","31.24","31.52","30.59","30.73","15700","30.73","false"
"UKW","2010-07-20","29.66","31.50","29.46","31.49","7100","31.49","false"
"UKW","2010-07-19","30.51","30.51","29.99","30.23","1500","30.23","false"
"UKW","2010-07-16","31.78","31.78","30.00","30.14","47400","30.14","false"
"UKW","2010-07-15","32.27","32.27","31.28","32.09","2400","32.09","false"
"UKW","2010-07-14","32.00","32.37","32.00","32.32","900","32.32","false"
"UKW","2010-07-13","31.39","32.17","31.39","32.17","6600","32.17","false"
"UKW","2010-07-12","30.93","30.93","30.63","30.69","700","30.69","false"
"UKW","2010-07-09","30.62","30.90","30.62","30.90","600","30.90","false"
"UKW","2010-07-08","30.36","30.60","30.19","30.30","2800","30.30","false"
"UKW","2010-07-07","28.44","30.00","28.43","30.00","6900","30.00","false"
"UKW","2010-07-06","29.02","29.38","27.72","27.94","11900","27.94","false"
"UKW","2010-07-02","28.67","28.67","27.94","28.12","3300","28.12","false"
"UKW","2010-07-01","28.46","28.66","27.30","28.63","43800","28.63","false"
"UKW","2010-06-30","29.00","29.84","28.63","28.63","5700","28.63","false"
"UKW","2010-06-29","30.54","30.54","28.77","29.18","10800","29.18","false"
"UKW","2010-06-28","31.41","32.15","31.32","31.56","5200","31.56","false"
"UKW","2010-06-25","31.49","32.06","31.21","31.82","7300","31.82","false"
"UKW","2010-06-24","32.23","32.26","31.42","31.42","10300","31.42","false"
"UKW","2010-06-23","32.68","32.68","32.09","32.48","10100","32.48","false"
"UKW","2010-06-22","34.12","34.12","32.82","32.82","2300","32.82","false"
"UKW","2010-06-21","35.32","35.40","33.83","33.83","4500","33.83","false"
"UKW","2010-06-18","34.45","34.47","34.28","34.47","3000","34.47","false"
"UKW","2010-06-17","35.02","35.02","33.90","34.03","5100","34.03","false"
"UKW","2010-06-16","34.32","34.95","34.22","34.53","1400","34.53","false"
"UKW","2010-06-15","33.81","34.53","33.76","34.53","4100","34.53","false"
"UKW","2010-06-14","33.50","33.71","33.00","33.00","6000","33.00","false"
"UKW","2010-06-11","31.72","32.98","31.72","32.95","9500","32.95","false"
"UKW","2010-06-10","31.61","32.22","31.55","32.22","6800","32.22","false"
"UKW","2010-06-09","30.88","31.62","30.33","30.41","4500","30.41","false"
"UKW","2010-06-08","29.97","29.97","29.49","29.84","8400","29.84","false"
"UKW","2010-06-07","31.41","31.51","30.00","30.07","22200","30.07","false"
"UKW","2010-06-04","32.68","33.03","31.21","31.25","11700","31.25","false"
"UKW","2010-06-03","33.49","33.86","33.23","33.80","7600","33.80","false"
"UKW","2010-06-02","31.99","33.12","31.99","33.12","2000","33.12","false"
"UKW","2010-06-01","32.49","32.90","31.50","31.50","5200","31.50","false"
"UKW","2010-05-28","33.76","33.77","33.04","33.04","3500","33.04","false"
"UKW","2010-05-27","32.94","33.46","32.75","33.46","8700","33.46","false"
"UKW","2010-05-26","31.81","32.79","31.53","31.53","14500","31.53","false"
"UKW","2010-05-25","29.70","31.54","29.31","31.54","15700","31.54","false"
"UKW","2010-05-24","31.82","32.26","31.56","31.89","2700","31.89","false"
"UKW","2010-05-21","29.77","32.23","29.77","31.88","12300","31.88","false"
"UKW","2010-05-20","31.76","32.24","31.11","31.32","30900","31.32","false"
"UKW","2010-05-19","33.51","34.20","32.85","33.57","7300","33.57","false"
"UKW","2010-05-18","36.05","36.05","33.91","34.07","7600","34.07","false"
"UKW","2010-05-17","35.15","35.31","33.71","35.16","11600","35.16","false"
"UKW","2010-05-14","35.95","35.97","34.28","34.94","25100","34.94","false"
"UKW","2010-05-13","37.29","37.57","36.35","36.37","7800","36.37","false"
"UKW","2010-05-12","36.24","37.32","36.24","37.32","13400","37.32","false"
"UKW","2010-05-11","35.29","36.76","35.27","36.06","8500","36.06","false"
"UKW","2010-05-10","33.82","36.09","33.82","35.96","15100","35.96","false"
"UKW","2010-05-07","33.99","34.39","31.88","32.82","34400","32.82","false"
"UKW","2010-05-06","36.21","36.88","16.00","34.47","35600","34.47","false"
"UKW","2010-05-05","36.79","37.54","36.11","36.69","14100","36.69","false"
"UKW","2010-05-04","38.43","38.50","37.20","37.48","20700","37.48","false"
"UKW","2010-05-03","38.90","39.68","38.77","39.62","7300","39.62","false"
"UKW","2010-04-30","40.19","40.23","38.54","38.54","24100","38.54","false"
"UKW","2010-04-29","39.48","40.20","39.37","40.12","67500","40.12","false"
"UKW","2010-04-28","38.98","39.22","38.44","38.83","13000","38.83","false"
"UKW","2010-04-27","40.33","40.49","38.57","38.74","29000","38.74","false"
"UKW","2010-04-26","40.95","41.20","40.71","40.72","10000","40.72","false"
"UKW","2010-04-23","40.35","40.91","40.00","40.91","22900","40.91","false"
"UKW","2010-04-22","38.70","40.13","38.70","40.13","4400","40.13","false"
"UKW","2010-04-21","39.38","39.38","38.83","39.33","4300","39.33","false"
"UKW","2010-04-20","38.79","39.22","38.78","39.22","6700","39.22","false"
"UKW","2010-04-19","38.24","38.47","37.53","38.25","7800","38.25","false"
"UKW","2010-04-16","39.49","39.63","38.26","38.75","10500","38.75","false"
"UKW","2010-04-15","39.34","39.81","39.34","39.75","9700","39.75","false"
"UKW","2010-04-14","38.99","39.50","38.99","39.50","3000","39.50","false"
"UKW","2010-04-13","38.24","38.55","38.14","38.55","3700","38.55","false"
"UKW","2010-04-12","38.41","38.50","38.29","38.36","11900","38.36","false"
"UKW","2010-04-09","37.77","38.20","37.58","38.20","12000","38.20","false"
"UKW","2010-04-08","37.20","37.39","36.90","37.38","10100","37.38","false"
"UKW","2010-04-07","37.93","37.93","37.24","37.56","3900","37.56","false"
"UKW","2010-04-06","37.69","38.13","37.69","38.01","5200","38.01","false"
"UKW","2010-04-05","37.32","37.91","37.32","37.91","7200","37.91","false"
"UKW","2010-04-01","36.88","37.32","36.57","36.89","3400","36.89","false"
"UKW","2010-03-31","36.51","36.81","36.32","36.37","15700","36.37","false"
"UKW","2010-03-30","36.80","36.98","36.63","36.79","6400","36.79","false"
"UKW","2010-03-29","36.42","36.64","36.42","36.63","10400","36.63","false"
"UKW","2010-03-26","36.30","36.54","35.78","35.78","3300","35.78","false"
"UKW","2010-03-25","36.87","36.91","36.08","36.08","15800","36.08","false"
"UKW","2010-03-24","36.72","36.81","36.47","36.50","4700","36.50","false"
"UKW","2010-03-23","36.59","36.93","36.33","36.93","6300","36.93","false"
"UKW","2010-03-22","35.22","36.47","35.16","36.42","2600","36.42","false"
"UKW","2010-03-19","36.42","36.42","35.68","35.68","4500","35.68","false"
"UKW","2010-03-18","36.52","36.52","36.22","36.22","4600","36.22","false"
"UKW","2010-03-17","36.37","36.72","36.29","36.38","7300","36.38","false"
"UKW","2010-03-16","35.62","36.06","35.55","36.06","4300","36.06","false"
"UKW","2010-03-15","35.35","35.35","34.90","35.24","10900","35.24","false"
"UKW","2010-03-12","35.25","35.46","35.20","35.45","2400","35.45","false"
"UKW","2010-03-11","35.06","35.16","34.89","35.16","3400","35.16","false"
"UKW","2010-03-10","34.59","35.24","34.59","35.22","32800","35.22","false"
"UKW","2010-03-09","34.43","34.99","34.42","34.70","14100","34.70","false"
"UKW","2010-03-08","34.66","34.78","34.59","34.59","9900","34.59","false"
"UKW","2010-03-05","33.99","34.59","33.94","34.59","8700","34.59","false"
"UKW","2010-03-04","33.75","33.75","33.29","33.62","9700","33.62","false"
"UKW","2010-03-03","33.74","33.76","33.58","33.58","7200","33.58","false"
"UKW","2010-03-02","33.24","33.65","33.24","33.65","5300","33.65","false"
"UKW","2010-03-01","32.13","33.13","32.13","33.12","8200","33.12","false"
"UKW","2010-02-26","31.65","31.91","31.65","31.91","600","31.91","false"
"UKW","2010-02-25","30.91","31.85","30.85","31.85","2000","31.85","false"
"UKW","2010-02-24","31.26","31.73","31.26","31.61","3000","31.61","false"
"UKW","2010-02-23","31.43","31.43","31.19","31.32","3300","31.32","false"
"UKW","2010-02-22","32.38","32.38","31.94","31.98","6300","31.98","false"
"UKW","2010-02-19","31.71","32.14","31.59","32.06","4000","32.06","false"
"UKW","2010-02-18","31.34","31.76","31.32","31.73","16000","31.73","false"
"UKW","2010-02-17","31.32","31.39","31.00","31.37","14000","31.37","false"
"UKW","2010-02-16","30.51","30.96","30.34","30.96","1400","30.96","false"
"UKW","2010-02-12","29.21","29.78","29.21","29.72","3600","29.72","false"
"UKW","2010-02-11","29.08","29.82","29.01","29.79","5800","29.79","false"
"UKW","2010-02-10","29.00","29.29","28.73","28.97","30500","28.97","false"
"UKW","2010-02-09","29.24","29.31","28.65","29.29","12900","29.29","false"
"UKW","2010-02-08","28.50","29.07","28.45","28.45","14500","28.45","false"
"UKW","2010-02-05","28.56","28.69","27.49","28.69","21800","28.69","false"
"UKW","2010-02-04","30.17","30.17","28.68","28.68","17800","28.68","false"
"UKW","2010-02-03","30.85","31.01","30.59","30.81","6600","30.81","false"
"UKW","2010-02-02","30.37","31.14","30.19","31.06","9000","31.06","false"
"UKW","2010-02-01","29.51","30.12","29.51","30.12","2800","30.12","false"
"UKW","2010-01-29","30.17","30.42","28.99","29.15","12600","29.15","false"
"UKW","2010-01-28","30.93","30.93","29.52","29.90","10700","29.90","false"
"UKW","2010-01-27","29.79","30.70","29.60","30.67","8700","30.67","false"
"UKW","2010-01-26","30.30","30.93","30.25","30.81","9600","30.81","false"
"UKW","2010-01-25","30.91","30.95","30.35","30.63","17400","30.63","false"
"UKW","2010-01-22","31.50","31.57","30.38","30.38","12900","30.38","false"
"UKW","2010-01-21","32.60","32.95","31.65","31.72","44100","31.72","false"
"UKW","2010-01-20","32.47","32.59","32.05","32.53","79300","32.53","false"
"UKW","2010-01-19","32.30","33.15","32.30","33.13","27700","33.13","false"
"UKW","2010-01-15","32.92","32.94","32.34","32.53","19400","32.53","false"
"UKW","2010-01-14","33.25","33.41","33.25","33.39","5300","33.39","false"
"UKW","2010-01-13","32.80","33.25","32.57","33.25","11900","33.25","false"
"UKW","2010-01-12","32.96","32.99","32.34","32.72","10300","32.72","false"
"UKW","2010-01-11","33.73","33.75","33.17","33.43","9500","33.43","false"
"UKW","2010-01-08","33.00","33.38","32.70","33.38","7000","33.38","false"
"UKW","2010-01-07","32.96","33.20","32.64","33.17","11600","33.17","false"
"UKW","2010-01-06","32.91","33.08","32.84","32.96","4900","32.96","false"
"UKW","2010-01-05","32.46","32.81","32.35","32.79","6600","32.79","false"
"UKW","2010-01-04","32.32","32.62","32.32","32.51","5700","32.51","false"
"UKW","2011-06-24","53.02","53.10","51.75","51.75","8300","51.75","false"
"UKW","2011-06-23","51.27","52.41","51.00","52.12","5700","52.12","false"
"UKW","2011-06-22","52.72","53.63","52.72","52.77","1700","52.77","false"
"UKW","2011-06-21","52.44","53.34","52.44","53.20","2700","53.20","false"
"UKW","2011-06-20","50.89","51.02","50.85","51.02","800","51.02","false"
"UKW","2011-06-17","51.57","51.57","50.44","50.44","12900","50.44","false"
"UKW","2011-06-16","50.36","50.84","49.60","50.13","5000","50.13","false"
"UKW","2011-06-15","51.55","51.83","50.62","50.62","3400","50.62","false"
"UKW","2011-06-14","51.87","52.48","51.87","52.21","12300","52.21","false"
"UKW","2011-06-13","51.06","51.36","50.02","50.57","7900","50.57","false"
"UKW","2011-06-10","52.09","52.09","50.78","50.78","10200","50.78","false"
"UKW","2011-06-09","51.80","52.72","51.80","52.72","1900","52.72","false"
"UKW","2011-06-08","52.73","52.73","51.64","52.09","5300","52.09","false"
"UKW","2011-06-07","52.98","53.70","52.98","53.00","6800","53.00","false"
"UKW","2011-06-06","53.77","53.91","52.79","52.79","9500","52.79","false"
"UKW","2011-06-03","54.50","55.13","53.96","54.39","9500","54.39","false"
"UKW","2011-06-02","56.10","56.10","55.23","55.88","1600","55.88","false"
"UKW","2011-06-01","57.20","57.20","55.83","55.91","1900","55.91","false"
"UKW","2011-05-31","58.70","58.70","57.68","58.25","4300","58.25","false"
"UKW","2011-05-27","57.33","57.58","57.27","57.44","4100","57.44","false"
"UKW","2011-05-26","55.78","56.14","55.77","56.14","1600","56.14","false"
"UKW","2011-05-25","55.05","55.90","55.05","55.90","1200","55.90","false"
"UKW","2011-05-24","55.90","55.96","54.92","54.92","1000","54.92","false"
"UKW","2011-05-23","55.27","55.86","55.11","55.40","8100","55.40","false"
"UKW","2011-05-20","57.90","57.90","56.56","57.10","4800","57.10","false"
"UKW","2011-05-19","58.02","58.15","57.82","57.82","1900","57.82","false"
"UKW","2011-05-18","56.16","57.28","56.12","57.28","3300","57.28","false"
"UKW","2011-05-17","55.83","56.13","55.30","55.77","9500","55.77","false"
"UKW","2011-05-16","57.36","57.46","56.40","56.59","3300","56.59","false"
"UKW","2011-05-13","58.69","58.69","58.51","58.51","600","58.51","false"
"UKW","2011-05-12","57.61","58.82","57.34","58.79","2300","58.79","false"
"UKW","2011-05-11","59.04","59.08","57.66","57.66","8700","57.66","false"
"UKW","2011-05-10","58.48","59.13","58.48","59.11","5600","59.11","false"
"UKW","2011-05-09","57.19","57.94","57.19","57.78","3700","57.78","false"
"UKW","2011-05-06","58.06","58.12","57.47","57.47","4200","57.47","false"
"UKW","2011-05-05","55.57","57.29","55.57","56.43","2500","56.43","false"
"UKW","2011-05-04","57.00","57.00","55.90","56.37","5700","56.37","false"
"UKW","2011-05-03","58.21","58.35","57.04","57.04","5400","57.04","false"
"UKW","2011-05-02","59.11","59.45","58.58","58.67","5000","58.67","false"
"UKW","2011-04-29","59.00","59.19","57.78","57.78","2700","57.78","false"
"UKW","2011-04-28","58.88","58.92","58.53","58.82","6600","58.82","false"
"UKW","2011-04-27","57.52","58.65","57.52","58.65","1600","58.65","false"
"UKW","2011-04-26","58.37","58.37","57.91","58.06","900","58.06","false"
"UKW","2011-04-25","57.11","57.43","56.59","57.16","7200","57.16","false"
"UKW","2011-04-21","57.23","57.23","56.77","57.15","2800","57.15","false"
"UKW","2011-04-20","56.00","56.58","55.92","56.37","5100","56.37","false"
"UKW","2011-04-19","53.80","54.33","53.68","54.31","2000","54.31","false"
"UKW","2011-04-18","53.43","53.87","53.02","53.75","5400","53.75","false"
"UKW","2011-04-15","54.62","55.23","54.50","55.18","1100","55.18","false"
"UKW","2011-04-14","54.15","54.20","53.86","54.07","700","54.07","false"
"UKW","2011-04-13","54.36","54.36","54.20","54.20","2600","54.20","false"
"UKW","2011-04-12","54.10","54.10","53.57","53.83","14200","53.83","false"
"UKW","2011-04-11","55.20","55.52","54.43","54.66","3000","54.66","false"
"UKW","2011-04-08","55.75","55.75","54.55","54.80","2900","54.80","false"
"UKW","2011-04-07","56.03","56.37","55.21","55.88","5600","55.88","false"
"UKW","2011-04-06","57.46","57.46","55.75","55.76","35000","55.76","false"
"UKW","2011-04-05","55.88","56.60","55.88","56.25","3300","56.25","false"
"UKW","2011-04-04","56.14","56.19","55.50","55.77","8100","55.77","false"
"UKW","2011-04-01","55.95","56.00","55.44","55.44","8800","55.44","false"
"UKW","2011-03-31","54.60","55.03","54.60","54.97","6800","54.97","false"
"UKW","2011-03-30","54.65","55.05","54.43","54.89","16200","54.89","false"
"UKW","2011-03-29","53.16","53.88","52.48","53.85","6000","53.85","false"
"UKW","2011-03-28","53.77","53.77","53.28","53.29","2600","53.29","false"
"UKW","2011-03-25","53.20","53.85","53.20","53.59","9500","53.59","false"
"UKW","2011-03-24","51.87","52.51","51.87","52.46","5000","52.46","false"
"UKW","2011-03-23","50.80","51.08","50.10","51.08","6800","51.08","false"
"UKW","2011-03-22","51.40","51.46","51.03","51.04","14400","51.04","false"
"UKW","2011-03-21","51.47","51.92","51.45","51.58","21800","51.58","false"
"UKW","2011-03-18","51.08","51.08","50.09","50.09","3000","50.09","false"
"UKW","2011-03-17","50.61","50.61","49.46","49.46","2300","49.46","false"
"UKW","2011-03-16","49.93","50.56","48.49","49.00","3700","49.00","false"
"UKW","2011-03-15","48.13","50.45","47.65","50.29","39100","50.29","false"
"UKW","2011-03-14","50.90","51.42","50.36","50.89","3400","50.89","false"
"UKW","2011-03-11","50.03","51.84","49.90","51.64","11400","51.64","false"
"UKW","2011-03-10","51.01","51.44","50.44","50.83","10300","50.83","false"
"UKW","2011-03-09","53.00","53.00","52.47","52.54","2700","52.54","false"
"UKW","2011-03-08","52.34","53.24","52.02","53.14","3900","53.14","false"
"UKW","2011-03-07","54.96","54.96","51.73","52.03","11700","52.03","false"
"UKW","2011-03-04","54.19","54.19","53.05","53.69","5600","53.69","false"
"UKW","2011-03-03","53.42","54.32","53.42","54.30","6200","54.30","false"
"UKW","2011-03-02","51.38","52.58","51.37","52.19","3600","52.19","false"
"UKW","2011-03-01","53.24","53.24","51.32","51.74","2800","51.74","false"
"UKW","2011-02-28","54.36","54.36","52.88","53.40","16800","53.40","false"
"UKW","2011-02-25","52.71","53.62","52.41","53.62","10400","53.62","false"
"UKW","2011-02-24","51.21","52.04","50.64","51.81","10900","51.81","false"
"UKW","2011-02-23","52.47","52.79","50.30","51.27","23800","51.27","false"
"UKW","2011-02-22","54.05","54.94","52.65","52.65","10400","52.65","false"
"UKW","2011-02-18","56.07","56.18","55.73","55.73","20600","55.73","false"
"UKW","2011-02-17","55.96","56.13","55.90","56.01","8200","56.01","false"
"UKW","2011-02-16","55.32","55.70","55.32","55.70","1600","55.70","false"
"UKW","2011-02-15","55.06","55.20","54.81","54.87","34600","54.87","false"
"UKW","2011-02-14","55.41","55.50","55.12","55.39","17400","55.39","false"
"UKW","2011-02-11","53.59","55.12","53.59","55.03","24200","55.03","false"
"UKW","2011-02-10","52.40","53.93","52.39","53.93","11200","53.93","false"
"UKW","2011-02-09","53.32","53.34","53.00","53.05","2500","53.05","false"
"UKW","2011-02-08","53.01","53.40","52.88","53.38","4300","53.38","false"
"UKW","2011-02-07","52.70","53.34","52.70","53.19","2100","53.19","false"
"UKW","2011-02-04","51.69","52.35","51.69","52.34","4800","52.34","false"
"UKW","2011-02-03","51.11","51.49","50.42","51.49","8200","51.49","false"
"UKW","2011-02-02","50.82","51.17","50.74","50.90","3500","50.90","false"
"UKW","2011-02-01","50.40","51.20","50.40","51.18","7100","51.18","false"
"UKW","2011-01-31","48.95","49.87","48.89","49.87","6700","49.87","false"
"UKW","2011-01-28","51.00","51.00","48.63","48.74","9400","48.74","false"
"UKW","2011-01-27","50.49","50.80","50.49","50.71","3000","50.71","false"
"UKW","2011-01-26","49.59","50.46","49.40","50.28","8200","50.28","false"
"UKW","2011-01-25","49.00","49.08","48.54","49.08","4800","49.08","false"
"UKW","2011-01-24","48.83","49.50","48.65","49.44","8900","49.44","false"
"UKW","2011-01-21","49.56","49.56","48.74","48.74","4400","48.74","false"
"UKW","2011-01-20","49.01","49.20","48.17","48.73","18000","48.73","false"
"UKW","2011-01-19","51.29","51.29","49.50","49.60","13200","49.60","false"
"UKW","2011-01-18","50.87","51.32","50.74","51.32","22000","51.32","false"
"UKW","2011-01-14","49.90","50.71","49.90","50.70","16300","50.70","false"
"UKW","2011-01-13","50.26","50.26","49.86","50.04","2600","50.04","false"
"UKW","2011-01-12","50.17","50.17","49.59","49.87","4600","49.87","false"
"UKW","2011-01-11","49.36","49.50","49.10","49.10","5800","49.10","false"
"UKW","2011-01-10","48.13","49.10","47.75","49.01","6800","49.01","false"
"UKW","2011-01-07","48.98","49.05","47.67","48.57","5800","48.57","false"
"UKW","2011-01-06","48.96","49.04","48.52","48.65","17500","48.65","false"
"UKW","2011-01-05","47.82","48.77","47.75","48.73","8400","48.73","false"
"UKW","2011-01-04","49.16","49.16","47.54","48.04","5100","48.04","false"
"UKW","2011-01-03","48.45","49.50","48.45","49.02","13400","49.02","false"
