"VOE","2006-12-29","56.89","56.91","56.67","56.69","23700","53.37","false"
"VOE","2006-12-28","57.05","57.05","56.87","56.94","15600","53.61","false"
"VOE","2006-12-27","56.94","57.03","56.88","57.03","23800","53.69","false"
"VOE","2006-12-26","56.37","56.62","56.37","56.62","12100","53.31","false"
"VOE","2006-12-22","56.38","56.51","56.28","56.30","10000","53.01","false"
"VOE","2006-12-21","57.29","57.29","56.84","56.87","8200","53.20","false"
"VOE","2006-12-20","57.16","57.31","57.16","57.20","11000","53.51","false"
"VOE","2006-12-19","56.74","57.05","56.73","57.04","8700","53.36","false"
"VOE","2006-12-18","57.38","57.47","57.01","57.03","26100","53.35","false"
"VOE","2006-12-15","57.54","57.61","57.35","57.37","19600","53.67","false"
"VOE","2006-12-14","57.35","57.59","57.35","57.52","8800","53.81","false"
"VOE","2006-12-13","57.36","57.36","57.13","57.24","19000","53.55","false"
"VOE","2006-12-12","57.17","57.25","56.92","57.16","7000","53.47","false"
"VOE","2006-12-11","57.10","57.21","57.06","57.17","5300","53.48","false"
"VOE","2006-12-08","57.16","57.26","57.00","57.13","4700","53.44","false"
"VOE","2006-12-07","57.44","57.44","57.12","57.12","17900","53.43","false"
"VOE","2006-12-06","57.28","57.39","57.22","57.32","3900","53.62","false"
"VOE","2006-12-05","57.17","57.32","57.15","57.27","21100","53.57","false"
"VOE","2006-12-04","56.82","57.14","56.79","57.14","11900","53.45","false"
"VOE","2006-12-01","56.69","56.69","56.25","56.63","14000","52.98","false"
"VOE","2006-11-30","56.47","56.82","56.34","56.72","2800","53.06","false"
"VOE","2006-11-29","55.99","56.35","55.99","56.35","7500","52.71","false"
"VOE","2006-11-28","55.42","55.78","55.42","55.72","9700","52.12","false"
"VOE","2006-11-27","56.39","56.39","55.65","55.65","16700","52.06","false"
"VOE","2006-11-24","56.37","56.57","56.32","56.57","5200","52.92","false"
"VOE","2006-11-22","56.52","56.58","56.39","56.50","10400","52.85","false"
"VOE","2006-11-21","56.15","56.33","56.15","56.32","14400","52.69","false"
"VOE","2006-11-20","56.04","56.21","56.02","56.06","14400","52.44","false"
"VOE","2006-11-17","55.72","55.85","55.65","55.85","7700","52.25","false"
"VOE","2006-11-16","55.88","55.94","55.83","55.83","7000","52.23","false"
"VOE","2006-11-15","55.61","55.79","55.59","55.67","16300","52.08","false"
"VOE","2006-11-14","55.21","55.51","55.03","55.51","27900","51.93","false"
"VOE","2006-11-13","54.97","55.18","54.94","55.07","32700","51.52","false"
"VOE","2006-11-10","54.81","54.97","54.77","54.95","19300","51.40","false"
"VOE","2006-11-09","54.87","54.97","54.70","54.70","18300","51.17","false"
"VOE","2006-11-08","54.50","54.92","54.50","54.80","24500","51.26","false"
"VOE","2006-11-07","54.57","54.78","54.53","54.59","19300","51.07","false"
"VOE","2006-11-06","54.28","54.63","54.28","54.53","17200","51.01","false"
"VOE","2006-11-03","54.31","54.32","53.89","54.05","16400","50.56","false"
"VOE","2006-11-02","54.06","54.12","54.02","54.05","16700","50.56","false"
"VOE","2006-11-01","54.68","54.68","54.16","54.23","18300","50.73","false"
"VOE","2006-10-31","54.68","54.86","54.38","54.57","8000","51.05","false"
"VOE","2006-10-30","54.47","54.60","54.27","54.48","22400","50.96","false"
"VOE","2006-10-27","54.66","54.79","54.39","54.39","11300","50.88","false"
"VOE","2006-10-26","54.67","54.88","54.49","54.88","5600","51.34","false"
"VOE","2006-10-25","54.43","54.62","54.43","54.59","3600","51.07","false"
"VOE","2006-10-24","54.21","54.36","54.19","54.33","17300","50.82","false"
"VOE","2006-10-23","53.95","54.29","53.95","54.20","14400","50.70","false"
"VOE","2006-10-20","54.10","54.10","53.94","53.96","18600","50.48","false"
"VOE","2006-10-19","54.07","54.23","54.06","54.17","14600","50.67","false"
"VOE","2006-10-18","54.45","54.45","54.15","54.15","16500","50.66","false"
"VOE","2006-10-17","54.16","54.18","53.96","54.11","17100","50.62","false"
"VOE","2006-10-16","54.15","54.38","54.15","54.34","16500","50.83","false"
"VOE","2006-10-13","53.86","54.03","53.80","54.00","17300","50.51","false"
"VOE","2006-10-12","53.50","53.81","53.50","53.81","8600","50.34","false"
"VOE","2006-10-11","53.21","53.44","53.21","53.30","19700","49.86","false"
"VOE","2006-10-10","53.32","53.39","53.27","53.39","3100","49.94","false"
"VOE","2006-10-09","52.88","53.29","52.88","53.21","4300","49.78","false"
"VOE","2006-10-06","52.81","53.02","52.81","52.94","13800","49.52","false"
"VOE","2006-10-05","52.99","53.13","52.86","53.06","17600","49.64","false"
"VOE","2006-10-04","52.24","52.82","52.24","52.82","6100","49.41","false"
"VOE","2006-10-03","52.11","52.46","52.11","52.21","25500","48.84","false"
"VOE","2006-10-02","52.30","52.45","52.17","52.17","5100","48.80","false"
"VOE","2006-09-29","52.58","52.58","52.27","52.27","26300","48.90","false"
"VOE","2006-09-28","52.59","52.59","52.34","52.49","11900","49.10","false"
"VOE","2006-09-27","52.36","52.50","52.36","52.41","16500","49.03","false"
"VOE","2006-09-26","51.98","52.36","51.98","52.35","10300","48.97","false"
"VOE","2006-09-25","51.70","52.02","51.50","52.02","2800","48.66","false"
"VOE","2006-09-22","51.62","51.66","51.40","51.65","3800","48.32","false"
"VOE","2006-09-21","52.00","52.11","51.76","51.78","7100","48.44","false"
"VOE","2006-09-20","52.24","52.27","52.18","52.18","9600","48.81","false"
"VOE","2006-09-19","52.05","52.07","51.75","51.89","5700","48.54","false"
"VOE","2006-09-18","52.15","52.22","52.05","52.05","4600","48.69","false"
"VOE","2006-09-15","52.20","52.31","52.11","52.24","6000","48.87","false"
"VOE","2006-09-14","51.95","52.04","51.86","51.95","10400","48.60","false"
"VOE","2006-09-13","51.98","52.15","51.98","52.11","3200","48.75","false"
"VOE","2006-09-12","51.25","55.20","50.95","51.79","11500","48.45","false"
"VOE","2006-09-11","51.16","51.20","50.99","51.12","3300","47.82","false"
"VOE","2006-09-08","51.06","51.21","51.06","51.21","500","47.90","false"
"VOE","2006-09-07","51.15","51.15","50.85","51.06","13100","47.76","false"
"VOE","2006-09-06","51.50","51.50","51.15","51.15","26400","47.85","false"
"VOE","2006-09-05","51.79","51.80","51.65","51.74","4900","48.40","false"
"VOE","2006-09-01","51.68","51.82","51.68","51.79","1200","48.45","false"
"VOE","2006-08-31","51.40","51.60","51.40","51.60","5500","48.27","false"
"VOE","2006-08-30","51.29","51.41","51.23","51.41","4400","48.09","false"
"VOE","2006-08-29","51.13","51.33","50.93","51.28","17600","47.97","false"
"VOE","2006-08-28","51.04","51.16","51.04","51.10","500","47.80","false"
"VOE","2006-08-25","50.65","50.68","50.65","50.67","3400","47.40","false"
"VOE","2007-12-31","53.47","53.47","52.89","53.14","79600","51.06","false"
"VOE","2007-12-28","53.50","53.69","53.08","53.41","47200","51.32","false"
"VOE","2007-12-27","54.24","54.24","53.37","53.41","87400","51.32","false"
"VOE","2007-12-26","54.00","54.16","53.81","54.11","125700","52.00","false"
"VOE","2007-12-24","53.56","54.27","53.56","54.27","23800","52.15","false"
"VOE","2007-12-21","53.49","53.79","53.28","53.79","50700","51.69","false"
"VOE","2007-12-20","52.91","52.99","52.31","52.99","60400","50.92","false"
"VOE","2007-12-19","53.75","54.07","53.54","53.80","105900","50.66","false"
"VOE","2007-12-18","53.85","54.03","53.19","53.83","34600","50.69","false"
"VOE","2007-12-17","53.93","54.21","53.52","53.60","70900","50.47","false"
"VOE","2007-12-14","54.01","55.02","54.01","54.30","60100","51.13","false"
"VOE","2007-12-13","54.79","55.27","53.91","55.15","24200","51.93","false"
"VOE","2007-12-12","56.83","56.83","54.76","55.25","63000","52.03","false"
"VOE","2007-12-11","57.38","57.38","55.07","55.17","55900","51.95","false"
"VOE","2007-12-10","56.89","57.14","56.53","57.08","62400","53.75","false"
"VOE","2007-12-07","56.67","56.67","56.35","56.48","25400","53.18","false"
"VOE","2007-12-06","55.61","56.41","55.40","56.41","77400","53.12","false"
"VOE","2007-12-05","55.52","55.57","55.06","55.42","35300","52.19","false"
"VOE","2007-12-04","55.50","55.50","54.61","54.72","37500","51.53","false"
"VOE","2007-12-03","55.59","55.59","54.94","55.16","122200","51.94","false"
"VOE","2007-11-30","55.69","55.69","54.98","55.17","24000","51.95","false"
"VOE","2007-11-29","55.50","55.50","54.25","54.83","43700","51.63","false"
"VOE","2007-11-28","53.98","54.82","53.98","54.82","42200","51.62","false"
"VOE","2007-11-27","53.48","53.48","52.63","53.24","89900","50.13","false"
"VOE","2007-11-26","54.44","54.44","52.75","52.75","99500","49.67","false"
"VOE","2007-11-23","53.81","54.08","53.54","53.97","3000","50.82","false"
"VOE","2007-11-21","54.61","54.61","52.90","53.21","52100","50.10","false"
"VOE","2007-11-20","54.21","54.44","53.00","53.80","51200","50.66","false"
"VOE","2007-11-19","54.94","54.94","53.86","53.90","33800","50.75","false"
"VOE","2007-11-16","55.57","55.57","54.59","55.07","38300","51.86","false"
"VOE","2007-11-15","56.28","56.28","54.92","55.14","48300","51.92","false"
"VOE","2007-11-14","56.57","56.94","55.90","55.97","27200","52.70","false"
"VOE","2007-11-13","55.63","56.35","55.34","56.33","22300","53.04","false"
"VOE","2007-11-12","55.54","55.84","54.85","54.85","18500","51.65","false"
"VOE","2007-11-09","55.10","56.07","55.05","55.46","22600","52.22","false"
"VOE","2007-11-08","55.84","55.99","54.91","55.88","46700","52.62","false"
"VOE","2007-11-07","57.14","57.14","55.53","55.57","41100","52.33","false"
"VOE","2007-11-06","57.44","57.44","56.22","57.06","21900","53.73","false"
"VOE","2007-11-05","56.46","56.69","56.04","56.49","41300","53.19","false"
"VOE","2007-11-02","57.41","57.41","56.35","56.75","60600","53.44","false"
"VOE","2007-11-01","57.81","57.86","57.12","57.12","44000","53.79","false"
"VOE","2007-10-31","58.27","58.64","57.94","58.59","13900","55.17","false"
"VOE","2007-10-30","58.05","58.20","57.92","57.92","29800","54.54","false"
"VOE","2007-10-29","58.30","58.39","57.98","58.11","28200","54.72","false"
"VOE","2007-10-26","58.08","58.17","57.46","58.04","54600","54.65","false"
"VOE","2007-10-25","57.75","57.93","56.93","57.63","94400","54.27","false"
"VOE","2007-10-24","57.73","57.73","56.81","57.55","58600","54.19","false"
"VOE","2007-10-23","57.84","58.01","57.39","57.93","60800","54.55","false"
"VOE","2007-10-22","56.79","57.63","56.47","57.60","144400","54.24","false"
"VOE","2007-10-19","58.37","58.37","57.22","57.22","36900","53.88","false"
"VOE","2007-10-18","58.50","58.71","58.27","58.52","20900","55.10","false"
"VOE","2007-10-17","59.12","59.12","58.10","58.60","24600","55.18","false"
"VOE","2007-10-16","59.07","59.11","58.69","58.76","29300","55.33","false"
"VOE","2007-10-15","60.02","60.15","59.06","59.29","22000","55.83","false"
"VOE","2007-10-12","59.85","60.01","59.74","59.84","20300","56.35","false"
"VOE","2007-10-11","60.37","60.62","59.64","59.89","27800","56.39","false"
"VOE","2007-10-10","60.22","60.28","60.00","60.22","20900","56.71","false"
"VOE","2007-10-09","59.91","60.24","59.78","60.24","18700","56.72","false"
"VOE","2007-10-08","60.03","60.13","59.81","59.88","98900","56.39","false"
"VOE","2007-10-05","59.74","60.21","59.63","60.12","50300","56.61","false"
"VOE","2007-10-04","59.45","59.45","59.17","59.34","27400","55.88","false"
"VOE","2007-10-03","59.44","59.59","59.17","59.32","11000","55.86","false"
"VOE","2007-10-02","59.31","59.59","59.29","59.58","16700","56.10","false"
"VOE","2007-10-01","58.45","59.32","58.45","59.30","45800","55.84","false"
"VOE","2007-09-28","58.57","58.57","58.17","58.37","16600","54.96","false"
"VOE","2007-09-27","58.41","58.55","58.27","58.55","14500","55.13","false"
"VOE","2007-09-26","58.08","58.31","57.89","58.15","19500","54.76","false"
"VOE","2007-09-25","57.71","57.85","57.42","57.82","27700","54.45","false"
"VOE","2007-09-24","58.24","58.44","57.86","57.92","41400","54.54","false"
"VOE","2007-09-21","58.46","58.51","58.23","58.23","16700","54.83","false"
"VOE","2007-09-20","58.83","58.83","58.11","58.23","17900","54.83","false"
"VOE","2007-09-19","58.87","59.27","58.59","58.84","41600","55.41","false"
"VOE","2007-09-18","56.96","58.35","56.71","58.30","20300","54.90","false"
"VOE","2007-09-17","56.81","56.88","56.49","56.72","23500","53.41","false"
"VOE","2007-09-14","56.44","56.97","56.41","56.91","9100","53.59","false"
"VOE","2007-09-13","56.63","56.98","56.49","56.83","114500","53.51","false"
"VOE","2007-09-12","56.34","56.71","56.30","56.48","11200","53.18","false"
"VOE","2007-09-11","56.18","56.52","56.07","56.52","19800","53.22","false"
"VOE","2007-09-10","56.62","56.62","55.43","55.90","18900","52.64","false"
"VOE","2007-09-07","56.55","56.64","56.20","56.33","19500","53.04","false"
"VOE","2007-09-06","57.34","57.38","56.91","57.35","33100","54.00","false"
"VOE","2007-09-05","57.33","57.41","57.00","57.21","17000","53.87","false"
"VOE","2007-09-04","57.24","58.24","57.24","57.93","19300","54.55","false"
"VOE","2007-08-31","57.14","57.50","56.88","57.26","120300","53.92","false"
"VOE","2007-08-30","56.31","56.90","56.30","56.59","22200","53.29","false"
"VOE","2007-08-29","56.14","56.76","55.85","56.76","19000","53.45","false"
"VOE","2007-08-28","56.74","56.74","55.54","55.54","21500","52.30","false"
"VOE","2007-08-27","57.61","57.61","57.00","57.00","19700","53.67","false"
"VOE","2007-08-24","56.95","57.66","56.95","57.66","34500","54.30","false"
"VOE","2007-08-23","57.40","57.44","56.87","57.12","24100","53.79","false"
"VOE","2007-08-22","57.27","57.29","56.79","57.22","33200","53.88","false"
"VOE","2007-08-21","55.95","56.70","55.95","56.68","10300","53.37","false"
"VOE","2007-08-20","56.06","56.42","55.64","56.30","23600","53.01","false"
"VOE","2007-08-17","55.72","56.87","54.54","55.96","79700","52.69","false"
"VOE","2007-08-16","53.92","54.75","52.82","54.60","222300","51.41","false"
"VOE","2007-08-15","55.25","55.94","54.24","54.40","54200","51.23","false"
"VOE","2007-08-14","56.60","56.60","55.42","55.45","88700","52.21","false"
"VOE","2007-08-13","57.10","57.20","56.59","56.60","12000","53.30","false"
"VOE","2007-08-10","55.70","56.71","55.23","56.41","37900","53.12","false"
"VOE","2007-08-09","57.05","57.45","56.45","56.50","32300","53.20","false"
"VOE","2007-08-08","57.61","58.24","57.24","58.07","132300","54.68","false"
"VOE","2007-08-07","56.46","57.37","56.46","57.16","30800","53.82","false"
"VOE","2007-08-06","55.65","56.86","55.22","56.78","80400","53.47","false"
"VOE","2007-08-03","57.60","57.60","55.88","55.89","27100","52.63","false"
"VOE","2007-08-02","57.82","57.90","57.37","57.67","13700","54.30","false"
"VOE","2007-08-01","57.23","57.49","56.25","57.39","43700","54.04","false"
"VOE","2007-07-31","58.40","58.64","57.22","57.22","28000","53.88","false"
"VOE","2007-07-30","57.52","58.14","57.29","57.89","28800","54.51","false"
"VOE","2007-07-27","58.47","58.68","57.56","57.57","37600","54.21","false"
"VOE","2007-07-26","59.05","59.06","57.76","58.95","64600","55.51","false"
"VOE","2007-07-25","60.21","60.39","59.32","59.71","32400","56.23","false"
"VOE","2007-07-24","60.79","60.85","59.69","59.90","36000","56.40","false"
"VOE","2007-07-23","61.74","61.74","61.14","61.19","18600","57.62","false"
"VOE","2007-07-20","62.20","62.20","61.21","61.28","13000","57.70","false"
"VOE","2007-07-19","62.29","62.41","62.13","62.24","19500","58.61","false"
"VOE","2007-07-18","61.93","62.08","61.63","62.03","15600","58.41","false"
"VOE","2007-07-17","62.55","62.58","62.33","62.35","17400","58.71","false"
"VOE","2007-07-16","62.47","62.67","62.32","62.35","14300","58.71","false"
"VOE","2007-07-13","62.26","62.68","62.23","62.57","23900","58.92","false"
"VOE","2007-07-12","61.80","62.42","61.80","62.34","25700","58.70","false"
"VOE","2007-07-11","61.30","61.58","61.09","61.58","33400","57.99","false"
"VOE","2007-07-10","62.08","62.08","61.29","61.29","24700","57.71","false"
"VOE","2007-07-09","62.55","62.59","62.24","62.34","18000","58.70","false"
"VOE","2007-07-06","62.22","62.52","62.00","62.50","9700","58.85","false"
"VOE","2007-07-05","62.20","62.32","61.92","62.19","12100","58.56","false"
"VOE","2007-07-03","62.03","62.18","62.00","62.08","22600","58.46","false"
"VOE","2007-07-02","61.46","61.80","61.40","61.80","17700","58.19","false"
"VOE","2007-06-29","61.40","61.64","60.90","61.15","19600","57.58","false"
"VOE","2007-06-28","61.33","61.53","61.15","61.15","5100","57.58","false"
"VOE","2007-06-27","60.28","61.17","60.17","61.17","36000","57.60","false"
"VOE","2007-06-26","61.02","61.15","60.49","60.49","100400","56.96","false"
"VOE","2007-06-25","61.47","61.56","60.70","60.93","53600","57.37","false"
"VOE","2007-06-22","61.62","61.70","61.18","61.42","37900","57.84","false"
"VOE","2007-06-21","61.60","61.91","61.19","61.82","19700","58.21","false"
"VOE","2007-06-20","62.40","62.42","61.59","61.59","37500","58.00","false"
"VOE","2007-06-19","62.19","62.38","61.98","62.30","26800","58.66","false"
"VOE","2007-06-18","62.61","62.61","62.22","62.28","25400","58.65","false"
"VOE","2007-06-15","62.60","62.74","62.38","62.46","83000","58.81","false"
"VOE","2007-06-14","62.13","62.33","61.97","62.09","105300","58.47","false"
"VOE","2007-06-13","61.26","61.85","61.26","61.85","18900","58.24","false"
"VOE","2007-06-12","61.39","61.60","61.07","61.07","16900","57.51","false"
"VOE","2007-06-11","61.74","62.04","61.59","61.82","13300","58.21","false"
"VOE","2007-06-08","61.15","61.78","60.86","61.75","19000","58.15","false"
"VOE","2007-06-07","62.01","62.23","61.20","61.20","25500","57.63","false"
"VOE","2007-06-06","62.90","62.90","62.40","62.40","10000","58.76","false"
"VOE","2007-06-05","63.46","63.46","63.02","63.11","23800","59.43","false"
"VOE","2007-06-04","63.34","63.57","63.29","63.55","19600","59.84","false"
"VOE","2007-06-01","63.30","63.49","63.29","63.42","8700","59.72","false"
"VOE","2007-05-31","63.15","63.20","62.80","63.02","17100","59.34","false"
"VOE","2007-05-30","62.00","62.93","61.95","62.93","18000","59.26","false"
"VOE","2007-05-29","62.04","62.30","62.04","62.19","17700","58.56","false"
"VOE","2007-05-25","61.69","61.89","61.54","61.75","18600","58.15","false"
"VOE","2007-05-24","62.40","62.45","61.32","61.44","37600","57.85","false"
"VOE","2007-05-23","62.70","62.78","62.22","62.22","37300","58.59","false"
"VOE","2007-05-22","62.35","62.64","62.23","62.41","35200","58.77","false"
"VOE","2007-05-21","62.00","62.40","61.96","62.25","107100","58.62","false"
"VOE","2007-05-18","61.75","62.07","61.72","61.98","14400","58.36","false"
"VOE","2007-05-17","61.51","61.87","61.47","61.69","14400","58.09","false"
"VOE","2007-05-16","61.80","61.81","61.45","61.62","23900","58.02","false"
"VOE","2007-05-15","61.85","62.16","61.53","61.56","28400","57.97","false"
"VOE","2007-05-14","62.15","62.15","61.71","61.84","14800","58.23","false"
"VOE","2007-05-11","61.56","61.94","61.56","61.94","5300","58.33","false"
"VOE","2007-05-10","62.08","62.08","61.38","61.45","23200","57.86","false"
"VOE","2007-05-09","61.79","62.25","61.73","62.21","19700","58.58","false"
"VOE","2007-05-08","61.62","61.85","61.54","61.84","15500","58.23","false"
"VOE","2007-05-07","61.90","61.98","61.89","61.93","24500","58.32","false"
"VOE","2007-05-04","62.00","62.02","61.72","61.85","18300","58.24","false"
"VOE","2007-05-03","61.68","61.95","61.68","61.87","287600","58.26","false"
"VOE","2007-05-02","61.10","61.65","61.10","61.59","21700","58.00","false"
"VOE","2007-05-01","60.95","61.08","60.54","61.05","20900","57.49","false"
"VOE","2007-04-30","61.67","61.67","60.92","60.94","24300","57.38","false"
"VOE","2007-04-27","61.66","61.73","61.47","61.63","23600","58.03","false"
"VOE","2007-04-26","61.79","61.90","61.57","61.80","25300","58.19","false"
"VOE","2007-04-25","61.60","61.82","61.25","61.80","14500","58.19","false"
"VOE","2007-04-24","61.18","61.36","60.86","61.23","18800","57.66","false"
"VOE","2007-04-23","61.35","61.46","61.24","61.30","23100","57.72","false"
"VOE","2007-04-20","61.24","61.24","60.92","61.17","14300","57.60","false"
"VOE","2007-04-19","60.53","60.82","60.50","60.67","10400","57.13","false"
"VOE","2007-04-18","60.63","60.92","60.48","60.81","11900","57.26","false"
"VOE","2007-04-17","60.67","60.85","60.59","60.70","75000","57.16","false"
"VOE","2007-04-16","60.52","60.60","60.40","60.60","20700","57.06","false"
"VOE","2007-04-13","60.00","60.10","59.78","60.09","17900","56.58","false"
"VOE","2007-04-12","59.53","59.91","59.38","59.91","12000","56.41","false"
"VOE","2007-04-11","60.08","60.08","59.60","59.69","24700","56.21","false"
"VOE","2007-04-10","60.02","60.10","59.88","60.05","26100","56.55","false"
"VOE","2007-04-09","60.08","60.08","59.85","59.95","19300","56.45","false"
"VOE","2007-04-05","59.74","59.90","59.68","59.85","55700","56.36","false"
"VOE","2007-04-04","59.74","59.81","59.63","59.75","37800","56.26","false"
"VOE","2007-04-03","59.68","59.89","59.50","59.81","21500","56.32","false"
"VOE","2007-04-02","59.20","59.48","59.07","59.38","59000","55.91","false"
"VOE","2007-03-30","59.11","59.18","58.69","59.01","15200","55.57","false"
"VOE","2007-03-29","59.25","59.25","58.81","59.02","9900","55.58","false"
"VOE","2007-03-28","59.09","59.16","58.74","58.83","15900","55.40","false"
"VOE","2007-03-27","59.33","59.33","59.08","59.26","18500","55.80","false"
"VOE","2007-03-26","59.70","59.71","59.15","59.58","58400","56.10","false"
"VOE","2007-03-23","59.40","59.86","59.40","59.77","25700","56.28","false"
"VOE","2007-03-22","59.70","59.70","59.36","59.60","31400","56.12","false"
"VOE","2007-03-21","58.74","59.67","58.61","59.57","54000","56.08","false"
"VOE","2007-03-20","58.37","58.85","58.25","58.66","211400","55.23","false"
"VOE","2007-03-19","58.15","58.35","57.97","58.27","17300","54.86","false"
"VOE","2007-03-16","58.07","58.16","57.64","57.69","36400","54.31","false"
"VOE","2007-03-15","57.73","58.06","57.67","58.01","17000","54.62","false"
"VOE","2007-03-14","57.50","57.60","56.51","57.50","47900","54.14","false"
"VOE","2007-03-13","58.22","58.29","57.28","57.35","29300","53.99","false"
"VOE","2007-03-12","58.40","58.59","58.17","58.49","16700","55.07","false"
"VOE","2007-03-09","58.48","58.54","58.15","58.34","10900","54.93","false"
"VOE","2007-03-08","58.25","58.42","58.08","58.23","18300","54.82","false"
"VOE","2007-03-07","57.78","58.02","57.60","57.67","12700","54.30","false"
"VOE","2007-03-06","57.34","57.84","57.18","57.81","30900","54.43","false"
"VOE","2007-03-05","57.13","57.44","56.81","56.81","29000","53.49","false"
"VOE","2007-03-02","58.40","58.50","57.72","57.72","79600","54.34","false"
"VOE","2007-03-01","57.74","58.75","57.41","58.56","63400","55.13","false"
"VOE","2007-02-28","58.67","59.05","58.26","58.71","30400","55.27","false"
"VOE","2007-02-27","59.73","59.73","58.20","58.50","41700","55.08","false"
"VOE","2007-02-26","60.72","60.74","60.17","60.35","58300","56.82","false"
"VOE","2007-02-23","60.43","60.43","60.22","60.39","27100","56.86","false"
"VOE","2007-02-22","60.74","60.81","60.38","60.50","36200","56.96","false"
"VOE","2007-02-21","60.43","60.59","60.27","60.59","32800","57.04","false"
"VOE","2007-02-20","60.23","60.60","60.04","60.60","25500","57.05","false"
"VOE","2007-02-16","60.22","60.25","60.01","60.25","19500","56.72","false"
"VOE","2007-02-15","60.08","60.23","60.00","60.20","20600","56.68","false"
"VOE","2007-02-14","59.68","60.06","59.64","59.93","19800","56.42","false"
"VOE","2007-02-13","59.25","59.59","59.17","59.59","8400","56.10","false"
"VOE","2007-02-12","59.26","59.26","58.85","58.96","23300","55.51","false"
"VOE","2007-02-09","59.89","59.89","58.97","59.38","35400","55.91","false"
"VOE","2007-02-08","59.68","59.77","59.60","59.73","24300","56.23","false"
"VOE","2007-02-07","59.65","59.93","59.60","59.84","57300","56.34","false"
"VOE","2007-02-06","59.54","59.68","59.32","59.68","13200","56.19","false"
"VOE","2007-02-05","59.34","59.36","59.23","59.30","18100","55.83","false"
"VOE","2007-02-02","59.19","59.35","59.16","59.34","14300","55.87","false"
"VOE","2007-02-01","58.70","59.10","58.70","59.08","25200","55.62","false"
"VOE","2007-01-31","58.05","58.73","58.05","58.67","19900","55.24","false"
"VOE","2007-01-30","57.94","58.18","57.86","58.17","7900","54.77","false"
"VOE","2007-01-29","57.82","57.97","57.74","57.80","15400","54.42","false"
"VOE","2007-01-26","57.64","57.74","57.42","57.73","30000","54.35","false"
"VOE","2007-01-25","58.00","58.45","57.51","58.45","32000","55.03","false"
"VOE","2007-01-24","57.71","58.02","57.61","58.02","25900","54.62","false"
"VOE","2007-01-23","57.29","57.65","57.24","57.47","15600","54.11","false"
"VOE","2007-01-22","57.27","57.27","57.05","57.16","21600","53.82","false"
"VOE","2007-01-19","56.96","57.33","56.96","57.33","6600","53.98","false"
"VOE","2007-01-18","57.20","57.24","56.94","57.00","9300","53.66","false"
"VOE","2007-01-17","57.11","57.38","57.11","57.28","11200","53.93","false"
"VOE","2007-01-16","57.34","57.34","57.10","57.12","21500","53.78","false"
"VOE","2007-01-12","56.93","57.12","56.88","57.09","12100","53.75","false"
"VOE","2007-01-11","56.86","57.01","56.81","56.90","31300","53.57","false"
"VOE","2007-01-10","56.01","56.45","56.01","56.42","23600","53.12","false"
"VOE","2007-01-09","56.25","56.34","55.98","56.25","15600","52.96","false"
"VOE","2007-01-08","56.02","56.22","55.87","56.12","23500","52.84","false"
"VOE","2007-01-05","56.41","56.41","56.05","56.14","8900","52.85","false"
"VOE","2007-01-04","56.59","56.65","56.27","56.61","34700","53.30","false"
"VOE","2007-01-03","56.87","57.07","56.38","56.58","25600","53.27","false"
"VOE","2008-12-31","32.11","32.94","31.97","32.73","217900","31.48","false"
"VOE","2008-12-30","31.49","32.04","31.13","32.03","216200","30.81","false"
"VOE","2008-12-29","31.56","31.56","30.63","31.05","811100","29.87","false"
"VOE","2008-12-26","31.35","31.41","30.93","31.41","105500","30.21","false"
"VOE","2008-12-24","31.35","31.35","30.70","31.09","768600","29.90","false"
"VOE","2008-12-23","32.24","32.33","31.58","31.74","206700","30.53","false"
"VOE","2008-12-22","32.70","32.76","31.34","32.06","341100","30.84","false"
"VOE","2008-12-19","32.69","33.24","32.47","32.72","348300","31.47","false"
"VOE","2008-12-18","33.41","33.41","32.04","32.39","268900","31.16","false"
"VOE","2008-12-17","32.80","33.72","32.48","33.18","422900","31.92","false"
"VOE","2008-12-16","33.10","33.15","31.49","33.10","391300","31.84","false"
"VOE","2008-12-15","31.99","31.99","30.58","31.07","288000","29.89","false"
"VOE","2008-12-12","30.33","31.86","29.94","31.74","680700","30.53","false"
"VOE","2008-12-11","32.26","32.78","30.70","30.92","309700","29.74","false"
"VOE","2008-12-10","31.86","32.65","31.72","32.51","355900","31.27","false"
"VOE","2008-12-09","32.19","32.97","31.49","31.68","525100","30.47","false"
"VOE","2008-12-08","31.70","32.57","31.61","32.38","476300","31.15","false"
"VOE","2008-12-05","29.33","31.14","28.77","31.14","766400","29.95","false"
"VOE","2008-12-04","30.28","31.24","29.20","29.75","291600","28.62","false"
"VOE","2008-12-03","29.49","30.71","28.90","30.63","312700","29.46","false"
"VOE","2008-12-02","28.78","29.80","28.53","29.80","245700","28.66","false"
"VOE","2008-12-01","31.11","31.11","28.34","28.42","336600","27.34","false"
"VOE","2008-11-28","31.47","31.85","31.14","31.83","80700","30.62","false"
"VOE","2008-11-26","29.45","31.48","29.42","31.42","191900","30.22","false"
"VOE","2008-11-25","29.76","30.17","28.86","29.98","1362400","28.84","false"
"VOE","2008-11-24","27.52","29.69","27.39","29.24","436600","28.13","false"
"VOE","2008-11-21","26.39","27.35","25.16","27.23","443300","26.19","false"
"VOE","2008-11-20","27.70","28.02","25.65","25.79","410300","24.81","false"
"VOE","2008-11-19","29.94","30.20","27.87","27.88","304800","26.82","false"
"VOE","2008-11-18","30.11","30.54","29.08","30.07","369800","28.92","false"
"VOE","2008-11-17","30.46","31.10","30.06","30.06","179000","28.91","false"
"VOE","2008-11-14","31.77","32.14","30.75","30.80","139200","29.63","false"
"VOE","2008-11-13","30.05","32.33","28.87","32.32","1019800","31.09","false"
"VOE","2008-11-12","31.12","31.23","30.00","30.04","464200","28.89","false"
"VOE","2008-11-11","32.05","32.34","31.16","31.70","416600","30.49","false"
"VOE","2008-11-10","33.92","33.93","32.05","32.41","421200","31.17","false"
"VOE","2008-11-07","32.71","33.28","32.39","33.24","547600","31.97","false"
"VOE","2008-11-06","33.84","34.02","32.30","32.40","483900","31.16","false"
"VOE","2008-11-05","35.36","35.64","33.97","33.98","648600","32.68","false"
"VOE","2008-11-04","35.27","35.78","34.91","35.74","484800","34.38","false"
"VOE","2008-11-03","34.63","34.82","34.28","34.56","293500","33.24","false"
"VOE","2008-10-31","33.84","34.89","33.31","34.49","338800","33.18","false"
"VOE","2008-10-30","33.86","34.02","32.73","33.70","238000","32.42","false"
"VOE","2008-10-29","32.48","33.92","32.20","32.80","285900","31.55","false"
"VOE","2008-10-28","30.57","32.73","29.40","32.73","159800","31.48","false"
"VOE","2008-10-27","30.50","31.26","29.77","29.77","148600","28.64","false"
"VOE","2008-10-24","29.70","31.53","29.70","31.01","282600","29.83","false"
"VOE","2008-10-23","32.92","33.08","30.29","31.90","838600","30.68","false"
"VOE","2008-10-22","33.73","33.77","31.72","32.71","178000","31.46","false"
"VOE","2008-10-21","35.26","35.56","34.55","34.58","132800","33.26","false"
"VOE","2008-10-20","34.81","35.59","34.10","35.59","166400","34.23","false"
"VOE","2008-10-17","33.38","35.50","33.08","34.14","614900","32.84","false"
"VOE","2008-10-16","33.25","34.36","31.48","34.36","294900","33.05","false"
"VOE","2008-10-15","36.18","36.18","33.21","33.25","209800","31.98","false"
"VOE","2008-10-14","40.65","40.65","35.49","36.80","334100","35.40","false"
"VOE","2008-10-13","36.80","36.91","34.40","36.91","314800","35.50","false"
"VOE","2008-10-10","32.86","34.55","30.71","33.09","391500","31.83","false"
"VOE","2008-10-09","37.00","37.00","33.48","33.73","162300","32.44","false"
"VOE","2008-10-08","36.07","37.71","35.80","36.39","100100","35.00","false"
"VOE","2008-10-07","39.49","39.70","37.07","37.07","417600","35.66","false"
"VOE","2008-10-06","40.15","40.21","37.49","39.52","553100","38.01","false"
"VOE","2008-10-03","42.65","43.20","41.07","41.16","210400","39.59","false"
"VOE","2008-10-02","44.29","44.29","42.02","42.10","262200","40.50","false"
"VOE","2008-10-01","44.54","44.54","43.59","44.31","535000","42.62","false"
"VOE","2008-09-30","43.95","44.31","42.85","44.31","205200","42.62","false"
"VOE","2008-09-29","44.84","45.56","42.70","42.89","676500","41.26","false"
"VOE","2008-09-26","45.53","46.27","45.40","46.27","381200","44.51","false"
"VOE","2008-09-25","46.07","46.57","45.77","46.38","301100","44.61","false"
"VOE","2008-09-24","46.00","46.14","45.56","45.82","429200","44.07","false"
"VOE","2008-09-23","46.47","47.04","45.83","45.96","560400","44.21","false"
"VOE","2008-09-22","48.60","48.60","46.39","46.44","125000","44.67","false"
"VOE","2008-09-19","48.95","52.39","47.90","48.78","227600","46.92","false"
"VOE","2008-09-18","45.88","47.18","43.63","47.18","990300","45.38","false"
"VOE","2008-09-17","46.81","46.81","44.65","44.67","669700","42.97","false"
"VOE","2008-09-16","45.08","47.11","45.08","47.11","376100","45.31","false"
"VOE","2008-09-15","47.20","47.78","46.29","46.31","221800","44.54","false"
"VOE","2008-09-12","47.56","48.38","47.37","48.33","580200","46.49","false"
"VOE","2008-09-11","47.08","47.81","46.45","47.81","472500","45.99","false"
"VOE","2008-09-10","47.28","47.87","46.75","47.43","286500","45.62","false"
"VOE","2008-09-09","48.90","48.95","47.14","47.14","438700","45.34","false"
"VOE","2008-09-08","48.97","49.46","48.13","49.01","461100","47.14","false"
"VOE","2008-09-05","47.26","47.93","46.63","47.73","523100","45.91","false"
"VOE","2008-09-04","48.35","48.40","47.24","47.24","278800","45.44","false"
"VOE","2008-09-03","48.53","48.88","48.30","48.72","457000","46.86","false"
"VOE","2008-09-02","49.14","49.74","48.28","48.58","287700","46.73","false"
"VOE","2008-08-29","48.90","49.13","48.70","48.78","257700","46.92","false"
"VOE","2008-08-28","48.36","49.12","48.36","49.12","249200","47.25","false"
"VOE","2008-08-27","47.78","48.37","47.78","48.21","181800","46.37","false"
"VOE","2008-08-26","47.60","47.84","47.33","47.73","268500","45.91","false"
"VOE","2008-08-25","48.31","48.31","47.48","47.60","474300","45.79","false"
"VOE","2008-08-22","47.86","48.58","47.86","48.58","259400","46.73","false"
"VOE","2008-08-21","47.84","47.98","47.49","47.87","1333600","46.05","false"
"VOE","2008-08-20","47.76","47.98","47.37","47.97","594200","46.14","false"
"VOE","2008-08-19","48.03","48.12","47.56","47.86","404500","46.04","false"
"VOE","2008-08-18","49.32","49.32","48.16","48.57","477600","46.72","false"
"VOE","2008-08-15","49.13","49.47","48.89","49.13","505800","47.26","false"
"VOE","2008-08-14","48.14","49.08","48.14","48.94","636900","47.07","false"
"VOE","2008-08-13","48.46","48.74","47.94","48.46","755200","46.61","false"
"VOE","2008-08-12","49.23","49.23","48.44","48.63","700400","46.78","false"
"VOE","2008-08-11","48.61","49.54","48.40","49.26","641600","47.38","false"
"VOE","2008-08-08","47.44","48.68","47.28","48.56","626000","46.71","false"
"VOE","2008-08-07","47.85","48.05","47.23","47.37","364800","45.56","false"
"VOE","2008-08-06","47.67","48.29","47.63","48.21","301400","46.37","false"
"VOE","2008-08-05","47.02","48.00","47.00","48.00","519800","46.17","false"
"VOE","2008-08-04","47.22","47.22","46.55","46.70","357200","44.92","false"
"VOE","2008-08-01","47.44","47.66","46.78","47.21","1192100","45.41","false"
"VOE","2008-07-31","47.42","47.83","47.27","47.27","1057000","45.47","false"
"VOE","2008-07-30","47.45","47.85","47.11","47.78","813400","45.96","false"
"VOE","2008-07-29","46.27","47.18","46.19","47.18","629800","45.38","false"
"VOE","2008-07-28","46.46","46.96","46.01","46.06","627400","44.30","false"
"VOE","2008-07-25","46.90","47.08","46.51","46.74","829600","44.96","false"
"VOE","2008-07-24","48.41","48.45","46.60","46.84","759200","45.05","false"
"VOE","2008-07-23","48.26","48.80","47.95","48.56","991900","46.71","false"
"VOE","2008-07-22","47.06","48.06","46.60","48.00","863500","46.17","false"
"VOE","2008-07-21","47.08","47.36","46.89","47.28","811200","45.48","false"
"VOE","2008-07-18","47.35","47.35","46.78","47.24","756100","45.44","false"
"VOE","2008-07-17","46.39","47.40","46.04","47.40","865000","45.59","false"
"VOE","2008-07-16","44.97","46.26","44.55","46.16","1660000","44.40","false"
"VOE","2008-07-15","45.08","45.62","43.98","44.88","954000","43.17","false"
"VOE","2008-07-14","45.36","46.43","45.13","45.20","788500","43.48","false"
"VOE","2008-07-11","45.82","46.41","45.21","45.88","516200","44.13","false"
"VOE","2008-07-10","46.38","46.65","45.82","46.43","799800","44.66","false"
"VOE","2008-07-09","47.46","47.61","46.19","46.40","606800","44.63","false"
"VOE","2008-07-08","46.08","47.47","45.80","47.46","1178500","45.65","false"
"VOE","2008-07-07","46.87","47.08","45.73","46.12","903400","44.36","false"
"VOE","2008-07-03","47.43","47.43","46.49","46.65","429100","44.87","false"
"VOE","2008-07-02","48.28","48.47","47.13","47.13","899000","45.33","false"
"VOE","2008-07-01","47.61","48.16","47.30","48.12","1092500","46.29","false"
"VOE","2008-06-30","48.14","48.53","47.81","48.01","718300","46.18","false"
"VOE","2008-06-27","48.41","48.58","47.88","48.06","476300","46.23","false"
"VOE","2008-06-26","49.45","49.45","48.40","48.40","480600","46.56","false"
"VOE","2008-06-25","49.61","50.25","49.58","49.81","405600","47.91","false"
"VOE","2008-06-24","49.60","49.96","49.14","49.41","97300","47.53","false"
"VOE","2008-06-23","50.25","50.25","49.51","49.51","76900","47.62","false"
"VOE","2008-06-20","50.62","50.62","49.94","50.00","137200","48.09","false"
"VOE","2008-06-19","50.70","50.95","50.43","50.95","31700","49.01","false"
"VOE","2008-06-18","51.34","51.34","50.46","50.69","41000","48.76","false"
"VOE","2008-06-17","52.78","52.78","51.33","51.33","73500","49.37","false"
"VOE","2008-06-16","51.54","51.86","51.30","51.86","49300","49.88","false"
"VOE","2008-06-13","51.31","51.53","51.02","51.53","31200","49.57","false"
"VOE","2008-06-12","51.20","51.36","50.57","50.88","25500","48.94","false"
"VOE","2008-06-11","51.76","51.76","50.68","50.69","23900","48.76","false"
"VOE","2008-06-10","51.60","51.89","51.46","51.72","26800","49.75","false"
"VOE","2008-06-09","52.26","52.30","51.55","51.90","33800","49.92","false"
"VOE","2008-06-06","52.92","53.24","52.00","52.00","34500","50.02","false"
"VOE","2008-06-05","52.91","53.61","52.88","53.61","26000","51.57","false"
"VOE","2008-06-04","52.74","53.19","52.59","52.70","44000","50.69","false"
"VOE","2008-06-03","53.02","53.07","52.30","52.72","40600","50.71","false"
"VOE","2008-06-02","53.34","53.34","52.48","52.86","126100","50.84","false"
"VOE","2008-05-30","53.22","53.39","53.10","53.24","116600","51.21","false"
"VOE","2008-05-29","53.11","53.41","52.89","53.23","42700","51.20","false"
"VOE","2008-05-28","52.84","52.92","52.47","52.92","56700","50.90","false"
"VOE","2008-05-27","52.34","52.65","52.17","52.61","125800","50.60","false"
"VOE","2008-05-23","52.73","52.75","52.08","52.27","120300","50.28","false"
"VOE","2008-05-22","52.64","53.12","52.64","52.86","379800","50.84","false"
"VOE","2008-05-21","53.69","53.85","52.65","52.68","112400","50.67","false"
"VOE","2008-05-20","53.68","53.75","53.35","53.66","62300","51.61","false"
"VOE","2008-05-19","54.00","54.41","53.75","53.91","22100","51.85","false"
"VOE","2008-05-16","53.98","53.98","53.49","53.89","74400","51.84","false"
"VOE","2008-05-15","53.56","53.80","53.10","53.80","185500","51.75","false"
"VOE","2008-05-14","53.19","53.62","53.18","53.24","70600","51.21","false"
"VOE","2008-05-13","52.99","52.99","52.56","52.91","61500","50.89","false"
"VOE","2008-05-12","52.33","52.83","52.00","52.74","118800","50.73","false"
"VOE","2008-05-09","51.76","52.13","51.73","51.97","19800","49.99","false"
"VOE","2008-05-08","52.08","52.29","51.80","52.08","37700","50.09","false"
"VOE","2008-05-07","52.84","52.86","51.91","51.91","33100","49.93","false"
"VOE","2008-05-06","52.04","52.74","51.89","52.69","46400","50.68","false"
"VOE","2008-05-05","52.51","52.66","52.00","52.29","31400","50.30","false"
"VOE","2008-05-02","52.92","52.92","52.19","52.40","50600","50.40","false"
"VOE","2008-05-01","51.57","52.32","51.35","52.28","56400","50.29","false"
"VOE","2008-04-30","51.93","52.25","51.35","51.35","105000","49.39","false"
"VOE","2008-04-29","52.05","52.05","51.54","51.75","52900","49.78","false"
"VOE","2008-04-28","52.01","52.14","51.63","51.89","54900","49.91","false"
"VOE","2008-04-25","51.72","51.94","51.20","51.92","54800","49.94","false"
"VOE","2008-04-24","51.48","51.69","50.57","51.53","67100","49.57","false"
"VOE","2008-04-23","51.33","51.39","50.82","51.11","52000","49.16","false"
"VOE","2008-04-22","51.47","51.47","50.84","51.24","35900","49.29","false"
"VOE","2008-04-21","51.75","51.75","51.28","51.64","38200","49.67","false"
"VOE","2008-04-18","52.23","52.23","51.69","51.73","65400","49.76","false"
"VOE","2008-04-17","51.42","51.42","50.75","51.12","85500","49.17","false"
"VOE","2008-04-16","50.30","51.05","50.13","50.99","42100","49.05","false"
"VOE","2008-04-15","49.80","49.80","49.27","49.64","45500","47.75","false"
"VOE","2008-04-14","49.61","49.78","49.42","49.47","40800","47.58","false"
"VOE","2008-04-11","49.95","50.22","49.58","49.68","27100","47.79","false"
"VOE","2008-04-10","50.17","50.58","49.89","50.41","32100","48.49","false"
"VOE","2008-04-09","51.05","51.05","50.00","50.12","29500","48.21","false"
"VOE","2008-04-08","50.84","51.03","50.65","50.79","41100","48.85","false"
"VOE","2008-04-07","51.28","51.53","50.93","51.07","41000","49.12","false"
"VOE","2008-04-04","50.74","51.35","50.74","50.97","29600","49.03","false"
"VOE","2008-04-03","50.12","51.08","50.12","50.95","16100","49.01","false"
"VOE","2008-04-02","50.96","51.17","50.63","50.74","52300","48.81","false"
"VOE","2008-04-01","49.69","50.63","49.24","50.59","98200","48.66","false"
"VOE","2008-03-31","49.10","49.10","48.31","48.78","67500","46.92","false"
"VOE","2008-03-28","48.99","49.13","48.42","48.44","18600","46.59","false"
"VOE","2008-03-27","49.60","49.67","48.83","48.83","44500","46.97","false"
"VOE","2008-03-26","50.30","50.30","49.37","49.40","31600","47.52","false"
"VOE","2008-03-25","49.91","50.24","49.64","50.12","119200","48.21","false"
"VOE","2008-03-24","49.50","50.14","49.10","49.85","58500","47.95","false"
"VOE","2008-03-20","47.44","48.93","47.44","48.92","57500","47.06","false"
"VOE","2008-03-19","49.49","49.49","47.91","47.91","43000","46.08","false"
"VOE","2008-03-18","47.49","48.72","47.49","48.69","172400","46.83","false"
"VOE","2008-03-17","46.32","47.47","46.32","47.05","74100","45.26","false"
"VOE","2008-03-14","48.80","48.89","47.25","47.75","130400","45.93","false"
"VOE","2008-03-13","47.64","48.73","47.25","48.55","92200","46.70","false"
"VOE","2008-03-12","48.29","49.15","48.21","48.24","1958600","46.40","false"
"VOE","2008-03-11","47.79","48.72","47.43","48.72","66400","46.82","false"
"VOE","2008-03-10","48.00","48.00","47.03","47.05","117800","45.21","false"
"VOE","2008-03-07","47.80","48.40","47.40","47.77","168600","45.90","false"
"VOE","2008-03-06","49.02","49.02","47.94","48.08","84200","46.20","false"
"VOE","2008-03-05","49.36","49.71","48.89","49.29","120200","47.36","false"
"VOE","2008-03-04","48.79","49.27","48.47","49.14","41600","47.22","false"
"VOE","2008-03-03","49.06","49.35","48.76","49.35","36300","47.42","false"
"VOE","2008-02-29","50.15","50.18","49.08","49.23","54900","47.31","false"
"VOE","2008-02-28","51.16","51.16","50.60","50.75","90100","48.77","false"
"VOE","2008-02-27","51.39","51.84","51.26","51.36","71600","49.35","false"
"VOE","2008-02-26","51.06","51.79","50.92","51.59","136800","49.57","false"
"VOE","2008-02-25","50.38","51.25","49.97","51.15","184900","49.15","false"
"VOE","2008-02-22","49.90","50.31","49.33","50.31","89600","48.34","false"
"VOE","2008-02-21","50.77","51.00","49.78","49.82","111700","47.87","false"
"VOE","2008-02-20","49.69","50.69","49.62","50.66","138400","48.68","false"
"VOE","2008-02-19","52.20","52.40","49.96","50.08","67300","48.12","false"
"VOE","2008-02-15","50.05","50.14","49.64","50.11","115800","48.15","false"
"VOE","2008-02-14","50.90","50.90","50.03","50.10","74300","48.14","false"
"VOE","2008-02-13","50.87","50.99","50.42","50.82","65700","48.83","false"
"VOE","2008-02-12","50.45","50.75","49.94","50.30","48900","48.33","false"
"VOE","2008-02-11","49.93","50.17","49.50","50.05","78400","48.09","false"
"VOE","2008-02-08","50.07","50.39","49.70","49.92","60500","47.97","false"
"VOE","2008-02-07","49.83","50.41","49.64","50.22","94300","48.26","false"
"VOE","2008-02-06","50.75","50.97","49.96","50.01","30400","48.06","false"
"VOE","2008-02-05","51.33","51.36","50.44","50.44","61900","48.47","false"
"VOE","2008-02-04","52.30","52.30","51.75","51.79","158400","49.77","false"
"VOE","2008-02-01","51.37","52.32","51.31","52.31","76400","50.27","false"
"VOE","2008-01-31","49.52","51.60","49.50","51.18","175500","49.18","false"
"VOE","2008-01-30","50.51","51.43","50.14","50.21","159500","48.25","false"
"VOE","2008-01-29","50.27","50.56","49.88","50.53","140300","48.56","false"
"VOE","2008-01-28","48.89","50.01","48.48","50.01","150200","48.06","false"
"VOE","2008-01-25","49.90","50.04","48.73","48.95","36900","47.04","false"
"VOE","2008-01-24","49.58","49.61","49.00","49.47","108100","47.54","false"
"VOE","2008-01-23","46.41","49.24","46.41","49.24","140900","47.32","false"
"VOE","2008-01-22","44.39","47.81","40.00","47.45","342400","45.60","false"
"VOE","2008-01-18","47.89","48.35","47.00","47.35","178600","45.50","false"
"VOE","2008-01-17","48.98","49.14","47.65","47.67","147300","45.81","false"
"VOE","2008-01-16","48.82","49.69","48.68","49.07","124000","47.15","false"
"VOE","2008-01-15","49.55","49.60","48.93","49.00","195600","47.09","false"
"VOE","2008-01-14","50.14","50.19","49.72","50.15","53200","48.19","false"
"VOE","2008-01-11","50.03","50.27","49.54","49.81","75600","47.86","false"
"VOE","2008-01-10","49.20","50.66","49.20","50.24","162100","48.28","false"
"VOE","2008-01-09","50.07","50.07","48.48","49.72","82300","47.78","false"
"VOE","2008-01-08","50.55","50.87","49.20","49.20","128700","47.28","false"
"VOE","2008-01-07","50.74","50.80","49.96","50.48","146800","48.51","false"
"VOE","2008-01-04","51.42","51.42","50.30","50.36","83500","48.39","false"
"VOE","2008-01-03","52.49","52.49","51.70","51.77","49900","49.75","false"
"VOE","2008-01-02","52.65","53.17","52.21","52.35","53900","50.30","false"
"VOE","2009-12-31","45.01","45.01","44.35","44.37","128200","43.53","false"
"VOE","2009-12-30","44.82","44.89","44.66","44.89","155800","44.04","false"
"VOE","2009-12-29","45.08","45.15","44.90","44.93","209000","44.08","false"
"VOE","2009-12-28","45.19","45.28","44.87","45.02","70400","44.17","false"
"VOE","2009-12-24","44.78","45.05","44.78","45.05","53400","44.20","false"
"VOE","2009-12-23","45.46","45.60","45.26","45.55","230400","43.88","false"
"VOE","2009-12-22","45.06","45.30","44.98","45.27","104900","43.61","false"
"VOE","2009-12-21","44.62","44.99","44.62","44.93","73900","43.28","false"
"VOE","2009-12-18","44.35","44.47","43.94","44.40","273500","42.77","false"
"VOE","2009-12-17","44.42","44.52","44.14","44.22","164400","42.60","false"
"VOE","2009-12-16","44.53","44.87","44.53","44.68","109400","43.04","false"
"VOE","2009-12-15","44.47","44.64","44.25","44.36","141200","42.73","false"
"VOE","2009-12-14","44.28","44.67","44.18","44.64","352500","43.00","false"
"VOE","2009-12-11","43.85","44.06","43.64","44.06","143500","42.44","false"
"VOE","2009-12-10","43.75","43.82","43.52","43.62","157300","42.02","false"
"VOE","2009-12-09","43.33","43.54","43.07","43.44","329700","41.85","false"
"VOE","2009-12-08","43.53","43.66","43.11","43.38","533100","41.79","false"
"VOE","2009-12-07","43.70","44.08","43.58","43.77","84000","42.17","false"
"VOE","2009-12-04","43.99","44.26","43.19","43.78","168900","42.17","false"
"VOE","2009-12-03","43.95","44.23","43.24","43.30","57500","41.71","false"
"VOE","2009-12-02","43.43","43.94","43.43","43.75","53900","42.15","false"
"VOE","2009-12-01","43.32","43.63","43.20","43.46","92200","41.87","false"
"VOE","2009-11-30","42.47","42.92","42.35","42.88","100100","41.31","false"
"VOE","2009-11-27","41.92","42.98","41.74","42.54","47800","40.98","false"
"VOE","2009-11-25","43.26","43.51","43.13","43.51","90700","41.91","false"
"VOE","2009-11-24","43.28","43.28","42.75","43.08","542900","41.50","false"
"VOE","2009-11-23","43.38","43.75","43.09","43.23","87000","41.64","false"
"VOE","2009-11-20","42.66","42.83","42.47","42.73","91300","41.16","false"
"VOE","2009-11-19","43.46","43.46","42.67","42.94","158100","41.37","false"
"VOE","2009-11-18","43.78","43.93","43.56","43.81","93700","42.20","false"
"VOE","2009-11-17","43.72","43.89","43.48","43.83","128700","42.22","false"
"VOE","2009-11-16","43.46","44.09","43.41","43.86","86300","42.25","false"
"VOE","2009-11-13","42.86","43.22","42.54","43.00","265700","41.42","false"
"VOE","2009-11-12","43.35","43.53","42.60","42.65","136000","41.09","false"
"VOE","2009-11-11","43.43","43.69","43.11","43.30","136800","41.71","false"
"VOE","2009-11-10","42.97","43.21","42.63","43.00","165200","41.42","false"
"VOE","2009-11-09","42.28","43.09","42.28","43.06","78700","41.48","false"
"VOE","2009-11-06","41.61","42.16","41.52","41.88","151800","40.34","false"
"VOE","2009-11-05","41.45","41.95","41.23","41.94","167100","40.40","false"
"VOE","2009-11-04","41.52","41.86","40.93","40.98","433000","39.48","false"
"VOE","2009-11-03","40.43","41.23","40.25","41.19","289500","39.68","false"
"VOE","2009-11-02","40.71","41.32","40.02","40.67","379400","39.18","false"
"VOE","2009-10-30","41.77","41.79","40.38","40.57","383800","39.08","false"
"VOE","2009-10-29","41.07","42.04","41.07","41.93","227300","40.39","false"
"VOE","2009-10-28","42.01","42.04","40.62","40.67","119200","39.18","false"
"VOE","2009-10-27","42.71","42.81","42.07","42.12","173200","40.58","false"
"VOE","2009-10-26","43.23","43.92","42.47","42.60","134000","41.04","false"
"VOE","2009-10-23","44.12","44.12","43.09","43.22","101500","41.64","false"
"VOE","2009-10-22","43.34","44.05","42.86","43.90","78100","42.29","false"
"VOE","2009-10-21","43.72","44.35","43.34","43.35","96000","41.76","false"
"VOE","2009-10-20","44.28","44.28","43.62","43.85","75500","42.24","false"
"VOE","2009-10-19","43.85","44.40","43.65","44.26","68000","42.64","false"
"VOE","2009-10-16","43.96","43.96","43.49","43.74","122800","42.14","false"
"VOE","2009-10-15","43.85","44.30","43.77","44.30","110400","42.68","false"
"VOE","2009-10-14","43.80","44.15","43.59","44.15","5517700","42.53","false"
"VOE","2009-10-13","43.19","43.35","42.90","43.23","74800","41.64","false"
"VOE","2009-10-12","43.42","43.68","43.26","43.41","60000","41.82","false"
"VOE","2009-10-09","42.81","43.23","42.81","43.23","77100","41.64","false"
"VOE","2009-10-08","42.71","43.14","42.57","42.98","150800","41.40","false"
"VOE","2009-10-07","42.24","42.32","41.93","42.29","73700","40.74","false"
"VOE","2009-10-06","42.06","42.63","41.82","42.23","81000","40.68","false"
"VOE","2009-10-05","40.86","41.72","40.81","41.71","85300","40.18","false"
"VOE","2009-10-02","40.55","41.12","40.10","40.64","128000","39.15","false"
"VOE","2009-10-01","42.41","42.43","41.13","41.13","84800","39.62","false"
"VOE","2009-09-30","42.96","43.04","42.12","42.62","74900","41.06","false"
"VOE","2009-09-29","42.86","43.15","42.62","42.83","101300","41.26","false"
"VOE","2009-09-28","41.83","42.80","41.82","42.80","38000","41.23","false"
"VOE","2009-09-25","41.90","42.13","41.55","41.71","39300","40.18","false"
"VOE","2009-09-24","43.00","43.07","41.82","41.98","126300","40.44","false"
"VOE","2009-09-23","43.70","43.70","42.83","42.83","97300","41.26","false"
"VOE","2009-09-22","43.36","43.57","43.21","43.46","125600","41.87","false"
"VOE","2009-09-21","42.87","43.17","42.63","43.01","102500","41.43","false"
"VOE","2009-09-18","43.65","43.65","42.99","43.24","58000","41.65","false"
"VOE","2009-09-17","43.48","44.00","42.95","43.21","91500","41.63","false"
"VOE","2009-09-16","42.75","43.68","42.73","43.61","147400","42.01","false"
"VOE","2009-09-15","42.12","42.89","41.95","42.76","1600600","41.19","false"
"VOE","2009-09-14","41.09","42.04","41.09","42.04","44000","40.50","false"
"VOE","2009-09-11","41.61","41.82","41.26","41.51","59700","39.99","false"
"VOE","2009-09-10","40.96","41.51","40.64","41.51","42600","39.99","false"
"VOE","2009-09-09","40.50","41.06","40.24","40.96","65700","39.46","false"
"VOE","2009-09-08","40.26","40.40","40.11","40.36","134700","38.88","false"
"VOE","2009-09-04","39.28","39.83","39.00","39.83","62000","38.37","false"
"VOE","2009-09-03","39.04","39.21","38.56","39.18","244600","37.74","false"
"VOE","2009-09-02","38.96","39.10","38.61","38.69","41700","37.27","false"
"VOE","2009-09-01","39.93","40.63","39.00","39.03","59300","37.60","false"
"VOE","2009-08-31","40.16","40.37","39.99","40.23","335100","38.75","false"
"VOE","2009-08-28","41.06","41.06","40.33","40.71","96000","39.22","false"
"VOE","2009-08-27","40.48","40.66","39.77","40.53","56400","39.04","false"
"VOE","2009-08-26","40.39","40.66","40.07","40.41","38200","38.93","false"
"VOE","2009-08-25","40.46","40.92","40.36","40.46","79000","38.98","false"
"VOE","2009-08-24","40.70","40.81","40.08","40.20","94700","38.73","false"
"VOE","2009-08-21","39.94","40.46","39.80","40.34","161900","38.86","false"
"VOE","2009-08-20","38.96","39.47","38.72","39.42","49400","37.97","false"
"VOE","2009-08-19","38.25","39.07","38.14","38.99","48900","37.56","false"
"VOE","2009-08-18","38.35","38.79","38.22","38.71","59100","37.29","false"
"VOE","2009-08-17","38.70","38.70","38.14","38.17","55600","36.77","false"
"VOE","2009-08-14","39.89","39.94","39.10","39.51","52500","38.06","false"
"VOE","2009-08-13","39.81","39.94","39.29","39.91","44500","38.45","false"
"VOE","2009-08-12","38.88","39.79","38.88","39.51","57500","38.06","false"
"VOE","2009-08-11","39.36","39.40","38.68","38.87","59400","37.44","false"
"VOE","2009-08-10","39.63","39.71","39.26","39.49","57900","38.04","false"
"VOE","2009-08-07","39.34","40.08","39.07","39.80","74800","38.34","false"
"VOE","2009-08-06","39.16","39.36","38.57","38.73","63600","37.31","false"
"VOE","2009-08-05","39.10","39.15","38.49","39.04","65100","37.61","false"
"VOE","2009-08-04","38.39","39.12","38.27","39.02","69100","37.59","false"
"VOE","2009-08-03","38.10","38.55","37.92","38.50","105500","37.09","false"
"VOE","2009-07-31","37.44","37.90","37.35","37.73","55400","36.35","false"
"VOE","2009-07-30","37.30","37.80","37.30","37.51","32900","36.13","false"
"VOE","2009-07-29","36.98","37.05","36.58","36.79","22500","35.44","false"
"VOE","2009-07-28","37.15","37.40","36.83","37.27","39200","35.90","false"
"VOE","2009-07-27","37.13","37.40","36.96","37.40","60700","36.03","false"
"VOE","2009-07-24","36.41","37.12","36.35","37.10","69700","35.74","false"
"VOE","2009-07-23","35.64","36.90","35.64","36.75","80500","35.40","false"
"VOE","2009-07-22","35.34","35.82","35.22","35.62","101300","34.31","false"
"VOE","2009-07-21","35.84","35.88","35.04","35.52","261000","34.22","false"
"VOE","2009-07-20","35.34","35.63","35.19","35.58","71700","34.28","false"
"VOE","2009-07-17","35.04","35.14","34.82","34.95","60100","33.67","false"
"VOE","2009-07-16","34.41","35.30","34.39","35.14","70900","33.85","false"
"VOE","2009-07-15","34.27","34.79","34.07","34.72","40900","33.45","false"
"VOE","2009-07-14","33.25","33.62","33.09","33.62","60200","32.39","false"
"VOE","2009-07-13","32.64","33.27","32.13","33.26","88100","32.04","false"
"VOE","2009-07-10","32.29","32.51","32.00","32.42","116000","31.23","false"
"VOE","2009-07-09","32.63","32.76","32.27","32.46","92700","31.27","false"
"VOE","2009-07-08","32.60","32.62","31.71","32.20","173200","31.02","false"
"VOE","2009-07-07","33.35","33.35","32.40","32.44","328100","31.25","false"
"VOE","2009-07-06","32.92","33.22","32.69","33.22","49400","32.00","false"
"VOE","2009-07-02","33.99","34.06","33.37","33.40","58700","32.18","false"
"VOE","2009-07-01","34.29","34.71","34.29","34.46","51100","33.20","false"
"VOE","2009-06-30","34.35","34.43","33.71","34.06","45100","32.81","false"
"VOE","2009-06-29","34.00","34.35","33.74","34.28","68300","33.02","false"
"VOE","2009-06-26","33.74","33.94","33.63","33.82","120300","32.58","false"
"VOE","2009-06-25","32.92","33.92","32.86","33.86","140900","32.62","false"
"VOE","2009-06-24","33.01","33.46","32.86","33.09","117600","31.88","false"
"VOE","2009-06-23","32.84","32.96","32.35","32.69","86100","31.49","false"
"VOE","2009-06-22","33.69","33.69","32.72","32.72","111000","31.52","false"
"VOE","2009-06-19","34.28","34.35","33.87","34.07","88100","32.82","false"
"VOE","2009-06-18","33.66","34.05","33.42","33.94","67100","32.70","false"
"VOE","2009-06-17","33.84","33.93","33.18","33.58","124400","32.35","false"
"VOE","2009-06-16","34.67","34.78","33.79","33.92","97000","32.68","false"
"VOE","2009-06-15","35.12","35.15","34.33","34.51","80400","33.24","false"
"VOE","2009-06-12","35.50","35.58","35.10","35.55","110200","34.25","false"
"VOE","2009-06-11","35.41","36.07","35.41","36.02","94000","34.70","false"
"VOE","2009-06-10","35.68","35.84","34.91","35.36","79200","34.06","false"
"VOE","2009-06-09","35.47","35.64","35.08","35.49","91300","34.19","false"
"VOE","2009-06-08","35.25","35.52","34.74","35.19","98600","33.90","false"
"VOE","2009-06-05","35.83","36.06","35.10","35.37","122800","34.07","false"
"VOE","2009-06-04","35.06","35.48","34.67","35.48","104900","34.18","false"
"VOE","2009-06-03","35.28","35.28","34.41","34.71","93800","33.44","false"
"VOE","2009-06-02","35.51","35.78","35.37","35.53","102400","34.23","false"
"VOE","2009-06-01","35.19","35.81","34.80","35.58","75800","34.28","false"
"VOE","2009-05-29","33.78","34.36","33.63","34.36","124400","33.10","false"
"VOE","2009-05-28","33.56","33.74","32.89","33.70","110900","32.46","false"
"VOE","2009-05-27","33.99","34.19","33.24","33.26","109100","32.04","false"
"VOE","2009-05-26","32.32","34.03","32.32","33.96","86400","32.71","false"
"VOE","2009-05-22","33.08","33.20","32.69","32.81","86600","31.61","false"
"VOE","2009-05-21","33.13","33.23","32.52","32.94","125400","31.73","false"
"VOE","2009-05-20","34.18","34.78","33.52","33.57","211500","32.34","false"
"VOE","2009-05-19","33.92","34.35","33.60","33.87","130900","32.63","false"
"VOE","2009-05-18","32.76","33.94","32.76","33.90","173600","32.66","false"
"VOE","2009-05-15","32.84","33.14","32.22","32.44","169200","31.25","false"
"VOE","2009-05-14","32.40","33.18","32.17","32.96","97400","31.75","false"
"VOE","2009-05-13","33.29","33.31","32.32","32.39","161500","31.20","false"
"VOE","2009-05-12","34.29","35.05","33.28","33.88","133200","32.64","false"
"VOE","2009-05-11","34.75","35.90","34.31","34.37","266800","33.11","false"
"VOE","2009-05-08","34.53","35.41","34.27","35.36","358100","34.06","false"
"VOE","2009-05-07","35.38","35.54","33.70","33.89","2956300","32.65","false"
"VOE","2009-05-06","34.93","35.00","34.22","34.82","344700","33.54","false"
"VOE","2009-05-05","34.39","34.67","34.02","34.38","253500","33.12","false"
"VOE","2009-05-04","33.43","34.58","33.35","34.56","258700","33.29","false"
"VOE","2009-05-01","32.84","33.36","32.70","33.00","203500","31.79","false"
"VOE","2009-04-30","33.46","33.74","32.89","32.98","415400","31.77","false"
"VOE","2009-04-29","32.57","33.39","32.42","33.03","348700","31.82","false"
"VOE","2009-04-28","31.76","32.63","31.73","32.17","378600","30.99","false"
"VOE","2009-04-27","32.21","32.82","32.02","32.18","150400","31.00","false"
"VOE","2009-04-24","32.57","33.14","32.16","32.82","471300","31.62","false"
"VOE","2009-04-23","31.92","32.16","31.36","32.15","409100","30.97","false"
"VOE","2009-04-22","31.46","32.72","31.38","31.79","211900","30.62","false"
"VOE","2009-04-21","30.52","31.98","30.52","31.97","157800","30.80","false"
"VOE","2009-04-20","32.08","32.17","30.83","30.86","113900","29.73","false"
"VOE","2009-04-17","32.60","33.03","32.09","32.76","722400","31.56","false"
"VOE","2009-04-16","31.64","32.62","31.27","32.31","84500","31.13","false"
"VOE","2009-04-15","30.56","31.40","30.31","31.37","115800","30.22","false"
"VOE","2009-04-14","31.13","31.64","30.67","30.70","138100","29.57","false"
"VOE","2009-04-13","31.33","31.84","30.64","31.70","319500","30.54","false"
"VOE","2009-04-09","31.00","31.64","30.62","31.64","99100","30.48","false"
"VOE","2009-04-08","29.72","29.91","29.42","29.90","84300","28.80","false"
"VOE","2009-04-07","29.90","30.01","29.42","29.42","87600","28.34","false"
"VOE","2009-04-06","30.40","30.51","29.95","30.47","107500","29.35","false"
"VOE","2009-04-03","30.00","30.78","29.81","30.77","77700","29.64","false"
"VOE","2009-04-02","29.49","30.43","29.49","30.08","72200","28.98","false"
"VOE","2009-04-01","27.90","28.97","27.84","28.91","145400","27.85","false"
"VOE","2009-03-31","28.36","28.81","27.93","28.30","59600","27.26","false"
"VOE","2009-03-30","28.34","28.34","27.68","27.89","99800","26.87","false"
"VOE","2009-03-27","29.47","29.50","28.93","29.10","130900","28.03","false"
"VOE","2009-03-26","29.40","29.84","29.00","29.82","203200","28.73","false"
"VOE","2009-03-25","28.91","29.51","27.95","28.99","340900","27.93","false"
"VOE","2009-03-24","28.82","29.34","28.51","28.53","122300","27.48","false"
"VOE","2009-03-23","27.80","29.33","27.80","29.33","149300","28.25","false"
"VOE","2009-03-20","28.21","28.21","27.05","27.20","90600","26.16","false"
"VOE","2009-03-19","28.65","28.65","27.96","28.01","101500","26.94","false"
"VOE","2009-03-18","27.07","28.45","26.75","28.19","173100","27.12","false"
"VOE","2009-03-17","26.28","27.11","25.91","27.11","117500","26.08","false"
"VOE","2009-03-16","26.66","27.14","26.14","26.15","211200","25.15","false"
"VOE","2009-03-13","26.42","26.63","25.93","26.40","137100","25.39","false"
"VOE","2009-03-12","25.15","26.33","24.78","26.27","71100","25.27","false"
"VOE","2009-03-11","25.20","25.51","24.78","25.05","183000","24.10","false"
"VOE","2009-03-10","23.91","24.97","23.72","24.96","169500","24.01","false"
"VOE","2009-03-09","23.28","23.88","23.14","23.28","99200","22.39","false"
"VOE","2009-03-06","23.77","24.13","22.84","23.45","178500","22.56","false"
"VOE","2009-03-05","24.44","24.54","23.46","23.67","171800","22.77","false"
"VOE","2009-03-04","24.75","25.43","24.49","24.97","164700","24.02","false"
"VOE","2009-03-03","25.03","25.03","24.06","24.24","203800","23.32","false"
"VOE","2009-03-02","25.51","25.74","24.54","24.62","193700","23.68","false"
"VOE","2009-02-27","26.07","26.79","25.94","26.15","221100","25.15","false"
"VOE","2009-02-26","27.39","27.63","26.51","26.56","139300","25.55","false"
"VOE","2009-02-25","27.34","27.68","26.56","27.07","324800","26.04","false"
"VOE","2009-02-24","26.37","27.53","26.09","27.43","170600","26.38","false"
"VOE","2009-02-23","27.51","27.56","26.13","26.15","173100","25.15","false"
"VOE","2009-02-20","26.93","27.62","26.46","27.28","398500","26.24","false"
"VOE","2009-02-19","28.34","28.52","27.38","27.46","209400","26.41","false"
"VOE","2009-02-18","28.52","28.52","27.70","27.99","305000","26.92","false"
"VOE","2009-02-17","28.73","28.90","28.32","28.35","241900","27.27","false"
"VOE","2009-02-13","30.18","30.45","29.74","29.83","188900","28.69","false"
"VOE","2009-02-12","29.56","30.28","29.11","30.28","377600","29.13","false"
"VOE","2009-02-11","29.97","30.33","29.51","30.04","456400","28.89","false"
"VOE","2009-02-10","31.27","31.54","29.64","29.80","329100","28.66","false"
"VOE","2009-02-09","31.37","31.80","31.18","31.49","332000","30.29","false"
"VOE","2009-02-06","30.34","31.57","30.34","31.47","334200","30.27","false"
"VOE","2009-02-05","29.65","30.66","29.43","30.31","284200","29.15","false"
"VOE","2009-02-04","30.08","30.54","29.82","29.88","177300","28.74","false"
"VOE","2009-02-03","29.68","30.15","29.36","29.97","133100","28.83","false"
"VOE","2009-02-02","29.20","29.73","29.05","29.64","223500","28.51","false"
"VOE","2009-01-30","30.90","30.98","29.50","29.74","174100","28.61","false"
"VOE","2009-01-29","31.72","31.72","30.64","30.65","249400","29.48","false"
"VOE","2009-01-28","31.51","32.17","31.42","32.07","481900","30.85","false"
"VOE","2009-01-27","30.59","30.98","30.29","30.89","332400","29.71","false"
"VOE","2009-01-26","30.38","31.19","30.08","30.49","468200","29.33","false"
"VOE","2009-01-23","29.11","30.57","28.96","30.31","890000","29.15","false"
"VOE","2009-01-22","30.04","30.55","29.40","29.84","851600","28.70","false"
"VOE","2009-01-21","29.84","30.77","29.22","30.72","427000","29.55","false"
"VOE","2009-01-20","31.15","31.15","29.27","29.34","697900","28.22","false"
"VOE","2009-01-16","31.32","31.50","30.36","31.28","456900","30.09","false"
"VOE","2009-01-15","30.55","31.22","29.50","30.74","503200","29.57","false"
"VOE","2009-01-14","31.21","31.21","30.28","30.50","333200","29.34","false"
"VOE","2009-01-13","31.51","32.01","31.30","31.85","507200","30.64","false"
"VOE","2009-01-12","32.69","32.69","31.32","31.58","449700","30.38","false"
"VOE","2009-01-09","33.66","33.66","32.63","32.70","611100","31.45","false"
"VOE","2009-01-08","33.18","33.66","33.00","33.60","483100","32.32","false"
"VOE","2009-01-07","34.02","34.02","33.17","33.38","274500","32.11","false"
"VOE","2009-01-06","34.20","34.81","34.00","34.53","383800","33.21","false"
"VOE","2009-01-05","33.56","34.17","33.29","33.89","235800","32.60","false"
"VOE","2009-01-02","32.95","33.83","32.56","33.65","222100","32.37","false"
"VOE","2010-12-31","53.11","53.21","53.00","53.01","66500","53.00","false"
"VOE","2010-12-30","53.16","53.24","53.06","53.14","52200","53.13","false"
"VOE","2010-12-29","53.17","53.19","53.04","53.10","94200","53.09","false"
"VOE","2010-12-28","53.14","53.21","52.87","53.02","80700","53.01","false"
"VOE","2010-12-27","52.86","53.07","52.65","53.03","75700","53.02","false"
"VOE","2010-12-23","54.09","54.14","53.89","53.94","49400","52.93","false"
"VOE","2010-12-22","53.98","54.20","53.88","54.12","53700","53.11","false"
"VOE","2010-12-21","53.69","53.87","53.56","53.84","73100","52.83","false"
"VOE","2010-12-20","53.36","53.51","53.19","53.42","162800","52.42","false"
"VOE","2010-12-17","53.14","53.33","53.05","53.25","47400","52.25","false"
"VOE","2010-12-16","52.74","53.10","52.53","53.07","58900","52.08","false"
"VOE","2010-12-15","52.99","53.24","52.64","52.66","83900","51.68","false"
"VOE","2010-12-14","53.20","53.33","52.89","53.02","71900","52.03","false"
"VOE","2010-12-13","53.42","53.45","53.06","53.07","74200","52.08","false"
"VOE","2010-12-10","52.90","53.18","52.80","53.16","74500","52.17","false"
"VOE","2010-12-09","52.85","52.93","52.53","52.73","37600","51.74","false"
"VOE","2010-12-08","52.63","52.77","52.34","52.53","47900","51.55","false"
"VOE","2010-12-07","53.07","53.07","52.49","52.50","125000","51.52","false"
"VOE","2010-12-06","52.31","52.55","52.24","52.48","58200","51.50","false"
"VOE","2010-12-03","52.04","52.55","52.00","52.50","82600","51.52","false"
"VOE","2010-12-02","51.46","52.25","51.46","52.23","110500","51.25","false"
"VOE","2010-12-01","51.09","51.40","51.05","51.34","67100","50.38","false"
"VOE","2010-11-30","50.08","50.54","50.00","50.30","58700","49.36","false"
"VOE","2010-11-29","50.29","50.68","50.00","50.62","117500","49.67","false"
"VOE","2010-11-26","50.71","50.86","50.50","50.71","19600","49.76","false"
"VOE","2010-11-24","50.52","51.00","50.52","50.97","37000","50.02","false"
"VOE","2010-11-23","50.24","50.34","50.00","50.11","74000","49.17","false"
"VOE","2010-11-22","50.41","50.84","50.31","50.82","34300","49.87","false"
"VOE","2010-11-19","50.41","50.72","50.17","50.72","52400","49.77","false"
"VOE","2010-11-18","50.33","50.75","50.33","50.55","37900","49.60","false"
"VOE","2010-11-17","49.77","50.03","49.61","49.89","110300","48.96","false"
"VOE","2010-11-16","50.25","50.27","49.42","49.71","65700","48.78","false"
"VOE","2010-11-15","50.94","51.11","50.58","50.63","50300","49.68","false"
"VOE","2010-11-12","51.02","51.20","50.45","50.65","40700","49.70","false"
"VOE","2010-11-11","50.93","51.47","50.93","51.37","25000","50.41","false"
"VOE","2010-11-10","51.20","51.48","50.75","51.48","45200","50.52","false"
"VOE","2010-11-09","52.05","52.05","51.01","51.16","44200","50.20","false"
"VOE","2010-11-08","51.85","51.94","51.57","51.87","43600","50.90","false"
"VOE","2010-11-05","51.85","52.13","51.71","51.97","74900","51.00","false"
"VOE","2010-11-04","51.42","51.79","51.22","51.78","47000","50.81","false"
"VOE","2010-11-03","50.71","50.73","50.13","50.68","98500","49.73","false"
"VOE","2010-11-02","50.53","50.68","50.37","50.62","54800","49.67","false"
"VOE","2010-11-01","50.39","50.62","49.79","50.09","81100","49.15","false"
"VOE","2010-10-29","49.81","50.19","49.81","50.12","46400","49.18","false"
"VOE","2010-10-28","50.30","50.42","49.66","49.91","743800","48.98","false"
"VOE","2010-10-27","49.83","50.06","49.59","50.05","67100","49.11","false"
"VOE","2010-10-26","50.07","50.33","49.92","50.17","35400","49.23","false"
"VOE","2010-10-25","50.52","50.83","50.32","50.36","37500","49.42","false"
"VOE","2010-10-22","50.28","50.28","50.06","50.19","84000","49.25","false"
"VOE","2010-10-21","50.37","50.63","49.79","50.07","103700","49.13","false"
"VOE","2010-10-20","49.73","50.33","49.71","50.12","40800","49.18","false"
"VOE","2010-10-19","49.73","50.18","49.35","49.57","91300","48.64","false"
"VOE","2010-10-18","50.15","50.35","50.05","50.30","175700","49.36","false"
"VOE","2010-10-15","50.46","50.46","49.68","50.04","111400","49.10","false"
"VOE","2010-10-14","50.13","50.25","49.65","49.91","39100","48.98","false"
"VOE","2010-10-13","50.17","50.43","49.88","50.17","38200","49.23","false"
"VOE","2010-10-12","49.47","49.90","49.22","49.79","70700","48.86","false"
"VOE","2010-10-11","49.56","49.81","49.52","49.65","62600","48.72","false"
"VOE","2010-10-08","49.23","49.63","49.02","49.49","88300","48.56","false"
"VOE","2010-10-07","49.40","49.40","48.87","49.17","70100","48.25","false"
"VOE","2010-10-06","49.30","49.37","48.94","49.14","132900","48.22","false"
"VOE","2010-10-05","48.78","49.36","48.66","49.32","51300","48.40","false"
"VOE","2010-10-04","48.56","48.73","48.04","48.30","75100","47.40","false"
"VOE","2010-10-01","48.85","48.89","48.33","48.65","159300","47.74","false"
"VOE","2010-09-30","48.76","49.13","48.20","48.45","67800","47.54","false"
"VOE","2010-09-29","48.35","48.64","48.16","48.46","87900","47.55","false"
"VOE","2010-09-28","48.22","48.51","47.55","48.45","82700","47.54","false"
"VOE","2010-09-27","48.22","48.31","47.97","48.03","349800","47.13","false"
"VOE","2010-09-24","47.61","48.25","47.61","48.25","39700","47.35","false"
"VOE","2010-09-23","47.17","47.66","47.00","47.06","57900","46.18","false"
"VOE","2010-09-22","47.86","48.11","47.44","47.54","126400","46.65","false"
"VOE","2010-09-21","48.23","48.41","47.82","47.97","132500","47.07","false"
"VOE","2010-09-20","47.64","48.36","47.49","48.31","51100","47.41","false"
"VOE","2010-09-17","47.69","47.69","47.25","47.47","77800","46.58","false"
"VOE","2010-09-16","47.43","47.52","47.22","47.39","72200","46.50","false"
"VOE","2010-09-15","47.28","47.64","47.10","47.56","93800","46.67","false"
"VOE","2010-09-14","47.43","47.69","47.15","47.45","92800","46.56","false"
"VOE","2010-09-13","47.35","47.55","47.26","47.52","79500","46.63","false"
"VOE","2010-09-10","46.77","46.93","46.61","46.79","45700","45.92","false"
"VOE","2010-09-09","47.09","47.09","46.50","46.69","71700","45.82","false"
"VOE","2010-09-08","46.37","46.71","46.37","46.51","54600","45.64","false"
"VOE","2010-09-07","46.89","46.89","46.24","46.24","43400","45.38","false"
"VOE","2010-09-03","46.97","47.14","46.63","47.06","92700","46.18","false"
"VOE","2010-09-02","45.93","46.41","45.83","46.35","176200","45.48","false"
"VOE","2010-09-01","45.05","45.88","45.00","45.86","133400","45.00","false"
"VOE","2010-08-31","44.25","44.69","43.97","44.36","151800","43.53","false"
"VOE","2010-08-30","44.99","45.11","44.35","44.37","139100","43.54","false"
"VOE","2010-08-27","44.60","45.11","43.81","45.10","81700","44.26","false"
"VOE","2010-08-26","44.71","44.86","44.09","44.16","124700","43.33","false"
"VOE","2010-08-25","43.89","44.57","43.64","44.45","138600","43.62","false"
"VOE","2010-08-24","44.28","44.53","43.79","44.19","126200","43.36","false"
"VOE","2010-08-23","45.34","45.52","44.82","44.82","86000","43.98","false"
"VOE","2010-08-20","44.98","45.13","44.68","45.09","90800","44.25","false"
"VOE","2010-08-19","45.89","45.97","45.08","45.27","91300","44.42","false"
"VOE","2010-08-18","45.98","46.39","45.66","46.14","57500","45.28","false"
"VOE","2010-08-17","45.58","46.28","45.54","45.97","62700","45.11","false"
"VOE","2010-08-16","44.89","45.40","44.79","45.26","121500","44.41","false"
"VOE","2010-08-13","45.14","45.56","45.14","45.26","152400","44.41","false"
"VOE","2010-08-12","44.75","45.51","44.55","45.31","107200","44.46","false"
"VOE","2010-08-11","46.26","46.27","45.61","45.68","100000","44.83","false"
"VOE","2010-08-10","47.23","47.51","46.89","47.17","219800","46.29","false"
"VOE","2010-08-09","47.85","47.85","47.44","47.76","56800","46.87","false"
"VOE","2010-08-06","46.92","47.49","46.72","47.39","133700","46.50","false"
"VOE","2010-08-05","47.34","47.58","47.25","47.49","127700","46.60","false"
"VOE","2010-08-04","47.43","47.64","47.28","47.60","296300","46.71","false"
"VOE","2010-08-03","47.52","47.67","47.17","47.29","440100","46.41","false"
"VOE","2010-08-02","47.55","47.82","47.24","47.78","408700","46.89","false"
"VOE","2010-07-30","46.07","46.94","45.95","46.76","100300","45.89","false"
"VOE","2010-07-29","47.43","47.43","46.29","46.73","42300","45.86","false"
"VOE","2010-07-28","47.59","47.60","46.89","47.05","77100","46.17","false"
"VOE","2010-07-27","48.09","48.11","47.40","47.60","100100","46.71","false"
"VOE","2010-07-26","47.10","47.79","46.88","47.79","138500","46.90","false"
"VOE","2010-07-23","46.30","46.91","46.09","46.89","74500","46.01","false"
"VOE","2010-07-22","45.66","46.47","45.66","46.32","128200","45.45","false"
"VOE","2010-07-21","46.24","46.29","44.98","45.07","36500","44.23","false"
"VOE","2010-07-20","44.57","45.92","44.50","45.83","37100","44.97","false"
"VOE","2010-07-19","45.00","45.41","44.59","45.27","43700","44.42","false"
"VOE","2010-07-16","46.02","46.13","44.78","44.84","204000","44.00","false"
"VOE","2010-07-15","46.48","46.49","45.68","46.39","113500","45.52","false"
"VOE","2010-07-14","46.49","46.64","46.06","46.45","166800","45.58","false"
"VOE","2010-07-13","46.25","46.75","46.13","46.59","79500","45.72","false"
"VOE","2010-07-12","45.66","45.90","45.31","45.68","92700","44.83","false"
"VOE","2010-07-09","45.32","45.86","45.21","45.86","65400","45.00","false"
"VOE","2010-07-08","45.28","45.42","44.77","45.26","79200","44.41","false"
"VOE","2010-07-07","43.30","44.89","43.20","44.82","68700","43.98","false"
"VOE","2010-07-06","43.85","44.20","42.85","43.22","87100","42.41","false"
"VOE","2010-07-02","43.69","43.80","42.98","43.17","94800","42.36","false"
"VOE","2010-07-01","43.73","43.92","42.64","43.48","227100","42.67","false"
"VOE","2010-06-30","44.20","44.79","43.75","43.81","116100","42.99","false"
"VOE","2010-06-29","45.27","45.27","44.02","44.26","116700","43.43","false"
"VOE","2010-06-28","46.12","46.28","45.79","45.95","112900","45.09","false"
"VOE","2010-06-25","45.76","46.17","45.38","46.05","52400","45.19","false"
"VOE","2010-06-24","46.14","46.27","45.53","45.53","60700","44.68","false"
"VOE","2010-06-23","46.51","46.74","46.00","46.43","60300","45.56","false"
"VOE","2010-06-22","47.65","47.87","46.52","46.58","444100","45.71","false"
"VOE","2010-06-21","48.61","48.64","47.43","47.64","109500","46.75","false"
"VOE","2010-06-18","48.08","48.08","47.70","47.91","70300","47.01","false"
"VOE","2010-06-17","48.21","48.21","47.45","47.97","59300","47.07","false"
"VOE","2010-06-16","47.91","48.23","47.62","47.93","306100","47.03","false"
"VOE","2010-06-15","47.36","48.17","47.16","48.14","55300","47.24","false"
"VOE","2010-06-14","47.27","47.56","46.81","46.97","135200","46.09","false"
"VOE","2010-06-11","45.94","46.77","45.88","46.76","153500","45.89","false"
"VOE","2010-06-10","45.78","46.38","45.61","46.35","81700","45.48","false"
"VOE","2010-06-09","45.15","45.91","44.64","44.78","147000","43.94","false"
"VOE","2010-06-08","44.50","44.78","43.76","44.78","118800","43.94","false"
"VOE","2010-06-07","45.36","45.45","44.32","44.33","163400","43.50","false"
"VOE","2010-06-04","45.91","46.45","45.00","45.14","421800","44.30","false"
"VOE","2010-06-03","47.02","47.19","46.55","47.10","63900","46.22","false"
"VOE","2010-06-02","45.92","46.79","45.56","46.79","73200","45.92","false"
"VOE","2010-06-01","46.15","46.79","45.50","45.50","196300","44.65","false"
"VOE","2010-05-28","47.08","47.28","46.43","46.74","77700","45.87","false"
"VOE","2010-05-27","46.62","47.20","46.10","47.20","119100","46.32","false"
"VOE","2010-05-26","45.45","46.22","45.14","45.30","208700","44.45","false"
"VOE","2010-05-25","43.91","45.26","43.50","45.22","256200","44.37","false"
"VOE","2010-05-24","45.68","46.09","45.20","45.21","132900","44.36","false"
"VOE","2010-05-21","44.21","45.94","43.97","45.81","265700","44.95","false"
"VOE","2010-05-20","46.01","46.08","44.94","44.95","285600","44.11","false"
"VOE","2010-05-19","47.15","47.81","46.34","47.13","245200","46.25","false"
"VOE","2010-05-18","48.95","49.08","47.40","47.51","465300","46.62","false"
"VOE","2010-05-17","48.52","48.72","47.28","48.42","164300","47.51","false"
"VOE","2010-05-14","49.10","49.10","47.90","48.24","108300","47.34","false"
"VOE","2010-05-13","49.98","50.20","49.38","49.44","122400","48.52","false"
"VOE","2010-05-12","49.53","50.13","49.40","50.07","95300","49.13","false"
"VOE","2010-05-11","48.57","49.79","48.40","49.04","157100","48.12","false"
"VOE","2010-05-10","48.83","51.12","47.58","49.13","118800","48.21","false"
"VOE","2010-05-07","47.14","47.96","45.92","46.58","185400","45.71","false"
"VOE","2010-05-06","49.15","49.53","35.46","47.54","286400","46.65","false"
"VOE","2010-05-05","49.48","50.04","48.91","49.32","120800","48.40","false"
"VOE","2010-05-04","50.58","50.66","49.63","49.87","109700","48.94","false"
"VOE","2010-05-03","50.73","51.33","50.73","51.25","75600","50.29","false"
"VOE","2010-04-30","51.54","51.61","50.50","50.50","83800","49.56","false"
"VOE","2010-04-29","51.04","51.61","51.00","51.47","107000","50.51","false"
"VOE","2010-04-28","50.68","50.94","50.25","50.68","79200","49.73","false"
"VOE","2010-04-27","51.66","51.77","50.26","50.33","133000","49.39","false"
"VOE","2010-04-26","52.26","52.43","51.90","51.92","66100","50.95","false"
"VOE","2010-04-23","51.73","52.17","51.56","52.17","93400","51.19","false"
"VOE","2010-04-22","50.61","51.64","50.46","51.61","98600","50.64","false"
"VOE","2010-04-21","50.89","51.10","50.68","51.02","39900","50.07","false"
"VOE","2010-04-20","50.28","50.79","50.19","50.79","42600","49.84","false"
"VOE","2010-04-19","49.81","50.10","49.29","49.96","89200","49.03","false"
"VOE","2010-04-16","50.72","50.75","49.66","49.91","180500","48.98","false"
"VOE","2010-04-15","50.86","50.99","50.72","50.79","132200","49.84","false"
"VOE","2010-04-14","50.48","50.90","50.38","50.88","98600","49.93","false"
"VOE","2010-04-13","50.10","50.31","49.88","50.26","42900","49.32","false"
"VOE","2010-04-12","50.24","50.34","50.11","50.23","71500","49.29","false"
"VOE","2010-04-09","49.85","50.13","49.75","50.13","97700","49.19","false"
"VOE","2010-04-08","49.50","49.82","49.24","49.79","54200","48.86","false"
"VOE","2010-04-07","50.10","50.10","49.43","49.71","103300","48.78","false"
"VOE","2010-04-06","49.65","50.21","49.62","50.14","148600","49.20","false"
"VOE","2010-04-05","49.30","49.80","49.22","49.79","945500","48.86","false"
"VOE","2010-04-01","49.03","49.21","48.77","49.07","79300","48.15","false"
"VOE","2010-03-31","48.59","48.93","48.50","48.59","73000","47.68","false"
"VOE","2010-03-30","48.81","48.97","48.54","48.75","84500","47.84","false"
"VOE","2010-03-29","48.66","48.84","48.55","48.78","63000","47.87","false"
"VOE","2010-03-26","48.48","48.83","48.16","48.43","80700","47.52","false"
"VOE","2010-03-25","49.04","49.17","48.36","48.37","128000","47.47","false"
"VOE","2010-03-24","48.81","48.95","48.68","48.74","98200","47.83","false"
"VOE","2010-03-23","48.67","48.99","48.51","48.98","72000","48.06","false"
"VOE","2010-03-22","47.85","48.62","47.75","48.57","69300","47.65","false"
"VOE","2010-03-19","48.70","48.73","48.01","48.18","60900","47.27","false"
"VOE","2010-03-18","48.91","48.91","48.47","48.58","164100","47.66","false"
"VOE","2010-03-17","48.66","49.07","48.60","48.86","134500","47.93","false"
"VOE","2010-03-16","47.95","48.46","47.86","48.45","113200","47.53","false"
"VOE","2010-03-15","47.90","47.90","47.41","47.79","111800","46.88","false"
"VOE","2010-03-12","48.12","48.13","47.77","47.92","86000","47.01","false"
"VOE","2010-03-11","47.48","47.90","47.30","47.86","72000","46.95","false"
"VOE","2010-03-10","47.31","47.69","47.28","47.64","120800","46.74","false"
"VOE","2010-03-09","47.10","47.48","47.02","47.28","77800","46.38","false"
"VOE","2010-03-08","47.06","47.32","47.06","47.26","109000","46.36","false"
"VOE","2010-03-05","46.73","47.15","46.59","47.12","188100","46.23","false"
"VOE","2010-03-04","46.36","46.46","46.15","46.40","179600","45.52","false"
"VOE","2010-03-03","46.37","46.56","46.18","46.26","88100","45.38","false"
"VOE","2010-03-02","46.20","46.42","46.11","46.28","150000","45.40","false"
"VOE","2010-03-01","45.59","46.04","45.54","46.00","124800","45.13","false"
"VOE","2010-02-26","45.28","45.49","45.07","45.42","60300","44.56","false"
"VOE","2010-02-25","44.59","45.34","44.49","45.31","122200","44.45","false"
"VOE","2010-02-24","45.05","45.27","44.81","45.24","122900","44.38","false"
"VOE","2010-02-23","45.48","45.48","44.83","44.90","154000","44.05","false"
"VOE","2010-02-22","45.80","45.82","45.50","45.61","86600","44.75","false"
"VOE","2010-02-19","45.29","45.64","45.12","45.58","174300","44.72","false"
"VOE","2010-02-18","44.94","45.36","44.90","45.33","78100","44.47","false"
"VOE","2010-02-17","45.00","45.05","44.76","44.94","93500","44.09","false"
"VOE","2010-02-16","44.32","44.74","44.13","44.72","83600","43.87","false"
"VOE","2010-02-12","43.26","43.87","43.10","43.87","56300","43.04","false"
"VOE","2010-02-11","43.19","43.83","42.97","43.82","85800","42.99","false"
"VOE","2010-02-10","43.19","43.53","42.76","43.30","59400","42.48","false"
"VOE","2010-02-09","43.26","43.58","42.81","43.21","61100","42.39","false"
"VOE","2010-02-08","43.08","43.35","42.66","42.66","50500","41.85","false"
"VOE","2010-02-05","42.92","42.98","42.00","42.98","134600","42.17","false"
"VOE","2010-02-04","44.04","44.04","42.86","42.86","121600","42.05","false"
"VOE","2010-02-03","44.53","44.67","44.25","44.38","75600","43.54","false"
"VOE","2010-02-02","44.18","44.83","43.97","44.81","72400","43.96","false"
"VOE","2010-02-01","43.38","44.03","43.38","44.02","180700","43.19","false"
"VOE","2010-01-29","44.06","44.38","43.19","43.36","96600","42.54","false"
"VOE","2010-01-28","44.52","44.55","43.63","43.86","117300","43.03","false"
"VOE","2010-01-27","44.22","44.38","43.60","44.36","112300","43.52","false"
"VOE","2010-01-26","44.35","44.72","44.16","44.18","80300","43.34","false"
"VOE","2010-01-25","44.64","44.75","44.17","44.41","98400","43.57","false"
"VOE","2010-01-22","45.26","45.29","44.16","44.23","141300","43.39","false"
"VOE","2010-01-21","46.07","46.29","45.28","45.31","133900","44.45","false"
"VOE","2010-01-20","45.99","45.99","45.50","45.97","77100","45.10","false"
"VOE","2010-01-19","45.80","46.35","45.66","46.35","55200","45.47","false"
"VOE","2010-01-15","46.22","46.22","45.50","45.70","66200","44.83","false"
"VOE","2010-01-14","46.00","46.26","45.93","46.22","67300","45.34","false"
"VOE","2010-01-13","45.61","46.06","45.30","46.05","75100","45.18","false"
"VOE","2010-01-12","45.77","45.77","45.25","45.46","41000","44.60","false"
"VOE","2010-01-11","46.19","46.19","45.78","46.00","54300","45.13","false"
"VOE","2010-01-08","45.69","45.96","45.60","45.96","70400","45.09","false"
"VOE","2010-01-07","45.42","45.84","45.22","45.81","84800","44.94","false"
"VOE","2010-01-06","45.14","45.49","45.14","45.48","172600","44.62","false"
"VOE","2010-01-05","45.03","45.17","44.84","45.16","156100","44.30","false"
"VOE","2010-01-04","44.80","45.10","44.72","45.02","143700","44.17","false"
"VOE","2011-06-24","55.40","55.44","54.76","54.81","22600","54.81","false"
"VOE","2011-06-23","54.85","55.34","54.47","55.31","116700","55.31","false"
"VOE","2011-06-22","55.56","56.05","55.49","55.52","70200","55.52","false"
"VOE","2011-06-21","55.35","55.86","55.26","55.81","75900","55.81","false"
"VOE","2011-06-20","54.51","55.11","54.51","55.00","151500","55.00","false"
"VOE","2011-06-17","54.94","54.94","54.48","54.62","73400","54.62","false"
"VOE","2011-06-16","54.33","54.73","53.93","54.37","43300","54.37","false"
"VOE","2011-06-15","54.83","55.04","54.20","54.37","50300","54.37","false"
"VOE","2011-06-14","55.07","55.52","55.07","55.31","33000","55.31","false"
"VOE","2011-06-13","54.63","54.79","54.25","54.48","73200","54.48","false"
"VOE","2011-06-10","55.02","55.06","54.39","54.53","121900","54.53","false"
"VOE","2011-06-09","55.07","55.49","54.94","55.27","39200","55.27","false"
"VOE","2011-06-08","55.32","55.34","54.92","54.99","60000","54.99","false"
"VOE","2011-06-07","55.65","55.84","55.40","55.41","58700","55.41","false"
"VOE","2011-06-06","56.07","56.07","55.33","55.36","66200","55.36","false"
"VOE","2011-06-03","56.08","56.60","55.98","56.06","119000","56.06","false"
"VOE","2011-06-02","57.09","57.14","56.59","56.84","62400","56.84","false"
"VOE","2011-06-01","58.29","58.29","56.93","56.98","104100","56.98","false"
"VOE","2011-05-31","58.34","58.46","57.95","58.35","256400","58.35","false"
"VOE","2011-05-27","57.59","57.82","57.50","57.74","40400","57.74","false"
"VOE","2011-05-26","56.88","57.41","56.73","57.36","34500","57.36","false"
"VOE","2011-05-25","56.69","57.19","56.60","57.04","41200","57.04","false"
"VOE","2011-05-24","57.11","57.22","56.72","56.83","45000","56.83","false"
"VOE","2011-05-23","56.84","57.18","56.82","56.95","84400","56.95","false"
"VOE","2011-05-20","57.97","58.02","57.54","57.72","372600","57.72","false"
"VOE","2011-05-19","58.28","58.29","57.76","58.09","35700","58.09","false"
"VOE","2011-05-18","57.39","58.01","57.30","57.96","49500","57.96","false"
"VOE","2011-05-17","57.22","57.44","56.95","57.31","85800","57.31","false"
"VOE","2011-05-16","57.56","58.12","57.39","57.49","44000","57.49","false"
"VOE","2011-05-13","58.25","58.32","57.64","57.74","37500","57.74","false"
"VOE","2011-05-12","57.79","58.29","57.55","58.22","39500","58.22","false"
"VOE","2011-05-11","58.53","58.53","57.79","57.98","49800","57.98","false"
"VOE","2011-05-10","58.18","58.70","58.17","58.59","45200","58.59","false"
"VOE","2011-05-09","57.67","58.04","57.59","57.95","36600","57.95","false"
"VOE","2011-05-06","58.04","58.29","57.45","57.69","52300","57.69","false"
"VOE","2011-05-05","57.42","57.95","57.24","57.42","58500","57.42","false"
"VOE","2011-05-04","58.32","58.32","57.49","57.70","53000","57.70","false"
"VOE","2011-05-03","58.50","58.53","57.85","58.19","43900","58.19","false"
"VOE","2011-05-02","59.02","59.02","58.54","58.60","60000","58.60","false"
"VOE","2011-04-29","58.73","58.75","58.50","58.67","55000","58.67","false"
"VOE","2011-04-28","58.34","58.73","58.31","58.65","77900","58.65","false"
"VOE","2011-04-27","58.29","58.41","57.97","58.37","89800","58.37","false"
"VOE","2011-04-26","57.88","58.21","57.80","58.18","90900","58.18","false"
"VOE","2011-04-25","57.60","57.66","57.36","57.60","114700","57.60","false"
"VOE","2011-04-21","57.67","57.67","57.36","57.59","61100","57.59","false"
"VOE","2011-04-20","57.25","57.40","57.19","57.31","57000","57.31","false"
"VOE","2011-04-19","56.37","56.51","56.15","56.51","102500","56.51","false"
"VOE","2011-04-18","56.35","56.35","55.79","56.15","57300","56.15","false"
"VOE","2011-04-15","56.51","56.98","56.51","56.93","36900","56.93","false"
"VOE","2011-04-14","56.09","56.50","55.96","56.47","90000","56.47","false"
"VOE","2011-04-13","56.73","56.79","56.23","56.45","71300","56.45","false"
"VOE","2011-04-12","56.58","56.65","56.24","56.38","44700","56.38","false"
"VOE","2011-04-11","57.26","57.29","56.71","56.85","48900","56.85","false"
"VOE","2011-04-08","57.92","57.92","56.93","57.14","47000","57.14","false"
"VOE","2011-04-07","57.88","57.88","57.33","57.51","40900","57.51","false"
"VOE","2011-04-06","57.96","57.97","57.52","57.77","72100","57.77","false"
"VOE","2011-04-05","57.42","57.88","57.40","57.63","50600","57.63","false"
"VOE","2011-04-04","57.63","57.67","57.30","57.43","46300","57.43","false"
"VOE","2011-04-01","57.55","57.58","57.24","57.41","83200","57.41","false"
"VOE","2011-03-31","56.91","57.10","56.76","57.01","132700","57.01","false"
"VOE","2011-03-30","56.58","56.98","56.58","56.94","74000","56.94","false"
"VOE","2011-03-29","55.90","56.37","55.72","56.35","41500","56.35","false"
"VOE","2011-03-28","56.41","56.45","55.99","56.00","177700","56.00","false"
"VOE","2011-03-25","56.07","56.47","55.88","56.14","66100","56.14","false"
"VOE","2011-03-24","55.89","55.97","55.27","55.89","51100","55.89","false"
"VOE","2011-03-23","55.23","55.52","54.86","55.37","55600","55.37","false"
"VOE","2011-03-22","55.77","55.77","55.25","55.34","44400","55.33","false"
"VOE","2011-03-21","55.60","55.67","55.30","55.64","69700","55.63","false"
"VOE","2011-03-18","55.00","55.05","54.56","54.72","52000","54.71","false"
"VOE","2011-03-17","54.70","54.74","54.00","54.27","77800","54.26","false"
"VOE","2011-03-16","54.42","54.67","53.45","53.69","97900","53.68","false"
"VOE","2011-03-15","53.60","54.74","53.36","54.43","99800","54.42","false"
"VOE","2011-03-14","55.05","55.22","54.62","54.99","55900","54.98","false"
"VOE","2011-03-11","54.68","55.50","54.68","55.40","98100","55.39","false"
"VOE","2011-03-10","55.40","55.40","54.88","54.89","90100","54.88","false"
"VOE","2011-03-09","56.08","56.19","55.75","56.04","95200","56.03","false"
"VOE","2011-03-08","55.54","56.32","55.33","56.18","60300","56.17","false"
"VOE","2011-03-07","56.20","56.28","55.12","55.40","40600","55.39","false"
"VOE","2011-03-04","56.54","56.54","55.60","55.94","88600","55.93","false"
"VOE","2011-03-03","56.14","56.43","55.97","56.36","68600","56.35","false"
"VOE","2011-03-02","55.11","55.60","55.11","55.32","309200","55.31","false"
"VOE","2011-03-01","56.46","56.46","55.20","55.22","243700","55.21","false"
"VOE","2011-02-28","56.47","56.47","56.00","56.29","82200","56.28","false"
"VOE","2011-02-25","55.49","56.04","55.45","56.04","85400","56.03","false"
"VOE","2011-02-24","55.03","55.40","54.54","55.08","79300","55.07","false"
"VOE","2011-02-23","55.78","55.90","54.66","55.09","130100","55.08","false"
"VOE","2011-02-22","56.61","56.74","55.70","55.78","70700","55.77","false"
"VOE","2011-02-18","57.41","57.41","56.99","57.17","70800","57.16","false"
"VOE","2011-02-17","56.64","57.16","56.64","57.13","38900","57.12","false"
"VOE","2011-02-16","56.54","56.81","56.50","56.74","49100","56.73","false"
"VOE","2011-02-15","56.29","56.41","56.13","56.27","63800","56.26","false"
"VOE","2011-02-14","56.45","56.45","56.21","56.45","179000","56.44","false"
"VOE","2011-02-11","55.74","56.34","55.72","56.27","54600","56.26","false"
"VOE","2011-02-10","55.58","55.90","55.47","55.86","49600","55.85","false"
"VOE","2011-02-09","55.89","55.97","55.69","55.80","696400","55.79","false"
"VOE","2011-02-08","56.02","56.03","55.65","56.03","94100","56.02","false"
"VOE","2011-02-07","55.57","56.00","55.57","55.83","63900","55.82","false"
"VOE","2011-02-04","55.30","55.40","55.03","55.40","62900","55.39","false"
"VOE","2011-02-03","54.96","55.29","54.69","55.23","88000","55.22","false"
"VOE","2011-02-02","54.97","55.16","54.88","54.92","36200","54.91","false"
"VOE","2011-02-01","54.77","55.15","54.64","55.09","84400","55.08","false"
"VOE","2011-01-31","54.09","54.49","54.06","54.27","63300","54.26","false"
"VOE","2011-01-28","55.01","55.03","53.85","53.91","74900","53.90","false"
"VOE","2011-01-27","54.57","55.00","54.55","54.93","81300","54.92","false"
"VOE","2011-01-26","54.34","54.59","54.15","54.52","84700","54.51","false"
"VOE","2011-01-25","53.88","54.11","53.66","54.11","104300","54.10","false"
"VOE","2011-01-24","53.68","54.11","53.63","54.04","64100","54.03","false"
"VOE","2011-01-21","53.99","54.02","53.56","53.63","52400","53.62","false"
"VOE","2011-01-20","53.71","53.82","53.35","53.65","55400","53.64","false"
"VOE","2011-01-19","54.57","54.58","53.64","53.71","116200","53.70","false"
"VOE","2011-01-18","54.28","54.59","54.22","54.58","163400","54.57","false"
"VOE","2011-01-14","53.94","54.37","53.81","54.37","156200","54.36","false"
"VOE","2011-01-13","54.11","54.12","53.85","53.96","70000","53.95","false"
"VOE","2011-01-12","53.91","54.07","53.81","54.02","84300","54.01","false"
"VOE","2011-01-11","53.61","53.69","53.39","53.57","59200","53.56","false"
"VOE","2011-01-10","53.10","53.42","52.80","53.36","81000","53.35","false"
"VOE","2011-01-07","53.62","53.72","52.85","53.32","78600","53.31","false"
"VOE","2011-01-06","53.64","53.64","53.31","53.40","111200","53.39","false"
"VOE","2011-01-05","53.28","53.55","53.11","53.52","93500","53.51","false"
"VOE","2011-01-04","53.83","53.91","53.00","53.32","82500","53.31","false"
"VOE","2011-01-03","53.50","53.78","53.42","53.66","193100","53.65","false"
